{
    "schema_name": "pyscf_qa_output",
    "provenance": {
        "creator": "PySCF",
        "version": "1.7.6"
    },
    "molecule": {
        "geometry": [[0.0, 0.0, 0.0]],
        "symbols": [ "B" ]
    },
    "molecular_charge": -2,
    "molecular_multiplicity": 4,
    "name": "b.chrg-2.mult4-pyscf-uccsdt.augccpvtz",
    "atomic_numbers": [ 5 ],
    "n_electrons": 7,
    "model": {
        "method": "UCCSD(T)",
        "basis": "aug-cc-pVTZ",
        "scf_conv_tol": 1e-09,
        "scf_conv_tol_grad": 1e-06,
        "cc_conv_tol": 1e-07,
        "cc_conv_tol_normt": 1e-05
    },
    "broken_symmetry": false,
    "finite_diff_delta": 0.01,
    "finite_diff_acc": 2,
    "qa_lambdas": [-0.02, -0.01, 0.0, 0.01, 0.02, 0.25, 0.5, 0.75, 1.0, 1.25, 1.5, 1.75, 2.0, 2.25, 2.5, 2.75, 3.0, 3.25, 3.5, 3.75, 4.0],
    "electronic_energies": [-24.23961369054215, -24.356535067914926, -24.47370711422247, -24.591129301084244, -24.708801065727428, -27.482911532018797, -30.64029534680576, -33.93904830913433, -37.37241860049931, -40.92786863121238, -44.5928835201796, -48.35775592106063, -52.21390310634848, -56.15302095509538, -60.16678008165088, -64.2467137025144, -68.38427120290105, -72.5710473017327, -76.79911058159425, -81.06130743803982, -85.35144771950651],
    "qats_energies": {
        "0": [-24.473707114222456, -24.473707114222456, -24.473707114222456, -24.473707114222456, -24.473707114222456, -24.473707114222456, -24.473707114222456, -24.473707114222456, -24.473707114222456, -24.473707114222456, -24.473707114222456, -24.473707114222456, -24.473707114222456, -24.473707114222456, -24.473707114222456, -24.473707114222456, -24.473707114222456, -24.473707114222456, -24.473707114222456, -24.473707114222456, -24.473707114222456],
        "1": [-24.23911288105314, -24.356409997637797, -24.473707114222456, -24.591004230807116, -24.708301347391775, -27.406135028838932, -30.338562943455408, -33.27099085807188, -36.20341877268836, -39.135846687304834, -42.06827460192131, -45.000702516537785, -47.93313043115426, -50.86555834577074, -53.79798626038721, -56.73041417500369, -59.66284208962016, -62.59527000423664, -65.52769791885311, -68.46012583346959, -71.39255374808607],
        "2": [-24.239613162161653, -24.356535067914926, -24.473707114222456, -24.591129301084244, -24.70880162850029, -27.484303952044378, -30.651238636277192, -33.9745111669209, -37.454121543975496, -41.09006976744099, -44.88235583731737, -48.830979753604645, -52.93594151630281, -57.19724112541187, -61.61487858093182, -66.18885388286267, -70.91916703120441, -75.80581802595702, -80.84880686712054, -86.04813355469497, -91.40379808868028],
        "3": [-24.239613889597226, -24.356535158844373, -24.473707114222456, -24.591129210154797, -24.708800901064716, -27.482883179442958, -30.63987245546583, -33.936150306682556, -37.363192097484614, -40.91247319226349, -44.57546895541065, -48.34365475131759, -52.20850594437577, -56.16149789897669, -60.194105979511825, -64.29780555037264, -68.46407197595065, -72.68438062063728, -76.95020684882407, -81.25302602490245, -85.58431351326394],
        "4": [-24.239613866668986, -24.356535157411358, -24.473707114222456, -24.59112920872178, -24.708800878136476, -27.48232340794297, -30.630916111466053, -33.89080881518368, -37.219890593488174, -40.56261600477218, -43.85000509142867, -46.999643379850966, -49.91568188043273, -52.48883708756792, -54.59639097965087, -56.10219101907623, -56.85665015223898, -56.69674680953444, -55.44602490535825, -52.91459383810641, -48.89912849017524]
    },
    "qats_poly_coeffs": [ -24.473707114222456, -11.729711658465902, -1.2507027712871377, 0.09092944649088014, 0.14330150399644026 ],
    "hf_energies": [-24.12020140752443, -24.236701803473782, -24.353459874297016, -24.470475297970758, -24.587747750226242, -27.355171035653804, -30.511977840495042, -33.81590604354621, -37.25479451776783, -40.8149190604525, -44.48501076704802, -48.25572809133071, -52.11840301720588, -56.064485043107354, -60.085315093921366, -64.17208739435992, -68.31598647140056, -72.50846109810415, -76.74154540942047, -81.00812488388722, -85.30208237137886],
    "triples_corrections": [-0.007990567622501107, -0.008016217926382838, -0.008041164684591387, -0.008065445222433082, -0.008089112238554947, -0.008478507485121767, -0.00805462279494523, -0.006114623717591734, -0.004426208111023705, -0.0034398266351633624, -0.0027242879491669895, -0.0021587554955847755, -0.0017069129486281705, -0.0013419964093333342, -0.001045579927253619, -0.000808250904803627, -0.0006239459993095951, -0.0004851551695238793, -0.0003824901198126725, -0.0003066400111759686, -0.0002499526985276734],
    "scf_converged": [true, true, true, true, true, true, true, true, true, true, true, true, true, true, true, true, true, true, true, true, true],
    "cc_converged": [true, true, true, true, true, true, true, true, true, true, true, true, true, true, true, true, true, true, true, true, true],
    "scf_spin_squared": [3.7543993389764165, 3.7542339424935034, 3.754070237050151, 3.7539090604651584, 3.7537500992604365, 3.750854465860581, 3.7504054516061025, 3.753830981776808, 3.7583617724663076, 3.761345100434343, 3.762687849981911, 3.7625722994987676, 3.7613377929647736, 3.7594638060792254, 3.75740124414277, 3.7554723017057783, 3.7538545483362777, 3.752606844107591, 3.751708702971344, 3.7510990803770854, 3.750706163177587],
    "cc_spin_squared": [3.751922725664471, 3.7519019054008376, 3.7518813026866917, 3.751860914844981, 3.751840558135117, 3.7514428355396565, 3.751094676163088, 3.7507463695623597, 3.7505131506042533, 3.750384495111287, 3.750297249132875, 3.7502295848873786, 3.750173527429565, 3.750127339247893, 3.750091224990765, 3.750064654045466, 3.7500460095258643, 3.7500332731603265, 3.7500246082178537, 3.750018640411639, 3.750014435900757]
}