{
    "schema_name": "pyscf_apdft_output",
    "provenance": {
        "creator": "PySCF",
        "version": "1.7.6"
    },
    "molecule": {
        "geometry": [[0.0, 0.0, 0.0]],
        "symbols": [ "S" ]
    },
    "molecular_charge": -2,
    "molecular_multiplicity": 1,
    "name": "s.chrg-2.mult1-pyscf-ccsdt.augccpvtz",
    "atomic_numbers": [ 16 ],
    "n_electrons": 18,
    "model": {
        "method": "CCSD(T)",
        "basis": "aug-cc-pVTZ",
        "scf_conv_tol": 1e-09,
        "scf_conv_tol_grad": 1e-06,
        "cc_conv_tol": 1e-07,
        "cc_conv_tol_normt": 1e-05
    },
    "broken_symmetry": false,
    "finite_diff_delta": 0.01,
    "finite_diff_acc": 2,
    "apdft_lambdas": [-0.02, -0.01, 0.0, 0.01, 0.02, 0.25, 0.5, 0.75, 1.0, 1.25, 1.5, 1.75, 2.0],
    "electronic_energies": [-396.420293131349, -397.01662133081845, -397.61318943340325, -398.20999688384956, -398.80704313245195, -412.6037400630279, -427.73504773708254, -442.99739844392985, -458.3801028587844, -473.8726290439023, -489.4655416714392, -505.1505729468855, -520.9203535518138],
    "apdft_energies": {
        "0": [-397.6131894333864, -397.6131894333864, -397.6131894333864, -397.6131894333864, -397.6131894333864, -397.6131894333864, -397.6131894333864, -397.6131894333864, -397.6131894333864, -397.6131894333864, -397.6131894333864, -397.6131894333864, -397.6131894333864],
        "1": [-396.4198138803553, -397.0165016568709, -397.6131894333864, -398.20987720990195, -398.8065649864175, -412.5303838462752, -427.447578259164, -442.3647726720528, -457.2819670849416, -472.19916149783035, -487.11635591071916, -502.033550323608, -516.9507447364967],
        "2": [-396.42029257614564, -397.01662133081845, -397.6131894333864, -398.20999688384956, -398.80704368220785, -412.6051800635128, -427.7467631281144, -443.03793862719124, -458.47870656074326, -474.0690669287705, -489.80901973127294, -505.6985649682506, -521.7377026397035],
        "3": [-396.42029331278513, -397.01662142289837, -397.6131894333864, -398.20999679176964, -398.80704294556836, -412.603741314467, -427.7352531357478, -442.9990924029539, -458.3866266218103, -473.8892232980421, -489.4982499373743, -505.2050740455319, -521.0010631282399],
        "4": [-396.42029331641686, -397.01662142312534, -397.6131894333864, -398.2099967919966, -398.8070429492, -412.60382997872813, -427.7366717639257, -443.0062742081045, -458.4093246726566, -473.944638461241, -489.61315881978356, -505.41795693647686, -521.3642319417804]
    },
    "apdft_poly_coeff": [ -397.6131894333864, -59.66877765155516, -1.196739475801678, 0.09207993893293555, -0.022698050846277813 ],
    "hf_energies": [-396.1480115313601, -396.7447061338552, -397.3416415118223, -397.9388170465754, -398.53623211830336, -412.3414463973437, -427.4813645023097, -442.7509377473779, -458.1395806268154, -473.6372871351458, -489.23506035938374, -504.9248841867609, -520.6995148580947],
    "triples_corrections": [-0.017261299612066724, -0.01717777307234738, -0.017093170200644728, -0.017007520823166776, -0.016920860401581105, -0.014740868634867864, -0.012394187237167046, -0.010536408433217124, -0.009186711979463406, -0.008156847766011943, -0.007306682432749701, -0.006570332159490374, -0.00592082777268761],
    "scf_converged": [true, true, true, true, true, true, true, true, true, true, true, true, true],
    "cc_converged": [true, true, true, true, true, true, true, true, true, true, true, true, true],
    "t1_diagnostic": [0.013592790379827354, 0.013594594004196105, 0.013593191063154507, 0.013588588966588131, 0.013580768046775528, 0.012538444542441768, 0.009974204262622355, 0.007083233112235557, 0.00482548462796477, 0.0033533787845779323, 0.002430244796643319, 0.0018337657946243843, 0.001440629950489698]
}