{
    "schema_name": "pyscf_apdft_output",
    "provenance": {
        "creator": "PySCF",
        "version": "1.7.6"
    },
    "molecule": {
        "geometry": [[0.0, 0.0, 0.0]],
        "symbols": [ "Be" ]
    },
    "molecular_charge": 2,
    "molecular_multiplicity": 3,
    "name": "be.chrg2.mult3-pyscf-uccsd.augccpvqz",
    "atomic_numbers": [ 4 ],
    "n_electrons": 2,
    "model": {
        "method": "UCCSD",
        "basis": "aug-cc-pVQZ",
        "scf_conv_tol": 1e-09,
        "scf_conv_tol_grad": 1e-06,
        "cc_conv_tol": 1e-07,
        "cc_conv_tol_normt": 1e-05
    },
    "broken_symmetry": false,
    "finite_diff_delta": 0.01,
    "finite_diff_acc": 2,
    "apdft_lambdas": [-3.0, -2.75, -2.5, -2.25, -2.0, -1.75, -1.5, -1.25, -1.0, -0.75, -0.5, -0.25, -0.02, -0.01, 0.0, 0.01, 0.02],
    "electronic_energies": [-0.4817076382133949, -0.7819456853322492, -1.1496990536174336, -1.596966662171428, -2.127986407190911, -2.78903508032265, -3.4848717638098106, -4.257144869218184, -5.106467509466841, -6.033927879906519, -7.040234867496802, -8.12511232633796, -9.191345661053685, -9.239156025963878, -9.287085906949864, -9.335135106244222, -9.38330342383219],
    "apdft_energies": {
        "0": [-9.287085906949876, -9.287085906949876, -9.287085906949876, -9.287085906949876, -9.287085906949876, -9.287085906949876, -9.287085906949876, -9.287085906949876, -9.287085906949876, -9.287085906949876, -9.287085906949876, -9.287085906949876, -9.287085906949876, -9.287085906949876, -9.287085906949876, -9.287085906949876, -9.287085906949876],
        "1": [5.109776135101718, 3.910037631597419, 2.7102991280931192, 1.5105606245888197, 0.3108221210845201, -0.8889163824197794, -2.088654885924079, -3.2883933894283786, -4.488131892932678, -5.687870396436978, -6.887608899941277, -8.087347403445577, -9.191106826669532, -9.239096366809704, -9.287085906949876, -9.335075447090048, -9.38306498723022],
        "2": [-0.2595477404930264, -0.6016859027564987, -1.0183980077365646, -1.5096840554332243, -2.0755440458464776, -2.7159779789763245, -3.430985854822765, -4.2205676733857995, -5.0847234346654275, -6.023453138661649, -7.036756785374465, -8.124634374803874, -9.191345463286225, -9.239156025963878, -9.287085906949876, -9.335135106244222, -9.383303623846913],
        "3": [-1.1545576506775674, -1.2910714296405414, -1.5363435576118771, -1.887266361292328, -2.3407321673826385, -2.8936333025835568, -3.542862093595833, -4.285310867120214, -5.117871949857448, -6.037437668508282, -7.040900349773468, -8.125152320353749, -9.191345728474348, -9.239156059112393, -9.287085906949876, -9.335135073095707, -9.383303358658791],
        "4": [-0.39610794763539303, -0.7555553174568761, -1.1705788474256433, -1.6472881349391395, -2.190914942090357, -2.8058131956678416, -3.495458987155697, -4.262450572733575, -5.10850837327668, -6.034474974355774, -7.04031512623717, -8.12511574388273, -9.191345726976175, -9.239156059018757, -9.287085906949876, -9.335135073002071, -9.383303357160619]
    },
    "apdft_poly_coeff": [ -9.287085906949876, -4.798954014017198, -0.5965915417327494, 0.033148515192020035, 0.009363576580767585 ],
    "hf_energies": [-0.4815186765751584, -0.7817285358255628, -1.1491843596785978, -1.5956778342493678, -2.1262335261607967, -2.788005642989155, -3.483768361375576, -4.2560040419850935, -5.105342744763496, -6.032875695070132, -7.039299803672259, -8.124318237666307, -9.190684548922873, -9.238500556639957, -9.286436061892879, -9.334490866205105, -9.38266476887214],
    "scf_converged": [true, true, true, true, true, true, true, true, true, true, true, true, true, true, true, true, true],
    "cc_converged": [true, true, true, true, true, true, true, true, true, true, true, true, true, true, true, true, true],
    "scf_spin_squared": [2.0, 2.0, 2.0, 2.0, 2.0, 2.0, 2.0, 2.0, 2.0, 2.0, 2.0, 2.0, 2.0, 2.0, 2.0, 2.0, 2.0],
    "cc_spin_squared": [2.0, 2.0000000000000027, 2.0000000000000027, 1.9999999999999982, 1.9999999999999996, 2.000000000000001, 2.000000000000001, 2.0000000000000044, 1.9999999999999984, 2.000000000000001, 2.0000000000000044, 2.000000000000001, 2.000000000000001, 2.000000000000001, 1.999999999999997, 1.9999999999999973, 2.0000000000000013]
}