{
    "schema_name": "pyscf_qa_output",
    "provenance": {
        "creator": "PySCF",
        "version": "1.7.6"
    },
    "molecule": {
        "geometry": [[0.0, 0.0, 0.0]],
        "symbols": [ "F" ]
    },
    "molecular_charge": -1,
    "molecular_multiplicity": 1,
    "name": "f.chrg-1.mult1-pyscf-ccsdt.augccpvqz",
    "atomic_numbers": [ 9 ],
    "n_electrons": 10,
    "model": {
        "method": "CCSD(T)",
        "basis": "aug-cc-pVQZ",
        "scf_conv_tol": 1e-09,
        "scf_conv_tol_grad": 1e-06,
        "cc_conv_tol": 1e-07,
        "cc_conv_tol_normt": 1e-05
    },
    "broken_symmetry": false,
    "finite_diff_delta": 0.01,
    "finite_diff_acc": 2,
    "qa_lambdas": [-1.0, -0.75, -0.5, -0.25, -0.02, -0.01, 0.0, 0.01, 0.02, 0.25, 0.5, 0.75, 1.0, 1.25, 1.5, 1.75, 2.0, 2.25, 2.5, 2.75, 3.0],
    "electronic_energies": [-74.83508968419468, -80.69838204674878, -86.81279928809882, -93.1822922702013, -99.26914884332896, -99.53872603050374, -99.80871343138186, -100.07911093303258, -100.34991841577414, -106.69134437677572, -113.82818016636614, -121.2171701677148, -128.8564271379942, -136.74399079930004, -144.87763490053757, -153.254800781223, -161.87260370873716, -170.7278580475762, -179.8170955580897, -189.13657455599255, -198.68228550006032],
    "qats_energies": {
        "0": [-99.80871343332207, -99.80871343332207, -99.80871343332207, -99.80871343332207, -99.80871343332207, -99.80871343332207, -99.80871343332207, -99.80871343332207, -99.80871343332207, -99.80871343332207, -99.80871343332207, -99.80871343332207, -99.80871343332207, -99.80871343332207, -99.80871343332207, -99.80871343332207, -99.80871343332207, -99.80871343332207, -99.80871343332207, -99.80871343332207, -99.80871343332207],
        "1": [-72.78946830687995, -79.54427958849048, -86.29909087010101, -93.05390215171154, -99.26832853079323, -99.53852098205765, -99.80871343332207, -100.07890588458649, -100.34909833585091, -106.5635247149326, -113.31833599654313, -120.07314727815366, -126.82795855976418, -133.58276984137473, -140.33758112298523, -147.09239240459578, -153.84720368620629, -160.60201496781684, -167.35682624942734, -174.1116375310379, -180.8664488126484],
        "2": [-74.83995276778923, -80.69767709775195, -86.81171198532833, -93.18205743051837, -99.26914872457759, -99.53872603050374, -99.80871343332207, -100.07911093303258, -100.34991852963527, -106.69167999373943, -113.83095711177045, -121.22654478741512, -128.87844302067344, -136.78665181154545, -144.9511711600311, -153.37200106613042, -162.04914152984338, -170.98259255117003, -180.1723541301103, -189.61842626666427, -199.32080896083187],
        "3": [-74.8593371433754, -80.70585488120236, -86.8141350322766, -93.1823603113869, -99.26914887965259, -99.53872604988811, -99.80871343332207, -100.07911091364821, -100.34991837456027, -106.6913771128709, -113.82853406482218, -121.21836700396472, -128.8590586450873, -136.74879170297874, -144.88574889242778, -153.2681129282233, -161.89406652515407, -170.76179239800888, -179.8694732615765, -189.21529183064575, -198.7974308200054],
        "4": [-74.87971308134931, -80.71230195532692, -86.81540852839997, -93.18243990489461, -99.26914888291275, -99.53872605009187, -99.80871343332207, -100.07911091385196, -100.34991837782042, -106.6914567063786, -113.82980756094554, -121.22481407808927, -128.8794345830612, -136.79853764529787, -144.98890207842078, -153.4592169402365, -162.22008153273677, -171.28400540209824, -180.6654083386827, -190.38062037703693, -200.44788179589284]
    },
    "qats_poly_coeffs": [ -99.80871343332207, -27.019245126442115, -2.0504844609092743, 0.019384375586165938, -0.02037593797391916 ],
    "hf_energies": [-74.44749315246227, -80.31787210590795, -86.44213360570274, -92.82196724710732, -98.91723480309203, -99.18714470273471, -99.45746209401834, -99.72818688455688, -99.99931898107243, -106.34755099166937, -113.49073882972502, -120.88550544583886, -128.53027774855087, -136.42326411932686, -144.56234486211017, -152.94504251762336, -161.56853531841074, -170.42968037015123, -179.52503155873657, -188.85085125313051, -198.4031208034113],
    "triples_corrections": [-0.025031402515729103, -0.022249901568765038, -0.018382284061557584, -0.014512990629606261, -0.01170236608182494, -0.011599566006260234, -0.011498299085745681, -0.011398547564466142, -0.011300291763294931, -0.009402114921955557, -0.007914062097417275, -0.006787316510053836, -0.005894907769264489, -0.005172217737757921, -0.00457821569896985, -0.004081269924279829, -0.0036561950968464485, -0.0032841229188898223, -0.002952114727778252, -0.0026521163224620128, -0.0023795945392676506],
    "scf_converged": [true, true, true, true, true, true, true, true, true, true, true, true, true, true, true, true, true, true, true, true, true],
    "cc_converged": [true, true, true, true, true, true, true, true, true, true, true, true, true, true, true, true, true, true, true, true, true],
    "t1_diagnostic": [0.02929629553565524, 0.02999141492263581, 0.02759131084721556, 0.02272085426386609, 0.0176048348034707, 0.017393526567005237, 0.017183963738507575, 0.01697619459742102, 0.01677029142019648, 0.012654331843835773, 0.009577463873939434, 0.007595298398071549, 0.0062608316354223585, 0.005290873226376646, 0.004545124630837364, 0.0039581460763568775, 0.0034947194894214533, 0.003129808872358453, 0.0028417931721696566, 0.002611559859501558, 0.0024231341170972667]
}