{
    "schema_name": "pyscf_qa_output",
    "provenance": {
        "creator": "PySCF",
        "version": "1.7.6"
    },
    "molecule": {
        "geometry": [[0.0, 0.0, 0.0]],
        "symbols": [ "Na" ]
    },
    "molecular_charge": -1,
    "molecular_multiplicity": 1,
    "name": "na.chrg-1.mult1-pyscf-ccsdt.augccpvtz",
    "atomic_numbers": [ 11 ],
    "n_electrons": 12,
    "model": {
        "method": "CCSD(T)",
        "basis": "aug-cc-pVTZ",
        "scf_conv_tol": 1e-09,
        "scf_conv_tol_grad": 1e-06,
        "cc_conv_tol": 1e-07,
        "cc_conv_tol_normt": 1e-05
    },
    "broken_symmetry": false,
    "finite_diff_delta": 0.01,
    "finite_diff_acc": 2,
    "qa_lambdas": [-1.0, -0.75, -0.5, -0.25, -0.02, -0.01, 0.0, 0.01, 0.02, 0.25, 0.5, 0.75, 1.0, 1.25, 1.5, 1.75, 2.0, 2.25, 2.5, 2.75, 3.0],
    "electronic_energies": [-127.29136330085245, -135.71239187162627, -144.3223328597568, -153.04864387141126, -161.17915129522555, -161.53462000702805, -161.89024191227688, -162.24601565187575, -162.6019398621142, -170.82664618081805, -179.83839332441622, -188.9099873400886, -198.02946719859193, -207.18827098645662, -216.38090793680198, -225.60403418282021, -234.8555083369874, -244.13365996426114, -253.43679978434858, -262.76295683478645, -272.1098093276355],
    "qats_energies": {
        "0": [-161.89024191228364, -161.89024191228364, -161.89024191228364, -161.89024191228364, -161.89024191228364, -161.89024191228364, -161.89024191228364, -161.89024191228364, -161.89024191228364, -161.89024191228364, -161.89024191228364, -161.89024191228364, -161.89024191228364, -161.89024191228364, -161.89024191228364, -161.89024191228364, -161.89024191228364, -161.89024191228364, -161.89024191228364, -161.89024191228364, -161.89024191228364],
        "1": [-126.32045966989872, -135.21290523049495, -144.10535079109118, -152.9977963516874, -161.17884626743594, -161.5345440898598, -161.89024191228364, -162.2459397347075, -162.60163755713134, -170.78268747287987, -179.6751330334761, -188.56757859407233, -197.46002415466856, -206.3524697152648, -215.24491527586102, -224.13736083645725, -233.02980639705348, -241.9222519576497, -250.81469751824594, -259.70714307884214, -268.59958863943837],
        "2": [-127.07963135250148, -135.639939301959, -144.29514371174187, -153.04524458185008, -161.17914993610898, -161.53462000702805, -161.89024191228364, -162.24601565187575, -162.60194122580438, -170.83013570304254, -179.8649259541268, -188.99461266553638, -198.21919583727131, -207.5386754693316, -216.95305156171722, -226.46232411442818, -236.0664931274645, -245.76555860082615, -255.55952053451315, -265.44837892852547, -275.43213378286316],
        "3": [-127.30653191543257, -135.73566297694555, -144.32350628210827, -153.0487899031459, -161.1791517513135, -161.53462023392862, -161.89024191228364, -162.24601542497518, -162.60193941059987, -170.82659038174674, -179.8365633837604, -188.89888899054984, -197.99229527434022, -207.0955103073568, -216.18726216182475, -225.2462789099693, -234.25128862401567, -243.18101937618906, -252.0141992387147, -260.7295562838177, -269.3058185837234],
        "4": [-127.28747480398812, -135.72963318777758, -144.322315212643, -153.0487154613043, -161.17915174826436, -161.53462023373805, -161.89024191228364, -162.24601542478462, -162.60193940755073, -170.82651593990516, -179.8353723142951, -188.89285920138184, -197.97323816289577, -207.04898415636936, -216.0907855351372, -225.06754404833598, -233.9463748409044, -242.69260645358338, -251.26978082291572, -259.63965328124647, -267.76219255672265]
    },
    "qats_poly_coeffs": [ -161.89024191228364, -35.56978224238492, -0.759171682602755, 0.22690056293110195, 0.019057111444453767 ],
    "hf_energies": [-127.19975632147268, -135.6521687318069, -144.27319655729488, -153.00918055570014, -161.1429589860658, -161.49849074407507, -161.8541708132282, -162.2099980813015, -162.56597143322546, -170.7910956483956, -179.80294422320043, -188.87512835416823, -197.99614501858812, -207.1573841192902, -216.35305857491574, -225.5795386428535, -234.83446240281336, -244.11599206456725, -253.42230314040154, -262.75130953000627, -272.1006028420433],
    "triples_corrections": [-0.008465072492974594, -0.004084945700093113, -0.0019038507011869049, -0.0008930325872824122, -0.00047196961491075527, -0.0004604423403992375, -0.0004493408392339405, -0.00043864867210710866, -0.0004283496648700648, -0.00026937999667891115, -0.0001867994219604967, -0.0001413167239921734, -0.00011091333896885375, -8.726141771903582e-05, -6.751555840016734e-05, -5.088005575315639e-05, -3.722882333080262e-05, -2.647358182851692e-05, -1.8340025921590982e-05, -1.241041220113732e-05, -8.235320268624761e-06],
    "scf_converged": [true, true, true, true, true, true, true, true, true, true, true, true, true, true, true, true, true, true, true, true, true],
    "cc_converged": [true, true, true, true, true, true, true, true, true, true, true, true, true, true, true, true, true, true, true, true, true],
    "t1_diagnostic": [0.02339951080516025, 0.030230325220010307, 0.018936362662339327, 0.021317235274249943, 0.020888768691314445, 0.020863227716783183, 0.020827289773621593, 0.020779995485840218, 0.020720530129233448, 0.016219067401784387, 0.010613348828743152, 0.006926032499174896, 0.0040824279847611325, 0.002234178828071611, 0.001568108009771215, 0.0016710833112090178, 0.0018958812730306839, 0.0020342743411502517, 0.002053240420863856, 0.0019543582759730927, 0.0017589580767507346]
}