{
    "schema_name": "pyscf_apdft_output",
    "provenance": {
        "creator": "PySCF",
        "version": "1.7.6"
    },
    "molecule": {
        "geometry": [[0.0, 0.0, 0.0]],
        "symbols": [ "O" ]
    },
    "molecular_charge": 1,
    "molecular_multiplicity": 2,
    "name": "o.chrg1.mult2-pyscf-uccsdt.augccpv5z",
    "atomic_numbers": [ 8 ],
    "n_electrons": 7,
    "model": {
        "method": "UCCSD(T)",
        "basis": "aug-cc-pV5Z",
        "scf_conv_tol": 1e-09,
        "scf_conv_tol_grad": 1e-06,
        "cc_conv_tol": 1e-05,
        "cc_conv_tol_normt": 1e-07
    },
    "broken_symmetry": false,
    "finite_diff_delta": 0.01,
    "finite_diff_acc": 2,
    "apdft_lambdas": [-3.0, -2.75, -2.5, -2.25, -2.0, -1.75, -1.5, -1.25, -1.0, -0.75, -0.5, -0.25, -0.02, -0.01, 0.0, 0.01, 0.02, 0.25, 0.5, 0.75, 1.0],
    "electronic_energies": [-24.446374442224062, -27.483343674198412, -30.729650750514267, -34.199936805282036, -37.819445631499164, -41.71635289247656, -45.73095761651133, -49.99714256267431, -54.46912355430326, -59.14629293015691, -64.02825903080335, -69.11468909887537, -73.97448769648193, -74.18969762042349, -74.40523350914748, -74.62109533344236, -74.83728306380436, -79.89947826086231, -85.596894117925, -91.4967865925478, -97.59824967313568],
    "apdft_energies": {
        "0": [-74.40523350914746, -74.40523350914746, -74.40523350914746, -74.40523350914746, -74.40523350914746, -74.40523350914746, -74.40523350914746, -74.40523350914746, -74.40523350914746, -74.40523350914746, -74.40523350914746, -74.40523350914746, -74.40523350914746, -74.40523350914746, -74.40523350914746, -74.40523350914746, -74.40523350914746, -74.40523350914746, -74.40523350914746, -74.40523350914746, -74.40523350914746],
        "1": [-9.695576556317334, -15.088047969053179, -20.480519381789023, -25.872990794524867, -31.26546220726071, -36.657933619996555, -42.0504050327324, -47.442876445468244, -52.83534785820409, -58.22781927093993, -63.620290683675776, -69.01276209641162, -73.9738357961286, -74.18953465263803, -74.40523350914746, -74.6209323656569, -74.83663122216633, -79.79770492188331, -85.19017633461915, -90.582647747355, -95.97511916009084],
        "2": [-24.362677247416556, -27.41248674421294, -30.66600597283015, -34.12323493326818, -37.78417362552703, -41.64882204960671, -45.717180205507205, -49.989248093228525, -54.46502571277067, -59.14451306413363, -64.02771014731742, -69.11461696232203, -73.97448766727042, -74.18969762042349, -74.40523350914746, -74.62109533344236, -74.83728309330816, -79.89955978779372, -85.5975957982608, -91.4993415405487, -97.60479701465742],
        "3": [-24.494786674814165, -27.514244642283664, -30.742458187759325, -34.178968597951545, -37.82331715957077, -41.67504515932742, -45.733693883931906, -49.998804620094674, -54.46991865452614, -59.14657727393672, -64.02832176503685, -69.11469341453696, -73.97448770641395, -74.18969762531643, -74.40523350914746, -74.62109532854942, -74.83728305416463, -79.8994833355788, -85.59698418054137, -91.49727733074562, -97.59990407290195],
        "4": [-24.396124796147248, -27.44458277087344, -30.694878192260234, -34.14775136290459, -37.80382839341434, -41.66362120240808, -45.727527516515224, -49.99583087037598, -54.46870060664136, -59.14619187597318, -64.02824563704405, -69.11468865653741, -73.97448770621907, -74.18969762530425, -74.40523350914746, -74.62109532853724, -74.83728305396974, -79.89947857757925, -85.59690805254857, -91.49689193278206, -97.59868602501717]
    },
    "apdft_poly_coeff": [ -74.40523350914746, -21.569885650943377, -1.6296778545665802, 0.004892941755466987, 0.0012180478847767517 ],
    "hf_energies": [-24.29202341729168, -27.307100982035426, -30.545182106988634, -34.02630392838159, -37.63043696361247, -41.5355675835625, -45.53503809067507, -49.79873718986246, -54.268154351758206, -58.942745001947934, -63.82215836144802, -68.9060909529309, -73.76365965331641, -73.97877430014546, -74.19421505931953, -74.40998190244727, -74.62607480083398, -79.68613174315358, -85.38132279569788, -91.27910081095573, -97.37856377331528],
    "triples_corrections": [-0.007955226664382298, -0.00793011722822131, -0.008280164264311114, -0.009877496523776924, -0.007861629631110145, -0.012434627930154379, -0.008112448782812632, -0.008489249709223545, -0.00899631013507758, -0.009590561308521569, -0.01024614329246271, -0.010945178443208418, -0.011615351511653249, -0.011644952622054503, -0.011674587176281868, -0.01170425462006521, -0.011733954403310603, -0.012424768880806195, -0.01318768040738589, -0.013956832462702384, -0.0147268211037564],
    "scf_converged": [true, true, true, true, true, true, true, true, true, true, true, true, true, true, true, true, true, true, true, true, true],
    "cc_converged": [true, true, true, true, true, true, true, true, true, true, true, true, true, true, true, true, true, true, true, true, true],
    "scf_spin_squared": [1.773678749424258, 0.7910018453239589, 0.7965359683367428, 1.7752356770934241, 1.014491919762011, 1.77297760641455, 0.7611060043466633, 0.7577937558899408, 0.7563687591660053, 0.755482509446689, 0.7548297272730631, 0.754310968570016, 0.7539145275223396, 0.7538987110888042, 0.7538830020469578, 0.7538673992310576, 0.7538519014948797, 0.7535220752566367, 0.7532129772176863, 0.7529450902724779, 0.7527106914916715],
    "cc_spin_squared": [2.267146054491035, 0.7506635312742103, 0.751056310695142, 2.392191713711486, 0.753834927366962, 2.661345615972109, 0.7504365931963382, 0.7502641901503098, 0.7501910161001653, 0.7501506527632233, 0.7501241674863852, 0.7501050921045913, 0.7500916877181754, 0.7500911737281688, 0.7500906647902692, 0.7500901608325954, 0.7500896617845403, 0.7500793939606247, 0.7500703680682692, 0.7500629831401251, 0.750056850088485]
}