{
    "schema_name": "pyscf_apdft_output",
    "provenance": {
        "creator": "PySCF",
        "version": "1.7.6"
    },
    "molecule": {
        "geometry": [[0.0, 0.0, 0.0]],
        "symbols": [ "Mg" ]
    },
    "molecular_charge": 0,
    "molecular_multiplicity": 1,
    "name": "mg.chrg0.mult1-pyscf-ccsdt.augccpvtz",
    "atomic_numbers": [ 12 ],
    "n_electrons": 12,
    "model": {
        "method": "CCSD(T)",
        "basis": "aug-cc-pVTZ",
        "scf_conv_tol": 1e-09,
        "scf_conv_tol_grad": 1e-06,
        "cc_conv_tol": 1e-07,
        "cc_conv_tol_normt": 1e-05
    },
    "broken_symmetry": false,
    "finite_diff_delta": 0.01,
    "finite_diff_acc": 2,
    "apdft_lambdas": [-2.0, -1.75, -1.5, -1.25, -1.0, -0.75, -0.5, -0.25, -0.02, -0.01, 0.0, 0.01, 0.02, 0.25, 0.5, 0.75, 1.0, 1.25, 1.5, 1.75, 2.0],
    "electronic_energies": [-124.34416939195212, -133.12703840147634, -142.07972653818797, -151.30831033514977, -160.68406861748423, -170.22787837803386, -179.9203266960078, -189.74026032796388, -198.8696805829, -199.26843896209076, -199.66733994123317, -200.06638239428005, -200.4655652050701, -209.68303648494893, -219.77115318246808, -229.91815068143464, -240.11311017130143, -250.3473829560303, -260.614119728712, -270.9078344916041, -281.224065675143],
    "apdft_energies": {
        "0": [-199.66733994140165, -199.66733994140165, -199.66733994140165, -199.66733994140165, -199.66733994140165, -199.66733994140165, -199.66733994140165, -199.66733994140165, -199.66733994140165, -199.66733994140165, -199.66733994140165, -199.66733994140165, -199.66733994140165, -199.66733994140165, -199.66733994140165, -199.66733994140165, -199.66733994140165, -199.66733994140165, -199.66733994140165, -199.66733994140165, -199.66733994140165],
        "1": [-119.8729967224717, -129.84728962483794, -139.82158252720419, -149.79587542957043, -159.77016833193667, -169.74446123430292, -179.71875413666916, -189.6930470390354, -198.86939650921235, -199.268368225307, -199.66733994140165, -200.0663116574963, -200.46528337359095, -209.6416328437679, -219.61592574613414, -229.59021864850038, -239.56451155086663, -249.53880445323287, -259.51309735559914, -269.48739025796533, -279.46168316033163],
        "2": [-122.7024680726681, -132.01360362733206, -141.41316016168966, -150.9011376757409, -160.47753616948577, -170.1423556429243, -179.89559609605644, -189.73725752888222, -198.86967945634737, -199.26843896209076, -199.66733994140165, -200.06638239428005, -200.46556632072597, -209.6858433336147, -219.7927677055214, -229.98811305712175, -240.27187938841573, -250.64406669940334, -261.1046749900846, -271.65370426045945, -282.29115451052803],
        "3": [-124.19727373621326, -133.01500664021484, -142.04378130099778, -151.26608046469235, -160.6643868774289, -170.22118328533782, -179.91895243454934, -189.74017707119384, -198.86968095115304, -199.26843914894147, -199.66733994140165, -200.06638220742934, -200.4655648259203, -209.6829237913031, -219.7694113670285, -229.90928541470822, -240.0850286804726, -250.2791239104519, -260.4740538507765, -270.6523012475767, -280.7963488469828],
        "4": [-124.92371557622873, -133.44083350981379, -142.27363203944017, -151.37692669272207, -160.70978949242988, -170.23554895649045, -179.9217900979869, -189.74035442515867, -198.86968095841746, -199.26843914939548, -199.66733994140165, -200.06638220788338, -200.46556483318471, -209.68310114526795, -219.77224903046607, -229.92365108586088, -240.13043129547356, -250.3899701384816, -260.70390458921884, -271.0781281171756, -281.5227906869983]
    },
    "apdft_poly_coeff": [ -199.66733994140165, -39.897171609464976, -0.7073678375490999, 0.18685070794314618, -0.04540261500096676 ],
    "hf_energies": [-124.1427161148062, -132.932505189538, -141.9340719946466, -151.175070631671, -160.57522206350092, -170.13934185356825, -179.8476189762336, -189.67891643305694, -198.8152292271762, -199.21422105586475, -199.61335054640358, -200.01261665036714, -200.41201832558187, -209.63337155682134, -219.72388345088183, -229.87226212453083, -240.06822961299537, -250.3035291004967, -260.57150903452305, -270.86674188279153, -281.18473614507974],
    "triples_corrections": [-0.005877222125491657, -0.006862221615824032, -0.006345899943272014, -0.006136836328094083, -0.00493492598676603, -0.0035596284941913072, -0.0023550747397437, -0.001474999094470831, -0.0009449732636539947, -0.0009269827078206248, -0.0009093618918253582, -0.0008921032432781505, -0.0008752004190770473, -0.0005708321741314458, -0.0003729268304021435, -0.00025571485740796075, -0.00018353962441202754, -0.00013665333718354588, -0.00010444048470464876, -8.121671615338157e-05, -6.387830291131639e-05],
    "scf_converged": [true, true, true, true, true, true, true, true, true, true, true, true, true, true, true, true, true, true, true, true, true],
    "cc_converged": [true, true, true, true, true, true, true, true, true, true, true, true, true, true, true, true, true, true, true, true, true],
    "t1_diagnostic": [0.013864694585324022, 0.012969048335969617, 0.02254535283141261, 0.022523047048174656, 0.022001610216317306, 0.019018151033384258, 0.014351631845361477, 0.010504856998948868, 0.008349667976764175, 0.008277655757497534, 0.0082067782264077, 0.00813719184259901, 0.008068847909457355, 0.0067462301548892045, 0.005588623675787882, 0.004548145830897873, 0.0036039991528680434, 0.0027746375667519656, 0.0020796627689142703, 0.0015363320010610495, 0.0011593818900767427]
}