{
    "schema_name": "pyscf_apdft_output",
    "provenance": {
        "creator": "PySCF",
        "version": "1.7.6"
    },
    "molecule": {
        "geometry": [[0.0, 0.0, 0.0]],
        "symbols": [ "He" ]
    },
    "molecular_charge": -2,
    "molecular_multiplicity": 3,
    "name": "he.chrg-2.mult3-pyscf-uccsdt.augccpvqz",
    "atomic_numbers": [ 2 ],
    "n_electrons": 4,
    "model": {
        "method": "UCCSD(T)",
        "basis": "aug-cc-pVQZ",
        "scf_conv_tol": 1e-09,
        "scf_conv_tol_grad": 1e-06,
        "cc_conv_tol": 1e-07,
        "cc_conv_tol_normt": 1e-05
    },
    "broken_symmetry": false,
    "finite_diff_delta": 0.01,
    "finite_diff_acc": 2,
    "apdft_lambdas": [-0.02, -0.01, 0.0, 0.01, 0.02, 0.25, 0.5, 0.75, 1.0, 1.25, 1.5, 1.75, 2.0, 2.25, 2.5, 2.75, 3.0, 3.25, 3.5, 3.75, 4.0],
    "electronic_energies": [-2.1872396539361425, -2.2267223332784933, -2.266413626006482, -2.3063135186610104, -2.3464220123862973, -3.326509359776202, -4.517125342113478, -5.838572139318804, -7.291573344007928, -8.877305435405702, -10.597100900294866, -12.451545600170762, -14.439224946654283, -16.556351575995492, -18.79758445724355, -21.156873049543737, -23.627713349187726, -26.20310840003345, -28.875600874747178, -31.63750431313211, -34.48125757300137],
    "apdft_energies": {
        "0": [-2.266413626006482, -2.266413626006482, -2.266413626006482, -2.266413626006482, -2.266413626006482, -2.266413626006482, -2.266413626006482, -2.266413626006482, -2.266413626006482, -2.266413626006482, -2.266413626006482, -2.266413626006482, -2.266413626006482, -2.266413626006482, -2.266413626006482, -2.266413626006482, -2.266413626006482, -2.266413626006482, -2.266413626006482, -2.266413626006482, -2.266413626006482],
        "1": [-2.186822440623965, -2.2266180333152237, -2.266413626006482, -2.3062092186977408, -2.3460048113889993, -3.2613034432879457, -4.256193260569409, -5.251083077850873, -6.245972895132336, -7.2408627124138, -8.235752529695263, -9.230642346976726, -10.22553216425819, -11.220421981539655, -12.215311798821118, -13.21020161610258, -14.205091433384045, -15.199981250665509, -16.19487106794697, -17.189760885228434, -18.1846507025099],
        "2": [-2.187239640477044, -2.2267223332784933, -2.266413626006482, -2.3063135186610104, -2.346422011242078, -3.3264909203314836, -4.516943168743561, -5.837770371242714, -7.288972527828943, -8.870549638502247, -10.582501703262627, -12.424828722110083, -14.397530695044615, -16.500607622066223, -18.734059503174905, -21.097886338370664, -23.5920881276535, -26.21666487102341, -28.9716165684804, -31.856943220024462, -34.8726448256556],
        "3": [-2.187239648686963, -2.2267223343047333, -2.266413626006482, -2.3063135176347704, -2.3464220030321585, -3.326474885332345, -4.516814888750451, -5.83733742626597, -7.2879462878840675, -8.868545263609912, -10.579038143448674, -12.419328717405516, -14.389320775485611, -16.48891810769413, -18.71802450403623, -21.076543754517086, -23.564379649141866, -26.181435977915736, -28.927616530843864, -31.802825097931425, -34.80696546918358],
        "4": [-2.1872396584225084, -2.226722334913205, -2.266413626006482, -2.306313518243242, -2.3464220127677033, -3.326712569539152, -4.520617836059365, -5.856589847017345, -7.348793444826686, -9.017097892864353, -10.887076875470683, -12.990008497949377, -15.362875286567519, -18.048364188555546, -21.094866572107286, -24.556478226379923, -28.49299936149401, -32.96993460853348, -38.058493019545644, -43.83558806754115, -50.38383764649406]
    },
    "apdft_poly_coeff": [ -2.266413626006482, -3.979559269125854, -1.0429996326966062, 0.0010262399448753474, -0.06084715694261907 ],
    "hf_energies": [-2.1358500524494883, -2.1753965447612496, -2.2151511565713555, -2.2551138890980553, -2.2952847457455254, -3.2766766635672795, -4.4684373679041, -5.7907948125644895, -7.244571970262687, -8.83107040246254, -10.551753095219212, -12.407318256448814, -14.39639110774633, -16.515120853572956, -18.758053588793903, -21.119044631274345, -23.591533591796182, -26.168488272737697, -28.84242093972144, -31.605620232492203, -34.450514044951426],
    "triples_corrections": [-0.00032345562455409865, -0.0003197027723969556, -0.00031598543401534343, -0.0003123030387503483, -0.00030865578347534647, -0.00023465269761290572, -0.00017504391193448398, -0.00013409030947396478, -0.00010764263662183413, -9.168522772989313e-05, -8.252061672849776e-05, -7.683657712792689e-05, -7.235220179226607e-05, -6.815618868808088e-05, -6.401465790148011e-05, -5.97565473034698e-05, -5.5256039249316485e-05, -5.0576579906831246e-05, -4.595146059854858e-05, -4.163209251174036e-05, -3.7769768369915285e-05],
    "scf_converged": [true, true, true, true, true, true, true, true, true, true, true, true, true, true, true, true, true, true, true, true, true],
    "cc_converged": [true, true, true, true, true, true, true, true, true, true, true, true, true, true, true, true, true, true, true, true, true],
    "scf_spin_squared": [2.000813944551248, 2.000796606205461, 2.000779287549756, 2.0007620188763933, 2.0007448282807405, 2.0004083675449262, 2.000199762629709, 2.000099833160175, 2.0000529174853847, 2.0000306020857272, 2.000020261942812, 2.0000160487479177, 2.000014698568317, 2.0000143854527375, 2.000014350630872, 2.0000143544205455, 2.0000143062130933, 2.000014159876052, 2.000013917736597, 2.00001363722445, 2.0000134100699425],
    "cc_spin_squared": [2.0000115952428783, 2.0000113450231813, 2.00001109717717, 2.000010852223779, 2.0000106102774193, 2.0000060169027414, 2.000003085886621, 2.0000016144615183, 2.000000911338993, 2.0000005754180794, 2.0000004115033647, 2.0000003289703563, 2.0000002841868456, 2.0000002562191654, 2.000000235369237, 2.000000216468532, 2.000000196562074, 2.000000174866555, 2.0000001524642075, 2.0000001311649234, 2.00000011240109]
}