{
    "schema_name": "pyscf_apdft_output",
    "provenance": {
        "creator": "PySCF",
        "version": "1.7.6"
    },
    "molecule": {
        "geometry": [[0.0, 0.0, 0.0]],
        "symbols": [ "Ne" ]
    },
    "molecular_charge": -2,
    "molecular_multiplicity": 3,
    "name": "ne.chrg-2.mult3-pyscf-uccsdt.augccpv5z",
    "atomic_numbers": [ 10 ],
    "n_electrons": 12,
    "model": {
        "method": "UCCSD(T)",
        "basis": "aug-cc-pV5Z",
        "scf_conv_tol": 1e-09,
        "scf_conv_tol_grad": 1e-06,
        "cc_conv_tol": 1e-07,
        "cc_conv_tol_normt": 1e-05
    },
    "broken_symmetry": false,
    "finite_diff_delta": 0.01,
    "finite_diff_acc": 2,
    "apdft_lambdas": [-0.02, -0.01, 0.0, 0.01, 0.02, 0.25, 0.5, 0.75, 1.0, 1.25, 1.5, 1.75, 2.0, 2.25, 2.5, 2.75, 3.0, 3.25, 3.5, 3.75, 4.0],
    "electronic_energies": [-127.79699647947122, -128.11193009565014, -128.42727042047784, -128.7430174513989, -129.05917116766443, -136.44291090025004, -144.73146192174815, -153.2775363397504, -162.07834574426127, -171.13382559750707, -180.4440304973884, -190.0090961604222, -199.82915917981592, -209.90421111617835, -220.23389172610072, -230.81728017176206, -241.65277590487926, -252.73812333608242, -264.0705476475536, -275.64692142933853, -287.4638955733607],
    "apdft_energies": {
        "0": [-128.4272704204779, -128.4272704204779, -128.4272704204779, -128.4272704204779, -128.4272704204779, -128.4272704204779, -128.4272704204779, -128.4272704204779, -128.4272704204779, -128.4272704204779, -128.4272704204779, -128.4272704204779, -128.4272704204779, -128.4272704204779, -128.4272704204779, -128.4272704204779, -128.4272704204779, -128.4272704204779, -128.4272704204779, -128.4272704204779, -128.4272704204779],
        "1": [-127.79618306472912, -128.1117267426035, -128.4272704204779, -128.74281409835228, -129.05835777622667, -136.3158623673376, -144.20445431419728, -152.09304626105697, -159.98163820791666, -167.87023015477635, -175.75882210163604, -183.64741404849573, -191.53600599535542, -199.42459794221512, -207.3131898890748, -215.2017818359345, -223.0903737827942, -230.97896572965388, -238.86755767651357, -246.75614962337326, -254.64474157023295],
        "2": [-127.79699647691564, -128.11193009565014, -128.4272704204779, -128.7430174513989, -129.0591711884132, -136.44295802148085, -144.71283693077032, -153.23690714834632, -162.01516867420884, -171.04762150835788, -180.33426565079344, -189.87510110151553, -199.67012786052413, -209.71934592781926, -220.0227553034009, -230.5803559872691, -241.39214797942378, -252.458131279865, -263.77830588859274, -275.352671805607, -287.1812290309078],
        "3": [-127.79699649245185, -128.11193009759216, -128.4272704204779, -128.7430174494569, -129.05917117287697, -136.44292767730923, -144.71259417739736, -153.23608785571258, -162.01322664722517, -171.0438284869054, -180.32771130972355, -189.86469305064992, -199.65459164465477, -209.6972250267084, -219.99241113178107, -230.53996789484307, -241.3397132508647, -252.3914651348162, -263.6950414816679, -275.25026022639, -287.0569393039529],
        "4": [-127.79699648032305, -128.1119300968341, -128.4272704204779, -128.74301744869882, -129.05917116074815, -136.4426315637126, -144.70785635985166, -153.2121026543875, -161.93742156649407, -170.85875748902674, -179.9439480885224, -189.15372430519932, -198.44171035295733, -207.75442371937757, -217.0312751657228, -226.20456872693717, -235.1995017116463, -243.9341647021572, -252.3195415544585, -260.2595093982201, -267.65083863679354]
    },
    "apdft_poly_coeff": [ -128.4272704204779, -31.554367787438764, -2.033530466292177, 0.0019420269836700752, 0.07580508073109134 ],
    "hf_energies": [-127.43700865261629, -127.75207610492286, -128.06754951246924, -128.38342886349812, -128.6997141465393, -136.08629019579618, -144.37161586464043, -152.9207593031202, -161.72427765029755, -170.78217767068833, -180.094569604708, -189.66164442461624, -199.48360749646633, -209.56053836218183, -219.89217515284406, -230.47768545926684, -241.3155308754337, -252.40348950082256, -263.7387996161727, -275.318333896111, -287.1387363059632],
    "triples_corrections": [-0.0070141103401292655, -0.00698004630592418, -0.006946276876305807, -0.006912796639097576, -0.006879601886078456, -0.006187401513386924, -0.00601492032530991, -0.005408870306561094, -0.0049080558773973, -0.004488618057238053, -0.004133675293092734, -0.0038304694112374876, -0.00356850190115289, -0.003338570122784528, -0.0031326891333765656, -0.00294455023206522, -0.00276981259086767, -0.0026058625244933186, -0.0024512858726455805, -0.0023054041242827187, -0.002167920473724151],
    "scf_converged": [true, true, true, true, true, true, true, true, true, true, true, true, true, true, true, true, true, true, true, true, true],
    "cc_converged": [true, true, true, true, true, true, true, true, true, true, true, true, true, true, true, true, true, true, true, true, true],
    "scf_spin_squared": [2.0000780313781696, 2.0000760281951537, 2.0000740926641676, 2.0000722222446745, 2.0000704145052097, 2.000041796020705, 2.0002416791809843, 2.0001583431175414, 2.0001124201980574, 2.000086013658489, 2.000070629762112, 2.000061977771649, 2.00005775910385, 2.0000566001083007, 2.0000574881566786, 2.000059524610606, 2.0000619280027374, 2.0000641421627448, 2.000065882747985, 2.0000670809964607, 2.000067786120768],
    "cc_spin_squared": [2.0000059055456374, 2.0000057543363936, 2.0000056085339275, 2.000005467677635, 2.0000053315768134, 2.000003177108968, 2.0000142639422744, 2.0000084964900826, 2.000005635916015, 2.000004110502463, 2.00000326232901, 2.0000027865951235, 2.000002527967356, 2.000002395598521, 2.000002327981926, 2.0000022811318527, 2.0000022274284013, 2.000002155155454, 2.000002064424312, 2.0000019611416424, 2.000001852262788]
}