{
    "schema_name": "pyscf_qa_output",
    "provenance": {
        "creator": "PySCF",
        "version": "1.7.6"
    },
    "molecule": {
        "geometry": [[0.0, 0.0, 0.0]],
        "symbols": [ "O" ]
    },
    "molecular_charge": 2,
    "molecular_multiplicity": 3,
    "name": "o.chrg2.mult3-pyscf-uccsdt.augccpvtz",
    "atomic_numbers": [ 8 ],
    "n_electrons": 6,
    "model": {
        "method": "UCCSD(T)",
        "basis": "aug-cc-pVTZ",
        "scf_conv_tol": 1e-09,
        "scf_conv_tol_grad": 1e-06,
        "cc_conv_tol": 1e-07,
        "cc_conv_tol_normt": 1e-05
    },
    "broken_symmetry": false,
    "finite_diff_delta": 0.01,
    "finite_diff_acc": 2,
    "qa_lambdas": [-4.0, -3.75, -3.5, -3.25, -3.0, -2.75, -2.5, -2.25, -2.0, -1.75, -1.5, -1.25, -1.0, -0.75, -0.5, -0.25, -0.02, -0.01, 0.0, 0.01, 0.02],
    "electronic_energies": [-13.954376374645726, -16.20973723132166, -18.636595685929766, -21.244807080707428, -24.043692344614456, -27.041398740765448, -30.244166617597465, -33.655518650810066, -37.27591934280334, -41.10326361241958, -45.13362997609055, -49.36172011158522, -53.78103179435086, -58.38400907483823, -63.1622732584634, -68.1069122222972, -72.79504950213781, -73.00178941132984, -73.2087667522748, -73.41598094036064, -73.6234313913708],
    "qats_energies": {
        "0": [-73.20876675227477, -73.20876675227477, -73.20876675227477, -73.20876675227477, -73.20876675227477, -73.20876675227477, -73.20876675227477, -73.20876675227477, -73.20876675227477, -73.20876675227477, -73.20876675227477, -73.20876675227477, -73.20876675227477, -73.20876675227477, -73.20876675227477, -73.20876675227477, -73.20876675227477, -73.20876675227477, -73.20876675227477, -73.20876675227477, -73.20876675227477],
        "1": [9.629539053885637, 4.452144941000611, -0.7252491718844141, -5.9026432847694394, -11.080037397654465, -16.25743151053949, -21.434825623424516, -26.61221973630954, -31.789613849194566, -36.96700796207959, -42.14440207496462, -47.32179618784964, -52.49919030073467, -57.67658441361969, -62.85397852650472, -68.03137263938974, -72.79457522324397, -73.00167098775937, -73.20876675227477, -73.41586251679017, -73.62295828130557],
        "2": [-9.318232221293911, -12.201169656325163, -15.232136554443755, -18.411132915649688, -21.73815873994296, -25.213214027323573, -28.836298777791527, -32.60741299134682, -36.52655666798945, -40.59372980771943, -44.80893241053674, -49.172164476441395, -53.68342600543339, -58.342716997512724, -63.1500374526794, -68.10538737093341, -72.79504891752585, -73.00178941132984, -73.20876675227477, -73.41598094036064, -73.62343197558745],
        "3": [-15.55198485005316, -17.337623543547444, -19.40826380378833, -21.754774157198533, -24.36802313020077, -27.238879249217753, -30.358211040672202, -33.71688703098683, -37.30577574658436, -41.1157457138875, -45.13766545931897, -49.36240350930148, -53.78082839025775, -58.3838086286105, -63.162212750782444, -68.1069092831963, -72.79504969674493, -73.00178950873223, -73.20876675227477, -73.41598084295825, -73.62343119636837],
        "4": [-15.973626593795089, -17.663331753949898, -19.65542245289096, -21.938528274676152, -24.501433213181613, -27.33307567210175, -30.42254846494923, -33.75909881505499, -37.33212835556823, -41.13119312945641, -45.14600358950527, -49.366424598318794, -53.782475428319245, -58.384329761747146, -63.16231569066129, -68.10691571693872, -72.79504969700845, -73.00178950874869, -73.20876675227477, -73.41598084297473, -73.6234311966319]
    },
    "qats_poly_coeffs": [ -73.20876675227477, -20.7095764515401, -1.1842357046987217, 0.09740238482436324, -0.0016470380614919122 ],
    "hf_energies": [-13.865480834357477, -16.113317753052648, -18.531985001192215, -21.132641130452527, -23.925808975088877, -26.92020449839068, -30.12172098763211, -33.53308599582856, -37.15419818265566, -40.98273641329661, -45.01468421667031, -49.244627067892075, -53.665915749441936, -58.27084991974593, -63.05093838566213, -67.9972022471701, -72.68663943083118, -72.89343170807092, -73.10046108370472, -73.30772697506103, -73.51522879992535],
    "triples_corrections": [-0.0018587054908012878, -0.00222651865844923, -0.00261950889542598, -0.0029837982196702483, -0.0032378141831597104, -0.003288602992439853, -0.003129659685836128, -0.00286867684932619, -0.002609863005057025, -0.0023885572033134797, -0.0022022808902694615, -0.0020419835867966666, -0.0019006377860919979, -0.0017735581962893142, -0.0016575555182987672, -0.001550278107218505, -0.0014576855244204157, -0.001453772595853708, -0.0014498683230170202, -0.0014459726221785114, -0.0014420854105210174],
    "scf_converged": [true, true, true, true, true, true, true, true, true, true, true, true, true, true, true, true, true, true, true, true, true],
    "cc_converged": [true, true, true, true, true, true, true, true, true, true, true, true, true, true, true, true, true, true, true, true, true],
    "scf_spin_squared": [2.0080152741001274, 2.007720264185838, 2.007136911070778, 2.0073653385395858, 2.0091514479637684, 2.011660790521926, 2.013121615098953, 2.0128016792551557, 2.0113889227620483, 2.0097931479328275, 2.0084570119659846, 2.0074468998717903, 2.0066871551842773, 2.0060872155002745, 2.0055829229589026, 2.0051392664965766, 2.004771433313767, 2.004756231306335, 2.0047410931773486, 2.004726018739584, 2.0047110078111205],
    "cc_spin_squared": [2.000132563897665, 2.000166765778303, 2.0002211857312555, 2.0002655364975883, 2.000278530517577, 2.000269418799965, 2.000249677221672, 2.0002191430019356, 2.0001816109950408, 2.0001453589704217, 2.0001151954869103, 2.0000918799092506, 2.000074368428434, 2.0000612284479593, 2.0000512129082617, 2.0000433883224846, 2.0000375681197227, 2.0000373390616746, 2.0000371117980764, 2.0000368863068765, 2.0000366625663806]
}