{
    "schema_name": "pyscf_qa_output",
    "provenance": {
        "creator": "PySCF",
        "version": "1.7.6"
    },
    "molecule": {
        "geometry": [[0.0, 0.0, 0.0]],
        "symbols": [ "B" ]
    },
    "molecular_charge": 0,
    "molecular_multiplicity": 4,
    "name": "b.chrg0.mult4-pyscf-uccsdt.augccpv5z",
    "atomic_numbers": [ 5 ],
    "n_electrons": 5,
    "model": {
        "method": "UCCSD(T)",
        "basis": "aug-cc-pV5Z",
        "scf_conv_tol": 1e-09,
        "scf_conv_tol_grad": 1e-06,
        "cc_conv_tol": 1e-07,
        "cc_conv_tol_normt": 1e-05
    },
    "broken_symmetry": false,
    "finite_diff_delta": 0.01,
    "finite_diff_acc": 2,
    "qa_lambdas": [-2.0, -1.75, -1.5, -1.25, -1.0, -0.75, -0.5, -0.25, -0.02, -0.01, 0.0, 0.01, 0.02, 0.25, 0.5, 0.75, 1.0, 1.25, 1.5, 1.75, 2.0],
    "electronic_energies": [-7.297263381678765, -8.916955142411515, -10.634028525553788, -12.513944906281338, -14.562684934543393, -16.78550060627539, -19.183125664050774, -21.754528821319425, -24.273098797029068, -24.385916976700447, -24.49901101640907, -24.612380863812014, -24.72602646585216, -27.415849787189707, -30.50404755979856, -33.7621834703536, -37.188278230369576, -40.779700002478215, -44.53311748190827, -48.444491496844975, -52.50909905711256],
    "qats_energies": {
        "0": [-24.4990110164091, -24.4990110164091, -24.4990110164091, -24.4990110164091, -24.4990110164091, -24.4990110164091, -24.4990110164091, -24.4990110164091, -24.4990110164091, -24.4990110164091, -24.4990110164091, -24.4990110164091, -24.4990110164091, -24.4990110164091, -24.4990110164091, -24.4990110164091, -24.4990110164091, -24.4990110164091, -24.4990110164091, -24.4990110164091, -24.4990110164091],
        "1": [-1.8526223052523818, -4.68342089414697, -7.514219483041561, -10.34501807193615, -13.17581666083074, -16.00661524972533, -18.83741383861992, -21.66821242751451, -24.272547129297532, -24.385779072853317, -24.4990110164091, -24.61224295996488, -24.725474903520666, -27.329809605303687, -30.16060819419828, -32.99140678309287, -35.82220537198746, -38.653003960882046, -41.48380254977664, -44.31460113867123, -47.14539972756582],
        "2": [-7.368776190491232, -8.906726212532966, -10.617056043488414, -12.499765683357577, -14.554855132140453, -16.782324389837044, -19.182173456447348, -21.754402331971367, -24.273098744686056, -24.385916976700447, -24.4990110164091, -24.612380863812014, -24.72602651890919, -27.415999509760546, -30.505367812025707, -33.767115923204585, -37.20124384329717, -40.807751572303474, -44.58663911022349, -48.53790645705722, -52.66155361280467],
        "3": [-7.439042884288071, -8.953799407791395, -10.646699804933956, -12.51692063789782, -14.563638468865058, -16.786029860017734, -19.183271373537924, -21.754539571607687, -24.27309881495275, -24.38591698548378, -24.4990110164091, -24.612380855028675, -24.726026448642497, -27.415862270124222, -30.50426989493513, -33.76341045302389, -37.192460506572566, -40.79059661776323, -44.556995348777946, -48.49083326179879, -52.59128691900783],
        "4": [-7.391441257943715, -8.925896208364442, -10.631638352848437, -12.509657206143615, -14.560663367218536, -16.78508851926239, -19.183085429685015, -21.75452795011688, -24.273098814476732, -24.38591698545403, -24.4990110164091, -24.612380854998925, -24.72602644816648, -27.415850648633416, -30.504083951082222, -33.76246911226855, -37.189485404926046, -40.783333186009024, -44.54193389669243, -48.46293006237184, -52.54368529266347]
    },
    "qats_poly_coeffs": [ -24.4990110164091, -11.323194355578359, -1.3790384713097126, 0.00878333672460485, 0.002975101646522186 ],
    "hf_energies": [-7.247537588011895, -8.866517099208984, -10.581004053047653, -12.459679702362243, -14.509835004876777, -16.734674356711576, -19.133915515414195, -21.70677266294323, -24.226666042093274, -24.339542373936354, -24.45269464705204, -24.56612281236554, -24.67982682003591, -27.371024277664727, -30.460804041005165, -33.72063274069514, -37.14853385063079, -40.741865509839336, -44.49727685583682, -48.41070277913477, -52.477391116520096],
    "triples_corrections": [-0.0005126034407856488, -0.00045364293039641234, -0.0006150020827470738, -0.0007014903398066725, -0.0005730505030414319, -0.0004092850227258795, -0.0003196890684393365, -0.0002640113161775103, -0.00022655657821732714, -0.0002251324932901327, -0.0002237227528310791, -0.00022232708151599076, -0.00022094521033912793, -0.00019243680625886578, -0.0001668586621534702, -0.00014519712334569267, -0.00012643956350621256, -0.00010995262545204795, -9.532636593612542e-05, -8.230714229856195e-05, -7.074479596288557e-05],
    "scf_converged": [true, true, true, true, true, true, true, true, true, true, true, true, true, true, true, true, true, true, true, true, true],
    "cc_converged": [true, true, true, true, true, true, true, true, true, true, true, true, true, true, true, true, true, true, true, true, true],
    "scf_spin_squared": [3.7500030621931075, 3.750005995741385, 3.750005962964933, 3.7500050896273174, 3.750004807147881, 3.750005295830377, 3.7500060935569177, 3.750006942117772, 3.7500076839759777, 3.7500077147217215, 3.750007745321167, 3.750007775772002, 3.7500078060718938, 3.7500084563436573, 3.7500090411526297, 3.750009467043599, 3.750009706251331, 3.7500097436110496, 3.7500095814110272, 3.7500092393144073, 3.750008750459845],
    "cc_spin_squared": [3.750000323322767, 3.7500004072441318, 3.750000466538318, 3.7500005478766214, 3.750000545653844, 3.7500004757960155, 3.750000423028191, 3.750000380371135, 3.750000343995205, 3.7500003424589066, 3.750000340926131, 3.7500003393968857, 3.7500003378711466, 3.75000030369947, 3.7500002684650267, 3.7500002352375215, 3.750000204205522, 3.7500001755547245, 3.7500001494166333, 3.7500001258597635, 3.7500001048978007]
}