{
    "schema_name": "pyscf_apdft_output",
    "provenance": {
        "creator": "PySCF",
        "version": "1.7.6"
    },
    "molecule": {
        "geometry": [[0.0, 0.0, 0.0]],
        "symbols": [ "Ne" ]
    },
    "molecular_charge": -1,
    "molecular_multiplicity": 4,
    "name": "ne.chrg-1.mult4-pyscf-uccsdt.augccpvtz",
    "atomic_numbers": [ 10 ],
    "n_electrons": 11,
    "model": {
        "method": "UCCSD(T)",
        "basis": "aug-cc-pVTZ",
        "scf_conv_tol": 1e-09,
        "scf_conv_tol_grad": 1e-06,
        "cc_conv_tol": 1e-07,
        "cc_conv_tol_normt": 1e-05
    },
    "broken_symmetry": false,
    "finite_diff_delta": 0.01,
    "finite_diff_acc": 2,
    "apdft_lambdas": [-1.0, -0.75, -0.5, -0.25, -0.02, -0.01, 0.0, 0.01, 0.02, 0.25, 0.5, 0.75, 1.0, 1.25, 1.5, 1.75, 2.0, 2.25, 2.5, 2.75, 3.0],
    "electronic_energies": [-98.70401248889333, -105.68941775593083, -112.9044312565297, -120.31785331944187, -127.30807671904952, -127.62656833277771, -127.93508185886236, -128.24391023058806, -128.5530530074715, -135.83388282549998, -143.8583290397701, -152.06636981966196, -160.463574898528, -169.00852297796413, -177.73124836099248, -186.61473521088868, -195.65399985083207, -204.8647461611608, -214.1795476244178, -223.65481726086387, -233.2635869440553],
    "apdft_energies": {
        "0": [-127.92481329812473, -127.92481329812473, -127.92481329812473, -127.92481329812473, -127.92481329812473, -127.92481329812473, -127.92481329812473, -127.92481329812473, -127.92481329812473, -127.92481329812473, -127.92481329812473, -127.92481329812473, -127.92481329812473, -127.92481329812473, -127.92481329812473, -127.92481329812473, -127.92481329812473, -127.92481329812473, -127.92481329812473, -127.92481329812473, -127.92481329812473],
        "1": [-97.05771840760731, -104.77449213023667, -112.49126585286602, -120.20803957549538, -127.30747140031438, -127.61614234921956, -127.92481329812473, -128.2334842470299, -128.5421551959351, -135.6415870207541, -143.35836074338346, -151.0751344660128, -158.79190818864214, -166.5086819112715, -174.22545563390088, -181.94222935653022, -189.65900307915956, -197.37577680178893, -205.0925505244183, -212.80932424704764, -220.52609796967698],
        "2": [-201.31755398910894, -163.42064964483134, -138.55622474824145, -126.72427929933923, -127.34917533454698, -127.62656833277771, -127.92481329812473, -128.24391023058806, -128.5838591301677, -142.15782674459794, -169.42331963875887, -209.72129198060748, -263.0517437701438, -329.4146750073678, -408.8100856922796, -501.237975824879, -606.6983454051662, -725.191194433141, -856.7165229088035, -1001.2743308321539, -1158.8646182031919],
        "3": [656.3901794512217, 198.4248004003082, -31.342758068200098, -113.32259596433406, -127.34231367267947, -127.62571062504426, -127.92481329812473, -128.2447679383215, -128.5907207920352, -155.55951007960311, -276.6367863188002, -571.5667420257471, -1120.7594772104744, -2004.6250918830137, -3303.5736860533957, -5098.01535973165, -7468.3602129278115, -10495.01834565191, -14258.399857913973, -18838.91484972403, -24316.97342109212],
        "4": [300259.46598639357, 94994.71050494067, 18693.849479865698, 1057.0019189065345, -127.29437718055036, -127.6227145942862, -127.92481329812473, -128.24177190756342, -128.5427842999061, 1014.7650047912655, 18448.555451615095, 94224.71896251463, 298482.3163297319, 729448.1967024097, 1513436.9975865923, 2804851.144845224, 4786180.852698149, 7668004.1237221155, 11688986.74885077, 17115882.307374667, 24243532.166941244]
    },
    "apdft_poly_coeff": [ -127.92481329812473, -30.86709489051742, -104.25983558150165, -857.7077334403307, 299603.07580694236 ],
    "hf_energies": [-98.44982070614685, -105.44012496157376, -112.65926934393576, -120.07698170001993, -127.07154161367626, -127.38966885286851, -127.69834566336026, -128.00733717112237, -128.31664293887405, -135.59767859926416, -143.62668960065008, -151.83934372209993, -160.24069857098448, -168.79109889797527, -177.51888633677663, -186.4076319887002, -195.45235855329372, -204.666726196886, -213.989444562865, -223.47075245812664, -233.08566119085853],
    "triples_corrections": [-0.005613032028698417, -0.004958019229244875, -0.004432920526139158, -0.0039518752842806915, -0.003549648898798412, -0.0035518095293048326, -0.003536350603339374, -0.0035209872349175643, -0.003505719526706837, -0.0032464836295193786, -0.0029113898776825502, -0.0026349982153101997, -0.0028491071170055823, -0.0022530139618192556, -0.0021430842783356674, -0.002082911955674132, -0.0020673427328523415, -0.003317188234153613, -0.002135711817013069, -0.0021982861043588794, -0.0022678453074146147],
    "scf_converged": [true, true, true, true, true, true, true, true, true, true, true, true, true, true, true, true, true, true, true, true, true],
    "cc_converged": [true, true, true, true, true, true, true, true, true, true, true, true, true, true, true, true, true, true, true, true, true],
    "scf_spin_squared": [3.7551129557410396, 3.7542266879261517, 3.753511259127932, 3.753134848765135, 3.752914485837305, 3.7528502306625198, 3.7528395713471894, 3.7528289936585626, 3.7528185020089166, 3.7523761731324075, 3.75222038615546, 3.7520810977873253, 3.75196522477124, 3.751842297538505, 3.751739295412223, 3.751645121089223, 3.7515581569350847, 3.75152019240512, 3.751399327785502, 3.7513246355384906, 3.751251888471325],
    "cc_spin_squared": [3.7501316067491572, 3.750099391620583, 3.7500922336366034, 3.750073641322601, 3.7500544056186302, 3.7500618124606966, 3.750061407409236, 3.7500610083082138, 3.7500606150380653, 3.750040817555962, 3.7500357087248446, 3.750031955913304, 3.7500479448036077, 3.7500275770818563, 3.7500267553234323, 3.7500267982808624, 3.7500276563795434, 3.7500698582485894, 3.750031248417152, 3.750033532762355, 3.750035855379851]
}