{
    "schema_name": "pyscf_apdft_output",
    "provenance": {
        "creator": "PySCF",
        "version": "1.7.6"
    },
    "molecule": {
        "geometry": [[0.0, 0.0, 0.0]],
        "symbols": [ "Al" ]
    },
    "molecular_charge": 1,
    "molecular_multiplicity": 3,
    "name": "al.chrg1.mult3-pyscf-uccsdt.augccpv5z",
    "atomic_numbers": [ 13 ],
    "n_electrons": 12,
    "model": {
        "method": "UCCSD(T)",
        "basis": "aug-cc-pV5Z",
        "scf_conv_tol": 1e-09,
        "scf_conv_tol_grad": 1e-06,
        "cc_conv_tol": 1e-07,
        "cc_conv_tol_normt": 1e-05
    },
    "broken_symmetry": false,
    "finite_diff_delta": 0.01,
    "finite_diff_acc": 2,
    "apdft_lambdas": [-3.0, -2.75, -2.5, -2.25, -2.0, -1.75, -1.5, -1.25, -1.0, -0.75, -0.5, -0.25, -0.02, -0.01, 0.0, 0.01, 0.02, 0.25, 0.5, 0.75, 1.0],
    "electronic_energies": [-122.90654854051331, -131.56378963258604, -140.48568074597438, -149.65908637936593, -159.07218939139946, -168.71358882154433, -178.57290180643483, -188.63850608128257, -198.89857665852043, -209.34280479998984, -219.96219307698584, -230.74875802104756, -240.81393263859061, -241.25454381317184, -241.6954012617526, -242.13650459851257, -242.57785343940952, -252.79577341664893, -264.0441152135965, -275.4351137585907, -286.9637921323187],
    "apdft_energies": {
        "0": [-241.6954012617447, -241.6954012617447, -241.6954012617447, -241.6954012617447, -241.6954012617447, -241.6954012617447, -241.6954012617447, -241.6954012617447, -241.6954012617447, -241.6954012617447, -241.6954012617447, -241.6954012617447, -241.6954012617447, -241.6954012617447, -241.6954012617447, -241.6954012617447, -241.6954012617447, -241.6954012617447, -241.6954012617447, -241.6954012617447, -241.6954012617447],
        "1": [-109.40128346063406, -120.42579327739328, -131.4503030941525, -142.47481291091174, -153.49932272767094, -164.52383254443015, -175.54834236118938, -186.57285217794862, -197.59736199470782, -208.62187181146703, -219.64638162822627, -230.6708914449855, -240.81344047640397, -241.25442086907435, -241.6954012617447, -242.13638165441506, -242.57736204708544, -252.7199110785039, -263.74442089526315, -274.7689307120224, -285.7934405287816],
        "2": [-120.46625223546616, -129.7234406506897, -139.1343091877859, -148.69885784675478, -158.41708662759632, -168.28899553031053, -178.3145845548974, -188.49385370135695, -198.82680296968917, -209.31343235989405, -219.9537418719716, -230.74773150592182, -240.81393225279396, -241.25454381317184, -241.6954012617447, -242.13650459851257, -242.57785382347544, -252.79675113944026, -264.0517811390085, -275.4604912604494, -287.02288150376296],
        "3": [-122.19844301028306, -131.05766861439417, -140.13673440469384, -149.42962582988065, -158.93032833865317, -168.63282737970997, -178.53110840174952, -188.61915685347046, -198.89095818357129, -209.34049784075057, -219.96176127370686, -230.74873393113873, -240.81393276603566, -241.25454387732705, -241.6954012617447, -242.13650453435736, -242.57785331023373, -252.79574871422335, -264.0437617372732, -275.4334257795929, -286.9587262898808],
        "4": [-122.78256775885356, -131.47009967360617, -140.4184303675461, -149.61444655110805, -159.04571100503748, -168.70046258039076, -178.56761619853518, -188.63676285114872, -198.89816960022029, -209.34277957804966, -219.96221198724743, -230.748762100735, -240.8139327671895, -241.25454387739916, -241.6954012617447, -242.13650453442946, -242.57785331138754, -252.79577688381963, -264.0442124508138, -275.43570751689197, -286.96593770652987]
    },
    "apdft_poly_coeff": [ -241.6954012617447, -44.09803926703688, -1.229440974981344, 0.06415521388210739, -0.00721141664901855 ],
    "hf_energies": [-122.65753618376222, -131.32361791499244, -140.25386994065576, -149.4347029589345, -158.85520259628197, -168.50464720338002, -178.37242258135163, -188.44653607786034, -198.71513145182692, -209.16787013910107, -219.79569714124636, -230.59058605155272, -240.6632978393688, -241.1042339593339, -241.54541612052617, -241.9868439371009, -242.42851702473254, -252.65383027568893, -263.9100691014353, -275.30882175747433, -286.8451110535013],
    "triples_corrections": [-0.00412013092380334, -0.0036774581076497058, -0.003303228398781397, -0.0030374751531800637, -0.002817378135764148, -0.002596552698153665, -0.0023744850534786264, -0.0021672263566903803, -0.0019718770503200254, -0.001784784688644504, -0.0016061770023543768, -0.0014376515342072148, -0.001293058099130415, -0.0012870187795745132, -0.0012810008187623368, -0.0012750042950686465, -0.001269029286796287, -0.0011376946578784662, -0.001008607068765798, -0.0008938870193838475, -0.0007929811712736677],
    "scf_converged": [true, true, true, true, true, true, true, true, true, true, true, true, true, true, true, true, true, true, true, true, true],
    "cc_converged": [true, true, true, true, true, true, true, true, true, true, true, true, true, true, true, true, true, true, true, true, true],
    "scf_spin_squared": [2.000000202289173, 2.0000030618834286, 2.0000057199509307, 2.000011960398827, 2.0000207130492225, 2.000028095012734, 2.0000349016463126, 2.000041739063585, 2.0000477232570226, 2.0000524534174193, 2.000055828613341, 2.0000579198968564, 2.0000588627022964, 2.0000588849219882, 2.000058905686388, 2.0000589250082683, 2.0000589429002433, 2.000058987674146, 2.0000583505917247, 2.0000571563363767, 2.000055547621023],
    "cc_spin_squared": [2.0000000394515314, 2.000000449931919, 2.000000802068746, 2.000001527654598, 2.000002290349777, 2.0000026127009374, 2.0000026214712716, 2.0000026032056026, 2.000002564831048, 2.0000024858781797, 2.0000023725338756, 2.0000022359596534, 2.00000209824617, 2.0000020920992925, 2.000002085942909, 2.0000020797773215, 2.0000020736029946, 2.0000019300539886, 2.000001773911023, 2.0000016217418226, 2.000001476619323]
}