{
    "schema_name": "pyscf_apdft_output",
    "provenance": {
        "creator": "PySCF",
        "version": "1.7.6"
    },
    "molecule": {
        "geometry": [[0.0, 0.0, 0.0]],
        "symbols": [ "Si" ]
    },
    "molecular_charge": 0,
    "molecular_multiplicity": 3,
    "name": "si.chrg0.mult3-pyscf-uccsdt.augccpv5z",
    "atomic_numbers": [ 14 ],
    "n_electrons": 14,
    "model": {
        "method": "UCCSD(T)",
        "basis": "aug-cc-pV5Z",
        "scf_conv_tol": 1e-09,
        "scf_conv_tol_grad": 1e-06,
        "cc_conv_tol": 1e-07,
        "cc_conv_tol_normt": 1e-05
    },
    "broken_symmetry": false,
    "finite_diff_delta": 0.01,
    "finite_diff_acc": 2,
    "apdft_lambdas": [-2.0, -1.75, -1.5, -1.25, -1.0, -0.75, -0.5, -0.25, -0.02, -0.01, 0.0, 0.01, 0.02, 0.25, 0.5, 0.75, 1.0, 1.25, 1.5, 1.75, 2.0],
    "electronic_energies": [-196.76164701926035, -207.61480119678063, -218.63887216690352, -229.88128387661789, -241.3350759006201, -252.9927535724299, -264.8455897334213, -276.8850949061391, -288.11990282704915, -288.6117329765016, -289.1038397515117, -289.59622275589857, -290.08888159498537, -301.4952805923325, -314.05352117407017, -326.7731804393425, -339.6492948133913, -352.6772235486066, -365.8525605303965, -379.17106065234464, -392.6285833338183],
    "apdft_energies": {
        "0": [-289.103839751495, -289.103839751495, -289.103839751495, -289.103839751495, -289.103839751495, -289.103839751495, -289.103839751495, -289.103839751495, -289.103839751495, -289.103839751495, -289.103839751495, -289.103839751495, -289.103839751495, -289.103839751495, -289.103839751495, -289.103839751495, -289.103839751495, -289.103839751495, -289.103839751495, -289.103839751495, -289.103839751495],
        "1": [-190.6548618118012, -202.96098405426292, -215.26710629672465, -227.57322853918637, -239.8793507816481, -252.18547302410983, -264.49159526657155, -276.7977175090333, -288.11934997209806, -288.61159486179656, -289.103839751495, -289.59608464119344, -290.08832953089194, -301.4099619939567, -313.71608423641845, -326.0222064788802, -338.3283287213419, -350.6344509638036, -362.94057320626536, -375.2466954487271, -387.5528176911888],
        "2": [-196.17945001559917, -207.19074689779575, -218.374687161361, -229.73127080629496, -241.2604978325976, -252.96236824026892, -264.8368820293089, -276.8840391997176, -288.11990243091844, -288.6117329765016, -289.103839751495, -289.59622275589857, -290.0888819897123, -301.49628368464107, -314.0613709991558, -326.79910169503927, -339.7094757722914, -352.7924932309122, -366.0481540709017, -379.4764582922599, -393.0774058949868],
        "3": [-196.7066884522124, -207.54395545982374, -218.5971158768072, -229.85999112773374, -241.32640263717425, -252.9901718296997, -264.845120129881, -276.88506896228915, -288.1199029581569, -288.61173304240646, -289.103839751495, -289.59622268999374, -290.08888146247386, -301.49525392206954, -314.0531328985837, -326.7712981056085, -339.64357096771477, -352.66377290947344, -365.8257253554555, -379.1232497302319, -392.55016745837355],
        "4": [-196.8002678779023, -207.5988100011034, -218.6267249919669, -229.87427021490566, -241.33225135127987, -252.99202239939717, -264.8454856745126, -276.88509180882863, -288.11990295909266, -288.61173304246495, -289.103839751495, -289.59622269005223, -290.0888814634097, -301.495276768609, -314.05349844321535, -326.77314867530595, -339.64941968182035, -352.67805199664537, -365.8553344706152, -379.1781042715116, -392.6437468840635]
    },
    "apdft_poly_coeff": [ -289.103839751495, -49.2244889698469, -1.3811470509494939, 0.06590480457665156, -0.005848714105619972 ],
    "hf_energies": [-196.49003406006045, -207.341749116688, -218.3674946664521, -229.6125022394217, -241.07026974093102, -252.7326470412476, -264.5904233820987, -276.63497807089897, -287.8744788156764, -288.3665134457599, -288.8588247177946, -289.3514122332766, -289.84427559534356, -301.2553771394253, -313.8187089169183, -326.5434169431659, -339.4245193260993, -352.45735735475677, -365.63750488506366, -378.96069322267107, -392.4227535982226],
    "triples_corrections": [-0.013762009344066893, -0.0058583075008119476, -0.006108143255740711, -0.0061656411939693375, -0.005982229864767073, -0.005721224275120851, -0.005481564299326946, -0.0052667185768192435, -0.005084699621356644, -0.00507708999923252, -0.005069505205003749, -0.005061945205118721, -0.005054409967854039, -0.004887878852451679, -0.0047213596135727695, -0.004569392672567444, -0.004431276378035923, -0.004306339731250841, -0.00419403742917561, -0.004093979680544903, -0.004005945462170493],
    "scf_converged": [true, true, true, true, true, true, true, true, true, true, true, true, true, true, true, true, true, true, true, true, true],
    "cc_converged": [true, true, true, true, true, true, true, true, true, true, true, true, true, true, true, true, true, true, true, true, true],
    "scf_spin_squared": [3.000026234395154, 2.034053058452847, 2.0249165736372143, 2.0206738251977274, 2.018635752041625, 2.017634301422232, 2.0169120910637073, 2.016251900823745, 2.015684761770437, 2.015660942685585, 2.0156371943688702, 2.015613516986252, 2.0155899107375284, 2.015067542981379, 2.0145508062258903, 2.014097420769774, 2.013712016119837, 2.013391941524656, 2.0131304211812786, 2.012920339555695, 2.012756299423506],
    "cc_spin_squared": [5.272238734218073, 2.001651879827381, 2.0014765383855466, 2.001284501375822, 2.001052352726528, 2.000866790012545, 2.000737806411139, 2.0006428471472284, 2.000574091635631, 2.000571408499018, 2.000568747999604, 2.0005661098378735, 2.0005634937212053, 2.000508823324512, 2.0004594049524598, 2.000418170955426, 2.0003834368789373, 2.000353889974194, 2.0003285001569844, 2.000306483711093, 2.0002872341920637]
}