{
    "schema_name": "pyscf_qa_output",
    "provenance": {
        "creator": "PySCF",
        "version": "1.7.6"
    },
    "molecule": {
        "geometry": [[0.0, 0.0, 0.0]],
        "symbols": [ "P" ]
    },
    "molecular_charge": -2,
    "molecular_multiplicity": 2,
    "name": "p.chrg-2.mult2-pyscf-uccsdt.augccpvtz",
    "atomic_numbers": [ 15 ],
    "n_electrons": 17,
    "model": {
        "method": "UCCSD(T)",
        "basis": "aug-cc-pVTZ",
        "scf_conv_tol": 1e-09,
        "scf_conv_tol_grad": 1e-06,
        "cc_conv_tol": 1e-05,
        "cc_conv_tol_normt": 1e-07
    },
    "broken_symmetry": false,
    "finite_diff_delta": 0.01,
    "finite_diff_acc": 2,
    "qa_lambdas": [-0.02, -0.01, 0.0, 0.01, 0.02, 0.25, 0.5, 0.75, 1.0, 1.25, 1.5, 1.75, 2.0, 2.25, 2.5, 2.75, 3.0],
    "electronic_energies": [-339.6366246119678, -340.1817058016304, -340.72700727092763, -341.27249901258625, -341.81750190905257, -354.4360057784413, -368.28514640356246, -382.2644329353324, -396.36470590346585, -410.5753945584621, -424.8864943745121, -439.28923156973684, -453.7758894642353, -468.3395180496901, -482.9737450058304, -497.67267439595895, -512.4308303415326],
    "qats_energies": {
        "0": [-340.7270072709289, -340.7270072709289, -340.7270072709289, -340.7270072709289, -340.7270072709289, -340.7270072709289, -340.7270072709289, -340.7270072709289, -340.7270072709289, -340.7270072709289, -340.7270072709289, -340.7270072709289, -340.7270072709289, -340.7270072709289, -340.7270072709289, -340.7270072709289, -340.7270072709289],
        "1": [-339.63621405997304, -340.181610665451, -340.7270072709289, -341.27240387640677, -341.8178004818847, -354.3619224078768, -367.9968375448248, -381.6317526817728, -395.26666781872075, -408.9015829556687, -422.5364980926167, -436.1714132295647, -449.8063283665126, -463.44124350346056, -477.07615864040855, -490.71107377735655, -504.3459889143045],
        "2": [-339.63659460469086, -340.1817058016304, -340.7270072709289, -341.27249901258625, -341.81818102660253, -354.42138252003525, -368.23467799345843, -382.1668936911984, -396.2180296132552, -410.38808575962884, -424.67706213031926, -439.0849587253265, -453.6117755446505, -468.2575125882914, -483.02216985624904, -497.9057473485235, -512.9082450651148],
        "3": [-339.6370673545755, -340.181764895366, -340.7270072709289, -341.2724399188507, -341.8177082767179, -353.4980429016418, -360.8479610463105, -357.2367239945742, -337.12429403607194, -294.97063346044274, -225.23570455732568, -122.37946961635976, 19.13810907281578, 204.85706922056204, 440.3174485372399, 731.0592847332102, 1082.622615518834],
        "4": [-339.6366346143936, -340.18173784910465, -340.7270072709289, -341.2724128725893, -341.81727553653604, -342.9330970547688, -191.8088274963427, 498.52388960213807, 2367.5018427634136, 6308.120520835177, 13466.934112990068, 25244.05550872569, 43293.15629786458, 69521.46677055425, 106089.7759172671, 155412.43142880063, 220157.33969627714]
    },
    "qats_poly_coeffs": [ -340.7270072709289, -54.53966054779187, -0.9513617945344777, 59.09373557718329, 2704.6261367994853 ],
    "hf_energies": [-339.4081581641603, -339.9535236826662, -340.4991220091895, -341.04494941020516, -341.60119901975304, -354.2198867434797, -368.0738403850393, -382.0598028863052, -396.16568166411747, -410.38100044406457, -424.6962399437037, -439.1029726135927, -453.59367901390823, -468.1615184710496, -482.8001764888098, -497.503778629871, -512.2668404133806],
    "triples_corrections": [-0.014333079448175181, -0.014291405873751495, -0.014245199877078923, -0.014188114452069992, -0.012381365332967388, -0.011946454635247263, -0.010929015818677572, -0.009284389986731763, -0.007988178958049508, -0.007042142668708305, -0.0062929978054045415, -0.005652980341750075, -0.005088299020337928, -0.0045871723892470405, -0.004143552920604561, -0.0037514871325329724, -0.003404318962351958],
    "scf_converged": [true, true, true, true, true, true, true, true, true, true, true, true, true, true, true, true, true],
    "cc_converged": [true, true, true, true, true, true, true, true, true, true, true, true, true, true, true, true, true],
    "scf_spin_squared": [0.8606965783450136, 0.8723027499387506, 0.8888616455730958, 0.9194954276335192, 1.5257518070500087, 1.1109335296612297, 0.7988668792969094, 0.7682427903445408, 0.7636485652949601, 0.7621909368905602, 0.761434052080145, 0.7608902771644033, 0.7604250637491567, 0.7599931855461213, 0.7595773204640128, 0.7591700870046854, 0.7587681292021857],
    "cc_spin_squared": [0.752440903953465, 0.7521100664954266, 0.7516876124274994, 0.7510252536625068, 0.7911722118139544, 0.7683044709136806, 0.7546708853798298, 0.7517578454589939, 0.7508354100238082, 0.7505118768179981, 0.7503793194976076, 0.7503098729919109, 0.7502640556243731, 0.7502290563792728, 0.7502003284586936, 0.7501759550581992, 0.7501549645263124]
}