{
    "schema_name": "pyscf_apdft_output",
    "provenance": {
        "creator": "PySCF",
        "version": "1.7.6"
    },
    "molecule": {
        "geometry": [[0.0, 0.0, 0.0]],
        "symbols": [ "Li" ]
    },
    "molecular_charge": -1,
    "molecular_multiplicity": 1,
    "name": "li.chrg-1.mult1-pyscf-ccsdt.augccpvtz",
    "atomic_numbers": [ 3 ],
    "n_electrons": 4,
    "model": {
        "method": "CCSD(T)",
        "basis": "aug-cc-pVTZ",
        "scf_conv_tol": 1e-09,
        "scf_conv_tol_grad": 1e-06,
        "cc_conv_tol": 1e-07,
        "cc_conv_tol_normt": 1e-05
    },
    "broken_symmetry": false,
    "finite_diff_delta": 0.01,
    "finite_diff_acc": 2,
    "apdft_lambdas": [-1.0, -0.75, -0.5, -0.25, -0.02, -0.01, 0.0, 0.01, 0.02, 0.25, 0.5, 0.75, 1.0, 1.25, 1.5, 1.75, 2.0, 2.25, 2.5, 2.75, 3.0],
    "electronic_energies": [-2.766825685650769, -3.748696680786841, -4.839659014959953, -6.076844483343768, -7.351589244312575, -7.410020532223304, -7.468701096205902, -7.527630492543665, -7.586808237396626, -9.014893631476033, -10.70431886690118, -12.520765071991843, -14.44640265398122, -16.465991088736743, -18.56885636661126, -20.74779904329673, -22.996817857151267, -25.3091028236797, -27.67594383878731, -30.086909427246074, -32.53132906217721],
    "apdft_energies": {
        "0": [-7.468701096205901, -7.468701096205901, -7.468701096205901, -7.468701096205901, -7.468701096205901, -7.468701096205901, -7.468701096205901, -7.468701096205901, -7.468701096205901, -7.468701096205901, -7.468701096205901, -7.468701096205901, -7.468701096205901, -7.468701096205901, -7.468701096205901, -7.468701096205901, -7.468701096205901, -7.468701096205901, -7.468701096205901, -7.468701096205901, -7.468701096205901],
        "1": [-1.5882030801878582, -3.0583275841923694, -4.52845208819688, -5.99857659220139, -7.35109113588554, -7.40989611604572, -7.468701096205901, -7.527506076366082, -7.586311056526262, -8.938825600210413, -10.408950104214924, -11.879074608219433, -13.349199112223944, -14.819323616228456, -16.289448120232965, -17.759572624237478, -19.229697128241988, -20.699821632246497, -22.16994613625101, -23.64007064025552, -25.11019514426003],
        "2": [-2.8323648560186125, -3.7581685830971683, -4.839492532154568, -6.076336703190813, -7.351588800595873, -7.410020532223304, -7.468701096205901, -7.527630492543665, -7.586808721236594, -9.016585711199834, -10.71999054817261, -12.578915607124234, -14.593360888054699, -16.76332639096401, -19.088812115852164, -21.56981806271916, -24.206344231565005, -26.998390622389692, -29.945957235193223, -33.0490440699756, -36.307651126736815],
        "3": [-2.9096612452338144, -3.7907779972973312, -4.849154580806468, -6.0775444592723, -7.351589418966986, -7.410020609519693, -7.468701096205901, -7.527630415247276, -7.586808102865481, -9.015377955118346, -10.710328499520712, -12.546306192924071, -14.516064498839498, -16.612356880778066, -18.827936802250857, -21.15555772676894, -23.587973117843394, -26.117936438985286, -28.7382011537057, -31.441520725515705, -34.22064861792637],
        "4": [-2.742480964503664, -3.7378811115975576, -4.838705813260834, -6.076891411300698, -7.351589392218141, -7.4100206078478905, -7.468701096205901, -7.527630413575473, -7.586808076116636, -9.014724907146745, -10.699879731975077, -12.493409307224296, -14.348884218109347, -16.204201898526726, -17.981586631054473, -19.58758954695218, -20.913088626160988, -21.83328869730358, -22.207721437684203, -21.88024537328863, -20.6790458787842]
    },
    "apdft_poly_coeff": [ -7.468701096205901, -5.880498016018043, -1.2441617758307544, 0.07729638921520157, 0.16718028073015034 ],
    "hf_energies": [-2.7414008977596525, -3.711369192749449, -4.803539032657399, -6.038911822509936, -7.311239877266376, -7.3695673045618095, -7.4281446013487535, -7.48697143599517, -7.546047441564952, -8.97223361200177, -10.66045090595497, -12.475784890220426, -14.400328322899982, -16.41911750857298, -18.522080553816796, -20.70286181158493, -22.95593768940188, -25.273989476240196, -27.647023517317734, -30.06348801033157, -32.51228221093375],
    "triples_corrections": [-4.914641191443766e-05, -7.937123352688177e-05, -0.00012299746724195567, -0.00018205534236123626, -0.00018592867225372247, -0.0001853794771403444, -0.0001848006357515498, -0.00018419352197930435, -0.00018355921086336341, -0.00016223301171103193, -0.00012923640106518407, -9.602016892896887e-05, -6.859068059013928e-05, -4.778847054723383e-05, -3.2026558739639294e-05, -2.0089782618361207e-05, -1.1690907599700278e-05, -6.5079929585289385e-06, -3.677455672730598e-06, -2.217946487354415e-06, -1.4468969635603406e-06],
    "scf_converged": [true, true, true, true, true, true, true, true, true, true, true, true, true, true, true, true, true, true, true, true, true],
    "cc_converged": [true, true, true, true, true, true, true, true, true, true, true, true, true, true, true, true, true, true, true, true, true],
    "t1_diagnostic": [0.01677234101586206, 0.004457047075996706, 0.02021892157365452, 0.03497621318224891, 0.03758479774055452, 0.03762789744245615, 0.037651031417127806, 0.03765237569165181, 0.037630314003865004, 0.030770651735150374, 0.02174892644892603, 0.0165822750120716, 0.012256767776130644, 0.008797020704663445, 0.006111494842137167, 0.003698348039856294, 0.0016010798702300697, 0.0012823928105265723, 0.0018667569208979276, 0.0019506486670305251, 0.0017388901886617174]
}