{
    "schema_name": "pyscf_apdft_output",
    "provenance": {
        "creator": "PySCF",
        "version": "1.7.6"
    },
    "molecule": {
        "geometry": [[0.0, 0.0, 0.0]],
        "symbols": [ "Mg" ]
    },
    "molecular_charge": 0,
    "molecular_multiplicity": 3,
    "name": "mg.chrg0.mult3-pyscf-uccsdt.augccpvqz",
    "atomic_numbers": [ 12 ],
    "n_electrons": 12,
    "model": {
        "method": "UCCSD(T)",
        "basis": "aug-cc-pVQZ",
        "scf_conv_tol": 1e-09,
        "scf_conv_tol_grad": 1e-06,
        "cc_conv_tol": 1e-07,
        "cc_conv_tol_normt": 1e-05
    },
    "broken_symmetry": false,
    "finite_diff_delta": 0.01,
    "finite_diff_acc": 2,
    "apdft_lambdas": [-2.0, -1.75, -1.5, -1.25, -1.0, -0.75, -0.5, -0.25, -0.02, -0.01, 0.0, 0.01, 0.02, 0.25, 0.5, 0.75, 1.0, 1.25, 1.5, 1.75, 2.0],
    "electronic_energies": [-124.54297437831256, -133.2774623877621, -142.24119917319297, -151.3943320839637, -160.72947275458708, -170.23244298518762, -179.88846495684703, -189.67806781483964, -198.78634380089346, -199.18434996885787, -199.58251341435806, -199.98083309871546, -200.3793079880372, -209.5847630425495, -219.6696203021734, -229.8239125793954, -240.03647635984066, -250.29802282839307, -260.60093503025547, -270.93902911355224, -281.30730983363384],
    "apdft_energies": {
        "0": [-199.582513414358, -199.582513414358, -199.582513414358, -199.582513414358, -199.582513414358, -199.582513414358, -199.582513414358, -199.582513414358, -199.582513414358, -199.582513414358, -199.582513414358, -199.582513414358, -199.582513414358, -199.582513414358, -199.582513414358, -199.582513414358, -199.582513414358, -199.582513414358, -199.582513414358, -199.582513414358, -199.582513414358],
        "1": [-119.93420042859884, -129.89023955181875, -139.84627867503863, -149.8023177982585, -159.75835692147842, -169.71439604469833, -179.6704351679182, -189.6264742911381, -198.7860302845004, -199.1842718494292, -199.582513414358, -199.98075497928681, -200.3789965442156, -209.5385525375779, -219.4945916607978, -229.45063078401768, -239.40666990723759, -249.3627090304575, -259.31874815367735, -269.27478727689726, -279.23082640011717],
        "2": [-123.05897757518028, -132.28264705467015, -141.6039658199907, -151.0229338711419, -160.53955120812378, -170.15381783093633, -179.86573373957955, -189.67529893405344, -198.78634276221507, -199.18434996885787, -199.582513414358, -199.98083309871546, -200.37930902193025, -209.58737718049323, -219.68989023245913, -229.8900525702557, -240.18786419388294, -250.58332510334085, -261.07643529862946, -271.6671947797487, -282.3556035466986],
        "3": [-124.44069187371201, -133.20828768825683, -142.18687653968377, -151.36026646355688, -160.71226549544025, -170.22668167089796, -179.8873230254941, -189.67799759479277, -198.78634414392937, -199.18435014157217, -199.582513414358, -199.98083292600117, -200.37930764021596, -209.5846785197539, -219.66830094654458, -229.81718873029408, -240.01514990656648, -250.24599251092587, -260.49352457893633, -270.741554146162, -280.97388924816687],
        "4": [-124.75971608816515, -133.3952938256841, -142.28781779503808, -151.40894569549857, -160.73220450884358, -170.2329904993576, -179.88856921383183, -189.67807548156387, -198.78634414711962, -199.18435014177155, -199.582513414358, -199.98083292620058, -200.3793076434062, -209.58475640652503, -219.6695471348823, -229.82349755875373, -240.0350889199698, -250.2946717428676, -260.59446583429065, -270.92856028358926, -281.29291346262]
    },
    "apdft_poly_coeff": [ -199.582513414358, -39.82415649287958, -0.7811942866453592, 0.17271428731646662, -0.019939013403321344 ],
    "hf_energies": [-124.34139970795445, -133.1049524627987, -142.09326941352361, -151.27230249786726, -160.6318207078944, -170.15647633231697, -179.83048399513262, -189.63385842928548, -198.75157016890498, -199.149925945194, -199.5484343819499, -199.94709449283843, -200.34590529618515, -209.55795779921357, -219.64799028823418, -229.80597400705074, -240.02119994517707, -250.28469954007156, -260.58907624726, -270.9282961670212, -281.2974661973407],
    "triples_corrections": [-0.005968426592933981, -0.005752798548970368, -0.005619132246996635, -0.004854378102699228, -0.0037847866986807856, -0.002685393147916114, -0.0017502889124217653, -0.0010810887027298502, -0.0006766004454648598, -0.0006628067886032269, -0.0006492911207308911, -0.000636048896251731, -0.0006230755902497739, -0.00038898385134873795, -0.00023748035959764548, -0.00015001879125680622, -9.891877243672926e-05, -6.828243891321817e-05, -4.9273191007636344e-05, -3.701336299106707e-05, -2.878280372948398e-05],
    "scf_converged": [true, true, true, true, true, true, true, true, true, true, true, true, true, true, true, true, true, true, true, true, true],
    "cc_converged": [true, true, true, true, true, true, true, true, true, true, true, true, true, true, true, true, true, true, true, true, true],
    "scf_spin_squared": [2.0000022587511452, 2.0000000258822315, 2.0000201263123385, 2.000049133567652, 2.000061471559852, 2.0000522129163123, 2.000048548817471, 2.0000453718863076, 2.000041688948415, 2.0000415200104076, 2.000041350747172, 2.000041181205429, 2.0000410114312386, 2.0000371375600556, 2.00003329867637, 2.0000300990335322, 2.000027574505072, 2.0000256471733753, 2.0000242054334567, 2.000023144901947, 2.0000223806423696],
    "cc_spin_squared": [2.000000489823133, 2.0000000124788513, 2.0000031065168646, 2.0000053230764814, 2.0000055388154814, 2.000004689197542, 2.0000035600478947, 2.0000027216135736, 2.000002101943656, 2.000002077933538, 2.000002054161587, 2.000002030627138, 2.0000020073293956, 2.0000015347923252, 2.000001147259883, 2.0000008678398142, 2.000000670282435, 2.0000005311711155, 2.000000432335994, 2.000000360820993, 2.00000030781138]
}