{
    "schema_name": "pyscf_qa_output",
    "provenance": {
        "creator": "PySCF",
        "version": "1.7.6"
    },
    "molecule": {
        "geometry": [[0.0, 0.0, 0.0]],
        "symbols": [ "H" ]
    },
    "molecular_charge": 0,
    "molecular_multiplicity": 2,
    "name": "h.chrg0.mult2-pyscf-uhf.augccpv5z",
    "atomic_numbers": [ 1 ],
    "n_electrons": 1,
    "model": {
        "method": "UHF",
        "basis": "aug-cc-pV5Z",
        "scf_conv_tol": 1e-09,
        "scf_conv_tol_grad": 1e-06,
        "cc_conv_tol": 1e-07,
        "cc_conv_tol_normt": 1e-05
    },
    "broken_symmetry": false,
    "finite_diff_delta": 0.01,
    "finite_diff_acc": 2,
    "qa_lambdas": [-0.02, -0.01, 0.0, 0.01, 0.02, 0.25, 0.5, 0.75, 1.0, 1.25, 1.5, 1.75, 2.0],
    "electronic_energies": [-0.48019526497180065, -0.4900450289544976, -0.499994784583708, -0.5100445320562376, -0.520194271178583, -0.7812330424092505, -1.1249380630816812, -1.5310284958700877, -1.9993079767802555, -2.5293706879689313, -3.1204327525005073, -3.771140540438254, -4.479408547536602],
    "qats_energies": {
        "0": [-0.499994784583708, -0.499994784583708, -0.499994784583708, -0.499994784583708, -0.499994784583708, -0.499994784583708, -0.499994784583708, -0.499994784583708, -0.499994784583708, -0.499994784583708, -0.499994784583708, -0.499994784583708, -0.499994784583708],
        "1": [-0.479995281481968, -0.489995033032838, -0.499994784583708, -0.509994536134578, -0.519994287685448, -0.7499885733554578, -0.9999823621272075, -1.2499761508989573, -1.499969939670707, -1.7499637284424567, -1.9999575172142066, -2.249951305985956, -2.499945094757706],
        "2": [-0.48019526516860644, -0.49004502895449764, -0.499994784583708, -0.5100445320562376, -0.5201942713720864, -0.7812360243927121, -1.1249721662762246, -1.5312032102342459, -1.9999291562667756, -2.531150004373814, -3.1248657545553606, -3.7810764068114167, -4.499781961141981],
        "3": [-0.48019526516640487, -0.4900450289542224, -0.499994784583708, -0.5100445320565128, -0.520194271374288, -0.7812360286926578, -1.1249722006757912, -1.5312033263327829, -1.9999294314633078, -2.531150541867041, -3.1248666833436567, -3.7810778816928314, -4.4997841627142385],
        "4": [-0.48019526490619874, -0.49004502893795954, -0.499994784583708, -0.5100445320402499, -0.5201942711140818, -0.7812296760033776, -1.1248705576473066, -1.5306887585010793, -1.9983031430075533, -2.527180111066859, -3.1166335980363993, -3.7658250747308517, -4.473763547422165]
    },
    "qats_poly_coeffs": [ -0.499994784583708, -0.999975155086999, -0.4999592165960687, -2.751965322289606e-07, 0.001626288455754595 ],
    "scf_converged": [true, true, true, true, true, true, true, true, true, true, true, true, true],
    "scf_spin_squared": [0.75, 0.75, 0.75, 0.75, 0.75, 0.75, 0.75, 0.75, 0.75, 0.75, 0.75, 0.75, 0.75]
}