{
    "schema_name": "pyscf_apdft_output",
    "provenance": {
        "creator": "PySCF",
        "version": "1.7.6"
    },
    "molecule": {
        "geometry": [[0.0, 0.0, 0.0]],
        "symbols": [ "Na" ]
    },
    "molecular_charge": -2,
    "molecular_multiplicity": 4,
    "name": "na.chrg-2.mult4-pyscf-uccsdt.augccpvqz",
    "atomic_numbers": [ 11 ],
    "n_electrons": 13,
    "model": {
        "method": "UCCSD(T)",
        "basis": "aug-cc-pVQZ",
        "scf_conv_tol": 1e-09,
        "scf_conv_tol_grad": 1e-06,
        "cc_conv_tol": 1e-07,
        "cc_conv_tol_normt": 1e-05
    },
    "broken_symmetry": false,
    "finite_diff_delta": 0.01,
    "finite_diff_acc": 2,
    "apdft_lambdas": [-0.02, -0.01, 0.0, 0.01, 0.02, 0.25, 0.5, 0.75, 1.0, 1.25, 1.5, 1.75, 2.0, 2.25, 2.5, 2.75, 3.0, 3.25, 3.5, 3.75, 4.0],
    "electronic_energies": [-161.0963654095279, -161.45170970527306, -161.80718072982935, -162.16277754477358, -162.5184992466506, -170.72855633564538, -179.72918300834797, -188.7916640564893, -197.91133246216285, -207.07970132353682, -216.2867892903316, -225.52529710784532, -234.78984457289, -244.07651980799628, -253.3824376644312, -262.7053525343415, -272.0433840802576, -281.3948570502833, -290.7582289676298, -300.13207208514785, -309.5150797352281],
    "apdft_energies": {
        "0": [-161.80718072982935, -161.80718072982935, -161.80718072982935, -161.80718072982935, -161.80718072982935, -161.80718072982935, -161.80718072982935, -161.80718072982935, -161.80718072982935, -161.80718072982935, -161.80718072982935, -161.80718072982935, -161.80718072982935, -161.80718072982935, -161.80718072982935, -161.80718072982935, -161.80718072982935, -161.80718072982935, -161.80718072982935, -161.80718072982935, -161.80718072982935],
        "1": [-161.09611289032884, -161.4516468100791, -161.80718072982935, -162.1627146495796, -162.51824856932987, -170.6955287235858, -179.58387671734224, -188.47222471109868, -197.36057270485512, -206.24892069861156, -215.137268692368, -224.02561668612444, -232.91396467988088, -241.80231267363732, -250.69066066739376, -259.57900866115017, -268.46735665490667, -277.35570464866305, -286.24405264241955, -295.13240063617593, -304.0207486299324],
        "2": [-161.0963644711047, -161.45170970527306, -161.80718072982935, -162.16277754477358, -162.51850015010572, -170.7348382198128, -179.7411147022502, -188.8260101771416, -197.98952464448698, -207.23165810428634, -216.55241055653968, -225.951782001247, -235.42977243840832, -244.9863818680236, -254.6216102900929, -264.33545770461615, -274.1279241115934, -283.9990095110246, -293.94871390290984, -303.977037287249, -314.0839796640422],
        "3": [-161.09636569902358, -161.4517098587629, -161.80718072982935, -162.16277739128373, -162.51849892218684, -170.73243994075597, -179.72192846979556, -188.7612566426072, -197.83603478484991, -206.93187322218267, -216.03438228026457, -225.1291722847546, -234.20185356131174, -243.2380364355951, -252.22333123326365, -261.1433482799764, -269.9836979013925, -278.72999042317076, -287.36783617097035, -295.8828454704503, -304.2606286472696],
        "4": [-161.09636572233558, -161.45170986021992, -161.80718072982935, -162.1627773927407, -162.51849894549883, -170.73300908132396, -179.73103471888368, -188.80735702861583, -197.98173477025983, -207.28758607718737, -216.77198845640228, -226.4956787885406, -236.53305332787045, -246.97216770229227, -257.91473691333863, -269.4761353361742, -281.78539671959595, -294.9852141860329, -309.23194023154645, -324.6955867258299, -341.55982491220897]
    },
    "apdft_poly_coeff": [ -161.80718072982935, -35.55339197502576, -0.628951939631861, 0.15348985963707187, -0.14569998540991946 ],
    "hf_energies": [-161.08047612681003, -161.435991164884, -161.7916257326577, -162.14737888629105, -162.5032497040602, -170.71044362727997, -179.70795304685646, -188.77120463531105, -197.89306152287236, -207.0625562778234, -216.2702885999856, -225.50922487242457, -234.77411379675576, -244.0611047363468, -253.3673371171216, -262.69057070930523, -272.0289201191267, -281.380700074115, -290.74435742944814, -300.1184561854836, -309.50168525708597],
    "triples_corrections": [-0.0003130196527577248, -0.00030497589335898805, -0.0002973700917681277, -0.0002901905881897826, -0.00028342666973454585, -0.0005908471281569324, -0.0007458760757624632, -0.0006007265299632308, -0.00035807336593354777, -0.0002584234452339896, -0.00020797916165407037, -0.0001777134413876156, -0.0001568847028375819, -0.00014070114835722754, -0.0001270240657779778, -0.00011491332185050834, -0.00010398145393088281, -9.409476775787144e-05, -8.521980809041411e-05, -7.734060979241075e-05, -7.042049031460231e-05],
    "scf_converged": [true, true, true, true, true, true, true, true, true, true, true, true, true, true, true, true, true, true, true, true, true],
    "cc_converged": [true, true, true, true, true, true, true, true, true, true, true, true, true, true, true, true, true, true, true, true, true],
    "scf_spin_squared": [3.7500570350223583, 3.750056830637477, 3.750056627355387, 3.7500564250406905, 3.7500562235322255, 3.7500409604012637, 3.750033292426429, 3.750029103171017, 3.7500295818992733, 3.7500320455505145, 3.7500343335579958, 3.750035785980888, 3.7500363463515285, 3.7500361244827785, 3.7500352369453624, 3.750033790603484, 3.7500319026924593, 3.75002970860061, 3.7500273505386765, 3.750024958616936, 3.7500226360180138],
    "cc_spin_squared": [3.750002069770947, 3.750002037434083, 3.7500020064270827, 3.7500019767168173, 3.7500019482707407, 3.7500015830706857, 3.7500014433737014, 3.7500013334495743, 3.750001018099276, 3.7500008560354607, 3.750000763780752, 3.750000694017419, 3.750000633104943, 3.750000578031103, 3.7500005284191875, 3.7500004841764984, 3.750000445047984, 3.7500004106271994, 3.7500003804139754, 3.7500003538627875, 3.7500003304249625]
}