{
    "schema_name": "pyscf_qa_output",
    "provenance": {
        "creator": "PySCF",
        "version": "1.7.6"
    },
    "molecule": {
        "geometry": [[0.0, 0.0, 0.0]],
        "symbols": [ "Si" ]
    },
    "molecular_charge": 2,
    "molecular_multiplicity": 1,
    "name": "si.chrg2.mult1-pyscf-ccsdt.augccpvqz",
    "atomic_numbers": [ 14 ],
    "n_electrons": 12,
    "model": {
        "method": "CCSD(T)",
        "basis": "aug-cc-pVQZ",
        "scf_conv_tol": 1e-09,
        "scf_conv_tol_grad": 1e-06,
        "cc_conv_tol": 1e-07,
        "cc_conv_tol_normt": 1e-05
    },
    "broken_symmetry": false,
    "finite_diff_delta": 0.01,
    "finite_diff_acc": 2,
    "qa_lambdas": [-4.0, -3.75, -3.5, -3.25, -3.0, -2.75, -2.5, -2.25, -2.0, -1.75, -1.5, -1.25, -1.0, -0.75, -0.5, -0.25, -0.02, -0.01, 0.0, 0.01, 0.02],
    "electronic_energies": [-116.79600029949772, -125.52644496954113, -134.59476257596137, -143.98527724372198, -153.76339777620467, -163.7776677617647, -174.06786134033956, -184.61524067199264, -195.4004458876567, -206.40422716301163, -217.6080328239946, -228.99411509991634, -240.54541768366366, -252.2455103089549, -264.07865143067755, -276.02994150701113, -287.1175331151, -287.6014475817007, -288.08550919832095, -288.5697171915738, -289.0540707914499],
    "qats_energies": {
        "0": [-288.085509198311, -288.085509198311, -288.085509198311, -288.085509198311, -288.085509198311, -288.085509198311, -288.085509198311, -288.085509198311, -288.085509198311, -288.085509198311, -288.085509198311, -288.085509198311, -288.085509198311, -288.085509198311, -288.085509198311, -288.085509198311, -288.085509198311, -288.085509198311, -288.085509198311, -288.085509198311, -288.085509198311],
        "1": [-94.43158722369867, -106.53495734711194, -118.63832747052521, -130.74169759393848, -142.84506771735175, -154.94843784076502, -167.0518079641783, -179.15517808759157, -191.25854821100484, -203.3619183344181, -215.46528845783138, -227.56865858124465, -239.67202870465792, -251.7753988280712, -263.87876895148446, -275.98213907489776, -287.11723958843794, -287.6013743933745, -288.085509198311, -288.5696440032475, -289.05377880818406],
        "2": [-106.14171942215785, -116.82706572466395, -127.60389743497052, -138.47221455307755, -149.43201707898504, -160.483305012693, -171.6260783542014, -182.8603371035103, -194.18608126061963, -205.60331082552943, -217.1120257982397, -228.71222617875043, -240.40391196706162, -252.18708316317327, -264.0617397670854, -276.02788177879796, -287.1175323417429, -287.6014475817007, -288.085509198311, -288.5697171915738, -289.054071561489],
        "3": [-114.37316609784247, -123.60956878385232, -133.1183236259077, -142.88737284079218, -152.9046586452895, -163.15812325618327, -173.63570889025723, -184.32535776429498, -195.21501209508023, -206.2926140993966, -217.54610599402776, -228.9634299957574, -240.5325283213692, -252.24134318764678, -264.07781681137385, -276.029891409334, -287.11753337067375, -287.6014477103171, -288.085509198311, -288.5697170629574, -289.05407053255817],
        "4": [-117.91231314734151, -126.343475634757, -135.19290664979616, -144.42975533103788, -154.02446689142005, -163.94878261823948, -174.17573987315197, -184.6796720921722, -195.4362087856739, -206.4222755383896, -217.61609400941092, -228.9971819321883, -240.54635311453129, -252.2457174386082, -264.07868086094646, -276.0299454124323, -287.1175333728857, -287.6014477104553, -288.085509198311, -288.56971706309565, -289.0540705347702]
    },
    "qats_poly_coeffs": [ -288.085509198311, -48.41348049365308, -0.7318832624036986, 0.12861635430757207, -0.013824793162105683 ],
    "hf_energies": [-116.50705747048072, -125.24190773823003, -134.31519138756295, -143.7110009814674, -153.49897827123215, -163.52596031479126, -173.83035532432604, -184.39385049598843, -195.19691792938931, -206.21957060107928, -217.44222887657503, -228.846158247231, -240.41354755401562, -252.127515272104, -263.97216873391244, -275.9327074036334, -287.027036790483, -287.5112099789725, -287.9955276610302, -288.47998908717557, -288.9645935112725],
    "triples_corrections": [-0.0050427124486150865, -0.004691318370113597, -0.004664435790239294, -0.005191749005271543, -0.00429107274180036, -0.004419526773305707, -0.004565051120002201, -0.004609337271282616, -0.0044840351399357496, -0.0041818562466746, -0.0037413571416808865, -0.0032235754175244, -0.002691961116100242, -0.0021969908920785636, -0.0017685329208896325, -0.0014165280216741633, -0.0011569365713731824, -0.0011469218341615657, -0.0011370065947858355, -0.0011271900349663412, -0.00111747133581176],
    "scf_converged": [true, true, true, true, true, true, true, true, true, true, true, true, true, true, true, true, true, true, true, true, true],
    "cc_converged": [true, true, true, true, true, true, true, true, true, true, true, true, true, true, true, true, true, true, true, true, true],
    "t1_diagnostic": [0.010812900658191897, 0.013282459426032164, 0.017047039982758853, 0.022460913767970856, 0.013187892370638927, 0.015514080449354168, 0.015910209497524773, 0.014715864362575394, 0.012704642874280062, 0.010692806816527829, 0.009038474256151062, 0.007724666198765157, 0.006653032943184848, 0.005758829276655457, 0.005010881358606429, 0.004388884605663729, 0.003910182358369255, 0.003891119592369912, 0.0038721902290405627, 0.003853392760512645, 0.003834725696885451]
}