{
    "schema_name": "pyscf_qa_output",
    "provenance": {
        "creator": "PySCF",
        "version": "1.7.6"
    },
    "molecule": {
        "geometry": [[0.0, 0.0, 0.0]],
        "symbols": [ "S" ]
    },
    "molecular_charge": 1,
    "molecular_multiplicity": 2,
    "name": "s.chrg1.mult2-pyscf-uccsdt.augccpv5z",
    "atomic_numbers": [ 16 ],
    "n_electrons": 15,
    "model": {
        "method": "UCCSD(T)",
        "basis": "aug-cc-pV5Z",
        "scf_conv_tol": 1e-09,
        "scf_conv_tol_grad": 1e-06,
        "cc_conv_tol": 1e-07,
        "cc_conv_tol_normt": 1e-05
    },
    "broken_symmetry": false,
    "finite_diff_delta": 0.01,
    "finite_diff_acc": 2,
    "qa_lambdas": [-3.0, -2.75, -2.5, -2.25, -2.0, -1.75, -1.5, -1.25, -1.0, -0.75, -0.5, -0.25, -0.02, -0.01, 0.0, 0.01, 0.02, 0.25, 0.5, 0.75, 1.0],
    "electronic_energies": [-236.33410191370854, -248.43554087056052, -260.80780969503024, -273.42299424729333, -286.3065132564279, -299.4333599060549, -312.79395488023937, -326.378799980315, -340.1790919529096, -354.1868438322697, -368.3948027454261, -382.7963724152984, -396.21166046998536, -396.7984694399276, -397.3855702283117, -397.9729625066548, -398.56064594822016, -412.1569944985848, -427.10578513300067, -442.227574586996, -457.51843315632215],
    "qats_energies": {
        "0": [-397.38557022827433, -397.38557022827433, -397.38557022827433, -397.38557022827433, -397.38557022827433, -397.38557022827433, -397.38557022827433, -397.38557022827433, -397.38557022827433, -397.38557022827433, -397.38557022827433, -397.38557022827433, -397.38557022827433, -397.38557022827433, -397.38557022827433, -397.38557022827433, -397.38557022827433, -397.38557022827433, -397.38557022827433, -397.38557022827433, -397.38557022827433],
        "1": [-221.2116102191909, -235.8927735532812, -250.57393688737147, -265.25510022146176, -279.93626355555205, -294.61742688964233, -309.2985902237326, -323.9797535578229, -338.6609168919132, -353.3420802260035, -368.02324356009376, -382.70440689418405, -396.2110771615471, -396.7983236949107, -397.38557022827433, -397.97281676163794, -398.56006329500156, -412.0667335623646, -426.7478968964549, -441.4290602305452, -456.1102235646355],
        "2": [-234.3286617383934, -246.9147404548333, -259.6830004423732, -272.63344170101317, -285.76606423075316, -299.0808680315932, -312.57785310353324, -326.25701944657334, -340.11836706071347, -354.16189594595363, -368.38760610229383, -382.79549752973406, -396.21166014161463, -396.7984694399276, -397.38557022827433, -397.9729625066548, -398.5606462750691, -412.15782419791464, -427.112259438655, -442.24887595049535, -457.56767373343575],
        "3": [-235.80290595309873, -248.05028388641475, -260.5361510295869, -273.25538847909195, -286.20287733140657, -299.3734986830075, -312.7621336303714, -326.36366326997506, -340.17296869829516, -354.18493101180843, -368.3944313069915, -382.79635068032127, -396.2116605784277, -396.79846949452923, -397.38557022827433, -397.9729624520532, -398.560645838256, -412.15697104732743, -427.1054342339573, -442.22584088464055, -457.51307209585406],
        "4": [-236.31659424500197, -248.41298210602102, -260.783878793815, -273.417922665202, -286.3043466236344, -299.43297811919865, -312.79423914861536, -326.37914625523933, -340.17931052905936, -354.1869376066986, -368.3948276714143, -382.7963754530977, -396.2116605794424, -396.79846949459267, -397.38557022827433, -397.9729624521166, -398.56064583927065, -412.1569958201038, -427.10583059838, -442.22784747953085, -457.5194139266183]
    },
    "qats_poly_coeffs": [ -397.38557022827433, -58.72465333636114, -1.4574501688002783, 0.0546016375816786, -0.006341830764237481 ],
    "hf_energies": [-235.9955014026616, -248.0983183911465, -260.47328376969216, -273.07540882238, -285.9616495086269, -299.09159192976233, -312.45542069360096, -326.0435567378306, -339.8471054663387, -353.85799099546495, -368.06889352424594, -382.4731709107722, -395.8907158196808, -396.47761757717376, -397.06481070179984, -397.65229486465745, -398.2400697382766, -411.8383957992154, -426.7890653832612, -441.9124655740115, -457.2046928309254],
    "triples_corrections": [-0.009047537962896606, -0.009266497135232171, -0.009421391771974012, -0.009839931320935935, -0.009837594907594805, -0.009878126440708011, -0.00997553171360435, -0.010110472979854608, -0.010268707057090156, -0.010443944095410922, -0.010632834219851431, -0.010833475316908595, -0.011027995984045528, -0.011036671006964403, -0.011045364379403688, -0.011054076131458701, -0.011062806287177903, -0.011268733631026522, -0.01150380157689786, -0.011750158330497614, -0.012006561991032224],
    "scf_converged": [true, true, true, true, true, true, true, true, true, true, true, true, true, true, true, true, true, true, true, true, true],
    "cc_converged": [true, true, true, true, true, true, true, true, true, true, true, true, true, true, true, true, true, true, true, true, true],
    "scf_spin_squared": [1.8063146257904403, 1.8072894543695073, 1.8086499018281588, 0.8021962700306213, 0.7719458828174579, 0.7677584220890186, 0.7662350599821348, 0.7652242249721137, 0.7643966967652931, 0.7636777255599361, 0.7630425048674425, 0.7624804735011832, 0.762023175442657, 0.7620045377539828, 0.7619860015576698, 0.7619675665804264, 0.7619492325479822, 0.76155476207623, 0.7611822267408845, 0.7608634357637527, 0.7605932783214193],
    "cc_spin_squared": [2.2171590236400873, 2.192938981938378, 2.2061446180510615, 0.7519916225042413, 0.7512101106689717, 0.750833690873701, 0.7506380244785729, 0.7505300226192237, 0.7504614542970405, 0.7504119651485524, 0.750373267510867, 0.7503417367316887, 0.7503174485908533, 0.7503164793798232, 0.7503155168571314, 0.7503145609630422, 0.7503136116387155, 0.7502934651750923, 0.7502747702879673, 0.7502588106759065, 0.7502450965098713]
}