{
    "schema_name": "pyscf_qa_output",
    "provenance": {
        "creator": "PySCF",
        "version": "1.7.6"
    },
    "molecule": {
        "geometry": [[0.0, 0.0, 0.0]],
        "symbols": [ "N" ]
    },
    "molecular_charge": -1,
    "molecular_multiplicity": 1,
    "name": "n.chrg-1.mult1-pyscf-ccsdt.augccpvqz",
    "atomic_numbers": [ 7 ],
    "n_electrons": 8,
    "model": {
        "method": "CCSD(T)",
        "basis": "aug-cc-pVQZ",
        "scf_conv_tol": 1e-09,
        "scf_conv_tol_grad": 1e-06,
        "cc_conv_tol": 1e-07,
        "cc_conv_tol_normt": 1e-05
    },
    "broken_symmetry": false,
    "finite_diff_delta": 0.01,
    "finite_diff_acc": 2,
    "qa_lambdas": [-1.0, -0.75, -0.5, -0.25, -0.02, -0.01, 0.0, 0.01, 0.02, 0.25, 0.5, 0.75, 1.0, 1.25, 1.5, 1.75, 2.0, 2.25, 2.5, 2.75, 3.0],
    "electronic_energies": [-37.59513627340669, -41.493778302292476, -45.605339997638076, -49.93517506350119, -54.11523083841906, -54.301279638456904, -54.48768774335966, -54.674455127118854, -54.86158175417861, -59.264436587589685, -64.26374092600116, -69.48277758383415, -74.91869355501277, -80.56842605059116, -86.42844226369003, -92.49468615529953, -98.76263280249029, -105.22735282273554, -111.8835733061737, -118.72573313854868, -125.74804467339673],
    "qats_energies": {
        "0": [-54.48768774602007, -54.48768774602007, -54.48768774602007, -54.48768774602007, -54.48768774602007, -54.48768774602007, -54.48768774602007, -54.48768774602007, -54.48768774602007, -54.48768774602007, -54.48768774602007, -54.48768774602007, -54.48768774602007, -54.48768774602007, -54.48768774602007, -54.48768774602007, -54.48768774602007, -54.48768774602007, -54.48768774602007, -54.48768774602007, -54.48768774602007],
        "1": [-35.82891331292258, -40.49360692119696, -45.158300529471326, -49.822994137745695, -54.11451225735812, -54.30110000168909, -54.48768774602007, -54.67427549035105, -54.86086323468202, -59.15238135429445, -63.81707496256882, -68.48176857084319, -73.14646217911756, -77.81115578739194, -82.4758493956663, -87.14054300394068, -91.80523661221505, -96.46993022048943, -101.13462382876381, -105.79931743703817, -110.46401104531255],
        "2": [-37.62528099099781, -41.50406374011427, -45.60739244899013, -49.9352671176254, -54.11523080442935, -54.301279638456904, -54.48768774602007, -54.674455127118854, -54.86158178175325, -59.264654334174146, -64.26616688208762, -69.4922253897605, -74.94282985719279, -80.61798028438449, -86.51767667133558, -92.64191901804607, -98.99070732451597, -105.56404159074526, -112.36192181673397, -119.38434800248208, -126.6313201479896],
        "3": [-37.63041135350301, -41.50622811179615, -45.608033744303285, -49.93534727953954, -54.115230845472254, -54.301279643587264, -54.48768774602007, -54.674455121988494, -54.86158174071035, -59.264574172260005, -64.26552558677447, -69.49006101807862, -74.93769949468759, -80.60796004511653, -86.50036169788055, -92.61442348149478, -98.9496644244744, -105.50560355533455, -112.28175990259032, -119.2776524947569, -126.49280036034936],
        "4": [-37.657140727772514, -41.51468545287361, -45.60970433019513, -49.93545169115779, -54.115230849748954, -54.30127964385456, -54.48768774602007, -54.674455122255786, -54.86158174498705, -59.26467858387824, -64.26719617266632, -69.4985183591561, -74.9644288689571, -80.67321730651669, -86.63567915511993, -92.86511577688967, -99.37733441278652, -106.19064818260891, -113.32587608499296, -120.80634299741259, -128.65787967617945]
    },
    "qats_poly_coeffs": [ -54.48768774602007, -18.65877443309749, -1.796367678075228, 0.005130362505193867, -0.02672937426950739 ],
    "hf_energies": [-37.35394678567562, -41.24622974231265, -45.35562498423241, -49.68636528059464, -53.86812920133714, -54.054245110527425, -54.24071902880955, -54.427550882194765, -54.61474059211079, -59.01863530624395, -64.01837942517881, -69.23760289644893, -74.67373629117353, -80.3238285023389, -86.18438838091981, -92.25137150415166, -98.52024302304844, -104.98605292490717, -111.6435039604129, -118.4870154901688, -125.51078907153702],
    "triples_corrections": [-0.015081589272141625, -0.015571154757523095, -0.015255396590146053, -0.014041092256792422, -0.012744455755835363, -0.012695929123458665, -0.012648375761775724, -0.012601815212050114, -0.012556264968025501, -0.011790064168183793, -0.01144164073871304, -0.011363242477543764, -0.01142384703804726, -0.011564947385040259, -0.011752072604324867, -0.011959248229289265, -0.012167469412203822, -0.012362472019990755, -0.012534204575812117, -0.01267524288910127, -0.01277985696470824],
    "scf_converged": [true, true, true, true, true, true, true, true, true, true, true, true, true, true, true, true, true, true, true, true, true],
    "cc_converged": [true, true, true, true, true, true, true, true, true, true, true, true, true, true, true, true, true, true, true, true, true],
    "t1_diagnostic": [0.0156981571924414, 0.016845109100727344, 0.019644602261074944, 0.019030395085930435, 0.015303395285288823, 0.01510752586990998, 0.014910840936904198, 0.014713574171355642, 0.014515955825342519, 0.010292285705560534, 0.007221686028245763, 0.005543147641386802, 0.004588883975940527, 0.003975529089656144, 0.0035453565066495677, 0.0032295094318090705, 0.0029894018836525253, 0.0027998452480004223, 0.0026443940505593254, 0.002512753560986701, 0.002398753542688961]
}