{
    "schema_name": "pyscf_apdft_output",
    "provenance": {
        "creator": "PySCF",
        "version": "1.7.6"
    },
    "molecule": {
        "geometry": [[0.0, 0.0, 0.0]],
        "symbols": [ "C" ]
    },
    "molecular_charge": -1,
    "molecular_multiplicity": 4,
    "name": "c.chrg-1.mult4-pyscf-uccsdt.augccpvqz",
    "atomic_numbers": [ 6 ],
    "n_electrons": 7,
    "model": {
        "method": "UCCSD(T)",
        "basis": "aug-cc-pVQZ",
        "scf_conv_tol": 1e-09,
        "scf_conv_tol_grad": 1e-06,
        "cc_conv_tol": 1e-07,
        "cc_conv_tol_normt": 1e-05
    },
    "broken_symmetry": false,
    "finite_diff_delta": 0.01,
    "finite_diff_acc": 2,
    "apdft_lambdas": [-1.0, -0.75, -0.5, -0.25, -0.02, -0.01, 0.0, 0.01, 0.02, 0.25, 0.5, 0.75, 1.0, 1.25, 1.5, 1.75, 2.0, 2.25, 2.5, 2.75, 3.0],
    "electronic_energies": [-24.468989045832355, -27.514673699921737, -30.757993830019295, -34.204473321934394, -37.55830072980811, -37.70811816173065, -37.858268316836906, -38.0087510638608, -38.15956626357175, -41.7196742507606, -45.78603128256633, -50.054190156882065, -54.52075186304456, -59.1817049597999, -64.03233044629566, -69.0672674837427, -74.2806155737035, -79.66604384319466, -85.21690913104506, -90.92637924798748, -96.78754944507874],
    "apdft_energies": {
        "0": [-37.858268316836906, -37.858268316836906, -37.858268316836906, -37.858268316836906, -37.858268316836906, -37.858268316836906, -37.858268316836906, -37.858268316836906, -37.858268316836906, -37.858268316836906, -37.858268316836906, -37.858268316836906, -37.858268316836906, -37.858268316836906, -37.858268316836906, -37.858268316836906, -37.858268316836906, -37.858268316836906, -37.858268316836906, -37.858268316836906, -37.858268316836906],
        "1": [-22.826623210329565, -26.5845344869564, -30.342445763583235, -34.10035704021007, -37.55763541470676, -37.70795186577183, -37.858268316836906, -38.00858476790198, -38.15890121896705, -41.61617959346374, -45.374090870090576, -49.13200214671741, -52.88991342334425, -56.64782469997108, -60.40573597659792, -64.16364725322475, -67.92155852985158, -71.67946980647842, -75.43738108310527, -79.1952923597321, -82.95320363635892],
        "2": [-24.48958279853185, -27.519949255320185, -30.758185660633806, -34.20429201447271, -37.55830059854204, -37.70811816173065, -37.858268316836906, -38.0087510638608, -38.159566402802334, -41.720114567726384, -45.78983076714115, -50.067416915081196, -54.55287301154653, -59.24619905653715, -64.14739505005306, -69.25646099209425, -74.57339688266072, -80.09820272175249, -85.83087850936954, -91.77142424551187, -97.91983993017948],
        "3": [-24.51212418654727, -27.52945890338919, -30.761003334135733, -34.20464422366045, -37.558300778873146, -37.70811818427204, -37.858268316836906, -38.008751041319414, -38.15956622247123, -41.719762358538645, -45.78701309363922, -50.05790726701219, -54.53033162353111, -59.20217290806953, -64.07131786550102, -69.1356532406991, -74.39306577853735, -79.84144222388932, -85.47866932162856, -91.30263381662866, -97.3112224537631],
        "4": [-24.478938613739018, -27.518958780742828, -30.758929235835218, -34.204514592516674, -37.55830077356345, -37.708118183940186, -37.858268316836906, -38.008751040987555, -38.15956621716154, -41.71963272739486, -45.784938995338706, -50.04740714436583, -54.497146050722854, -59.12115344320563, -63.90331590315922, -68.82440886447793, -73.86209661360527, -78.99093228953402, -84.1823578838061, -89.40470424051279, -94.62319105629444]
    },
    "apdft_poly_coeff": [ -37.858268316836906, -15.03164510650734, -1.662959588202284, 0.022541388015421635, 0.033185572808254925 ],
    "hf_energies": [-24.328389244748347, -27.36595549885178, -30.605933062207022, -34.053452952997915, -37.409767066811916, -37.559692687958986, -37.70995033839753, -37.860539852928085, -38.011461064692796, -41.57380113679575, -45.64235554772134, -49.912779806130246, -54.38179263647446, -59.0454059557908, -63.89889367126773, -68.93686950825622, -74.15339524527656, -79.542100066288, -85.09630806210235, -90.80916658101005, -96.67376320724232],
    "triples_corrections": [-0.007406763653925388, -0.007861435212425095, -0.007701038376200507, -0.006694511360812067, -0.005527281441248159, -0.005481509147549737, -0.005436354490893195, -0.005391823918030982, -0.005347921730294861, -0.00450080952285641, -0.003836435168314408, -0.0033229098845632826, -0.002906966426200841, -0.002561017624083499, -0.002265523149026542, -0.002006810932847643, -0.0017765211297969504, -0.0015700823398041748, -0.0013849795210634796, -0.0012194963478083954, -0.0010720850681066483],
    "scf_converged": [true, true, true, true, true, true, true, true, true, true, true, true, true, true, true, true, true, true, true, true, true],
    "cc_converged": [true, true, true, true, true, true, true, true, true, true, true, true, true, true, true, true, true, true, true, true, true],
    "scf_spin_squared": [3.7549253579444555, 3.7506252015171917, 3.750462031569994, 3.753568536242745, 3.756698711973031, 3.756804500129135, 3.7569071504085074, 3.7570066536687308, 3.7571030087006285, 3.7585273182092167, 3.7588791169434668, 3.7586179365611248, 3.7580706438259632, 3.7574175737806703, 3.7567628026172457, 3.75615229454825, 3.7555955349400056, 3.7550872602666923, 3.7546206846012193, 3.7541921678455954, 3.753800829138487],
    "cc_spin_squared": [3.7521171501478006, 3.7514668082989497, 3.7509924078914247, 3.750672851699343, 3.7505016998489156, 3.750496083924829, 3.7504905746278494, 3.7504851673847033, 3.7504798578348937, 3.750377677369518, 3.7502954778970237, 3.7502336244420293, 3.750185995667721, 3.7501487057781344, 3.7501195328104666, 3.7500968169003084, 3.7500791237661337, 3.7500652623622592, 3.750054225540091, 3.750045278979324, 3.750037901736174]
}