{
    "schema_name": "pyscf_qa_output",
    "provenance": {
        "creator": "PySCF",
        "version": "1.7.6"
    },
    "molecule": {
        "geometry": [[0.0, 0.0, 0.0]],
        "symbols": [ "S" ]
    },
    "molecular_charge": 2,
    "molecular_multiplicity": 3,
    "name": "s.chrg2.mult3-pyscf-uccsdt.augccpv5z",
    "atomic_numbers": [ 16 ],
    "n_electrons": 14,
    "model": {
        "method": "UCCSD(T)",
        "basis": "aug-cc-pV5Z",
        "scf_conv_tol": 1e-09,
        "scf_conv_tol_grad": 1e-06,
        "cc_conv_tol": 1e-07,
        "cc_conv_tol_normt": 1e-05
    },
    "broken_symmetry": false,
    "finite_diff_delta": 0.01,
    "finite_diff_acc": 2,
    "qa_lambdas": [-4.0, -3.75, -3.5, -3.25, -3.0, -2.75, -2.5, -2.25, -2.0, -1.75, -1.5, -1.25, -1.0, -0.75, -0.5, -0.25, -0.02, -0.01, 0.0, 0.01, 0.02],
    "electronic_energies": [-191.09125807742367, -201.90512509182884, -213.19180859196067, -224.69229021832714, -236.48016321194243, -248.54522180845495, -260.8765257177714, -273.4627351242374, -286.29277700539353, -299.35623339301407, -312.6434051223583, -326.14527505366027, -339.8534837592606, -353.76032441428185, -367.85873835131775, -382.1422984388248, -395.4416763000227, -396.0232878854569, -396.6051782072428, -397.1873469448028, -397.76979377892786],
    "qats_energies": {
        "0": [-396.60517820719207, -396.60517820719207, -396.60517820719207, -396.60517820719207, -396.60517820719207, -396.60517820719207, -396.60517820719207, -396.60517820719207, -396.60517820719207, -396.60517820719207, -396.60517820719207, -396.60517820719207, -396.60517820719207, -396.60517820719207, -396.60517820719207, -396.60517820719207, -396.60517820719207, -396.60517820719207, -396.60517820719207, -396.60517820719207, -396.60517820719207],
        "1": [-163.7933663380116, -178.34410457983537, -192.89484282165915, -207.44558106348293, -221.9963193053067, -236.5470575471305, -251.09779578895427, -265.648534030778, -280.19927227260183, -294.75001051442564, -309.3007487562494, -323.85148699807314, -338.40222523989695, -352.95296348172076, -367.5037017235445, -382.05443996536826, -395.44111914784617, -396.0231486775191, -396.60517820719207, -397.18720773686505, -397.76923726653797],
        "2": [-186.06663638476476, -197.92022083186453, -209.94781520120455, -222.14941949278483, -234.52503370660537, -247.07465784266617, -259.79829190096723, -272.69593588150855, -285.7675897842901, -299.01325360931196, -312.43292735657406, -326.0266110260764, -339.794304617819, -353.7360081318019, -367.851721568025, -382.1414449264884, -395.44167597959733, -396.0232878854569, -396.60517820719207, -397.1873469448028, -397.76979409828914],
        "3": [-189.47883191948173, -200.73178331469407, -212.23371963168876, -223.97964253716304, -235.9645536978141, -248.18345478033908, -260.6313474514352, -273.30323337779976, -286.1941142261297, -299.2989916631225, -312.61286735547515, -326.1307429698849, -339.847620173049, -353.75850063166456, -367.85838601242875, -382.1422779820389, -395.44167640612176, -396.02328793877246, -396.60517820719207, -397.18734689148727, -397.7697936717647],
        "4": [-190.61388130729435, -201.6085819483918, -212.89906474402716, -224.47430418214162, -236.32369041817668, -248.43702927507425, -260.8045422432767, -273.416866480727, -286.265054812868, -299.34057573264363, -312.6353134004978, -326.141567644375, -339.85205395972014, -353.7599035094785, -367.8586631240957, -382.14229530151806, -395.44167640683116, -396.0232879388168, -396.60517820719207, -397.1873468915316, -397.7697936724741]
    },
    "qats_poly_coeffs": [ -396.60517820719207, -58.20295296729512, -1.392079377922073, 0.05331555522995282, -0.004433786671143025 ],
    "hf_energies": [-190.76043199665384, -201.58526428445893, -212.86327519412083, -224.36543717923664, -236.155983453669, -248.22466620626756, -260.5602619070175, -273.1512136922244, -285.9863188950344, -299.05505165451257, -312.3476040167376, -325.8548520456892, -339.56833775382194, -353.48026928941323, -367.5835198312367, -381.8716126106167, -395.17486514312066, -395.7566385419438, -396.3386901176672, -396.9210195493393, -397.5036265173583],
    "triples_corrections": [-0.0058213765558764565, -0.008134027590916318, -0.006265398248511877, -0.006378375808359028, -0.006350749035125825, -0.006213855148328198, -0.006037813992242892, -0.005862328649835583, -0.00569403818942817, -0.005529807500896184, -0.005367133845398896, -0.0052056836448666115, -0.0050465855694277915, -0.004891632208393544, -0.0047427410095705206, -0.004601641401462525, -0.0044799116971306575, -0.004474808755065969, -0.004469722108902811, -0.004464651811864331, -0.004459597916002765],
    "scf_converged": [true, true, true, true, true, true, true, true, true, true, true, true, true, true, true, true, true, true, true, true, true],
    "cc_converged": [true, true, true, true, true, true, true, true, true, true, true, true, true, true, true, true, true, true, true, true, true],
    "scf_spin_squared": [2.0385329346958647, 2.292565145988651, 2.0262036094142335, 2.022318645224342, 2.0203900370655568, 2.019483183471886, 2.0187150862310936, 2.017812583929608, 2.0168606675152994, 2.0159547365403014, 2.0151245809625564, 2.014369251433582, 2.0136842552334002, 2.013068759447947, 2.012523327862624, 2.012047263021219, 2.011668052041532, 2.0116527867604184, 2.0116376205602133, 2.0116225530905947, 2.011607583998928],
    "cc_spin_squared": [2.0011073622766102, 2.01240055889031, 2.0011519693230517, 2.0011072605036797, 2.0010167661167544, 2.000903279424963, 2.000789493130727, 2.000688162083619, 2.000603410741759, 2.0005340092748205, 2.0004768565920084, 2.0004291128403637, 2.000388685705469, 2.0003541403102196, 2.000324456602521, 2.0002988617090876, 2.0002783628888436, 2.000277531140916, 2.0002767040825127, 2.0002758816828057, 2.0002750639112787]
}