{
    "schema_name": "pyscf_qa_output",
    "provenance": {
        "creator": "PySCF",
        "version": "1.7.6"
    },
    "molecule": {
        "geometry": [[0.0, 0.0, 0.0]],
        "symbols": [ "Al" ]
    },
    "molecular_charge": -1,
    "molecular_multiplicity": 3,
    "name": "al.chrg-1.mult3-pyscf-uccsdt.augccpvtz",
    "atomic_numbers": [ 13 ],
    "n_electrons": 14,
    "model": {
        "method": "UCCSD(T)",
        "basis": "aug-cc-pVTZ",
        "scf_conv_tol": 1e-09,
        "scf_conv_tol_grad": 1e-06,
        "cc_conv_tol": 1e-07,
        "cc_conv_tol_normt": 1e-05
    },
    "broken_symmetry": false,
    "finite_diff_delta": 0.01,
    "finite_diff_acc": 2,
    "qa_lambdas": [-1.0, -0.75, -0.5, -0.25, -0.02, -0.01, 0.0, 0.01, 0.02, 0.25, 0.5, 0.75, 1.0, 1.25, 1.5, 1.75, 2.0, 2.25, 2.5, 2.75, 3.0],
    "electronic_energies": [-198.60360828048374, -209.21149912463426, -219.9866658761824, -230.92239013182112, -241.11939679248306, -241.56561542920292, -242.0120684704535, -242.4587552484159, -242.90567508134896, -253.24744683143481, -264.617043008585, -276.10944370147945, -287.7143318525286, -299.4219334888714, -311.22286989499503, -323.10833377501206, -335.07026734468536, -347.1014059906408, -359.1952012260629, -371.3456862740551, -383.547340744964],
    "qats_energies": {
        "0": [-242.01206847045353, -242.01206847045353, -242.01206847045353, -242.01206847045353, -242.01206847045353, -242.01206847045353, -242.01206847045353, -242.01206847045353, -242.01206847045353, -242.01206847045353, -242.01206847045353, -242.01206847045353, -242.01206847045353, -242.01206847045353, -242.01206847045353, -242.01206847045353, -242.01206847045353, -242.01206847045353, -242.01206847045353, -242.01206847045353, -242.01206847045353],
        "1": [-197.355077509804, -208.51932524996639, -219.68357299012877, -230.84782073029115, -241.11892865124054, -241.56549856084703, -242.01206847045353, -242.45863838006002, -242.90520828966652, -253.1763162106159, -264.3405639507783, -275.50481169094064, -286.66905943110305, -297.83330717126546, -308.9975549114278, -320.16180265159016, -331.3260503917526, -342.490298131915, -353.65454587207734, -364.8187936122397, -375.9830413524021],
        "2": [-198.52376106869156, -209.17670975184063, -219.97574387985065, -230.92086345272162, -241.1193961246641, -241.56561542920292, -242.01206847045353, -242.4587552484159, -242.90567576309007, -253.24935893304638, -264.6327348405002, -276.1621961928149, -287.8377429899906, -299.65937523202723, -311.6270929189248, -323.7408960506833, -336.0007846273028, -348.4067586487832, -360.95881811512453, -373.6569630263268, -386.50119338239006],
        "3": [-198.6362244086656, -209.2241552233922, -219.9898017973474, -230.9226206924087, -241.1193970243708, -241.56561554166626, -242.01206847045353, -242.45875513595257, -242.90567486338335, -253.2476016933593, -264.6186769230034, -276.11475072126336, -287.72527965001655, -299.4397202711404, -311.24752914651236, -323.13816283800986, -335.10107790751033, -347.1257309168912, -359.2015784280299, -371.3180770028039, -383.46468320309054],
        "4": [-198.578215226023, -209.20580075544666, -219.98617622343224, -230.92239409403902, -241.11939701508933, -241.56561554108617, -242.01206847045353, -242.45875513537248, -242.90567485410187, -253.2473750949896, -264.6150513490883, -276.09639625331783, -287.66727046737395, -299.29809629007934, -310.95385765938414, -322.5941001523657, -334.17293098522856, -345.63901901330456, -356.9355947310529, -368.0004502720598, -378.765939409039]
    },
    "qats_poly_coeffs": [ -242.01206847045353, -44.65699096064952, -1.168683558887551, 0.11246333997405598, 0.058009182642611755 ],
    "hf_energies": [-198.44255344619862, -209.05732382374504, -219.83870710094774, -230.7815220274336, -240.98641239566678, -241.43298369611654, -241.87978919710233, -242.326828135696, -242.77409974170925, -253.1237278841982, -264.50115209239266, -276.0005457932832, -287.6115363002303, -299.3243482914104, -311.1296796703727, -323.01885767247904, -334.98398021781134, -347.01792880083116, -359.11426993074326, -371.2671074648, -383.470943659734],
    "triples_corrections": [-0.0038048250207572925, -0.004184658945056089, -0.004593886677644121, -0.004668613715439162, -0.004372459706562037, -0.0043560358382993105, -0.00433954327142289, -0.004323003619494215, -0.00430643624446633, -0.003941878238405044, -0.0035900262595781494, -0.003254824798529596, -0.002931825066986383, -0.0026309759523115354, -0.002359040670521607, -0.0021160941842650917, -0.0018985682731268376, -0.0017024168110379035, -0.0015246298137884485, -0.0013635642190595173, -0.001218700276667038],
    "scf_converged": [true, true, true, true, true, true, true, true, true, true, true, true, true, true, true, true, true, true, true, true, true],
    "cc_converged": [true, true, true, true, true, true, true, true, true, true, true, true, true, true, true, true, true, true, true, true, true],
    "scf_spin_squared": [2.04487287828022, 2.0264570778181605, 2.020764403371098, 2.0188807493288428, 2.017957724434024, 2.017925624446419, 2.017894112799474, 2.0178630176476258, 2.0178323069904174, 2.0171645367373543, 2.0164307816075375, 2.0157727530932394, 2.0151763725829817, 2.0145475484884123, 2.013847050675343, 2.0130989266307058, 2.012347458072492, 2.011625367552745, 2.010944782020589, 2.010300831806303, 2.009679734994984],
    "cc_spin_squared": [2.0015512542092524, 2.001396726954875, 2.0013982264432375, 2.0013057869408164, 2.0010792453712773, 2.0010695333904684, 2.001059958456306, 2.001050525397624, 2.001041239722141, 2.00086828740114, 2.000738621151383, 2.0006373210497794, 2.000551723577336, 2.000475936352974, 2.000407327463122, 2.0003452236376336, 2.0002897224775835, 2.0002410438929457, 2.0001991959449534, 2.0001639626165066, 2.000134889515539]
}