{
    "schema_name": "pyscf_qa_output",
    "provenance": {
        "creator": "PySCF",
        "version": "1.7.6"
    },
    "molecule": {
        "geometry": [[0.0, 0.0, 0.0]],
        "symbols": [ "Ar" ]
    },
    "molecular_charge": 0,
    "molecular_multiplicity": 1,
    "name": "ar.chrg0.mult1-pyscf-ccsdt.augccpvtz",
    "atomic_numbers": [ 18 ],
    "n_electrons": 18,
    "model": {
        "method": "CCSD(T)",
        "basis": "aug-cc-pVTZ",
        "scf_conv_tol": 1e-09,
        "scf_conv_tol_grad": 1e-06,
        "cc_conv_tol": 1e-07,
        "cc_conv_tol_normt": 1e-05
    },
    "broken_symmetry": false,
    "finite_diff_delta": 0.01,
    "finite_diff_acc": 2,
    "qa_lambdas": [-2.0, -1.75, -1.5, -1.25, -1.0, -0.75, -0.5, -0.25, -0.02, -0.01, 0.0, 0.01, 0.02],
    "electronic_energies": [-393.1333394306953, -409.1797162520591, -425.4494739866307, -441.9310009043763, -458.6121169761905, -475.4801169388211, -492.5222328259435, -509.7261525387646, -525.6866845243053, -526.3833718357427, -527.0802827138654, -527.7774164875501, -528.474772486549],
    "qats_energies": {
        "0": [-527.0802827139257, -527.0802827139257, -527.0802827139257, -527.0802827139257, -527.0802827139257, -527.0802827139257, -527.0802827139257, -527.0802827139257, -527.0802827139257, -527.0802827139257, -527.0802827139257, -527.0802827139257, -527.0802827139257],
        "1": [-387.6758175331795, -405.1013756807728, -422.52693382836605, -439.95249197595933, -457.3780501235526, -474.8036082711459, -492.22916641873917, -509.65472456633245, -525.6862380621183, -526.383260388022, -527.0802827139257, -527.7773050398295, -528.4743273657332],
        "2": [-392.1337263594048, -408.51446212585154, -425.0345075431178, -441.6938626112036, -458.49252733010894, -475.4305016998338, -492.50778572037825, -509.7243793917422, -525.6866838530009, -526.3833718357427, -527.0802827139257, -527.7774164875501, -528.4747731566158],
        "3": [-393.0279738372499, -409.1135380729235, -425.4117681978337, -441.91218474934936, -458.6043082648396, -475.4776592816733, -492.5217583372196, -509.7261259688474, -525.6866847472484, -526.3833719475235, -527.0802827139257, -527.7774163757692, -528.4747722623683],
        "4": [-393.11047258582323, -409.16189732471173, -425.43787131749946, -441.92477305937336, -458.6094644366254, -475.47929072665244, -492.5220805979562, -509.7261461101434, -525.6866847480734, -526.3833719475751, -527.0802827139257, -527.7774163758207, -528.4747722631934]
    },
    "qats_poly_coeffs": [ -527.0802827139257, -69.70223259037311, -1.1144772065563302, 0.11178093473063198, -0.00515617178583246 ],
    "hf_energies": [-392.7962655391433, -408.8535113478113, -425.13453003741574, -441.6268411496126, -458.31766491596, -475.19410326758174, -492.243487103236, -509.4537027295528, -525.4193368522131, -526.1162332149806, -526.8133521671853, -527.5106930473682, -528.2082551957843],
    "triples_corrections": [-0.015304042916326834, -0.014481103161061413, -0.013323066189909697, -0.01208438759787391, -0.01096825250000781, -0.010038158080392372, -0.00926161872921949, -0.008588362447438824, -0.00803008008362642, -0.008006861556646394, -0.007983722969917104, -0.00796066357865626, -0.007937682602832398],
    "scf_converged": [true, true, true, true, true, true, true, true, true, true, true, true, true],
    "cc_converged": [true, true, true, true, true, true, true, true, true, true, true, true, true],
    "t1_diagnostic": [0.0064873534903496545, 0.006675297318579623, 0.0061838942263762, 0.005164193523590698, 0.003999605890640881, 0.0030109068490892735, 0.0022970181572013184, 0.0018055425222767065, 0.0014790299239224407, 0.0014667266995659473, 0.001454553975450637, 0.0014425090008335314, 0.0014305890173939885]
}