{
    "schema_name": "pyscf_apdft_output",
    "provenance": {
        "creator": "PySCF",
        "version": "1.7.6"
    },
    "molecule": {
        "geometry": [[0.0, 0.0, 0.0]],
        "symbols": [ "C" ]
    },
    "molecular_charge": 0,
    "molecular_multiplicity": 3,
    "name": "c.chrg0.mult3-pyscf-uccsdt.augccpvqz",
    "atomic_numbers": [ 6 ],
    "n_electrons": 6,
    "model": {
        "method": "UCCSD(T)",
        "basis": "aug-cc-pVQZ",
        "scf_conv_tol": 1e-09,
        "scf_conv_tol_grad": 1e-06,
        "cc_conv_tol": 1e-07,
        "cc_conv_tol_normt": 1e-05
    },
    "broken_symmetry": false,
    "finite_diff_delta": 0.01,
    "finite_diff_acc": 2,
    "apdft_lambdas": [-2.0, -1.75, -1.5, -1.25, -1.0, -0.75, -0.5, -0.25, -0.02, -0.01, 0.0, 0.01, 0.02, 0.25, 0.5, 0.75, 1.0, 1.25, 1.5, 1.75, 2.0],
    "electronic_energies": [-14.442322693802856, -16.7235663748861, -19.179468338690562, -21.815052431966873, -24.63538495922053, -27.644764971816652, -30.844580962126233, -34.23412140451936, -37.51929701686026, -37.66574618127375, -37.81249612058452, -37.959546765946286, -38.10689804715586, -41.578768822575405, -45.53152525002074, -49.66863699889969, -53.98718644472188, -58.48345428865781, -63.15294847694578, -67.99048173900015, -72.99029624374033],
    "apdft_energies": {
        "0": [-37.812496120584555, -37.812496120584555, -37.812496120584555, -37.812496120584555, -37.812496120584555, -37.812496120584555, -37.812496120584555, -37.812496120584555, -37.812496120584555, -37.812496120584555, -37.812496120584555, -37.812496120584555, -37.812496120584555, -37.812496120584555, -37.812496120584555, -37.812496120584555, -37.812496120584555, -37.812496120584555, -37.812496120584555, -37.812496120584555, -37.812496120584555],
        "1": [-8.432437653330666, -12.104944961737402, -15.777452270144138, -19.449959578550875, -23.12246688695761, -26.794974195364347, -30.467481503771083, -34.13998881217782, -37.518695535912016, -37.665595828248286, -37.812496120584555, -37.959396412920825, -38.106296705257094, -41.48500342899129, -45.15751073739803, -48.83001804580476, -52.5025253542115, -56.175032662618236, -59.84753997102497, -63.52004727943171, -67.19255458783844],
        "2": [-14.446558671769012, -16.70950636647926, -19.160395343015708, -21.799225601378353, -24.625997141567197, -27.64070996358224, -30.84336406742348, -34.23395945309092, -37.51929694801386, -37.66574618127375, -37.812496120584555, -37.959546765946286, -38.10689811735894, -41.57897406990439, -45.533393301050424, -49.675753814022656, -54.006055608821086, -58.524298685445714, -63.23048304389654, -68.12460868417357, -73.20667560627679],
        "3": [-14.53925832239132, -16.771607890236, -19.199503008121994, -21.821857352018565, -24.637584597894985, -27.645598421720525, -30.844812499464453, -34.23414050709604, -37.51929704071351, -37.66574619286121, -37.812496120584555, -37.959546754358826, -38.10689802465929, -41.578793015899265, -45.53194486900945, -49.670865355884374, -53.9944681524933, -58.5016669348055, -63.191375378790255, -68.06250716041683, -73.11397595565448],
        "4": [-14.44881286386126, -16.71859042296777, -19.170885499758967, -21.808056470284853, -24.631931756736854, -27.643809827447836, -30.84445919689207, -34.23411842568527, -37.519297039809054, -37.665746192804676, -37.812496120584555, -37.9595467543023, -38.10689802375483, -41.578770934488496, -45.531591566437065, -49.66907676161168, -53.98881531133517, -58.487866053071784, -63.16275787042723, -68.0094896931486, -73.02353049712443]
    },
    "apdft_poly_coeff": [ -37.812496120584555, -14.690029233626944, -1.5035302546095863, 0.011587456327788457, 0.00565284115812877 ],
    "hf_energies": [-14.346238071711463, -16.620691107408796, -19.069608774033043, -21.69983628916848, -24.51775993864937, -27.526457070011325, -30.725860508163162, -34.1150704717733, -37.40014888438739, -37.54659956974195, -37.69335153642169, -37.8404047179215, -37.98775904626096, -41.45984465484203, -45.41315679055297, -49.55115478551258, -53.87089117774197, -58.36859278782315, -63.03969870884262, -67.87895045223055, -72.88052729147446],
    "triples_corrections": [-0.003244659454218697, -0.0037383294244322943, -0.004195415474258948, -0.004392039772109025, -0.0041387776058390965, -0.0036507759835707507, -0.0032349605804611594, -0.002920055785488285, -0.0026823382763012313, -0.0026728199405410165, -0.0026633625027694544, -0.002653965308067209, -0.0026446277233961577, -0.002445074816815243, -0.002256681722976511, -0.002091341476681732, -0.0019429231682264506, -0.0018067938667555912, -0.0016799630609115764, -0.001560632146140087, -0.0014476263527946737],
    "scf_converged": [true, true, true, true, true, true, true, true, true, true, true, true, true, true, true, true, true, true, true, true, true],
    "cc_converged": [true, true, true, true, true, true, true, true, true, true, true, true, true, true, true, true, true, true, true, true, true],
    "scf_spin_squared": [2.037418369114339, 2.0219956738430582, 2.0126145809701113, 2.0090765042306247, 2.009980683742326, 2.011700792355676, 2.0119636342481106, 2.0113299296280185, 2.010510586217602, 2.010473224513584, 2.0104357887105966, 2.0103982851651003, 2.010360720023306, 2.0094917250285196, 2.00857671876242, 2.0077361416671624, 2.0069879088992297, 2.0063281258507386, 2.0057433038402874, 2.0052201340629976, 2.004749367447392],
    "cc_spin_squared": [2.0011596038474284, 2.0011888435491008, 2.0010659955508294, 2.000857228983225, 2.000622664867686, 2.0004388815168452, 2.000318399772757, 2.0002387545343616, 2.000187878317464, 2.000186014456628, 2.0001841751636036, 2.0001823599797754, 2.0001805684574414, 2.000145007776203, 2.00011582914086, 2.0000936156229647, 2.00007651632151, 2.000063219481934, 2.0000527542381032, 2.000044394872458, 2.000037613946552]
}