{
    "schema_name": "pyscf_apdft_output",
    "provenance": {
        "creator": "PySCF",
        "version": "1.7.6"
    },
    "molecule": {
        "geometry": [[0.0, 0.0, 0.0]],
        "symbols": [ "O" ]
    },
    "molecular_charge": -1,
    "molecular_multiplicity": 2,
    "name": "o.chrg-1.mult2-pyscf-uccsdt.augccpv5z",
    "atomic_numbers": [ 8 ],
    "n_electrons": 9,
    "model": {
        "method": "UCCSD(T)",
        "basis": "aug-cc-pV5Z",
        "scf_conv_tol": 1e-09,
        "scf_conv_tol_grad": 1e-06,
        "cc_conv_tol": 1e-05,
        "cc_conv_tol_normt": 1e-07
    },
    "broken_symmetry": false,
    "finite_diff_delta": 0.01,
    "finite_diff_acc": 2,
    "apdft_lambdas": [-1.0, -0.75, -0.5, -0.25, -0.02, -0.01, 0.0, 0.01, 0.02, 0.25, 0.5, 0.75, 1.0, 1.25, 1.5, 1.75, 2.0, 2.25, 2.5, 2.75, 3.0],
    "electronic_energies": [-54.33803925589259, -59.16858938156719, -64.23351335561956, -69.53964238886485, -74.63672630477268, -74.86298836588387, -75.08963820282511, -75.31667567387649, -75.54410062730418, -80.8814047667998, -86.91265441036941, -93.18105997157504, -99.68476168171313, -106.42198590900995, -113.39084594990666, -120.58925306941809, -128.01486906396488, -135.66507370654185, -143.53695280461864, -151.62730097079952, -159.93263524355262],
    "apdft_energies": {
        "0": [-75.0896382028252, -75.0896382028252, -75.0896382028252, -75.0896382028252, -75.0896382028252, -75.0896382028252, -75.0896382028252, -75.0896382028252, -75.0896382028252, -75.0896382028252, -75.0896382028252, -75.0896382028252, -75.0896382028252, -75.0896382028252, -75.0896382028252, -75.0896382028252, -75.0896382028252, -75.0896382028252, -75.0896382028252, -75.0896382028252, -75.0896382028252],
        "1": [-52.40527280319401, -58.07636415310181, -63.747455503009604, -69.4185468529174, -74.63595089483258, -74.86279454882889, -75.0896382028252, -75.31648185682151, -75.54332551081782, -80.760729552733, -86.4318209026408, -92.10291225254859, -97.77400360245639, -103.44509495236419, -109.11618630227198, -114.78727765217978, -120.45836900208758, -126.12946035199538, -131.80055170190317, -137.471643051811, -143.14273440171877],
        "2": [-54.34344335297186, -59.16658508735185, -64.23199814045407, -69.53968251227852, -74.63672616305249, -74.86298836588387, -75.0896382028252, -75.31667567387649, -75.54410077903773, -80.88186521209411, -86.91636354008526, -93.19313318679863, -99.71217415223424, -106.47348643639208, -113.47707003927215, -120.72292496087445, -128.21105120119898, -135.94144876024575, -143.91411763801474, -152.12905783450597, -160.58626934971943],
        "3": [-54.367897832302276, -59.17690182081937, -64.23505495037037, -69.54006461351806, -74.63672635868832, -74.86298839033834, -75.0896382028252, -75.31667564942201, -75.5441005834019, -80.88148311085457, -86.91330673016896, -93.18281645333111, -99.68771967290382, -106.42572378144986, -113.394536171532, -120.591864235713, -128.01541536655566, -135.66289695662272, -143.532016398477, -151.62048108468122, -159.9259984077982],
        "4": [-54.32617565103686, -59.163700661903356, -64.23244731404128, -69.53990163624749, -74.63672635201277, -74.86298838992113, -75.0896382028252, -75.3166756490048, -75.54410057672635, -80.88132013358401, -86.91069909383987, -93.16961529441511, -99.64599749163841, -106.32386298734485, -113.18331762887584, -120.20055580907919, -127.34786046630904, -134.59360308442595, -141.9022436927968, -149.23433086629484, -156.54650172529972]
    },
    "apdft_poly_coeff": [ -75.0896382028252, -22.68436539963119, -1.9381705497778512, 0.024454479330415776, 0.04172218126541338 ],
    "hf_energies": [-54.016961804278104, -58.84930291814396, -63.92165558737958, -69.24291243949213, -74.34434258742749, -74.57083489946667, -74.79771347232477, -75.0249780045846, -75.25262821138334, -80.59452505810681, -86.62970647926247, -92.90141980739078, -99.40810852298193, -106.14816936426789, -113.11982356088865, -120.32105639155263, -127.7495799671322, -135.40281080149643, -143.277862317342, -151.37155068635929, -159.68041012208985],
    "triples_corrections": [-0.02224809032156001, -0.021237607000371375, -0.017044360736302725, -0.012831503953400608, -0.010544983366158247, -0.010445526136560992, -0.010347580540714049, -0.01025116900728643, -0.010156305264288021, -0.008370095865867634, -0.007045352601399316, -0.006080433126218037, -0.005333470626319803, -0.004732452531965817, -0.004234925605256415, -0.0038138165780901654, -0.0034512251868559123, -0.0031347914827328746, -0.002855588333366477, -0.00260691954471799, -0.0023836654859641536],
    "scf_converged": [true, true, true, true, true, true, true, true, true, true, true, true, true, true, true, true, true, true, true, true, true],
    "cc_converged": [true, true, true, true, true, true, true, true, true, true, true, true, true, true, true, true, true, true, true, true, true],
    "scf_spin_squared": [0.7786172256364576, 0.7995127747436763, 0.9347379808273031, 0.9103463997890087, 0.7744174544975486, 0.7731765741111176, 0.7720401035958511, 0.7709970637638763, 0.7700378244720656, 0.7596065184247749, 0.7564132718650338, 0.7550211061126557, 0.7542133882588526, 0.7536653755386835, 0.7532581044461235, 0.752937365666627, 0.752674680154767, 0.7524536301847982, 0.7522640206751356, 0.7520991302684328, 0.7519542529431953],
    "cc_spin_squared": [0.8112853403478719, 0.7800183409344825, 0.762540742050065, 0.760346510209966, 0.7520653952501939, 0.7519521223197789, 0.7518463837693163, 0.7517476022252061, 0.751655253112463, 0.7505695159993242, 0.7502552808314324, 0.7501482924944725, 0.7500996753207485, 0.7500727599481087, 0.7500558880216772, 0.7500444698289566, 0.7500362791524711, 0.7500301498970212, 0.7500254108377589, 0.7500216605096215, 0.7500186312874568]
}