{
    "schema_name": "pyscf_apdft_output",
    "provenance": {
        "creator": "PySCF",
        "version": "1.7.6"
    },
    "molecule": {
        "geometry": [[0.0, 0.0, 0.0]],
        "symbols": [ "S" ]
    },
    "molecular_charge": -2,
    "molecular_multiplicity": 3,
    "name": "s.chrg-2.mult3-pyscf-uccsdt.augccpv5z",
    "atomic_numbers": [ 16 ],
    "n_electrons": 18,
    "model": {
        "method": "UCCSD(T)",
        "basis": "aug-cc-pV5Z",
        "scf_conv_tol": 1e-09,
        "scf_conv_tol_grad": 1e-06,
        "cc_conv_tol": 1e-07,
        "cc_conv_tol_normt": 1e-05
    },
    "broken_symmetry": false,
    "finite_diff_delta": 0.01,
    "finite_diff_acc": 2,
    "apdft_lambdas": [-0.02, -0.01, 0.0, 0.01, 0.02, 0.25, 0.5, 0.75, 1.0, 1.25, 1.5, 1.75, 2.0],
    "electronic_energies": [-396.5221265096068, -397.111776685573, -397.7139169575868, -398.30431852723564, -398.9070118594014, -412.70114261995985, -427.9106987702239, -443.3140001340659, -458.9060823955791, -474.6828601402723, -490.6156488608988, -506.7405959307726, -523.0413654850964],
    "apdft_energies": {
        "0": [-397.7078850256727, -397.7078850256727, -397.7078850256727, -397.7078850256727, -397.7078850256727, -397.7078850256727, -397.7078850256727, -397.7078850256727, -397.7078850256727, -397.7078850256727, -397.7078850256727, -397.7078850256727, -397.7078850256727],
        "1": [-396.51534318401, -397.11161410484135, -397.7078850256727, -398.304155946504, -398.90042686733534, -412.61465804645593, -427.5214310672392, -442.4282040880224, -457.3349771088057, -472.2417501295889, -487.14852315037217, -502.0552961711554, -516.9620691919387],
        "2": [-396.5159935069365, -397.111776685573, -397.7078850256727, -398.30431852723564, -398.90107719026184, -412.7162710037221, -427.9278828963039, -443.3427207034181, -458.9607844250646, -474.7820740612435, -490.8065896119548, -507.03433107719843, -523.4652984569744],
        "3": [-396.5161257292903, -397.1117932133672, -397.7078850256727, -398.3043019994414, -398.90094496790806, -412.4580242189506, -425.86190861813174, -436.3700575145869, -442.432990199687, -442.501225964803, -435.0252841013055, -418.45568390056553, -391.2429446539539],
        "4": [-396.5241708438303, -397.1122960330259, -397.7078850256727, -398.3048048191002, -398.90899008244804, -608.8719534177304, -3568.4847757986095, -16345.898322615758, -50724.398865087336, -123201.20697520222, -254987.47752572, -472008.299690171, -804902.6969428563]
    },
    "apdft_poly_coeff": [ -397.7078850256727, -59.62709208313299, -1.6258073162589426, 16.52779422537757, -50281.965874887646 ],
    "hf_energies": [-396.14413712292657, -396.73305081498427, -397.3362934748696, -397.9259643069089, -398.52974631193354, -412.31613100266526, -427.5301990818241, -442.9371107814633, -458.53210770651623, -474.31125569404765, -490.2535496450049, -506.37984514148116, -522.6816846354744],
    "triples_corrections": [-0.012588894715834997, -0.012464931287715407, -0.012485400344175111, -0.012370863057249964, -0.012385443120931875, -0.013296742240814442, -0.012150621888848126, -0.01132259562647048, -0.01069510019763905, -0.010203139025057902, -0.009061688127708339, -0.0088296512855424, -0.008660946084451658],
    "scf_converged": [true, true, true, true, true, true, true, true, true, true, true, true, true],
    "cc_converged": [true, true, true, true, true, true, true, true, true, true, true, true, true],
    "scf_spin_squared": [2.014732342283404, 2.0141046844968074, 2.0145199266287523, 2.013901762045629, 2.0143281755432305, 2.016547098876381, 2.0128031195307265, 2.011525553873682, 2.0109079507590195, 2.0105224203233973, 2.0105201626282456, 2.010307710865858, 2.010148890380334],
    "cc_spin_squared": [2.001308053843715, 2.0009051696996183, 2.0012288065607224, 2.0008616261459116, 2.0011570173837105, 2.0005703625050737, 2.0004358015882895, 2.000369360635247, 2.0003273809823767, 2.000297276235945, 2.000286443647804, 2.000270923769124, 2.0002624810481047]
}