{
    "schema_name": "pyscf_apdft_output",
    "provenance": {
        "creator": "PySCF",
        "version": "1.7.6"
    },
    "molecule": {
        "geometry": [[0.0, 0.0, 0.0]],
        "symbols": [ "Be" ]
    },
    "molecular_charge": -1,
    "molecular_multiplicity": 2,
    "name": "be.chrg-1.mult2-pyscf-uccsdt.augccpv5z",
    "atomic_numbers": [ 4 ],
    "n_electrons": 5,
    "model": {
        "method": "UCCSD(T)",
        "basis": "aug-cc-pV5Z",
        "scf_conv_tol": 1e-09,
        "scf_conv_tol_grad": 1e-06,
        "cc_conv_tol": 1e-07,
        "cc_conv_tol_normt": 1e-05
    },
    "broken_symmetry": false,
    "finite_diff_delta": 0.01,
    "finite_diff_acc": 2,
    "apdft_lambdas": [-1.0, -0.75, -0.5, -0.25, -0.02, -0.01, 0.0, 0.01, 0.02, 0.25, 0.5, 0.75, 1.0, 1.25, 1.5, 1.75, 2.0, 2.25, 2.5, 2.75, 3.0],
    "electronic_energies": [-7.399010064348361, -8.967309890825474, -10.696236408492783, -12.584976945146648, -14.465404700185438, -14.55041258770999, -14.635707345653042, -14.721291770387245, -14.807168562066913, -16.86514674584668, -19.274583534247434, -21.85616907918254, -24.606552696727448, -27.52217456507164, -30.598717738469343, -33.831013366513034, -37.21310130536168, -40.738358743112165, -44.399646030001215, -48.18945327211799, -52.100044862322264],
    "apdft_energies": {
        "0": [-14.635707345653529, -14.635707345653529, -14.635707345653529, -14.635707345653529, -14.635707345653529, -14.635707345653529, -14.635707345653529, -14.635707345653529, -14.635707345653529, -14.635707345653529, -14.635707345653529, -14.635707345653529, -14.635707345653529, -14.635707345653529, -14.635707345653529, -14.635707345653529, -14.635707345653529, -14.635707345653529, -14.635707345653529, -14.635707345653529, -14.635707345653529],
        "1": [-6.091748211790829, -8.227737995256504, -10.363727778722179, -12.499717562187854, -14.464828162976275, -14.550267754314902, -14.635707345653529, -14.721146936992156, -14.806586528330783, -16.771697129119204, -18.90768691258488, -21.043676696050554, -23.17966647951623, -25.315656262981904, -27.45164604644758, -29.587635829913253, -31.72362561337893, -33.8596153968446, -35.99560518031028, -38.13159496377595, -40.26758474724163],
        "2": [-7.540082162677223, -9.0424258426301, -10.725811266443777, -12.590238434118254, -14.46540749655663, -14.55041258770999, -14.635707345653529, -14.721291770387245, -14.807165861911137, -16.862218001049605, -19.269770400306477, -21.858364543424152, -24.628000430402622, -27.578678061241895, -30.710397435941964, -34.023158554502835, -37.5169614169245, -41.19180602320697, -45.04769237335024, -49.084620467354306, -53.30259030521917],
        "3": [-7.0820382487682, -8.849188566449731, -10.66855577720515, -12.583081497963425, -14.465403832205318, -14.550412129666077, -14.635707345653529, -14.721292228431158, -14.807169526262449, -16.869374937204434, -19.327025889545105, -22.05160181960452, -25.086044344311645, -28.473295080595456, -32.25629564538492, -36.477987655609006, -41.18131272819669, -46.40921248007694, -52.20462852817872, -58.61050248943102, -65.6697759807628],
        "4": [-6.68114067437151, -8.72234206830078, -10.643499678805357, -12.581515491813438, -14.465403768061707, -14.5504121256571, -14.635707345653529, -14.721292224422182, -14.807169462118837, -16.867808931054444, -19.30196979114531, -21.924755321455567, -24.685146769914958, -27.494541236853536, -30.226751675001676, -32.718006889490056, -34.76695153784965, -36.134646130011774, -36.54456702830804, -35.68260644747035, -33.19707245463094]
    },
    "apdft_poly_coeff": [ -14.635707345653529, -8.5439591338627, -1.4483339508863935, -0.45804391390902305, 0.40089757439668955 ],
    "hf_energies": [-7.337858194422952, -8.900788194537757, -10.626215676612748, -12.512129112105445, -14.388390267678988, -14.473087065980728, -14.55805147204421, -14.643285457608549, -14.728791354580112, -16.780500985081474, -19.18829903290008, -21.76866292989842, -24.5181672785045, -27.43320011453691, -30.5093682852903, -33.741410794735856, -37.12326952137689, -40.648232005842736, -44.309093948902195, -48.098319036249514, -52.00818971980262],
    "triples_corrections": [-0.0007687545915409712, -0.0008255269659907027, -0.0008303607923916718, -0.0009101870315970737, -0.0013227666994563216, -0.0013620080266335142, -0.0014040047345719466, -0.0014487408653138763, -0.0014961785948988393, -0.002198149466129331, -0.0020538564453322417, -0.0019305616153719547, -0.0018233886569517877, -0.0017257699812007982, -0.001635137946993067, -0.0015498333589782454, -0.0014679726123334707, -0.0013875515553921406, -0.0013067924556399823, -0.0012244900393247125, -0.0011402594173607874],
    "scf_converged": [true, true, true, true, true, true, true, true, true, true, true, true, true, true, true, true, true, true, true, true, true],
    "cc_converged": [true, true, true, true, true, true, true, true, true, true, true, true, true, true, true, true, true, true, true, true, true],
    "scf_spin_squared": [1.0668608597441451, 0.8109991187984662, 0.7532173737089414, 0.7507460375176997, 0.7509894648251567, 0.7510608970122759, 0.7511460106558272, 0.7512477268809858, 0.7513700217019157, 0.7636592074441677, 0.764077923263764, 0.7628393657660117, 0.7613160845322717, 0.7598718444027328, 0.7586121137305362, 0.7575504849500923, 0.7566712172569892, 0.7559474239777613, 0.7553483277262765, 0.7548442903384229, 0.7544103033677974],
    "cc_spin_squared": [0.7511408261041567, 0.7503256075808024, 0.7500597985098062, 0.7500259208996758, 0.7500514596830001, 0.7500550294588343, 0.7500590105364366, 0.7500635187797862, 0.7500686313519634, 0.7502536181811659, 0.7501729044326527, 0.7501233950228252, 0.7500922145352283, 0.7500710944286073, 0.7500561108650174, 0.7500451482373591, 0.7500369088787912, 0.7500305413695251, 0.7500254971464122, 0.7500214021022116, 0.7500180019630915]
}