{
    "schema_name": "pyscf_apdft_output",
    "provenance": {
        "creator": "PySCF",
        "version": "1.7.6"
    },
    "molecule": {
        "geometry": [[0.0, 0.0, 0.0]],
        "symbols": [ "F" ]
    },
    "molecular_charge": -2,
    "molecular_multiplicity": 2,
    "name": "f.chrg-2.mult2-pyscf-uccsdt.augccpvqz",
    "atomic_numbers": [ 9 ],
    "n_electrons": 11,
    "model": {
        "method": "UCCSD(T)",
        "basis": "aug-cc-pVQZ",
        "scf_conv_tol": 1e-09,
        "scf_conv_tol_grad": 1e-06,
        "cc_conv_tol": 1e-07,
        "cc_conv_tol_normt": 1e-05
    },
    "broken_symmetry": false,
    "finite_diff_delta": 0.01,
    "finite_diff_acc": 2,
    "apdft_lambdas": [-0.02, -0.01, 0.0, 0.01, 0.02, 0.25, 0.5, 0.75, 1.0, 1.25, 1.5, 1.75, 2.0, 2.25, 2.5, 2.75, 3.0, 3.25, 3.5, 3.75, 4.0],
    "electronic_energies": [-98.8767445940126, -99.14849800216088, -99.42066503552995, -99.69324555156928, -99.94150840310132, -106.3373045563436, -113.53855591398846, -120.99636300962253, -128.70776831022937, -136.67029340419842, -144.8816212640857, -153.33938131962302, -162.04107857419683, -170.9840844200389, -180.16563238452216, -189.58278730176485, -199.23237732636642, -209.11089789632683, -219.21441627347406, -229.53852809986674, -240.07839299769995],
    "apdft_energies": {
        "0": [-99.42066503552982, -99.42066503552982, -99.42066503552982, -99.42066503552982, -99.42066503552982, -99.42066503552982, -99.42066503552982, -99.42066503552982, -99.42066503552982, -99.42066503552982, -99.42066503552982, -99.42066503552982, -99.42066503552982, -99.42066503552982, -99.42066503552982, -99.42066503552982, -99.42066503552982, -99.42066503552982, -99.42066503552982, -99.42066503552982, -99.42066503552982],
        "1": [-98.87591748612142, -99.14829126082563, -99.42066503552982, -99.69303881023401, -99.96541258493822, -106.2300094031348, -113.0393537707398, -119.84869813834479, -126.65804250594977, -133.46738687355474, -140.27673124115972, -147.08607560876473, -153.8954199763697, -160.7047643439747, -167.5141087115797, -174.32345307918467, -181.13279744678965, -187.94214181439463, -194.7514861819996, -201.56083054960462, -208.3701749172096],
        "2": [-98.87674445146244, -99.14849800216088, -99.42066503552982, -99.69324555156928, -99.96623955027924, -106.35922273766911, -113.55620710887702, -121.01161814915353, -128.72545585849866, -136.6977202369124, -144.92841128439477, -153.4175290009457, -162.1650733865653, -171.17104444125349, -180.43544216501027, -189.9582665578357, -199.73951761972972, -209.77919535069236, -220.07729975072363, -230.6338308198235, -241.44878855799195],
        "3": [-98.89323197794783, -99.15055894297156, -99.42066503552982, -99.6911846107586, -99.94975202379385, -74.15702257089737, 144.06139422529694, 748.4477863536832, 1932.2153548148926, 3888.577300609555, 6810.7468247382985, 10891.93712820176, 16325.361412000566, 23304.232877135346, 32021.76472460673, 42671.170155415355, 55445.66237056183, 70538.45457104681, 88142.75995787092, 108451.79173203479, 131658.76309453908],
        "4": [-98.87674464152937, -99.1495284844454, -99.42066503552982, -99.69015415223245, -99.93326468737538, 328.3658392080172, 6584.427182687929, 33352.79959044577, 104978.06797021702, 255465.36591243118, 528480.3756902115, 977349.3282593758, 1665059.0032584346, 2664256.7290085936, 4057250.382513752, 5936008.389460503, 8402159.724218134, 11566993.909838622, 15551461.018056655, 20486171.669289585, 26511397.03263748]
    },
    "apdft_poly_coeff": [ -99.42066503552982, -27.237377470419943, -2.067413352548897, 2060.9408106733913, 103045.85261540212 ],
    "hf_energies": [-98.51819083254057, -98.79033980859438, -99.06289888138411, -99.33586790819507, -99.56662432869409, -105.97349659055685, -113.18482488167469, -120.65097860833299, -128.36965851868356, -136.3388211365804, -144.55640619732407, -153.02020661515374, -161.72783801884336, -170.6767466059035, -179.8642147681795, -189.28734168786144, -198.94298718213903, -208.82768180910986, -218.93753075794098, -229.26815977213886, -239.81474171652863],
    "triples_corrections": [-0.012699845645809895, -0.0125790606766056, -0.012460150641222158, -0.012343103388315175, -0.01588614154259351, -0.012554594412248408, -0.01002953264631162, -0.008298201163073077, -0.0070380019916517125, -0.00607699697665341, -0.005321673065699683, -0.0047130443493263695, -0.004210139021345018, -0.0037840724823116753, -0.003415031304273522, -0.0030898164211165605, -0.0027997003561650575, -0.002538817238336422, -0.0023031249370082892, -0.0020898691088956545, -0.001897183234843126],
    "scf_converged": [true, true, true, true, true, true, true, true, true, true, true, true, true, true, true, true, true, true, true, true, true],
    "cc_converged": [true, true, true, true, true, true, true, true, true, true, true, true, true, true, true, true, true, true, true, true, true],
    "scf_spin_squared": [0.7508124447388917, 0.7507876135279217, 0.7507634877546039, 0.7507400527047148, 0.7801808053716552, 0.7594419994724566, 0.7534568037440934, 0.7515128481313456, 0.7507542542316781, 0.7504175993328888, 0.7502534114073613, 0.7501674369170317, 0.7501199436715336, 0.7500926880576326, 0.75007666918333, 0.7500671184784702, 0.7500612911695841, 0.7500574658549146, 0.7500545227665203, 0.750051791539665, 0.7500489707706777],
    "cc_spin_squared": [0.7500703269261177, 0.7500681776161602, 0.7500660812481068, 0.7500640377060601, 0.7531974839942368, 0.751043848355379, 0.7503394859720363, 0.7501242712702978, 0.7500517161174818, 0.7500243779802318, 0.7500129176337382, 0.7500076366993773, 0.7500049877226767, 0.75000356020346, 0.7500027410934877, 0.7500022395951045, 0.7500019083450344, 0.7500016674433181, 0.7500014731516536, 0.7500013036797482, 0.750001150537535]
}