{
    "schema_name": "pyscf_qa_output",
    "provenance": {
        "creator": "PySCF",
        "version": "1.7.6"
    },
    "molecule": {
        "geometry": [[0.0, 0.0, 0.0]],
        "symbols": [ "Na" ]
    },
    "molecular_charge": -1,
    "molecular_multiplicity": 1,
    "name": "na.chrg-1.mult1-pyscf-ccsdt.augccpv5z",
    "atomic_numbers": [ 11 ],
    "n_electrons": 12,
    "model": {
        "method": "CCSD(T)",
        "basis": "aug-cc-pV5Z",
        "scf_conv_tol": 1e-09,
        "scf_conv_tol_grad": 1e-06,
        "cc_conv_tol": 1e-07,
        "cc_conv_tol_normt": 1e-05
    },
    "broken_symmetry": false,
    "finite_diff_delta": 0.01,
    "finite_diff_acc": 2,
    "qa_lambdas": [-1.0, -0.75, -0.5, -0.25, -0.02, -0.01, 0.0, 0.01, 0.02, 0.25, 0.5, 0.75, 1.0, 1.25, 1.5, 1.75, 2.0, 2.25, 2.5, 2.75, 3.0],
    "electronic_energies": [-127.74804514291986, -136.0509516511765, -144.54876305490922, -153.1925001664526, -161.28783039260503, -161.64284119781382, -161.99809913792498, -162.35360337008814, -162.7093530546914, -170.9575288826622, -180.05946210465822, -189.29411264235625, -198.6521620346569, -208.1242884891323, -217.7011040700188, -227.37322571644006, -237.1313757138499, -246.96649372345166, -256.8698617826773, -266.8332380463573, -276.8489893839524],
    "qats_energies": {
        "0": [-161.99809913805325, -161.99809913805325, -161.99809913805325, -161.99809913805325, -161.99809913805325, -161.99809913805325, -161.99809913805325, -161.99809913805325, -161.99809913805325, -161.99809913805325, -161.99809913805325, -161.99809913805325, -161.99809913805325, -161.99809913805325, -161.99809913805325, -161.99809913805325, -161.99809913805325, -161.99809913805325, -161.99809913805325, -161.99809913805325, -161.99809913805325],
        "1": [-126.45999052433751, -135.34451767776645, -144.22904483119538, -153.11357198462431, -161.28733696577893, -161.6427180519161, -161.99809913805325, -162.3534802241904, -162.70886131032756, -170.88262629148218, -179.76715344491112, -188.65168059834005, -197.53620775176898, -206.42073490519792, -215.30526205862685, -224.18978921205579, -233.07431636548472, -241.95884351891365, -250.8433706723426, -259.7278978257715, -268.61242497920045],
        "2": [-127.69144950165298, -136.0372133525064, -144.53690957552425, -153.19053817070653, -161.28782954936986, -161.64284119781382, -161.99809913805325, -162.35360337008814, -162.7093538939185, -170.9595924775644, -180.07501818923998, -189.34437627308, -198.76766672908445, -208.34488955725334, -218.07604475758666, -227.9611323300844, -238.0001522747466, -248.19310459157322, -258.53998928056427, -269.04080634171976, -279.6955557750397],
        "3": [-127.83165468955701, -136.0963624161534, -144.55443522401225, -153.19272887676755, -161.28783067101136, -161.64284133801902, -161.99809913805325, -162.35360322988294, -162.709352772277, -170.95740177150338, -180.05749254075198, -189.285227209433, -198.62746154118042, -208.07105129962827, -217.60285224841056, -227.20972015116126, -236.87851077151436, -246.59607987310386, -256.3492832195638, -266.12497657452815, -275.91001570163087],
        "4": [-127.84835540444212, -136.10164662672253, -144.55547901869258, -153.19279411393507, -161.2878306736835, -161.64284133818603, -161.99809913805325, -162.35360323004997, -162.7093527749491, -170.95746700867093, -180.0585363354323, -189.2905114200021, -198.64416225606553, -208.1118245293282, -217.68739961751635, -227.36635459037655, -237.14572220967585, -247.02410092920195, -257.00165489476285, -267.080113944187, -277.26277360732354]
    },
    "qats_poly_coeffs": [ -161.99809913805325, -35.538108613715735, -1.2314589773154694, 0.14020518790403, -0.016700714885094687 ],
    "hf_energies": [-127.57440993868342, -135.88855403103867, -144.3877368568011, -153.04020693366755, -161.14406573177826, -161.49945356561392, -161.85509015235638, -162.2109747699323, -162.5671066841063, -170.8246322421382, -179.9375465540674, -189.1833224432682, -198.5520219394134, -208.03380576219615, -217.61888751694056, -227.29762266755336, -237.0606184028091, -246.89882824600545, -256.8036410266435, -266.76697467266195, -276.78137177863755],
    "triples_corrections": [-0.0025508001981067807, -0.0021839238077077, -0.00240211406384232, -0.0024897256502685637, -0.0024030371978536655, -0.002401197144511771, -0.0023994195048811355, -0.002397686423689726, -0.0023959811179684216, -0.0023409836599383635, -0.002211436382687142, -0.0020067936084331045, -0.0017508282224343308, -0.0014763881834156734, -0.0012142477707772004, -0.0009856551358506237, -0.000800208447741724, -0.0006580690969430543, -0.0005538702658216047, -0.00048022566680400993, -0.0004299920102842842],
    "scf_converged": [true, true, true, true, true, true, true, true, true, true, true, true, true, true, true, true, true, true, true, true, true],
    "cc_converged": [true, true, true, true, true, true, true, true, true, true, true, true, true, true, true, true, true, true, true, true, true],
    "t1_diagnostic": [0.014439718563053216, 0.02785928331766798, 0.029582126466535127, 0.028026273918863715, 0.02731303061716274, 0.027105256843382837, 0.026878124857547956, 0.026633061355555803, 0.026371865026184257, 0.019578594444212755, 0.014848846105114602, 0.011720788648705568, 0.00946949345788412, 0.007753907285839313, 0.006428721264485358, 0.005450074964733202, 0.004786517327257007, 0.004390026043282647, 0.004193862923323313, 0.004123131345689824, 0.004111873836874801]
}