{
    "schema_name": "pyscf_qa_output",
    "provenance": {
        "creator": "PySCF",
        "version": "1.7.6"
    },
    "molecule": {
        "geometry": [[0.0, 0.0, 0.0]],
        "symbols": [ "O" ]
    },
    "molecular_charge": -1,
    "molecular_multiplicity": 2,
    "name": "o.chrg-1.mult2-pyscf-uccsdt.augccpvtz",
    "atomic_numbers": [ 8 ],
    "n_electrons": 9,
    "model": {
        "method": "UCCSD(T)",
        "basis": "aug-cc-pVTZ",
        "scf_conv_tol": 1e-09,
        "scf_conv_tol_grad": 1e-06,
        "cc_conv_tol": 1e-05,
        "cc_conv_tol_normt": 1e-07
    },
    "broken_symmetry": false,
    "finite_diff_delta": 0.01,
    "finite_diff_acc": 2,
    "qa_lambdas": [-1.0, -0.75, -0.5, -0.25, -0.02, -0.01, 0.0, 0.01, 0.02, 0.25, 0.5, 0.75, 1.0, 1.25, 1.5, 1.75, 2.0, 2.25, 2.5, 2.75, 3.0],
    "electronic_energies": [-54.04847704572166, -58.97051022734757, -64.11454271462435, -69.47341656190079, -74.58668524348091, -74.81290990404797, -75.03945603410854, -75.26632304549851, -75.49351034103113, -80.80574117849436, -86.76218411616121, -92.8982513085356, -99.20439471912272, -105.67208481372904, -112.29346082648674, -119.06105380275825, -125.96763004078637, -133.00610523602055, -140.16948213064322, -147.4507929430812, -154.8430418993817],
    "qats_energies": {
        "0": [-75.03945603410857, -75.03945603410857, -75.03945603410857, -75.03945603410857, -75.03945603410857, -75.03945603410857, -75.03945603410857, -75.03945603410857, -75.03945603410857, -75.03945603410857, -75.03945603410857, -75.03945603410857, -75.03945603410857, -75.03945603410857, -75.03945603410857, -75.03945603410857, -75.03945603410857, -75.03945603410857, -75.03945603410857, -75.03945603410857, -75.03945603410857],
        "1": [-52.36879896158159, -58.036463229713334, -63.70412749784508, -69.37179176597682, -74.58604289265803, -74.8127494633833, -75.03945603410857, -75.26616260483384, -75.49286917555911, -80.70712030224031, -86.37478457037206, -92.0424488385038, -97.71011310663555, -103.37777737476729, -109.04544164289904, -114.71310591103078, -120.38077017916252, -126.04843444729427, -131.71609871542603, -137.38376298355774, -143.05142725168952],
        "2": [-53.973205608301825, -58.93894196849347, -64.10522915952514, -69.47206718139684, -74.58668465531672, -74.81290990404797, -75.03945603410857, -75.26632304549851, -75.4935109382178, -80.80739571766033, -86.77588623205212, -92.94492757728393, -99.31451975335578, -105.88466276026766, -112.65535659801957, -119.6266012666115, -126.79839676604347, -134.17074309631545, -141.7436402574275, -149.51708824937953, -157.49108707217164],
        "3": [-54.07198484731241, -58.980614459951056, -64.11757656440146, -69.47361060700638, -74.58668544555063, -74.81291000282721, -75.03945603410857, -75.26632294671927, -75.49351014798388, -80.80585229205079, -86.7635388271758, -92.90325508582634, -99.2157405143452, -105.69173455907512, -112.32197666635885, -119.09720628253916, -126.00816285395881, -133.04558582696055, -140.20021464788715, -147.46278876308133, -154.8240476188859],
        "4": [-54.03439133382503, -58.968719637324185, -64.1152269698085, -69.47346375734432, -74.58668543953567, -74.81291000245128, -75.03945603410857, -75.26632294634334, -75.49351014196893, -80.80570544238873, -86.76118923258284, -92.89136026319947, -99.17814700085782, -105.59995352028756, -112.13165950432897, -118.74462024393287, -125.40666663816066, -132.08210519418424, -138.73171802728618, -145.31276286085946, -151.77897302640775]
    },
    "qats_poly_coeffs": [ -75.03945603410857, -22.67065707252698, -1.6044066467202356, 0.09877923901058237, 0.037593513487384676 ],
    "hf_energies": [-53.772061668612096, -58.7231856052011, -63.858668840285645, -69.21843997610543, -74.33879336315275, -74.56534519872788, -74.79221787771155, -75.01941067013831, -75.24692284962443, -80.56622117396216, -86.52945498273414, -92.6719179483239, -98.9845884763789, -105.45922993730913, -112.08811336636091, -118.86381409251301, -125.77908718662435, -132.82678663630074, -139.99980206250802, -147.29100367064245, -154.6931985599369],
    "triples_corrections": [-0.0158854507716164, -0.011464520425338291, -0.01155358674951475, -0.011095488830988518, -0.009124067989160415, -0.009037488726685953, -0.008951616763484715, -0.00886649859236762, -0.008782175847533697, -0.007104979392342659, -0.0058047630455356465, -0.004839457758897609, -0.004061643818860428, -0.0034132529899479546, -0.0028754602621207494, -0.002437827035763647, -0.002086870814140712, -0.0018051354534046149, -0.0015741919301137397, -0.0013779443882695394, -0.001204700252693161],
    "scf_converged": [true, true, true, true, true, true, true, true, true, true, true, true, true, true, true, true, true, true, true, true, true],
    "cc_converged": [true, true, true, true, true, true, true, true, true, true, true, true, true, true, true, true, true, true, true, true, true],
    "scf_spin_squared": [0.8259118898185589, 1.594096216040417, 1.1816973209850565, 0.8317703091088937, 0.7716610602272329, 0.7707728555561122, 0.769942929459936, 0.7691666166172855, 0.7684396836929057, 0.7595479749640477, 0.7564551526653496, 0.7551274987210679, 0.7543762243013354, 0.7538589580220263, 0.7534585027808043, 0.7531285637883407, 0.7528474674373391, 0.7526029224193689, 0.752386744789542, 0.7521930838068558, 0.7520177196833346],
    "cc_spin_squared": [0.7526871143791962, 0.7826411469831513, 0.7657237587668986, 0.7541886601658514, 0.7515363171858409, 0.7514754421735428, 0.7514172412628839, 0.7513615871567396, 0.7513083601022132, 0.7505544240652844, 0.7502596154357546, 0.7501493786187297, 0.7501006525476623, 0.7500743145212776, 0.7500574687773889, 0.7500454191333912, 0.7500362924434554, 0.7500291571618698, 0.7500234975900639, 0.7500189750580033, 0.7500153551484345]
}