{
    "schema_name": "pyscf_apdft_output",
    "provenance": {
        "creator": "PySCF",
        "version": "1.7.6"
    },
    "molecule": {
        "geometry": [[0.0, 0.0, 0.0]],
        "symbols": [ "N" ]
    },
    "molecular_charge": 1,
    "molecular_multiplicity": 3,
    "name": "n.chrg1.mult3-pyscf-uccsdt.augccpvtz",
    "atomic_numbers": [ 7 ],
    "n_electrons": 6,
    "model": {
        "method": "UCCSD(T)",
        "basis": "aug-cc-pVTZ",
        "scf_conv_tol": 1e-09,
        "scf_conv_tol_grad": 1e-06,
        "cc_conv_tol": 1e-07,
        "cc_conv_tol_normt": 1e-05
    },
    "broken_symmetry": false,
    "finite_diff_delta": 0.01,
    "finite_diff_acc": 2,
    "apdft_lambdas": [-3.0, -2.75, -2.5, -2.25, -2.0, -1.75, -1.5, -1.25, -1.0, -0.75, -0.5, -0.25, -0.02, -0.01, 0.0, 0.01, 0.02, 0.25, 0.5, 0.75, 1.0],
    "electronic_energies": [-14.011399650889448, -16.272447686885435, -18.717345573371336, -21.355376361864398, -24.19392907656384, -27.237836243782574, -30.48847394719721, -33.94300555255962, -37.59500589118727, -41.4359833386947, -45.45641947832755, -49.646219144215344, -53.64148652441854, -53.81812042245565, -53.994992658668934, -54.17210257066664, -54.34944949668263, -58.49233359273839, -63.12806416547382, -67.89239508241722, -72.77598257556048],
    "apdft_energies": {
        "0": [-53.99499265866889, -53.99499265866889, -53.99499265866889, -53.99499265866889, -53.99499265866889, -53.99499265866889, -53.99499265866889, -53.99499265866889, -53.99499265866889, -53.99499265866889, -53.99499265866889, -53.99499265866889, -53.99499265866889, -53.99499265866889, -53.99499265866889, -53.99499265866889, -53.99499265866889, -53.99499265866889, -53.99499265866889, -53.99499265866889, -53.99499265866889],
        "1": [-0.8976704270206, -5.322447279657958, -9.747224132295315, -14.172000984932673, -18.59677783757003, -23.021554690207388, -27.446331542844746, -31.871108395482104, -36.29588524811946, -40.72066210075682, -45.14543895339418, -49.570215806031534, -53.6410105104579, -53.8180015845634, -53.99499265866889, -54.171983732774386, -54.34897480687988, -58.41976951130625, -62.84454636394361, -67.26932321658097, -71.69410006921832],
        "2": [-11.593080729708547, -14.309562881222135, -17.174592398050834, -20.188169280194643, -23.350293527653562, -26.660965140427592, -30.120184118516732, -33.72795046192098, -37.484264170640344, -41.389125244674815, -45.4425336840244, -49.64448948868909, -53.64148586202691, -53.81812042245565, -53.99499265866889, -54.17210257066664, -54.34945015844889, -58.494043193963805, -63.14164109457383, -67.93778636049896, -72.8824789917392],
        "3": [-14.572435972224682, -16.604425050081495, -18.898756311543963, -21.445084773131136, -24.233065451362044, -27.252353362755734, -30.49260352383125, -33.94347095110763, -37.5946106611039, -41.43567767033913, -45.45632699533234, -49.64621365260258, -53.64148674479883, -53.81812053280214, -53.99499265866889, -54.17210246032015, -54.34944927567697, -58.49231903005031, -63.127847783265885, -67.89123393483464, -72.77213250127565],
        "4": [-14.783500737889696, -16.753450861911233, -19.000542946220378, -21.51186698414233, -24.274757256925504, -27.276792333741543, -30.505795071685313, -33.949832615774895, -37.597216398951616, -41.43650214208001, -45.45648985394782, -49.64622383126605, -53.64148674521575, -53.818120532828196, -53.99499265866889, -54.1721024603462, -54.349449276093885, -58.49232920871378, -63.12801064188137, -67.89205840657553, -72.77473823912337]
    },
    "apdft_poly_coeff": [ -53.99499265866889, -17.69910741054943, -1.188378922520883, 0.11034649046356054, -0.0026057378477162274 ],
    "hf_energies": [-13.919919473618991, -16.173212135310337, -18.610641500446686, -21.242825510127787, -24.078209083391002, -27.12163668924602, -30.37342007344692, -33.8296815563806, -37.48356540818287, -41.32645355581242, -45.348732232101284, -49.540211790565834, -53.53683018868543, -53.7135183683519, -53.89044452036843, -54.06760798393913, -54.24500809902585, -58.389021281902615, -63.02581090041705, -67.79109995054642, -72.67562718112119],
    "triples_corrections": [-0.0023457932226953844, -0.002802656447885403, -0.0032501977924702056, -0.0035891898780551, -0.0036853835267536225, -0.0034794146590147877, -0.003110001698852759, -0.002759765095596007, -0.002484415417562164, -0.0022659067758237193, -0.00208154189747105, -0.001918246067332926, -0.0017810284417174736, -0.0017752972738315853, -0.001769584151131715, -0.0017638889111711293, -0.0017582113939348957, -0.0016321815512902107, -0.0015038275327065042, -0.0013828315074238806, -0.0012679351183599453],
    "scf_converged": [true, true, true, true, true, true, true, true, true, true, true, true, true, true, true, true, true, true, true, true, true],
    "cc_converged": [true, true, true, true, true, true, true, true, true, true, true, true, true, true, true, true, true, true, true, true, true],
    "scf_spin_squared": [2.0140920729394844, 2.0119394116220164, 2.0093931155598512, 2.008822792434479, 2.0106305676734246, 2.012716244843826, 2.013097757646887, 2.011985306086888, 2.0104947399072803, 2.009233064889823, 2.008283816808869, 2.007550852843986, 2.0069835140499785, 2.006960346509685, 2.0069372806962766, 2.006914314474127, 2.0068914457963745, 2.006388831223779, 2.0058849772670326, 2.005420824809801, 2.004994327410782],
    "cc_spin_squared": [2.0002572026900394, 2.0003418993323376, 2.0004156276992413, 2.0004338617726765, 2.0004090118330424, 2.0003635419317023, 2.000304404926741, 2.0002406472060557, 2.000185071257887, 2.0001427977859234, 2.00011234057526, 2.0000904775111454, 2.000075493604413, 2.00007492584691, 2.0000743641149747, 2.0000738083077865, 2.0000732583264362, 2.000062015552143, 2.0000521794770587, 2.0000441015139634, 2.000037329299158]
}