{
    "schema_name": "pyscf_qa_output",
    "provenance": {
        "creator": "PySCF",
        "version": "1.7.6"
    },
    "molecule": {
        "geometry": [[0.0, 0.0, 0.0]],
        "symbols": [ "Cl" ]
    },
    "molecular_charge": 1,
    "molecular_multiplicity": 3,
    "name": "cl.chrg1.mult3-pyscf-uccsdt.augccpvqz",
    "atomic_numbers": [ 17 ],
    "n_electrons": 16,
    "model": {
        "method": "UCCSD(T)",
        "basis": "aug-cc-pVQZ",
        "scf_conv_tol": 1e-09,
        "scf_conv_tol_grad": 1e-06,
        "cc_conv_tol": 1e-07,
        "cc_conv_tol_normt": 1e-05
    },
    "broken_symmetry": false,
    "finite_diff_delta": 0.01,
    "finite_diff_acc": 2,
    "qa_lambdas": [-3.0, -2.75, -2.5, -2.25, -2.0, -1.75, -1.5, -1.25, -1.0, -0.75, -0.5, -0.25, -0.02, -0.01, 0.0, 0.01, 0.02, 0.25, 0.5, 0.75, 1.0],
    "electronic_energies": [-280.18948490106135, -293.9004427089326, -307.8771579344942, -322.10573259126517, -336.5724744909552, -351.26358608246505, -366.1651541135301, -381.2635861491252, -396.5459831352858, -412.00021025892096, -427.61481386150376, -443.378933866922, -458.00510135832553, -458.64357486452786, -459.2822559795581, -459.92114409348414, -460.560238597729, -475.31499650997443, -491.46790044529934, -507.7322418231768, -524.0998194076275],
    "qats_energies": {
        "0": [-459.2822559795577, -459.2822559795577, -459.2822559795577, -459.2822559795577, -459.2822559795577, -459.2822559795577, -459.2822559795577, -459.2822559795577, -459.2822559795577, -459.2822559795577, -459.2822559795577, -459.2822559795577, -459.2822559795577, -459.2822559795577, -459.2822559795577, -459.2822559795577, -459.2822559795577, -459.2822559795577, -459.2822559795577, -459.2822559795577, -459.2822559795577],
        "1": [-267.6468716361155, -283.61648699806904, -299.58610236002255, -315.55571772197607, -331.5253330839296, -347.4949484458831, -363.4645638078366, -379.4341791697901, -395.40379453174364, -411.37340989369716, -427.3430252556507, -443.3126406176042, -458.0046867506014, -458.64347136507956, -459.2822559795577, -459.92104059403584, -460.559825208514, -475.2518713415112, -491.22148670346473, -507.19110206541825, -523.1607174273718],
        "2": [-276.96182198317683, -291.44363277580806, -306.05481787881513, -320.79537729219805, -335.66531101595683, -350.66461905009146, -365.79330139460194, -381.0513580494883, -396.43878901475045, -411.9555942903885, -427.6017738764024, -443.3773277727921, -458.0051007483946, -458.64357486452786, -459.2822559795577, -459.92114409348414, -460.5602392063072, -475.31655849669914, -491.48023532421644, -507.7732864621096, -524.1957119103786],
        "3": [-279.70346748580096, -293.55539791700755, -307.6414182854263, -321.9520089886176, -336.47765042414176, -351.2088229895591, -366.13600708242996, -381.24968310031466, -396.54033144077357, -411.998432501367, -427.61446667965527, -443.3789143731987, -458.00510156073403, -458.6435749660703, -459.2822559795577, -459.92114399194173, -460.5602383939678, -475.31497189629255, -491.46754252096355, -507.73044825113107, -524.0941694843555],
        "4": [-280.16002387849267, -293.87775720256883, -307.8615940149266, -322.09646628474275, -336.56783440294504, -351.2616871822121, -366.1645418569732, -381.26344408340844, -396.54596793944876, -412.00021592477594, -427.61481896082245, -443.3789363907717, -458.00510156163585, -458.64357496612666, -459.2822559795577, -459.92114399199806, -460.5602383948696, -475.31499391386546, -491.46789480213073, -507.73223167454, -524.0998059830307]
    },
    "qats_poly_coeffs": [ -459.2822559795577, -63.87846144781406, -1.0349944830068125, 0.10154242602311568, -0.005636498675206288 ],
    "hf_energies": [-279.86346551235744, -293.58048629745394, -307.56505522192566, -321.8028575839627, -336.2796458327021, -350.9809774167861, -365.89253643406823, -381.0005244363508, -396.29190483415925, -411.75443519848136, -427.37658911730637, -443.147473329707, -457.7791721475563, -458.41787142914404, -459.05677711379127, -459.6958885943843, -460.3352052652147, -475.0947490049996, -491.2521862635318, -507.5204266162274, -523.8913379352241],
    "triples_corrections": [-0.010874619418620755, -0.01093118409927701, -0.01069478018405805, -0.010224300971104463, -0.00962427606783673, -0.009033045375704832, -0.008510808623714729, -0.00805036147434325, -0.007632561903170492, -0.007246834630657117, -0.006889947438805846, -0.006561485549051032, -0.006284144131418657, -0.006272614985711578, -0.006261129191755644, -0.006249686646735475, -0.006238287245620112, -0.0059877396048699846, -0.005739343543012676, -0.00551349803393819, -0.00530761916013484],
    "scf_converged": [true, true, true, true, true, true, true, true, true, true, true, true, true, true, true, true, true, true, true, true, true],
    "cc_converged": [true, true, true, true, true, true, true, true, true, true, true, true, true, true, true, true, true, true, true, true, true],
    "scf_spin_squared": [2.0469035272966387, 2.070026460807159, 2.05463229100652, 2.032752364293067, 2.022473499436134, 2.018149443192642, 2.0159589272034815, 2.0145856527650263, 2.013587047657942, 2.012796819113241, 2.0121426460900516, 2.0115887160888644, 2.011150165281272, 2.01113246211505, 2.0111148662253697, 2.011097376905645, 2.0110799934549535, 2.010707856229039, 2.0103574960384405, 2.010054928552494, 2.0097921922848796],
    "cc_spin_squared": [2.003295670764294, 2.0044217019116775, 2.00425493841071, 2.0031243178803453, 2.002011102756357, 2.001294351760855, 2.0009090228188064, 2.000704903415797, 2.000586390785623, 2.0005082648426957, 2.0004512457953223, 2.0004068145976936, 2.000373540160344, 2.000372226341243, 2.000370922580774, 2.000369628767943, 2.0003683447937477, 2.0003413121348634, 2.0003165012673083, 2.0002954536848274, 2.000277366269711]
}