{
    "schema_name": "pyscf_apdft_output",
    "provenance": {
        "creator": "PySCF",
        "version": "1.7.6"
    },
    "molecule": {
        "geometry": [[0.0, 0.0, 0.0]],
        "symbols": [ "Si" ]
    },
    "molecular_charge": 2,
    "molecular_multiplicity": 3,
    "name": "si.chrg2.mult3-pyscf-uccsdt.augccpv5z",
    "atomic_numbers": [ 14 ],
    "n_electrons": 12,
    "model": {
        "method": "UCCSD(T)",
        "basis": "aug-cc-pV5Z",
        "scf_conv_tol": 1e-09,
        "scf_conv_tol_grad": 1e-06,
        "cc_conv_tol": 1e-07,
        "cc_conv_tol_normt": 1e-05
    },
    "broken_symmetry": false,
    "finite_diff_delta": 0.01,
    "finite_diff_acc": 2,
    "apdft_lambdas": [-4.0, -3.75, -3.5, -3.25, -3.0, -2.75, -2.5, -2.25, -2.0, -1.75, -1.5, -1.25, -1.0, -0.75, -0.5, -0.25, -0.02, -0.01, 0.0, 0.01, 0.02],
    "electronic_energies": [-120.34033090399659, -128.8867813756583, -137.74288597007464, -146.9408453727349, -156.39714624977788, -166.1292031648811, -176.12493845600352, -186.37180539191004, -196.85659879324865, -207.56641722401224, -218.4894073700427, -229.61480984843058, -240.9328541088058, -252.43469907945504, -264.1123823271531, -275.958743945143, -287.00081265041456, -287.48394497311415, -287.9673277731522, -288.4509606926351, -288.9348433750769],
    "apdft_energies": {
        "0": [-287.9673277731847, -287.9673277731847, -287.9673277731847, -287.9673277731847, -287.9673277731847, -287.9673277731847, -287.9673277731847, -287.9673277731847, -287.9673277731847, -287.9673277731847, -287.9673277731847, -287.9673277731847, -287.9673277731847, -287.9673277731847, -287.9673277731847, -287.9673277731847, -287.9673277731847, -287.9673277731847, -287.9673277731847, -287.9673277731847, -287.9673277731847],
        "1": [-94.56418386899873, -106.65188036301035, -118.73957685702197, -130.8272733510336, -142.91496984504522, -155.00266633905684, -167.09036283306847, -179.1780593270801, -191.26575582109172, -203.35345231510334, -215.44114880911496, -227.5288453031266, -239.6165417971382, -251.70423829114984, -263.79193478516146, -275.87963127917305, -287.0003120536638, -287.4838199134242, -287.9673277731847, -288.4508356329452, -288.93434349270564],
        "2": [-114.57373425411038, -124.23839925617489, -134.05938887062308, -144.03670309745496, -154.17034193667052, -164.46030538826977, -174.9065934522527, -185.50920612861933, -196.26814341736963, -207.18340531850362, -218.2549918320213, -229.48290295792265, -240.8671386962077, -252.40769904687642, -264.10458400992883, -275.9577935853649, -287.0008122924234, -287.48394497311415, -287.9673277731847, -288.4509606926351, -288.93484373146526],
        "3": [-118.38375823279276, -127.37776227571908, -136.61180727821693, -146.08031215047382, -155.77769580267716, -165.69837714501446, -175.8367750876732, -186.1873085408409, -196.7443964147049, -207.50245761945285, -218.45591106527212, -229.5991756623502, -240.9266703208746, -252.43281395103276, -264.1120254630122, -275.9587237670003, -287.0008127686764, -287.48394503264575, -287.9673277731847, -288.4509606331035, -288.9348432552123],
        "4": [-120.0933657402054, -128.69839338019244, -137.61394781173692, -146.8253698289896, -156.31862630306944, -166.08031018206324, -176.09764049102597, -186.3584623319806, -196.85124688391824, -207.56509140279786, -218.48971922154664, -229.61547975005976, -240.93334847520043, -252.43492696079994, -264.1124428476576, -275.95874985354067, -287.0008127697449, -287.48394503271254, -287.9673277731847, -288.4509606331702, -288.9348432562808]
    },
    "apdft_poly_coeff": [ -287.9673277731847, -48.350785976046495, -1.2505968990694782, 0.059531624666912336, -0.006678154325830595 ],
    "hf_energies": [-120.05172420949498, -128.608032330587, -137.47290211548568, -146.67759422571896, -156.14074060419847, -165.87951036936218, -175.8822127344326, -186.1363066923986, -196.62854551865388, -207.34603347364742, -218.27689316633519, -229.41030322610905, -240.73641617423468, -252.24631777145848, -263.9319863544646, -275.786219781198, -286.8354079998483, -287.31884701073443, -287.80253625601586, -288.28647537745485, -288.7706640181226],
    "triples_corrections": [-0.004544412227833624, -0.003955921288219828, -0.0034812598126987586, -0.0032339257314213006, -0.0029604114232728504, -0.002728330353966599, -0.0025157121004691627, -0.0023222487836342463, -0.0021495586429049153, -0.0019934729449217936, -0.0018489561597230908, -0.0017124274418757455, -0.0015818432551286353, -0.0014563686405126685, -0.0013360044005851109, -0.0012212492246324329, -0.001121228235724539, -0.001117009161754375, -0.0011128012490511843, -0.0011086045372950524, -0.0011044190667003021],
    "scf_converged": [true, true, true, true, true, true, true, true, true, true, true, true, true, true, true, true, true, true, true, true, true],
    "cc_converged": [true, true, true, true, true, true, true, true, true, true, true, true, true, true, true, true, true, true, true, true, true],
    "scf_spin_squared": [2.000000798271656, 2.000000560038181, 2.000000537129643, 2.0000086120819205, 2.0000134214222616, 2.000019728797164, 2.0000268845660356, 2.000034576390714, 2.000042164696133, 2.0000490094069914, 2.0000547200898753, 2.0000590827186144, 2.00006204191293, 2.0000636853364213, 2.0000641917484865, 2.0000637739280114, 2.000062755182105, 2.0000626995995416, 2.000062643176747, 2.0000625859253294, 2.0000625278568673],
    "cc_spin_squared": [2.0000001162712455, 2.0000001242883134, 2.000000179991781, 2.0000010334618, 2.000001480076688, 2.000001903122276, 2.0000021640973595, 2.0000022966112025, 2.000002362044148, 2.000002376321887, 2.000002344324544, 2.0000022735438434, 2.0000021735168674, 2.0000020537400856, 2.0000019223256276, 2.000001785592034, 2.000001659226689, 2.0000016537688126, 2.0000016483157, 2.0000016428676504, 2.000001637424804]
}