{
    "schema_name": "pyscf_qa_output",
    "provenance": {
        "creator": "PySCF",
        "version": "1.7.6"
    },
    "molecule": {
        "geometry": [[0.0, 0.0, 0.0]],
        "symbols": [ "F" ]
    },
    "molecular_charge": 1,
    "molecular_multiplicity": 1,
    "name": "f.chrg1.mult1-pyscf-ccsdt.augccpv5z",
    "atomic_numbers": [ 9 ],
    "n_electrons": 8,
    "model": {
        "method": "CCSD(T)",
        "basis": "aug-cc-pV5Z",
        "scf_conv_tol": 1e-09,
        "scf_conv_tol_grad": 1e-06,
        "cc_conv_tol": 1e-07,
        "cc_conv_tol_normt": 1e-05
    },
    "broken_symmetry": false,
    "finite_diff_delta": 0.01,
    "finite_diff_acc": 2,
    "qa_lambdas": [-3.0, -2.75, -2.5, -2.25, -2.0, -1.75, -1.5, -1.25, -1.0, -0.75, -0.5, -0.25, -0.02, -0.01, 0.0, 0.01, 0.02, 0.25, 0.5, 0.75, 1.0],
    "electronic_energies": [-37.589295964113425, -41.49569080473619, -45.614040192445785, -49.94924441627268, -54.50548347724561, -59.28514205792544, -64.28835586423763, -69.51414856109335, -74.96161433596414, -80.63015540993598, -86.51935376587423, -92.62884840682611, -98.44383316653938, -98.7008764514695, -98.9582709997049, -99.21601678204667, -99.47411377035725, -105.50720811480612, -112.27516368424303, -119.26151877936951, -126.4654945036899],
    "qats_energies": {
        "0": [-98.95827099958403, -98.95827099958403, -98.95827099958403, -98.95827099958403, -98.95827099958403, -98.95827099958403, -98.95827099958403, -98.95827099958403, -98.95827099958403, -98.95827099958403, -98.95827099958403, -98.95827099958403, -98.95827099958403, -98.95827099958403, -98.95827099958403, -98.95827099958403, -98.95827099958403, -98.95827099958403, -98.95827099958403, -98.95827099958403, -98.95827099958403],
        "1": [-21.687221413008828, -28.12647554522343, -34.56572967743803, -41.00498380965263, -47.44423794186723, -53.88349207408183, -60.32274620629643, -66.76200033851103, -73.20125447072563, -79.64050860294023, -86.07976273515483, -92.51901686736943, -98.44313066900686, -98.70070083429545, -98.95827099958403, -99.21584116487261, -99.4734113301612, -105.39752513179863, -111.83677926401323, -118.27603339622783, -124.71528752844243],
        "2": [-37.492767077599964, -41.40752433283126, -45.54180305562632, -49.89560324598514, -54.468924903907734, -59.26176802939409, -64.27413262244421, -69.5060186830581, -74.95742621123576, -80.62835520697718, -86.51880567028236, -92.62877760115131, -98.44383313770307, -98.7008764514695, -98.95827099958403, -99.21601678204667, -99.4741137988574, -105.50728586558051, -112.27582219914076, -119.26388000026478, -126.47145926895256],
        "3": [-37.621774122646556, -41.50689260653324, -45.616459910398646, -49.95002809311417, -54.507149213551166, -59.287375330581, -64.29025850307504, -69.51535078990464, -74.96220424994118, -80.63037094205603, -86.51940292512054, -92.62885225800609, -98.44383317592738, -98.70087645624754, -98.95827099958403, -99.21601677726862, -99.47411376063309, -105.50721120872574, -112.27522494430258, -119.26186426518592, -126.46668123024713],
        "4": [-37.73525135026112, -41.58701510313358, -45.67118465365414, -49.9859329971641, -54.529564468388614, -59.30051474143664, -64.29735082980095, -69.51877108635811, -74.96360520336853, -80.6308142124764, -86.51949048470975, -92.6288577304804, -98.44383317615153, -98.70087645626154, -98.95827099958403, -99.21601677728263, -99.47411376085725, -105.50721668120006, -112.2753125038918, -119.2623075356063, -126.46808218367447]
    },
    "qats_poly_coeffs": [ -98.95827099958403, -25.7570165288584, -1.7561717405101263, 0.004778038705429329, -0.0014009534273403308 ],
    "hf_energies": [-37.34162268490624, -41.239005199500625, -45.352161240140305, -49.68516901386184, -54.240629783648515, -59.019457182349385, -64.02127084404852, -69.2452405373421, -74.69067147837879, -80.35709659723143, -86.24417006962832, -92.3515756364252, -98.16469795945137, -98.42166188723141, -98.67897722355403, -98.93664394131011, -99.19466201316257, -105.22598479640756, -111.99211880887236, -118.97677207774802, -126.17917376832261],
    "triples_corrections": [-0.013036808329688274, -0.013796977943215712, -0.014013231817050161, -0.013547449846026419, -0.012752792240451583, -0.012147706525660829, -0.011891977319584204, -0.011882980693424562, -0.012018448349225684, -0.012239023409021114, -0.012512199864302062, -0.012818307062407303, -0.013117115644004423, -0.01313034416254109, -0.013143587812422234, -0.013156846417963084, -0.01317011916999069, -0.013478197247620132, -0.01381508390529421, -0.01414896530490301, -0.014475855953959697],
    "scf_converged": [true, true, true, true, true, true, true, true, true, true, true, true, true, true, true, true, true, true, true, true, true],
    "cc_converged": [true, true, true, true, true, true, true, true, true, true, true, true, true, true, true, true, true, true, true, true, true],
    "t1_diagnostic": [0.015210000641481727, 0.012955047522490935, 0.014098565200425255, 0.014276770093743002, 0.012172992188229205, 0.009164124461133688, 0.006773992753077131, 0.0053181973459458225, 0.004475457799118034, 0.003949349542414105, 0.003584833447892507, 0.0033100934805140006, 0.003106114214616653, 0.0030980325438503295, 0.0030900081130625216, 0.0030820396308406037, 0.0030741265291449496, 0.002905663033974505, 0.002746186200514303, 0.0026050138165748136, 0.0024780318149494533]
}