{
    "schema_name": "pyscf_apdft_output",
    "provenance": {
        "creator": "PySCF",
        "version": "1.7.6"
    },
    "molecule": {
        "geometry": [[0.0, 0.0, 0.0]],
        "symbols": [ "Li" ]
    },
    "molecular_charge": 0,
    "molecular_multiplicity": 2,
    "name": "li.chrg0.mult2-pyscf-uccsd.augccpvtz",
    "atomic_numbers": [ 3 ],
    "n_electrons": 3,
    "model": {
        "method": "UCCSD",
        "basis": "aug-cc-pVTZ",
        "scf_conv_tol": 1e-09,
        "scf_conv_tol_grad": 1e-06,
        "cc_conv_tol": 1e-07,
        "cc_conv_tol_normt": 1e-05
    },
    "broken_symmetry": false,
    "finite_diff_delta": 0.01,
    "finite_diff_acc": 2,
    "apdft_lambdas": [-2.0, -1.75, -1.5, -1.25, -1.0, -0.75, -0.5, -0.25, -0.02, -0.01, 0.0, 0.01, 0.02, 0.25, 0.5, 0.75, 1.0, 1.25, 1.5, 1.75, 2.0],
    "electronic_energies": [-0.42350203288343374, -0.8412281052933346, -1.3820003519869033, -2.051950029934938, -2.854560871252785, -3.8000886218819403, -4.873938420126043, -6.08947404178596, -7.332497266946018, -7.389208548721075, -7.446138437396573, -7.503286367732469, -7.5606517551774015, -8.938474409544712, -10.554785974751054, -12.280105812718377, -14.099571295446003, -16.000713763411827, -17.974122350795753, -20.011828942652116, -22.104617360695983],
    "apdft_energies": {
        "0": [-7.446138437396573, -7.446138437396573, -7.446138437396573, -7.446138437396573, -7.446138437396573, -7.446138437396573, -7.446138437396573, -7.446138437396573, -7.446138437396573, -7.446138437396573, -7.446138437396573, -7.446138437396573, -7.446138437396573, -7.446138437396573, -7.446138437396573, -7.446138437396573, -7.446138437396573, -7.446138437396573, -7.446138437396573, -7.446138437396573, -7.446138437396573],
        "1": [3.9616434637428073, 2.5356707261003857, 1.1096979884579623, -0.3162747491844602, -1.7422474868268827, -3.168220224469305, -4.594192962111728, -6.02016569975415, -7.332060618385179, -7.389099527890876, -7.446138437396573, -7.50317734690227, -7.5602162564079665, -8.872111175038995, -10.298083912681417, -11.72405665032384, -13.150029387966264, -14.576002125608685, -16.001974863251107, -17.427947600893532, -18.853920338535954],
        "2": [-0.39918974421862696, -0.8030921987450883, -1.3432706910203445, -2.0197252210443954, -2.8324557888172412, -3.781462394338882, -4.866745037609317, -6.088303718628548, -7.332496701705975, -7.389208548721075, -7.446138437396573, -7.503286367732469, -7.560652339728763, -8.940249193913392, -10.570635988179006, -12.337298820193418, -14.240237689956622, -16.27945259746862, -18.454943542729414, -20.766710525739004, -23.214753546497388],
        "3": [-1.165717347091321, -1.3166058077008183, -1.6666495234822625, -2.206865749089487, -2.9282717391763278, -3.821884748396622, -4.8787220314042035, -6.089800842852908, -7.332497468233578, -7.3892086445370255, -7.446138437396573, -7.503286271916518, -7.560651573201159, -8.938752069689032, -10.558658994384121, -12.296876466135677, -14.144421739597535, -16.092312069423528, -18.131564710267497, -20.253196916783274, -22.448225943624692],
        "4": [0.12170408163189439, -0.5619430024360623, -1.2593013370503074, -2.010420828935187, -2.8478078998811274, -3.7964254867446248, -4.873693041448253, -6.089486530980661, -7.332497455359364, -7.3892086437323865, -7.446138437396573, -7.50328627111188, -7.560651560326946, -8.938437757816786, -10.553630004428172, -12.27141720448368, -14.063957900302334, -15.895867149269229, -17.72421652383554, -19.498534111518516, -21.16080451490148]
    },
    "apdft_poly_coeff": [ -7.446138437396573, -5.70389095056969, -1.0902083019903586, 0.0958159503590868, 0.080463839295201 ],
    "hf_energies": [-0.3850313273934002, -0.80459255471878, -1.3515322879093001, -2.029257722095433, -2.836150988083733, -3.7828055220280046, -4.857016253385257, -6.07368129418642, -7.31883659521067, -7.375660980553222, -7.432705326701299, -7.489969017532258, -7.547451416600174, -8.928182951843368, -10.54761089633423, -12.275450150694049, -14.096692950187036, -15.99899087001879, -17.97311734356925, -20.011254079381764, -22.1042884783095],
    "scf_converged": [true, true, true, true, true, true, true, true, true, true, true, true, true, true, true, true, true, true, true, true, true],
    "cc_converged": [true, true, true, true, true, true, true, true, true, true, true, true, true, true, true, true, true, true, true, true, true],
    "scf_spin_squared": [0.7567691298786426, 0.7500426154263979, 0.7500029454917363, 0.7500004004278046, 0.7500001014508008, 0.7500010310626332, 0.7500042699578846, 0.750009436890001, 0.7500140339169493, 0.7500142012980396, 0.7500143645741372, 0.7500145228471565, 0.7500146776605762, 0.7500169430375146, 0.7500171247480087, 0.7500162924568693, 0.750015067151707, 0.7500131923905887, 0.7500102181899247, 0.7500064772690962, 0.7500032109082074],
    "cc_spin_squared": [0.7544237051084565, 0.7500128671789178, 0.7500005030968193, 0.7500000370413031, 0.7500000044002053, 0.750000023501087, 0.7500000608794517, 0.7500000787780373, 0.7500000635431027, 0.7500000625195327, 0.7500000614817546, 0.7500000604314307, 0.7500000593706261, 0.7500000353410056, 0.7500000172128153, 0.7500000078857527, 0.7500000035807098, 0.7500000016335627, 0.7500000007365618, 0.7500000003199159, 0.7500000001332592]
}