{
    "schema_name": "pyscf_qa_output",
    "provenance": {
        "creator": "PySCF",
        "version": "1.7.6"
    },
    "molecule": {
        "geometry": [[0.0, 0.0, 0.0]],
        "symbols": [ "N" ]
    },
    "molecular_charge": 1,
    "molecular_multiplicity": 1,
    "name": "n.chrg1.mult1-pyscf-ccsdt.augccpvtz",
    "atomic_numbers": [ 7 ],
    "n_electrons": 6,
    "model": {
        "method": "CCSD(T)",
        "basis": "aug-cc-pVTZ",
        "scf_conv_tol": 1e-09,
        "scf_conv_tol_grad": 1e-06,
        "cc_conv_tol": 1e-07,
        "cc_conv_tol_normt": 1e-05
    },
    "broken_symmetry": false,
    "finite_diff_delta": 0.01,
    "finite_diff_acc": 2,
    "qa_lambdas": [-3.0, -2.75, -2.5, -2.25, -2.0, -1.75, -1.5, -1.25, -1.0, -0.75, -0.5, -0.25, -0.02, -0.01, 0.0, 0.01, 0.02, 0.25, 0.5, 0.75, 1.0],
    "electronic_energies": [-13.988310159108744, -16.25011376118005, -18.69496608540569, -21.331459831177803, -24.166448155362183, -27.204818865130107, -30.448823522110132, -33.89668685523347, -37.54237033799434, -41.377243200989035, -45.391605012618335, -49.57527921122396, -53.564841731884215, -53.74122575587137, -53.917847947731914, -54.094707642658385, -54.2718041764254, -58.40887474572903, -63.038140560480976, -67.79582273074267, -72.67257860640758],
    "qats_energies": {
        "0": [-53.91784794773195, -53.91784794773195, -53.91784794773195, -53.91784794773195, -53.91784794773195, -53.91784794773195, -53.91784794773195, -53.91784794773195, -53.91784794773195, -53.91784794773195, -53.91784794773195, -53.91784794773195, -53.91784794773195, -53.91784794773195, -53.91784794773195, -53.91784794773195, -53.91784794773195, -53.91784794773195, -53.91784794773195, -53.91784794773195, -53.91784794773195],
        "1": [-0.8955649296795869, -5.314088514517287, -9.73261209935498, -14.151135684192674, -18.569659269030375, -22.98818285386807, -27.40670643870577, -31.825230023543465, -36.24375360838116, -40.662277193218856, -45.080800778056556, -49.49932436289426, -53.564366060944934, -53.741107004338446, -53.91784794773195, -54.094588891125454, -54.271329834518966, -58.33637153256964, -62.754895117407344, -67.17341870224504, -71.59194228708273],
        "2": [-11.583202893115335, -14.294673192126488, -17.154582907296472, -20.162932038625286, -23.31972058611293, -26.624948549759402, -30.078615929564705, -33.68072272552884, -37.4312689376518, -41.33025456593359, -45.377679610374216, -49.57354407097367, -53.56484106707664, -53.74122575587137, -53.91784794773195, -54.094707642658385, -54.271804840650674, -58.41059124064906, -63.051773949725, -67.84139607495977, -72.77945761635337],
        "3": [-14.573526801606967, -16.597984026734338, -18.885094428414313, -21.424474937520195, -24.205742484925263, -27.21851400150282, -30.45240641812616, -33.897036665668566, -37.54202167500334, -41.37697837700377, -45.39152370254316, -49.575274582494785, -53.564841953098544, -53.741225866624106, -53.91784794773195, -54.09470753190565, -54.27180395462877, -58.408860729127944, -63.03792985755606, -67.7946722638896, -72.66870487900184],
        "4": [-14.770049599641915, -16.73674223883068, -18.97986815431851, -21.48665597908594, -24.244561803055625, -27.24126917309242, -30.464689093003344, -33.90296002353758, -37.54444788238649, -41.377746044183596, -45.391675340504605, -49.57528405986738, -53.564841953486734, -53.74122586664837, -53.91784794773195, -54.09470753192991, -54.27180395501697, -58.40887020650054, -63.03808149551751, -67.79543993106941, -72.67113108638497]
    },
    "qats_poly_coeffs": [ -53.91784794773195, -17.674094339350788, -1.1875153292706386, 0.11075273735154191, -0.0024262073831475086 ],
    "hf_energies": [-13.881693182894143, -16.13459447886422, -18.57049070252656, -21.199023160152283, -24.027928819723936, -27.062357488427555, -30.303938196824042, -33.75011823374982, -37.39453532613446, -41.22839800580202, -45.24181431099647, -49.42445358604036, -53.412922198668014, -53.58925543598846, -53.76582658377133, -53.94263497956214, -54.11967996161859, -58.25550255732112, -62.88331883158834, -67.63953475285874, -72.51489445452067],
    "triples_corrections": [-0.003690132403537656, -0.004129352809524452, -0.004499779190299636, -0.00486158821226218, -0.005224618216232947, -0.005533097245501459, -0.005749621431126973, -0.005897871709036502, -0.006001134640672751, -0.006062509742441658, -0.006077484709299658, -0.006041816896129675, -0.005964930520663002, -0.005960680042679856, -0.005956356978381086, -0.005951961694674495, -0.005947494557420288, -0.005825710294922905, -0.005654520539302432, -0.005444528390126522, -0.005194866182845504],
    "scf_converged": [true, true, true, true, true, true, true, true, true, true, true, true, true, true, true, true, true, true, true, true, true],
    "cc_converged": [true, true, true, true, true, true, true, true, true, true, true, true, true, true, true, true, true, true, true, true, true],
    "t1_diagnostic": [0.02450129425715595, 0.02570637074641565, 0.024489691795911445, 0.020589574864601872, 0.015354659956385892, 0.01135327107167368, 0.00941825394820308, 0.008450487442976556, 0.007638277721291037, 0.006885715988820357, 0.006254594886400422, 0.005734598183961468, 0.005323998673539028, 0.005307257066849355, 0.005290597431104931, 0.005274018780360774, 0.0052575201709165915, 0.004898540307266877, 0.00454952496007299, 0.004242178661442916, 0.0039751873958157515]
}