{
    "schema_name": "pyscf_qa_output",
    "provenance": {
        "creator": "PySCF",
        "version": "1.7.6"
    },
    "molecule": {
        "geometry": [[0.0, 0.0, 0.0]],
        "symbols": [ "Al" ]
    },
    "molecular_charge": -1,
    "molecular_multiplicity": 1,
    "name": "al.chrg-1.mult1-pyscf-ccsdt.augccpvqz",
    "atomic_numbers": [ 13 ],
    "n_electrons": 14,
    "model": {
        "method": "CCSD(T)",
        "basis": "aug-cc-pVQZ",
        "scf_conv_tol": 1e-09,
        "scf_conv_tol_grad": 1e-06,
        "cc_conv_tol": 1e-07,
        "cc_conv_tol_normt": 1e-05
    },
    "broken_symmetry": false,
    "finite_diff_delta": 0.01,
    "finite_diff_acc": 2,
    "qa_lambdas": [-1.0, -0.75, -0.5, -0.25, -0.02, -0.01, 0.0, 0.01, 0.02, 0.25, 0.5, 0.75, 1.0, 1.25, 1.5, 1.75, 2.0, 2.25, 2.5, 2.75, 3.0],
    "electronic_energies": [-198.4015260536645, -209.06912922272787, -219.89470183661766, -230.86390998969267, -241.07197682177528, -241.51821269096575, -241.96464319409765, -242.4112674617517, -242.85808460152734, -253.18576651940174, -264.51180013032143, -275.9283264074012, -287.4237198462212, -298.9880541040772, -310.6126419026425, -322.2898609995718, -334.013047743552, -345.77642153607883, -357.57502800503454, -369.4046741755143, -381.26185143260136],
    "qats_energies": {
        "0": [-241.96464319409873, -241.96464319409873, -241.96464319409873, -241.96464319409873, -241.96464319409873, -241.96464319409873, -241.96464319409873, -241.96464319409873, -241.96464319409873, -241.96464319409873, -241.96464319409873, -241.96464319409873, -241.96464319409873, -241.96464319409873, -241.96464319409873, -241.96464319409873, -241.96464319409873, -241.96464319409873, -241.96464319409873, -241.96464319409873, -241.96464319409873],
        "1": [-197.31190465480185, -208.47508928962606, -219.6382739244503, -230.80145855927452, -241.0715884233128, -241.51811580870577, -241.96464319409873, -242.41117057949168, -242.85769796488466, -253.12782782892293, -264.29101246374717, -275.4541970985714, -286.61738173339563, -297.7805663682198, -308.94375100304404, -320.1069356378683, -331.27012027269245, -342.4333049075167, -353.5964895423409, -364.75967417716515, -375.9228588119894],
        "2": [-198.28072725476008, -209.02005200210257, -219.88047957443985, -230.8620099717719, -241.07197595235277, -241.51821269096575, -241.96464319409873, -242.4112674617517, -242.85808549392465, -253.18837924142034, -264.5332181137367, -275.9991598110479, -287.58620433335386, -299.2943516806546, -311.12360185295006, -323.07395485024034, -335.1454106725254, -347.3379693198052, -359.65163079207986, -372.08639508934925, -384.64226221161346],
        "3": [-198.4275455728557, -209.08199098004917, -219.8988318642018, -230.86430400799213, -241.07197712689933, -241.51821283778406, -241.96464319409873, -242.41126731493338, -242.8580843193781, -253.1860852052001, -264.5148658239748, -275.93722083310126, -287.4393860152582, -299.00759715312404, -310.6280900293773, -322.28710042669655, -333.9708641277603, -345.66561691524714, -357.35759457183553, -369.0330328802041, -380.6781676230313],
        "4": [-198.3318172290853, -209.05170193377805, -219.89284884271615, -230.8639300691493, -241.07197711158278, -241.5182128368268, -241.96464319409873, -242.41126731397608, -242.85808430406158, -253.18571126635723, -264.5088828024891, -275.90693178683017, -287.3436576714878, -298.77388537634073, -310.14346528903945, -321.38927326500584, -332.43921062743334, -343.2122041672868, -353.61820614330287, -363.55819428198936, -372.92417177762593]
    },
    "qats_poly_coeffs": [ -241.96464319409873, -44.65273853929688, -0.9688225999582301, 0.14681831809563542, 0.09572834377043667 ],
    "hf_energies": [-198.26288023957756, -208.94165849179075, -219.77284193110876, -230.7451060094769, -240.95490863417098, -241.40117580992194, -241.84763317925726, -242.2942798898339, -242.74111508120646, -253.06825494951286, -264.39264324735257, -275.8069294490219, -287.2997065402479, -298.8613840786769, -310.483566022073, -322.1588277360181, -333.8806191635526, -345.6432037542472, -357.44161241083725, -369.2715968669102, -381.1295703525134],
    "triples_corrections": [-0.006400431134383496, -0.005977490372088825, -0.00588578652225929, -0.005581374423018021, -0.00534929752072392, -0.005346948595829654, -0.005345281314568636, -0.0053442736460805615, -0.005343895689312055, -0.005428674045091676, -0.005535498730026655, -0.005628416844207136, -0.005706730088898168, -0.005751684229997913, -0.005752509613641045, -0.005709686363616959, -0.005631288985242406, -0.005528386191472533, -0.0054115321099832605, -0.0052889657951163925, -0.005166220673450666],
    "scf_converged": [true, true, true, true, true, true, true, true, true, true, true, true, true, true, true, true, true, true, true, true, true],
    "cc_converged": [true, true, true, true, true, true, true, true, true, true, true, true, true, true, true, true, true, true, true, true, true],
    "t1_diagnostic": [0.030077118452183842, 0.03793885774120544, 0.037154500039753374, 0.02600730775074475, 0.01952464802373505, 0.019404835178924048, 0.019293282693669624, 0.019188285032512367, 0.01908943406792422, 0.016685884721520865, 0.013482862782537314, 0.011762366791569423, 0.010739082331027657, 0.009863848039933176, 0.009043038134962714, 0.008282309824757104, 0.0075860715424794865, 0.0069543067904556015, 0.006389451762974608, 0.0058940445033376695, 0.005467161504209811]
}