{
    "schema_name": "pyscf_apdft_output",
    "provenance": {
        "creator": "PySCF",
        "version": "1.7.6"
    },
    "molecule": {
        "geometry": [[0.0, 0.0, 0.0]],
        "symbols": [ "B" ]
    },
    "molecular_charge": 2,
    "molecular_multiplicity": 2,
    "name": "b.chrg2.mult2-pyscf-uccsd.augccpvtz",
    "atomic_numbers": [ 5 ],
    "n_electrons": 3,
    "model": {
        "method": "UCCSD",
        "basis": "aug-cc-pVTZ",
        "scf_conv_tol": 1e-09,
        "scf_conv_tol_grad": 1e-06,
        "cc_conv_tol": 1e-05,
        "cc_conv_tol_normt": 1e-07
    },
    "broken_symmetry": false,
    "finite_diff_delta": 0.01,
    "finite_diff_acc": 2,
    "apdft_lambdas": [-4.0, -3.75, -3.5, -3.25, -3.0, -2.75, -2.5, -2.25, -2.0, -1.75, -1.5, -1.25, -1.0, -0.75, -0.5, -0.25, -0.02, -0.01, 0.0, 0.01, 0.02],
    "electronic_energies": [-0.34387233100077463, -0.7653072015126405, -1.3075285523852458, -1.9716035797167117, -2.7604194184942643, -3.674063992991668, -4.713387758126219, -5.883686796241076, -7.261095909357974, -8.743416033169217, -10.382854343119014, -12.181163851581218, -14.137194230889612, -16.245994252736104, -18.498451766903518, -20.88206548643296, -23.17845644180114, -23.28036215435786, -23.382431865284172, -23.484664638772323, -23.58705954115912],
    "apdft_energies": {
        "0": [-23.382431865284175, -23.382431865284175, -23.382431865284175, -23.382431865284175, -23.382431865284175, -23.382431865284175, -23.382431865284175, -23.382431865284175, -23.382431865284175, -23.382431865284175, -23.382431865284175, -23.382431865284175, -23.382431865284175, -23.382431865284175, -23.382431865284175, -23.382431865284175, -23.382431865284175, -23.382431865284175, -23.382431865284175, -23.382431865284175, -23.382431865284175],
        "1": [17.47806501760833, 14.924283962427552, 12.370502907246767, 9.816721852065982, 7.2629407968852036, 4.709159741704422, 2.1553786865236404, -0.3984023686571412, -2.9521834238379228, -5.505964479018704, -8.059745534199486, -10.613526589380267, -13.167307644561049, -15.72108869974183, -18.274869754922612, -20.828650810103394, -23.178129380869713, -23.280280623076944, -23.382431865284175, -23.484583107491407, -23.586734349698638],
        "2": [4.4330600710602965, 3.458947583625566, 2.3829209950459287, 1.204980305321385, -0.0748744855480652, -1.456643377562422, -2.940326370721685, -4.525923465025855, -6.213434660474931, -8.002859957068914, -9.894199354807803, -11.887452853691599, -13.982620453720301, -16.17970215489391, -18.478697957212425, -20.879607860675847, -23.178455505993377, -23.28036215435786, -23.382431865284175, -23.484664638772323, -23.5870604748223],
        "3": [-5.5374516222458325, -4.756500894135222, -4.296542893243139, -4.142972377831342, -4.281184106161589, -4.696572836495637, -5.37453332709525, -6.300460336222187, -7.459748622138196, -8.837792943105047, -10.419988057384494, -12.191728723238294, -14.138409698928209, -16.245425742715994, -18.498171612863413, -20.88204206763222, -23.178456752307337, -23.280362310147105, -23.382431865284175, -23.484664482983078, -23.58705922850834],
        "4": [-7.825008906583847, -6.523584443933988, -5.637466975200063, -5.139904195427441, -5.004981528159163, -5.207622125435961, -5.723586867796243, -6.529474364276105, -7.602720952409323, -8.921600698227355, -10.465225396259342, -12.213544569532107, -14.147345469570155, -16.248253076395674, -18.498730098528537, -20.88207697298629, -23.178456753737063, -23.280362310236463, -23.382431865284175, -23.484664483072436, -23.587059229938063]
    },
    "apdft_poly_coeff": [ -23.382431865284175, -10.215124220723126, -0.8153128091592521, 0.1557892452079083, -0.008935770641945359 ],
    "hf_energies": [-0.3099611880302948, -0.7254261372922021, -1.2692958196228339, -1.9353766860827923, -2.7260602551940645, -3.641268623040258, -4.681827340353187, -5.852969028172416, -7.230991940067971, -8.714560596929477, -10.356024712144304, -12.157249693802635, -14.116890579496069, -16.229573100432013, -18.485716004469403, -20.872482928738165, -23.171187930373065, -23.27318146169958, -23.375337959578328, -23.477656493913653, -23.580136136954117],
    "scf_converged": [true, true, true, true, true, true, true, true, true, true, true, true, true, true, true, true, true, true, true, true, true],
    "cc_converged": [true, true, true, true, true, true, true, true, true, true, true, true, true, true, true, true, true, true, true, true, true],
    "scf_spin_squared": [1.2869226870684198, 0.7518546767289844, 0.7500499114887118, 0.750006029230918, 0.7500026257363915, 0.7500024384606998, 0.7500036401551291, 0.7500074854331312, 0.7500171087016042, 0.7500201213854145, 0.7500208931925322, 0.7500210611431312, 0.7500210709684718, 0.7500206237307747, 0.750019462977378, 0.7500175975051565, 0.75001541765855, 0.7500153157993475, 0.7500152134820854, 0.750015110722595, 0.7500150075366872],
    "cc_spin_squared": [0.7516857014355505, 0.7501156093886665, 0.7500052179449299, 0.7500004027124935, 0.7500000833579091, 0.7500000428702147, 0.7500000420055698, 0.7500000653619169, 0.7500000684665319, 0.7500000945722265, 0.750000113889693, 0.7500001169424954, 0.7500001052898746, 0.7500000850020531, 0.7500000627439435, 0.7500000432089795, 0.7500000293201456, 0.7500000288083808, 0.7500000283040162, 0.7500000278070134, 0.7500000273173077]
}