{
    "schema_name": "pyscf_apdft_output",
    "provenance": {
        "creator": "PySCF",
        "version": "1.7.6"
    },
    "molecule": {
        "geometry": [[0.0, 0.0, 0.0]],
        "symbols": [ "B" ]
    },
    "molecular_charge": -1,
    "molecular_multiplicity": 1,
    "name": "b.chrg-1.mult1-pyscf-ccsdt.augccpvqz",
    "atomic_numbers": [ 5 ],
    "n_electrons": 6,
    "model": {
        "method": "CCSD(T)",
        "basis": "aug-cc-pVQZ",
        "scf_conv_tol": 1e-09,
        "scf_conv_tol_grad": 1e-06,
        "cc_conv_tol": 1e-07,
        "cc_conv_tol_normt": 1e-05
    },
    "broken_symmetry": false,
    "finite_diff_delta": 0.01,
    "finite_diff_acc": 2,
    "apdft_lambdas": [-1.0, -0.75, -0.5, -0.25, -0.02, -0.01, 0.0, 0.01, 0.02, 0.25, 0.5, 0.75, 1.0, 1.25, 1.5, 1.75, 2.0, 2.25, 2.5, 2.75, 3.0],
    "electronic_energies": [-14.488531003042798, -16.751905553869655, -19.19081698522628, -21.80934154970396, -24.38116583308153, -24.496626471715622, -24.612395496156452, -24.728473353477995, -24.844861533283957, -27.60734258127289, -30.79327986793808, -34.163983975131146, -37.71364385058224, -41.43600907853046, -45.32406411456057, -49.370207970149266, -53.56647510735895, -57.904751514208016, -62.376977737028795, -66.97530803938777, -71.69219827628193],
    "apdft_energies": {
        "0": [-24.6123954961564, -24.6123954961564, -24.6123954961564, -24.6123954961564, -24.6123954961564, -24.6123954961564, -24.6123954961564, -24.6123954961564, -24.6123954961564, -24.6123954961564, -24.6123954961564, -24.6123954961564, -24.6123954961564, -24.6123954961564, -24.6123954961564, -24.6123954961564, -24.6123954961564, -24.6123954961564, -24.6123954961564, -24.6123954961564, -24.6123954961564],
        "1": [-13.020051408037776, -15.918137430067432, -18.816223452097088, -21.714309474126743, -24.380548614394026, -24.496472055275213, -24.6123954961564, -24.728318937037585, -24.84424237791877, -27.510481518186054, -30.40856754021571, -33.306653562245366, -36.20473958427502, -39.10282560630468, -42.000911628334336, -44.89899765036399, -47.79708367239364, -50.6951696944233, -53.59325571645296, -56.49134173848261, -59.38942776051226],
        "2": [-14.564215812132549, -16.78672990737074, -19.20226455312078, -21.810819749382667, -24.381166280155664, -24.496626471715622, -24.6123954961564, -24.728473353477995, -24.84486004368041, -27.606991793441978, -30.794608641239403, -34.175246039548675, -37.74890398836979, -41.51558248770276, -45.47528153754757, -49.62800113790423, -53.97374128877273, -58.51250199015308, -63.244283242045285, -68.16908504444932, -73.28690739736521],
        "3": [-14.402826005132534, -16.71864358254261, -19.18209082724578, -21.808298033648292, -24.38116498903721, -24.496626310325816, -24.6123954961564, -24.7284735148678, -24.844861334798864, -27.609513509176352, -30.814782367114404, -34.243332364376805, -37.91029379536981, -41.83079695449966, -46.019972136172626, -50.49294963479494, -55.264859744772856, -60.35083276051263, -65.76599897642052, -71.52548868690276, -77.64443218636563],
        "4": [-18.74669855568211, -18.093072006739938, -19.45358286165513, -21.825266285798875, -24.381165684056818, -24.49662635376454, -24.6123954961564, -24.728473558306526, -24.844862029818472, -27.626481761326936, -31.086274401523752, -35.61776078857413, -42.25416634591939, -52.435954548614845, -68.01082692332986, -91.2337230483478, -124.76682055356608, -171.67953512049615, -235.44852048226335, -319.95766842360723, -429.4981087808814]
    },
    "apdft_poly_coeff": [ -24.6123954961564, -11.592344088118622, -1.5441644040947722, -0.16138980700001562, -4.343872550549577 ],
    "hf_energies": [-14.388477974070273, -16.64285278695663, -19.070017212602195, -21.6789671640554, -24.24680298264842, -24.362159227791246, -24.47782602799512, -24.59380341605739, -24.710091404930893, -27.470186639456088, -30.65337342842522, -34.02179388662863, -37.56968612941533, -41.29071266280391, -45.177744251788525, -49.22307393879159, -53.41866833716858, -57.75638940786015, -62.22818894374545, -66.8262563169499, -71.54309676444772],
    "triples_corrections": [-0.003979014753730972, -0.004594639049811084, -0.005433124331918036, -0.00572267394359501, -0.005602256065295408, -0.005595105407189485, -0.005588217525053905, -0.005581641616713319, -0.005575932904902884, -0.005565572873433391, -0.0056919356074402495, -0.00579442914972108, -0.005848024336410094, -0.005847860963697913, -0.005791939974015628, -0.0056828768875457035, -0.005527885573044881, -0.0053364792728186556, -0.005117100544271822, -0.004875089361495607, -0.00461281239434712],
    "scf_converged": [true, true, true, true, true, true, true, true, true, true, true, true, true, true, true, true, true, true, true, true, true],
    "cc_converged": [true, true, true, true, true, true, true, true, true, true, true, true, true, true, true, true, true, true, true, true, true],
    "t1_diagnostic": [0.04809626831297627, 0.05964035898646484, 0.05405938539779698, 0.029303776341002265, 0.015645470017129175, 0.015338965638932982, 0.015043294855908489, 0.014757537321697373, 0.014481035411838164, 0.010516277709294669, 0.009027177222366645, 0.007983799657339174, 0.0071706851009610845, 0.0064903007928935, 0.005921170431875591, 0.005445873846187776, 0.005038285799215199, 0.004676030512787559, 0.004346081628491422, 0.00404241324043839, 0.003761631642120224]
}