{
    "schema_name": "pyscf_qa_output",
    "provenance": {
        "creator": "PySCF",
        "version": "1.7.6"
    },
    "molecule": {
        "geometry": [[0.0, 0.0, 0.0]],
        "symbols": [ "Na" ]
    },
    "molecular_charge": 1,
    "molecular_multiplicity": 3,
    "name": "na.chrg1.mult3-pyscf-uccsdt.augccpvtz",
    "atomic_numbers": [ 11 ],
    "n_electrons": 10,
    "model": {
        "method": "UCCSD(T)",
        "basis": "aug-cc-pVTZ",
        "scf_conv_tol": 1e-09,
        "scf_conv_tol_grad": 1e-06,
        "cc_conv_tol": 1e-05,
        "cc_conv_tol_normt": 1e-07
    },
    "broken_symmetry": false,
    "finite_diff_delta": 0.01,
    "finite_diff_acc": 2,
    "qa_lambdas": [-3.0, -2.75, -2.5, -2.25, -2.0, -1.75, -1.5, -1.25, -1.0, -0.75, -0.5, -0.25, -0.02, -0.01, 0.0, 0.01, 0.02, 0.25, 0.5, 0.75, 1.0],
    "electronic_energies": [-67.94465776709137, -74.43393374558529, -81.21339025269539, -88.2749338241777, -95.58576706434279, -103.12796903604495, -110.88471384563162, -118.83151714451436, -126.94006564065677, -135.18134184208077, -143.52816283534816, -151.95773628266758, -159.7708857761402, -160.11167215490866, -160.4525425773833, -160.79349635058912, -161.13453279078968, -168.99974374165836, -177.59012919719765, -186.21710173867802, -194.87577880929928],
    "qats_energies": {
        "0": [-160.4525425773833, -160.4525425773833, -160.4525425773833, -160.4525425773833, -160.4525425773833, -160.4525425773833, -160.4525425773833, -160.4525425773833, -160.4525425773833, -160.4525425773833, -160.4525425773833, -160.4525425773833, -160.4525425773833, -160.4525425773833, -160.4525425773833, -160.4525425773833, -160.4525425773833, -160.4525425773833, -160.4525425773833, -160.4525425773833, -160.4525425773833],
        "1": [-58.17891322531389, -66.70171567131968, -75.22451811732546, -83.74732056333124, -92.27012300933703, -100.79292545534281, -109.3157279013486, -117.83853034735438, -126.36133279336016, -134.88413523936595, -143.40693768537173, -151.9297401313775, -159.77071838170284, -160.11163047954307, -160.4525425773833, -160.79345467522353, -161.13436677306376, -168.97534502338908, -177.49814746939487, -186.02094991540065, -194.54375236140643],
        "2": [-61.929696128780535, -69.85341519437151, -77.82922846695507, -85.85713594653123, -93.93713763309998, -102.06923352666132, -110.25342362721526, -118.48970793476178, -126.7780864493009, -135.1185591708326, -143.51112609935691, -151.9557872348738, -159.7708850831652, -160.11167215490866, -160.4525425773833, -160.79349635058912, -161.13453347452614, -169.00139212688538, -177.60233588338005, -186.25537384686731, -194.96050601734717],
        "3": [-65.02729689666788, -72.23935652658103, -79.62182150392692, -87.1639362704837, -94.85494526802957, -102.68409293834267, -110.64062372320117, -118.71378206438327, -126.89281240366711, -135.16695918283085, -143.52546684365268, -151.9575798279108, -159.77088600097284, -160.11167226963462, -160.4525425773833, -160.79349623586316, -161.1345325567185, -168.9995995338484, -177.58799513908428, -186.20697383486907, -194.84578006298096],
        "4": [-68.14526358150809, -74.44084911110772, -81.12547056104508, -88.15048041685893, -95.47083992182516, -103.04511907695672, -110.83549664100369, -118.80776013045315, -126.93130581952931, -135.1791387401935, -143.52787268214408, -151.95773019281648, -159.7708860071318, -160.11167227001954, -160.4525425773833, -160.7934962362481, -161.13453256287744, -168.99974989875412, -177.59040097757565, -186.21915339223173, -194.8842734788432]
    },
    "qats_poly_coeffs": [ -160.4525425773833, -34.091209784023135, -0.4167536559407381, 0.11472595436619787, -0.03849341586222484 ],
    "hf_energies": [-67.72108923152904, -74.22377558589386, -81.02310878594984, -88.11174221183238, -95.4545278643271, -103.02933537042908, -110.815411874626, -118.78561844098928, -126.91016221734947, -135.16148590421489, -143.51449275807062, -151.94792934417373, -159.76339850652653, -160.10426675868183, -160.44521772333349, -160.78625073350588, -161.127365130915, -168.99406718933233, -177.58558821320167, -186.21337653243896, -194.87266645861723],
    "triples_corrections": [-0.005005065340080553, -0.006006866322231853, -0.008250702825866693, -0.009831173361324124, -0.0096148070545716, -0.007560305865360024, -0.004670372813437468, -0.002295820546712415, -0.0009822001347748529, -0.00040455782238008585, -0.00017359398713225418, -8.075789814174461e-05, -4.318869678960285e-05, -4.209778708987162e-05, -4.1039776383015614e-05, -4.00135354252323e-05, -3.9017977338235586e-05, -2.2603978529412172e-05, -1.331067557580377e-05, -8.244725225116578e-06, -5.282787014711758e-06],
    "scf_converged": [true, true, true, true, true, true, true, true, true, true, true, true, true, true, true, true, true, true, true, true, true],
    "cc_converged": [true, true, true, true, true, true, true, true, true, true, true, true, true, true, true, true, true, true, true, true, true],
    "scf_spin_squared": [2.477326019373675, 2.1951588670171427, 2.074513705563015, 2.0300608152519026, 2.013062404746785, 2.0058753201665787, 2.002765151496214, 2.0014937165512823, 2.0009110672212174, 2.000602239231487, 2.0004133855659787, 2.000286360550387, 2.0002044748563454, 2.000201514944011, 2.000198599833287, 2.000195728955394, 2.0001929017488074, 2.0001387307300433, 2.0000989646789673, 2.0000733478844315, 2.0000573397030754],
    "cc_spin_squared": [2.0014120201336842, 2.0012835190401064, 2.0010492056810247, 2.000687707751913, 2.000412969172152, 2.0002176596345347, 2.000095352361299, 2.0000382061236417, 2.0000152789771026, 2.000006633244521, 2.000003265636758, 2.000001789567542, 2.000001101862566, 2.000001080204748, 2.0000010590735977, 2.000001038454017, 2.000001018331504, 2.0000006653039333, 2.000000438900787, 2.0000003003216262, 2.000000210005874]
}