{
    "schema_name": "pyscf_qa_output",
    "provenance": {
        "creator": "PySCF",
        "version": "1.7.6"
    },
    "molecule": {
        "geometry": [[0.0, 0.0, 0.0]],
        "symbols": [ "Be" ]
    },
    "molecular_charge": 1,
    "molecular_multiplicity": 4,
    "name": "be.chrg1.mult4-pyscf-uccsd.augccpvqz",
    "atomic_numbers": [ 4 ],
    "n_electrons": 3,
    "model": {
        "method": "UCCSD",
        "basis": "aug-cc-pVQZ",
        "scf_conv_tol": 1e-09,
        "scf_conv_tol_grad": 1e-06,
        "cc_conv_tol": 1e-07,
        "cc_conv_tol_normt": 1e-05
    },
    "broken_symmetry": false,
    "finite_diff_delta": 0.01,
    "finite_diff_acc": 2,
    "qa_lambdas": [-3.0, -2.75, -2.5, -2.25, -2.0, -1.75, -1.5, -1.25, -1.0, -0.75, -0.5, -0.25, -0.02, -0.01, 0.0, 0.01, 0.02, 0.25, 0.5, 0.75, 1.0],
    "electronic_energies": [-0.40734830466369665, -0.7268845876483611, -1.1131815246934391, -1.5753729895066841, -2.124457768640657, -2.8286955457983827, -3.581335831098816, -4.42616516384873, -5.363775943817803, -6.3954977177111125, -7.5221939454862605, -8.743814045187262, -9.9504015565325, -10.004629647311322, -10.05900340546262, -10.113522612011105, -10.168187044874644, -11.464997451460528, -12.957843468018094, -14.532784580319872, -16.184646310734635],
    "qats_energies": {
        "0": [-10.05900340546261, -10.05900340546261, -10.05900340546261, -10.05900340546261, -10.05900340546261, -10.05900340546261, -10.05900340546261, -10.05900340546261, -10.05900340546261, -10.05900340546261, -10.05900340546261, -10.05900340546261, -10.05900340546261, -10.05900340546261, -10.05900340546261, -10.05900340546261, -10.05900340546261, -10.05900340546261, -10.05900340546261, -10.05900340546261, -10.05900340546261],
        "1": [6.2749412995047305, 4.913779240757451, 3.5526171820101737, 2.1914551232628963, 0.830293064515617, -0.5308689942316622, -1.8920310529789397, -3.253193111726218, -4.614355170473496, -5.975517229220775, -7.336679287968053, -8.697841346715332, -9.950110440762828, -10.00455692311272, -10.05900340546261, -10.1134498878125, -10.167896370162392, -11.420165464209887, -12.781327522957167, -14.142489581704446, -15.503651640451723],
        "2": [-0.2702365748194513, -0.5859882786399506, -0.9926452307149525, -1.4902074310444569, -2.0786748796284638, -2.758047576466973, -3.528325521559985, -4.3895087149075, -5.341597156509517, -6.384590846366036, -7.518489784477058, -8.743293970842583, -9.950401337557242, -10.004629647311322, -10.05900340546261, -10.113522612011105, -10.168187266956807, -11.46561808833714, -12.963138019466172, -14.551563198849706, -16.23089362648774],
        "3": [-1.2626157696390994, -1.3503729477979096, -1.5669387462355822, -1.9088674038589968, -2.372713159575026, -2.955030252290549, -3.652372920912441, -4.461295404347578, -5.378351941502837, -6.400096771285093, -7.523084132601223, -8.743868264358102, -9.950401631595522, -10.004629684066106, -10.05900340546261, -10.113522575256319, -10.168186972918527, -11.465043794821618, -12.958543671342007, -14.536057273930648, -16.19413884149442],
        "4": [-0.21403294906602532, -0.6100034900427787, -1.061256444647487, -1.5770892457870467, -2.1655856888445424, -2.8336159316792475, -3.586836494626624, -4.429690260498322, -5.365406474582182, -6.39600074464223, -7.522275040918682, -8.743817696127945, -9.950401629524247, -10.004629683936653, -10.05900340546261, -10.113522575126865, -10.168186970847252, -11.46499322659146, -12.957734579659466, -14.531961247287786, -16.181193374573766]
    },
    "qats_poly_coeffs": [ -10.05900340546261, -5.444648234989113, -0.7272419860360202, 0.03675478499332029, 0.012945466920655235 ],
    "hf_energies": [-0.4070562261061863, -0.7265383349555871, -1.112242709164378, -1.5710232920296066, -2.1140881816685395, -2.8227705909873215, -3.5750043946903887, -4.419481049371452, -5.3568856145457575, -6.388545082602001, -7.5153208172504575, -8.737138101892866, -9.943972121818291, -9.998211741499926, -10.052597072805249, -10.107127894187816, -10.161803981033378, -11.458888012754553, -12.95202625302478, -14.527237776895229, -16.179343497839632],
    "scf_converged": [true, true, true, true, true, true, true, true, true, true, true, true, true, true, true, true, true, true, true, true, true],
    "cc_converged": [true, true, true, true, true, true, true, true, true, true, true, true, true, true, true, true, true, true, true, true, true],
    "scf_spin_squared": [3.75, 3.75, 3.75, 3.75, 3.75, 3.75, 3.75, 3.75, 3.75, 3.75, 3.75, 3.75, 3.75, 3.75, 3.75, 3.75, 3.75, 3.75, 3.75, 3.75, 3.75],
    "cc_spin_squared": [3.7499999999999973, 3.7499999999999947, 3.7500000000000053, 3.749999999999998, 3.750000000000001, 3.749999999999999, 3.749999999999999, 3.7499999999999982, 3.7499999999999982, 3.749999999999998, 3.7499999999999942, 3.7499999999999956, 3.750000000000001, 3.750000000000002, 3.7500000000000053, 3.7500000000000058, 3.7500000000000036, 3.7499999999999947, 3.7499999999999973, 3.7499999999999964, 3.7500000000000027]
}