{
    "schema_name": "pyscf_qa_output",
    "provenance": {
        "creator": "PySCF",
        "version": "1.7.6"
    },
    "molecule": {
        "geometry": [[0.0, 0.0, 0.0]],
        "symbols": [ "P" ]
    },
    "molecular_charge": 1,
    "molecular_multiplicity": 3,
    "name": "p.chrg1.mult3-pyscf-uccsdt.augccpvqz",
    "atomic_numbers": [ 15 ],
    "n_electrons": 14,
    "model": {
        "method": "UCCSD(T)",
        "basis": "aug-cc-pVQZ",
        "scf_conv_tol": 1e-09,
        "scf_conv_tol_grad": 1e-06,
        "cc_conv_tol": 1e-07,
        "cc_conv_tol_normt": 1e-05
    },
    "broken_symmetry": false,
    "finite_diff_delta": 0.01,
    "finite_diff_acc": 2,
    "qa_lambdas": [-3.0, -2.75, -2.5, -2.25, -2.0, -1.75, -1.5, -1.25, -1.0, -0.75, -0.5, -0.25, -0.02, -0.01, 0.0, 0.01, 0.02, 0.25, 0.5, 0.75, 1.0],
    "electronic_energies": [-191.10825599536784, -202.3547377695053, -213.87233056509442, -225.6449769708238, -237.656960786991, -249.89267402084465, -262.3361404745353, -274.97110021520035, -287.7817194255766, -300.7530437695698, -313.8710313569946, -327.1224809312726, -339.4210270885337, -339.9579293124902, -340.4950073762465, -341.03226056655797, -341.5696881723831, -353.97705947244384, -367.55794376913406, -381.2278349367758, -394.97776923746784],
    "qats_energies": {
        "0": [-340.49500737624624, -340.49500737624624, -340.49500737624624, -340.49500737624624, -340.49500737624624, -340.49500737624624, -340.49500737624624, -340.49500737624624, -340.49500737624624, -340.49500737624624, -340.49500737624624, -340.49500737624624, -340.49500737624624, -340.49500737624624, -340.49500737624624, -340.49500737624624, -340.49500737624624, -340.49500737624624, -340.49500737624624, -340.49500737624624, -340.49500737624624],
        "1": [-179.34531926608042, -192.77445994192757, -206.20360061777473, -219.63274129362188, -233.06188196946903, -246.49102264531618, -259.92016332116333, -273.34930399701045, -286.77844467285763, -300.2075853487048, -313.63672602455193, -327.06586670039906, -339.42067612217846, -339.9578417492123, -340.49500737624624, -341.03217300328015, -341.569338630314, -353.9241480520934, -367.35328872794054, -380.78242940378766, -394.21157007963484],
        "2": [-187.22601427208883, -199.39643282892075, -211.67630548305834, -224.0656322345016, -236.56441308325054, -249.17264802930515, -261.89033707266543, -274.7174802133314, -287.654077451303, -300.7001287865803, -313.8556342191633, -327.1205937490519, -339.42102637528984, -339.9579293124902, -340.49500737624624, -341.03226056655797, -341.5696888834254, -353.9788751007462, -367.5721969225519, -381.2749728416632, -395.0872028580802],
        "3": [-190.43065811837732, -201.86482458783857, -213.53084474595678, -225.41759135715455, -237.51393718585456, -249.8087549964793, -262.2909175534515, -274.9492976211937, -287.7727679641285, -300.7502013466786, -313.8704705332665, -327.12244828831484, -339.42102732481396, -339.95792943118073, -340.49500737624624, -341.03226044786743, -341.56968793390126, -353.9770205614833, -367.5573606084487, -381.22490028156494, -394.96851234525474],
        "4": [-191.17360302397356, -202.38939327817587, -213.88913221972038, -225.65266376869087, -237.66069173510812, -249.89477981892995, -262.33735161005126, -274.9716905883039, -287.7819401234569, -300.75310347521605, -313.8710437932245, -327.1224841170622, -339.4210273262815, -339.9579294312724, -340.49500737624624, -341.0322604479592, -341.56968793536885, -353.9770563902307, -367.55793386840674, -381.2278024101024, -394.97768450458307]
    },
    "qats_poly_coeffs": [ -340.49500737624624, -53.716562703388604, -0.8756327784453788, 0.11869051282549964, -0.009172159328348547 ],
    "hf_energies": [-190.83649191355238, -202.0915397206331, -213.6191940489922, -225.4034965002713, -237.4285642202508, -249.67817389279242, -262.1355299543906, -274.7837379464969, -287.6065493190225, -300.58874529082743, -313.7161510006986, -326.97555112516613, -339.2801822065358, -339.8173238602167, -340.3546393401165, -340.89212794326863, -341.42978896898444, -353.8420035719215, -367.42711975984383, -381.100338707099, -394.8528635298801],
    "triples_corrections": [-0.006152657930299019, -0.006421251447849782, -0.006620621501874138, -0.006668193881218288, -0.006510588577267884, -0.0061861679561354115, -0.005789029863479356, -0.005378428294187763, -0.004976626633359188, -0.0045970898576576285, -0.004251077471617087, -0.003945635633209432, -0.0037021241980864984, -0.0036923330142705573, -0.003682606401531828, -0.003672944097168822, -0.003663345832070856, -0.0034595609683253526, -0.0032715304109999822, -0.0031126209814575706, -0.002977128221756324],
    "scf_converged": [true, true, true, true, true, true, true, true, true, true, true, true, true, true, true, true, true, true, true, true, true],
    "cc_converged": [true, true, true, true, true, true, true, true, true, true, true, true, true, true, true, true, true, true, true, true, true],
    "scf_spin_squared": [2.0467595960930716, 2.0372281962089005, 2.0286917230300006, 2.0231775763098625, 2.020387616533628, 2.019051661629531, 2.018062415727659, 2.017031407042025, 2.016013668449646, 2.0151032058391127, 2.0143269227903655, 2.0136731409155626, 2.013162024454637, 2.0131415101396257, 2.0131211279935535, 2.0131008768391823, 2.013080755505589, 2.01265120273895, 2.012246027904192, 2.011890293102404, 2.0115709023005106],
    "cc_spin_squared": [2.0014713153430495, 2.001458190155044, 2.001375740109759, 2.0012432382609067, 2.001083783943907, 2.000926099907183, 2.0007910347419924, 2.000681351785516, 2.0005930693994944, 2.000521647007479, 2.0004632789490513, 2.00041519807058, 2.0003783258160137, 2.0003768620686784, 2.0003754091563657, 2.0003739669898795, 2.000372535480382, 2.000342366553928, 2.000314758010902, 2.0002914969944867, 2.0002716417608526]
}