{
    "schema_name": "pyscf_qa_output",
    "provenance": {
        "creator": "PySCF",
        "version": "1.7.6"
    },
    "molecule": {
        "geometry": [[0.0, 0.0, 0.0]],
        "symbols": [ "P" ]
    },
    "molecular_charge": -1,
    "molecular_multiplicity": 3,
    "name": "p.chrg-1.mult3-pyscf-uccsdt.augccpvtz",
    "atomic_numbers": [ 15 ],
    "n_electrons": 16,
    "model": {
        "method": "UCCSD(T)",
        "basis": "aug-cc-pVTZ",
        "scf_conv_tol": 1e-09,
        "scf_conv_tol_grad": 1e-06,
        "cc_conv_tol": 1e-05,
        "cc_conv_tol_normt": 1e-07
    },
    "broken_symmetry": false,
    "finite_diff_delta": 0.01,
    "finite_diff_acc": 2,
    "qa_lambdas": [-1.0, -0.75, -0.5, -0.25, -0.02, -0.01, 0.0, 0.01, 0.02, 0.25, 0.5, 0.75, 1.0, 1.25, 1.5, 1.75, 2.0, 2.25, 2.5, 2.75, 3.0],
    "electronic_energies": [-287.7480967709965, -300.78240607491875, -313.9899997204964, -327.36099350805256, -339.79797407054605, -340.3415290999729, -340.88531284568313, -341.42932457220974, -341.97356351261357, -354.55202667146995, -368.3493637418365, -382.26593137830093, -396.29132521705645, -410.4160944128897, -424.6315767093322, -438.92978629647996, -453.3033535522932, -467.74548603278737, -482.2499313513853, -496.8109356214956, -511.4232008460279],
    "qats_energies": {
        "0": [-340.885312845683, -340.885312845683, -340.885312845683, -340.885312845683, -340.885312845683, -340.885312845683, -340.885312845683, -340.885312845683, -340.885312845683, -340.885312845683, -340.885312845683, -340.885312845683, -340.885312845683, -340.885312845683, -340.885312845683, -340.885312845683, -340.885312845683, -340.885312845683, -340.885312845683, -340.885312845683, -340.885312845683],
        "1": [-286.4955392338406, -300.0929826368012, -313.6904260397618, -327.2878694427224, -339.79751737344617, -340.3414151095646, -340.885312845683, -341.42921058180144, -341.97310831791987, -354.4827562486436, -368.08019965160423, -381.67764305456484, -395.27508645752545, -408.87252986048605, -422.46997326344666, -436.06741666640727, -449.6648600693679, -463.2623034723285, -476.8597468752891, -490.4571902782497, -504.0546336812103],
        "2": [-287.635443316788, -300.7341786834591, -313.97540206049865, -327.3591134479066, -339.79797333507935, -340.3415290999729, -340.885312845683, -341.42932457220974, -341.97356427955305, -354.55400025382784, -368.3651756723411, -382.31883910122275, -396.41499054047284, -410.65362999009136, -425.0347574500783, -439.55837292043367, -454.22447640115746, -469.0330678922497, -483.9841473937103, -499.0777149055394, -514.3137704277369],
        "3": [-287.7606438316324, -300.7869976506591, -313.9910521248542, -327.3610697059511, -339.79797433668347, -340.3415292251734, -340.885312845683, -341.4293244470092, -341.9735632779489, -354.5520439957834, -368.3495256079855, -382.26602013402277, -396.2897900256284, -410.4090977345358, -424.6122057124783, -438.8873764111893, -453.22287228240197, -467.60695577784975, -482.027889349266, -496.473935448384, -510.9333565269371],
        "4": [-287.6295065380157, -300.7455049913507, -313.98285604400314, -327.3605574508979, -339.7979743157015, -340.34152922386204, -340.885312845683, -341.42932444569783, -341.97356325696694, -354.5515317407302, -368.34132952713446, -382.22452747471436, -396.15865273201166, -410.08893832629184, -423.94832316354365, -437.65745202847927, -451.1246755845343, -464.24605037386794, -476.9053388173626, -488.9740092146242, -500.3112357439822]
    },
    "qats_poly_coeffs": [ -340.885312845683, -54.38977361184243, -1.139904082947396, 0.1252005148444368, 0.1311372936167269 ],
    "hf_energies": [-287.5345114135084, -300.57841967883974, -313.79418455681247, -327.17254621206337, -339.6166925734452, -340.16054407057663, -340.7046223603177, -341.2489266575733, -341.79345617884564, -354.37801714719905, -368.18078595039657, -382.1018266148823, -396.1310241608999, -410.259160924717, -424.47776655171987, -438.77901341431317, -453.15565503749684, -467.6009839141884, -482.1087938185178, -496.6733423600813, -511.2893154260629],
    "triples_corrections": [-0.010136333779784866, -0.009748860118450683, -0.009073449477352304, -0.00830788180664724, -0.007474354122675705, -0.007438290613440354, -0.007402443643530853, -0.007366806741581706, -0.007331435958939077, -0.006599673088322674, -0.005971858016071462, -0.005455427645207039, -0.00500230239659598, -0.004591533663039981, -0.004215774607874035, -0.003872075393621098, -0.0035580676981546034, -0.003270976349483355, -0.0030078450019552488, -0.002765866213730602, -0.002542687942994175],
    "scf_converged": [true, true, true, true, true, true, true, true, true, true, true, true, true, true, true, true, true, true, true, true, true],
    "cc_converged": [true, true, true, true, true, true, true, true, true, true, true, true, true, true, true, true, true, true, true, true, true],
    "scf_spin_squared": [2.261114508161116, 2.3309203778961063, 2.2718695242966156, 2.074888217068792, 2.0260093088264197, 2.025338802687891, 2.0247148971859357, 2.0241336461247412, 2.0235914851891668, 2.0171315342253866, 2.014887700938388, 2.013825398510546, 2.0131324235448194, 2.0125773683146493, 2.0120760961777693, 2.0115945180632613, 2.011118654182577, 2.010642800592012, 2.0101649314751295, 2.0096846998143327, 2.0092029684764334],
    "cc_spin_squared": [2.0097351697378283, 2.014146215130327, 2.0126826421247457, 2.00636374159838, 2.002981898121287, 2.0028899826196365, 2.0028014241971537, 2.002716200898541, 2.002634021994098, 2.0014029155084496, 2.000872343469668, 2.000651367423388, 2.000538030484942, 2.000465072936297, 2.0004097039531508, 2.0003637993485235, 2.0003240474366226, 2.000288949812109, 2.000257627996629, 2.000229538939895, 2.0002042983020814]
}