{
    "schema_name": "pyscf_qa_output",
    "provenance": {
        "creator": "PySCF",
        "version": "1.7.6"
    },
    "molecule": {
        "geometry": [[0.0, 0.0, 0.0]],
        "symbols": [ "Be" ]
    },
    "molecular_charge": -1,
    "molecular_multiplicity": 4,
    "name": "be.chrg-1.mult4-pyscf-uccsdt.augccpv5z",
    "atomic_numbers": [ 4 ],
    "n_electrons": 5,
    "model": {
        "method": "UCCSD(T)",
        "basis": "aug-cc-pV5Z",
        "scf_conv_tol": 1e-09,
        "scf_conv_tol_grad": 1e-06,
        "cc_conv_tol": 1e-07,
        "cc_conv_tol_normt": 1e-05
    },
    "broken_symmetry": false,
    "finite_diff_delta": 0.01,
    "finite_diff_acc": 2,
    "qa_lambdas": [-1.0, -0.75, -0.5, -0.25, -0.02, -0.01, 0.0, 0.01, 0.02, 0.25, 0.5, 0.75, 1.0, 1.25, 1.5, 1.75, 2.0, 2.25, 2.5, 2.75, 3.0],
    "electronic_energies": [-7.3849308468124315, -8.932274632652307, -10.64039157909106, -12.512834556444218, -14.386903305689493, -14.471817994327012, -14.557019345994542, -14.642506951487698, -14.728280372541812, -16.77895766464878, -19.174534805429186, -21.74107162396499, -24.475932405638655, -27.37575272783144, -30.436295229690288, -33.65242077580571, -37.018148910451465, -40.52676119702929, -44.17092479307511, -47.94282876476688, -51.834327743823785],
    "qats_energies": {
        "0": [-14.557019345994494, -14.557019345994494, -14.557019345994494, -14.557019345994494, -14.557019345994494, -14.557019345994494, -14.557019345994494, -14.557019345994494, -14.557019345994494, -14.557019345994494, -14.557019345994494, -14.557019345994494, -14.557019345994494, -14.557019345994494, -14.557019345994494, -14.557019345994494, -14.557019345994494, -14.557019345994494, -14.557019345994494, -14.557019345994494, -14.557019345994494],
        "1": [-6.02257148796015, -8.156183452468735, -10.289795416977322, -12.423407381485909, -14.386330388833807, -14.471674867414151, -14.557019345994494, -14.642363824574836, -14.72770830315518, -16.69063131050308, -18.824243275011668, -20.957855239520253, -23.091467204028838, -25.225079168537423, -27.35869113304601, -29.492303097554597, -31.625915062063182, -33.75952702657177, -35.89313899108035, -38.02675095558894, -40.160362920097526],
        "2": [-7.453840616571284, -8.961272337312499, -10.647612699130105, -12.512861702024104, -14.386902896485251, -14.471817994327012, -14.557019345994494, -14.642506951487698, -14.728280810806625, -16.780085631041274, -19.182060557164448, -21.762944124364015, -24.522736332639973, -27.461437181992324, -30.57904667242106, -33.875564803926196, -37.350991576507724, -41.00532699016564, -44.83857104489995, -48.85072374071065, -53.04178507759774],
        "3": [-7.524463037815622, -8.991066171274953, -10.656440501785648, -12.513965177356047, -14.386903461464621, -14.471818064949433, -14.557019345994494, -14.642506880865277, -14.728280245827255, -16.778982155709333, -19.17323275450891, -21.73315029040156, -24.452113911395635, -27.323502765499477, -30.340696000721422, -33.497072765069824, -36.786012206553025, -40.200893473179356, -43.735095712957175, -47.38199807389482, -51.13497970400063],
        "4": [-7.403377348192483, -8.952753902292633, -10.648872646184202, -12.513492186380956, -14.386903442090912, -14.471818063738576, -14.557019345994494, -14.64250687965442, -14.728280226453546, -16.778509164734242, -19.165664898907462, -21.694838021419237, -24.3310282217725, -27.027883406067986, -29.727699697004283, -32.36142143387781, -34.8486411725828, -37.09759968561134, -39.00518596205332, -40.45693720759648, -41.3270388445264]
    },
    "qats_poly_coeffs": [ -14.557019345994494, -8.534447858034344, -1.4312691286111345, 0.07062242124433736, 0.12108568962313863 ],
    "hf_energies": [-7.343103312035601, -8.888041390373605, -10.590178432471063, -12.46176673106908, -14.339922852252512, -14.424987508521818, -14.510334016316133, -14.595962092600441, -14.681871457130983, -16.73487888029274, -19.132409739740382, -21.700852383531, -24.43768475743864, -27.33956622179163, -30.4022434328038, -33.62054572423843, -36.98845730423076, -40.49922589741739, -44.14548769925061, -47.919402892443166, -51.812798622518336],
    "triples_corrections": [-0.0003038036196306309, -0.0006157135081888695, -0.0010126111162107362, -0.001109120750758591, -0.0006353604190226216, -0.0006187011687936177, -0.0006029350951816246, -0.0005880348537259686, -0.0005739663297854793, -0.00039123876466118487, -0.00030223599135091145, -0.00024492012526316164, -0.0002027161065551961, -0.00016925526488454547, -0.00014167356940265815, -0.00011841206142093804, -9.859043182154044e-05, -8.173365293428375e-05, -6.753292063320971e-05, -5.568593909226067e-05, -4.585309575042604e-05],
    "scf_converged": [true, true, true, true, true, true, true, true, true, true, true, true, true, true, true, true, true, true, true, true, true],
    "cc_converged": [true, true, true, true, true, true, true, true, true, true, true, true, true, true, true, true, true, true, true, true, true],
    "scf_spin_squared": [3.7500097135536317, 3.7500112205565896, 3.7500084180113573, 3.750005491850119, 3.7500046760540973, 3.7500046757239414, 3.7500046774420763, 3.750004681104327, 3.750004686610398, 3.7500051556374387, 3.7500060431869917, 3.7500070459445185, 3.750007983857085, 3.750008723830833, 3.7500091792770216, 3.750009317568476, 3.750009156912842, 3.7500087515193528, 3.7500081721306273, 3.750007488980516, 3.7500067611519365],
    "cc_spin_squared": [3.7500005443082833, 3.750000532369614, 3.7500005440572055, 3.7500007069497525, 3.750000581867324, 3.7500005746403637, 3.750000567672264, 3.750000560977271, 3.750000554563957, 3.7500004670425913, 3.7500004176272275, 3.7500003735985743, 3.750000330177059, 3.750000287032207, 3.7500002451196317, 3.7500002055074413, 3.7500001690551326, 3.7500001363967383, 3.750000107959674, 3.750000083937259, 3.7500000642616014]
}