{
    "schema_name": "pyscf_qa_output",
    "provenance": {
        "creator": "PySCF",
        "version": "1.7.6"
    },
    "molecule": {
        "geometry": [[0.0, 0.0, 0.0]],
        "symbols": [ "B" ]
    },
    "molecular_charge": 1,
    "molecular_multiplicity": 1,
    "name": "b.chrg1.mult1-pyscf-ccsdt.augccpv5z",
    "atomic_numbers": [ 5 ],
    "n_electrons": 4,
    "model": {
        "method": "CCSD(T)",
        "basis": "aug-cc-pV5Z",
        "scf_conv_tol": 1e-09,
        "scf_conv_tol_grad": 1e-06,
        "cc_conv_tol": 1e-07,
        "cc_conv_tol_normt": 1e-05
    },
    "broken_symmetry": false,
    "finite_diff_delta": 0.01,
    "finite_diff_acc": 2,
    "qa_lambdas": [-3.0, -2.75, -2.5, -2.25, -2.0, -1.75, -1.5, -1.25, -1.0, -0.75, -0.5, -0.25, -0.02, -0.01, 0.0, 0.01, 0.02, 0.25, 0.5, 0.75, 1.0],
    "electronic_energies": [-2.740333136832262, -3.705337190449687, -4.800608978512976, -6.08756783333875, -7.4909145896271605, -9.046276658064148, -10.757581372325212, -12.626285477116872, -14.652298929162331, -16.835378024051522, -19.175392117344277, -21.67218936409018, -24.10749261338618, -24.21637594822271, -24.32550906034142, -24.434891912116495, -24.54452446506155, -27.134888084074294, -30.099527286221665, -33.21815504321727, -36.48892233695797],
    "qats_energies": {
        "0": [-24.325509060341403, -24.325509060341403, -24.325509060341403, -24.325509060341403, -24.325509060341403, -24.325509060341403, -24.325509060341403, -24.325509060341403, -24.325509060341403, -24.325509060341403, -24.325509060341403, -24.325509060341403, -24.325509060341403, -24.325509060341403, -24.325509060341403, -24.325509060341403, -24.325509060341403, -24.325509060341403, -24.325509060341403, -24.325509060341403, -24.325509060341403],
        "1": [8.451885523726517, 5.72043597505419, 2.9889864263818637, 0.25753687770953704, -2.4739126709627897, -5.205362219635116, -7.936811768307443, -10.66826131697977, -13.399710865652096, -16.131160414324423, -18.86260996299675, -21.594059511669077, -24.106993096447617, -24.21625107839451, -24.325509060341403, -24.434767042288296, -24.54402502423519, -27.05695860901373, -29.788408157686057, -32.51985770635838, -35.25130725503071],
        "2": [-2.786399014126843, -3.7228447824475914, -4.815377836016303, -6.063998174832978, -7.468705798897616, -9.029500708210218, -10.746382902770783, -12.619352382579311, -14.648409147635803, -16.833553197940258, -19.174784533492677, -21.67210315429306, -24.10749257576041, -24.21637594822271, -24.325509060341403, -24.434891912116495, -24.544524503547983, -27.13500225163771, -30.100582728181983, -33.222250489974215, -36.50000553701442],
        "3": [-2.9576514743394995, -3.854752782761853, -4.9144822690097385, -6.136245306485193, -7.519447268590255, -9.063493528726966, -10.767789460297365, -12.631740436703492, -14.654751831347383, -16.83622901763108, -19.175577368956624, -21.672202258726053, -24.10749262650188, -24.216375954565393, -24.325509060341403, -24.43489190577381, -24.544524452806513, -27.134903147204717, -30.099789892718036, -33.21957467028339, -36.49366285330284],
        "4": [-2.667177829202487, -3.64965900197236, -4.774400457118819, -6.044337629703559, -7.4620697584397355, -9.029859885691955, -10.749634857476302, -12.622985323460309, -14.651165736962975, -16.835094354954762, -19.1753532380576, -21.672188250544863, -24.107492625928106, -24.216375954529532, -24.325509060341403, -24.43489190573795, -24.54452445223274, -27.134889139023528, -30.09956576181901, -33.21844000760708, -36.49007675891843]
    },
    "qats_poly_coeffs": [ -24.325509060341403, -10.925798194689307, -1.2486982819837067, 0.006342683711579865, 0.003586094384407564 ],
    "hf_energies": [-2.6868406338478836, -3.6502039263727797, -4.7425931076738355, -6.018476097988662, -7.421692626007154, -8.97481326709361, -10.68309671396053, -12.54891086337875, -14.57242666895573, -16.753274774120836, -19.091218944816998, -21.586069323713797, -24.01967388852992, -24.128485220416174, -24.23754648054948, -24.346857631125438, -24.45641863351505, -27.045178325604713, -30.008168134211584, -33.1252492405421, -36.39456638154368],
    "triples_corrections": [-0.0001715733339586858, -0.0002186353079384488, -0.00030714700143028923, -0.00036705311739796385, -0.00039613994619996874, -0.0004533103725085506, -0.0005111400747180103, -0.0005588172174195243, -0.0005940848117990445, -0.0006182290136662414, -0.0006321448830281506, -0.0006363679817376884, -0.0006322152675307105, -0.0006318689609995816, -0.0006315092659334501, -0.0006311362361745504, -0.0006307499260445772, -0.0006183318439060969, -0.0005977805759571707, -0.0005709822665386942, -0.0005391717283991952],
    "scf_converged": [true, true, true, true, true, true, true, true, true, true, true, true, true, true, true, true, true, true, true, true, true],
    "cc_converged": [true, true, true, true, true, true, true, true, true, true, true, true, true, true, true, true, true, true, true, true, true],
    "t1_diagnostic": [0.018280730450096913, 0.023193272533038344, 0.03571409010669125, 0.012521784443189821, 0.02078376455722172, 0.02431449510855359, 0.02352280187141109, 0.020022860168754205, 0.016569839260652593, 0.014108884870264984, 0.012280748029427468, 0.010810951393200825, 0.009709902047960533, 0.009666958548693481, 0.009624397438937282, 0.00958221481493433, 0.00954040670494611, 0.00867233410996334, 0.007889182113818498, 0.007217719192488383, 0.006626581728802274]
}