{
    "schema_name": "pyscf_qa_output",
    "provenance": {
        "creator": "PySCF",
        "version": "1.7.6"
    },
    "molecule": {
        "geometry": [[0.0, 0.0, 0.0]],
        "symbols": [ "C" ]
    },
    "molecular_charge": -1,
    "molecular_multiplicity": 2,
    "name": "c.chrg-1.mult2-pyscf-uccsdt.augccpvtz",
    "atomic_numbers": [ 6 ],
    "n_electrons": 7,
    "model": {
        "method": "UCCSD(T)",
        "basis": "aug-cc-pVTZ",
        "scf_conv_tol": 1e-09,
        "scf_conv_tol_grad": 1e-06,
        "cc_conv_tol": 1e-05,
        "cc_conv_tol_normt": 1e-07
    },
    "broken_symmetry": false,
    "finite_diff_delta": 0.01,
    "finite_diff_acc": 2,
    "qa_lambdas": [-1.0, -0.75, -0.5, -0.25, -0.02, -0.01, 0.0, 0.01, 0.02, 0.25, 0.5, 0.75, 1.0, 1.25, 1.5, 1.75, 2.0, 2.25, 2.5, 2.75, 3.0],
    "electronic_energies": [-24.240238944806443, -27.34626801771438, -30.642855142474506, -34.12314341929128, -37.48100679889184, -37.630319290472826, -37.77990364689369, -37.92975934372239, -38.079885855117375, -41.60591095964857, -45.58935219417188, -49.717429376613346, -53.97865776066103, -58.36310721180108, -62.86176259021737, -67.46614518716939, -72.16809406214587, -76.95962112311474, -81.83279914600908, -86.77971333099102, -91.79249895351546],
    "qats_energies": {
        "0": [-37.779903647696244, -37.779903647696244, -37.779903647696244, -37.779903647696244, -37.779903647696244, -37.779903647696244, -37.779903647696244, -37.779903647696244, -37.779903647696244, -37.779903647696244, -37.779903647696244, -37.779903647696244, -37.779903647696244, -37.779903647696244, -37.779903647696244, -37.779903647696244, -37.779903647696244, -37.779903647696244, -37.779903647696244, -37.779903647696244, -37.779903647696244],
        "1": [-22.807900985218154, -26.550901650837677, -30.2939023164572, -34.036902982076725, -37.48046359444668, -37.63018362107147, -37.779903647696244, -37.92962367432102, -38.079343700945806, -41.52290431331576, -45.26590497893529, -49.008905644554815, -52.751906310174334, -56.49490697579385, -60.23790764141338, -63.980908307032905, -67.72390897265242, -71.46690963827194, -75.20991030389146, -78.952910969511, -82.69591163513051],
        "2": [-24.164594998848187, -27.31404203350457, -30.633075819864708, -34.1216963579286, -37.481006272052134, -37.630319290472826, -37.779903647696244, -37.92975934372239, -38.07988637855126, -41.607697689167644, -45.6050784823428, -49.772046027221705, -54.10860032380437, -58.61474137209078, -63.290469172080954, -68.13578372377488, -73.15068502717256, -78.335173082274, -83.68924788907918, -89.21290944758812, -94.90615775780081],
        "3": [-24.25211779793046, -27.350965714367405, -30.644016169749992, -34.12306390166426, -37.481006972234525, -37.630319377995626, -37.779903647696244, -37.92975925619959, -38.07988567836887, -41.60633014543198, -45.594138132457516, -49.73512234635887, -54.0210775247221, -58.44379840513322, -62.99507972517829, -67.66671622244334, -72.45050263451441, -77.33823369897752, -82.32170415341872, -87.39270873542404, -92.54304218257953],
        "4": [-24.266308816660953, -27.3554558413876, -30.644903108420646, -34.123119335331175, -37.48100697450509, -37.630319378137536, -37.779903647696244, -37.9297592563415, -38.07988568063943, -41.6063855790989, -45.59502507112817, -49.73961247337907, -54.03526854345259, -58.47844444695572, -63.066921757501426, -67.79981245670865, -72.67755893420232, -77.70193398761337, -82.87604082257869, -88.20431305274116, -93.69251469974965]
    },
    "qats_poly_coeffs": [ -37.779903647696244, -14.97200266247809, -1.3566940136300332, 0.08752279908226984, -0.014191018730495367 ],
    "hf_energies": [-24.097085508902406, -27.197148101586972, -30.489435203549935, -33.96788107502988, -37.33513447621794, -37.48402468752745, -37.633188671125396, -37.78262775933764, -37.932343462655645, -41.454286025114314, -45.43769381847337, -49.56563407166012, -53.82681727718895, -58.21149985275147, -62.710790017314345, -67.31627231782151, -72.01978894636929, -76.81329355061483, -81.6887599688966, -86.63816025315289, -91.65352282105002],
    "triples_corrections": [-0.007602518696396084, -0.007985930740892565, -0.008067351838138653, -0.007991558605972782, -0.007100549705445414, -0.007089728860212244, -0.007079384323941578, -0.007069589808870135, -0.007060425804957905, -0.007122997247595564, -0.007321776068589871, -0.007714894937407923, -0.008240042383160862, -0.008865455046318178, -0.009550697567922983, -0.010241884239395552, -0.01087437581969201, -0.011387566307158287, -0.011738138476833826, -0.011909949143552916, -0.011916200847820331],
    "scf_converged": [true, true, true, true, true, true, true, true, true, true, true, true, true, true, true, true, true, true, true, true, true],
    "cc_converged": [true, true, true, true, true, true, true, true, true, true, true, true, true, true, true, true, true, true, true, true, true],
    "scf_spin_squared": [0.7775074771108965, 0.7811773330185741, 0.77685065230096, 0.788968153167966, 1.2539677029053076, 1.2397940937934666, 1.2245676726024621, 1.208203583746191, 1.1906065427800598, 0.7844956557477203, 0.7613731340663081, 0.7580472128312454, 0.7566826665567867, 0.7558045639230988, 0.7551248012395462, 0.7545580875534337, 0.7540681995752538, 0.7536354045630556, 0.7532482100373872, 0.7529003432158676, 0.7525886073653609],
    "cc_spin_squared": [0.7506896120853828, 0.7516151265183046, 0.7534862717971249, 0.7530333520679322, 0.7589602893822711, 0.7584422046252186, 0.7579423957633296, 0.7574601189625554, 0.7569955209123507, 0.7512838163494291, 0.7504830804567251, 0.7502971943550654, 0.7502281337868151, 0.7501901751516482, 0.7501633474903238, 0.7501420171091313, 0.7501240531636109, 0.7501082869763063, 0.7500939952040508, 0.7500808569919846, 0.7500688618596738]
}