{
    "schema_name": "pyscf_apdft_output",
    "provenance": {
        "creator": "PySCF",
        "version": "1.7.6"
    },
    "molecule": {
        "geometry": [[0.0, 0.0, 0.0]],
        "symbols": [ "N" ]
    },
    "molecular_charge": 1,
    "molecular_multiplicity": 1,
    "name": "n.chrg1.mult1-pyscf-ccsdt.augccpvqz",
    "atomic_numbers": [ 7 ],
    "n_electrons": 6,
    "model": {
        "method": "CCSD(T)",
        "basis": "aug-cc-pVQZ",
        "scf_conv_tol": 1e-09,
        "scf_conv_tol_grad": 1e-06,
        "cc_conv_tol": 1e-07,
        "cc_conv_tol_normt": 1e-05
    },
    "broken_symmetry": false,
    "finite_diff_delta": 0.01,
    "finite_diff_acc": 2,
    "apdft_lambdas": [-3.0, -2.75, -2.5, -2.25, -2.0, -1.75, -1.5, -1.25, -1.0, -0.75, -0.5, -0.25, -0.02, -0.01, 0.0, 0.01, 0.02, 0.25, 0.5, 0.75, 1.0],
    "electronic_energies": [-14.362677566626907, -16.655725085683063, -19.122287052712345, -21.766345511751883, -24.59155359159008, -27.601647550073842, -30.799750001519133, -34.1869212900763, -37.76264162646206, -41.5263462252907, -45.47788236873461, -49.61724189128761, -53.59120903362572, -53.76758904295984, -53.94426866528913, -54.12124785913425, -54.29852658224891, -58.45849375659901, -63.159041454993606, -68.04455296229908, -73.11311829206927],
    "apdft_energies": {
        "0": [-53.94426866528919, -53.94426866528919, -53.94426866528919, -53.94426866528919, -53.94426866528919, -53.94426866528919, -53.94426866528919, -53.94426866528919, -53.94426866528919, -53.94426866528919, -53.94426866528919, -53.94426866528919, -53.94426866528919, -53.94426866528919, -53.94426866528919, -53.94426866528919, -53.94426866528919, -53.94426866528919, -53.94426866528919, -53.94426866528919, -53.94426866528919],
        "1": [-0.8954462391278071, -5.3161814413079185, -9.736916643488037, -14.157651845668155, -18.578387047848267, -22.999122250028382, -27.419857452208497, -31.84059265438861, -36.26132785656873, -40.68206305874884, -45.10279826092896, -49.523533463109075, -53.59060984911478, -53.767439257201985, -53.94426866528919, -54.12109807337639, -54.297927481463596, -58.3650038674693, -62.785739069649416, -67.20647427182953, -71.62720947400965],
        "2": [-14.3761644464538, -16.643729379408235, -19.098526509686643, -21.740555837289023, -24.569817362215375, -27.5863110844657, -30.790037004039995, -34.18099512093826, -37.759185435160504, -41.524607946706716, -45.4772626555769, -49.61714956177106, -53.591208992146214, -53.76758904295984, -53.94426866528919, -54.12124785913425, -54.29852662449503, -58.45861996613129, -63.16020346429736, -68.0490191597874, -73.12506705260142],
        "3": [-14.564547099930337, -16.78883199039045, -19.207544248967046, -21.820029769224433, -24.62563444472694, -27.623704169038877, -30.813584835724562, -34.19462233834831, -37.76616257047445, -41.52755142566728, -45.478134797491144, -49.617258579510334, -53.5912090479633, -53.76758904993697, -53.94426866528919, -54.12124785215711, -54.29852656867795, -58.458510948392004, -63.15933132238312, -68.04607568082683, -73.11808991728748],
        "4": [-14.305820459818165, -16.60615371406511, -19.08277252823394, -21.738167043251444, -24.57452794791466, -27.593746478890857, -30.79741442071755, -34.18682410580249, -37.76296841442368, -41.52654077472935, -45.47793516273797, -49.617246102338264, -53.59120904745223, -53.767589049905034, -53.94426866528919, -54.12124785212517, -54.298526568166885, -58.45849847121993, -63.159131687629944, -68.04506502988889, -73.11489576123671]
    },
    "apdft_poly_coeff": [ -53.94426866528919, -17.68294080872046, -1.497857578591777, 0.006977135313945836, 0.0031941560507675604 ],
    "hf_energies": [-14.24541837688255, -16.53126157210842, -18.99020425681486, -21.626938048427753, -24.445927120560626, -27.451056374256865, -30.64480809400877, -34.02783893406478, -37.59965903968132, -41.359742838227945, -45.307940290391684, -49.444261098621524, -53.41572070569042, -53.59199821094792, -53.76857587822698, -53.94545366658471, -54.12263153397167, -58.28043040867833, -62.978941599388236, -67.86272271836565, -72.92982180402326],
    "triples_corrections": [-0.004229841230249108, -0.004562518020879411, -0.004861181848400949, -0.005171314547119173, -0.005480089920938343, -0.0057548956432895, -0.0060079819640229465, -0.006252546582763015, -0.0064749077478732375, -0.006664382320444274, -0.006817516940990721, -0.006934173213512406, -0.0070102281052247875, -0.007012864204162099, -0.007015444497820451, -0.0070179688625914075, -0.007020437300236701, -0.007061672054863576, -0.00707201796147472, -0.007045332716482432, -0.006981487851136498],
    "scf_converged": [true, true, true, true, true, true, true, true, true, true, true, true, true, true, true, true, true, true, true, true, true],
    "cc_converged": [true, true, true, true, true, true, true, true, true, true, true, true, true, true, true, true, true, true, true, true, true],
    "t1_diagnostic": [0.026151776768134908, 0.027148429238976274, 0.02570564355617981, 0.0212430057667441, 0.01563687310135688, 0.011864002351787768, 0.010116211345613833, 0.009062027346658494, 0.008149575174808493, 0.007383799577803264, 0.0067536213428356084, 0.006211474182748034, 0.005765887133964714, 0.00574753982157792, 0.005729276769854487, 0.005711097969565097, 0.005693003437959075, 0.005300224211029668, 0.004924386876189551, 0.004599345591182461, 0.004318498921342311]
}