{
    "schema_name": "pyscf_qa_output",
    "provenance": {
        "creator": "PySCF",
        "version": "1.7.6"
    },
    "molecule": {
        "geometry": [[0.0, 0.0, 0.0]],
        "symbols": [ "O" ]
    },
    "molecular_charge": -2,
    "molecular_multiplicity": 3,
    "name": "o.chrg-2.mult3-pyscf-uccsdt.augccpvtz",
    "atomic_numbers": [ 8 ],
    "n_electrons": 10,
    "model": {
        "method": "UCCSD(T)",
        "basis": "aug-cc-pVTZ",
        "scf_conv_tol": 1e-09,
        "scf_conv_tol_grad": 1e-06,
        "cc_conv_tol": 1e-07,
        "cc_conv_tol_normt": 1e-05
    },
    "broken_symmetry": false,
    "finite_diff_delta": 0.01,
    "finite_diff_acc": 2,
    "qa_lambdas": [-0.02, -0.01, 0.0, 0.01, 0.02, 0.25, 0.5, 0.75, 1.0, 1.25, 1.5, 1.75, 2.0, 2.25, 2.5, 2.75, 3.0, 3.25, 3.5, 3.75, 4.0],
    "electronic_energies": [-74.20478566845318, -74.4330942062856, -74.66172792053551, -74.89068661815122, -75.11997013704536, -80.48235055512758, -86.49857858826634, -92.69943270096319, -99.0739769509215, -105.61275714150221, -112.30756892371093, -119.1509867389313, -126.13607428638586, -133.25624525433665, -140.50519134736817, -147.87682189524912, -155.36518208259196, -162.9643298443329, -170.6681707406935, -178.47029196995788, -186.36387907658812],
    "qats_energies": {
        "0": [-74.66172792053558, -74.66172792053558, -74.66172792053558, -74.66172792053558, -74.66172792053558, -74.66172792053558, -74.66172792053558, -74.66172792053558, -74.66172792053558, -74.66172792053558, -74.66172792053558, -74.66172792053558, -74.66172792053558, -74.66172792053558, -74.66172792053558, -74.66172792053558, -74.66172792053558, -74.66172792053558, -74.66172792053558, -74.66172792053558, -74.66172792053558],
        "1": [-74.20413550866996, -74.43293171460277, -74.66172792053558, -74.89052412646839, -75.1193203324012, -80.38163306885582, -86.10153821717606, -91.8214433654963, -97.54134851381653, -103.26125366213677, -108.981158810457, -114.70106395877724, -120.42096910709748, -126.14087425541771, -131.86077940373795, -137.5806845520582, -143.30058970037842, -149.02049484869866, -154.7403999970189, -160.46030514533913, -166.18021029365937],
        "2": [-74.20478547540128, -74.4330942062856, -74.66172792053558, -74.89068661815122, -75.11997029913252, -80.48319037062402, -86.50776742424884, -92.73545908141006, -99.16626534210766, -105.80018620634166, -112.63722167411206, -119.67737174541884, -126.92063642026201, -134.36701569864158, -142.01650958055754, -149.8691180660099, -157.92484115499863, -166.18367884752377, -174.6456311435853, -183.3106980431832, -192.17887954631752],
        "3": [-74.20478571216066, -74.43309423588053, -74.66172792053558, -74.89068658855629, -75.11997006237314, -80.48272794996669, -86.50406805899027, -92.72297372366239, -99.13667042003911, -105.74238362417651, -112.53733881213068, -119.51876145995769, -126.68387704371358, -134.02991103945445, -141.55408892323638, -149.25363617111543, -157.12577825914767, -165.16774066338917, -173.37674885989603, -181.7500283247243, -190.28480453393004],
        "4": [-74.20478573280381, -74.43309423717072, -74.66172792053558, -74.8906865898465, -75.1199700830163, -80.48323193316446, -86.51213179015456, -92.76379636268155, -99.26569011866759, -106.0573731227812, -113.19050103643735, -120.72882511779743, -128.74819222176922, -137.33654480000698, -146.5939209009113, -156.63245416962928, -167.57637384805437, -179.5620047748265, -192.73776738533198, -207.26417771170355, -223.31384738282037]
    },
    "qats_poly_coeffs": [ -74.66172792053558, -22.879620593280947, -1.6249168282911342, 0.029594922068554293, -0.12901969862847787 ],
    "hf_energies": [-73.92903659743521, -74.15785206296395, -74.38699813762389, -74.61647380035122, -74.84627808788146, -80.22061239247338, -86.2481202558387, -92.45842335362539, -98.84151081510413, -105.38861976634651, -112.0919006482583, -118.9440800637908, -125.93826002414599, -133.06781434055722, -140.32633021493135, -147.70756126849406, -155.20536840469356, -162.81362733764362, -170.5260930100169, -178.33624943699317, -186.2372237166545],
    "triples_corrections": [-0.014192592492079697, -0.014055323593164448, -0.013916243523376736, -0.013775694938601191, -0.013634020411398622, -0.010502801554816796, -0.00800386615508716, -0.006358515477075088, -0.005195544705289887, -0.004308179144508675, -0.0036094114700337375, -0.003057752514111568, -0.0026240723715453365, -0.0022818597958681438, -0.0020067096753294336, -0.0017781037816413682, -0.0015807221126349308, -0.0014046327494525142, -0.0012445388224637229, -0.001098561482732815, -0.0009668693040839205],
    "scf_converged": [true, true, true, true, true, true, true, true, true, true, true, true, true, true, true, true, true, true, true, true, true],
    "cc_converged": [true, true, true, true, true, true, true, true, true, true, true, true, true, true, true, true, true, true, true, true, true],
    "scf_spin_squared": [2.018561039848062, 2.016677315430403, 2.0150794169095865, 2.013717526045952, 2.0125513163989313, 2.004646906265144, 2.003774846270818, 2.003539817104656, 2.0033651952774, 2.003182509909802, 2.0029904200868414, 2.0027963738900434, 2.002606504482764, 2.0024243286889, 2.0022512966702566, 2.0020876103043026, 2.001932908358902, 2.001786757432566, 2.001648988201381, 2.0015198548158457, 2.0013999449032127],
    "cc_spin_squared": [2.0004426912915103, 2.000432439155264, 2.000423019463809, 2.000414294461627, 2.0004060750945913, 2.0002693219595877, 2.0001796474000475, 2.000128223696663, 2.000097180401088, 2.000076527661415, 2.0000615826172368, 2.0000501926983767, 2.0000412650829302, 2.0000341782643556, 2.000028524044882, 2.0000240018220485, 2.000020373670839, 2.000017438824602, 2.0000150303398008, 2.0000130195269277, 2.0000113175108303]
}