{
    "schema_name": "pyscf_apdft_output",
    "provenance": {
        "creator": "PySCF",
        "version": "1.7.6"
    },
    "molecule": {
        "geometry": [[0.0, 0.0, 0.0]],
        "symbols": [ "Li" ]
    },
    "molecular_charge": -2,
    "molecular_multiplicity": 2,
    "name": "li.chrg-2.mult2-pyscf-uccsdt.augccpvtz",
    "atomic_numbers": [ 3 ],
    "n_electrons": 5,
    "model": {
        "method": "UCCSD(T)",
        "basis": "aug-cc-pVTZ",
        "scf_conv_tol": 1e-09,
        "scf_conv_tol_grad": 1e-06,
        "cc_conv_tol": 1e-05,
        "cc_conv_tol_normt": 1e-07
    },
    "broken_symmetry": false,
    "finite_diff_delta": 0.01,
    "finite_diff_acc": 2,
    "apdft_lambdas": [-0.02, -0.01, 0.0, 0.01, 0.02, 0.25, 0.5, 0.75, 1.0, 1.25, 1.5, 1.75, 2.0, 2.25, 2.5, 2.75, 3.0, 3.25, 3.5, 3.75, 4.0],
    "electronic_energies": [-7.262740119994892, -7.321653525529437, -7.38081863313139, -7.440235545102406, -7.4999043136020225, -8.940904762341534, -10.647920573902885, -12.484192079032404, -14.436684611362379, -16.509826956887803, -18.68562407496159, -20.947404138308762, -23.285307231413135, -25.69172364251816, -28.15908135400467, -30.67853760988298, -33.23997107038597, -35.83325544730533, -38.44970392642432, -41.08268724782, -43.72747878400442],
    "apdft_energies": {
        "0": [-7.380818633131379, -7.380818633131379, -7.380818633131379, -7.380818633131379, -7.380818633131379, -7.380818633131379, -7.380818633131379, -7.380818633131379, -7.380818633131379, -7.380818633131379, -7.380818633131379, -7.380818633131379, -7.380818633131379, -7.380818633131379, -7.380818633131379, -7.380818633131379, -7.380818633131379, -7.380818633131379, -7.380818633131379, -7.380818633131379, -7.380818633131379],
        "1": [-7.26223661355841, -7.3215276233448945, -7.380818633131379, -7.4401096429178635, -7.499400652704348, -8.863093877793492, -10.345369122455605, -11.827644367117717, -13.30991961177983, -14.792194856441942, -16.274470101104054, -17.756745345766166, -19.23902059042828, -20.72129583509039, -22.203571079752503, -23.685846324414616, -25.168121569076728, -26.65039681373884, -28.132672058400953, -29.614947303063065, -31.097222547725178],
        "2": [-7.262740222296581, -7.321653525529437, -7.380818633131379, -7.440235545102406, -7.499904261442519, -8.94178274313273, -10.660124583812557, -12.53584415517086, -14.56894145720764, -16.759416489922895, -19.107269253316627, -21.612499747388835, -24.27510797213952, -27.09509392756868, -30.072457613676317, -33.20719903046243, -36.499318177927016, -39.94881505607008, -43.555689664891624, -47.31994200439164, -51.241572074570136],
        "3": [-7.262740119322453, -7.321653512657671, -7.380818633131379, -7.440235557974172, -7.499904364416647, -8.941983864476846, -10.661733554565483, -12.54127443146199, -14.581813223231057, -16.784556657937383, -19.150711463645663, -21.68148436842059, -24.378082100326864, -27.241711387429177, -30.27357895779223, -33.4748915394807, -36.84685586055931, -40.390678649092735, -44.10756663314568, -47.99872654078284, -52.06536510006891],
        "4": [-7.262740085894327, -7.321653510568414, -7.380818633131379, -7.4402355558849145, -7.499904330988521, -8.941167748118325, -10.648675692829151, -12.475169006421808, -14.372887435449746, -16.274483933861916, -18.093024663002776, -19.721988991612278, -21.035269495825887, -21.88717195917456, -22.11241537258476, -21.52613193437846, -19.923867050273113, -17.081579333381697, -12.755640604212685, -6.6828358906700505, 1.4196365719467368]
    },
    "apdft_poly_coeff": [ -7.380818633131379, -5.929100978648449, -1.2590218454278101, -0.012871766023418253, 0.2089257877813111 ],
    "hf_energies": [-7.230751235005974, -7.289424465638612, -7.348329375201384, -7.407466010026932, -7.466834462178463, -8.89819338664903, -10.602883771315689, -12.43759441996405, -14.385291436255928, -16.45576494401688, -18.631999531559053, -20.895289901564425, -23.236412572456494, -25.647948942393796, -28.121669987011035, -30.647533043028442, -33.214495584179176, -35.81214977257784, -38.43193630420167, -41.067465019406924, -43.71422301938706],
    "triples_corrections": [-0.0007372630839502807, -0.0007489888319394012, -0.0007607462033056736, -0.0007724310656907144, -0.0007839298713019213, -0.0006366288991700165, -0.00045738020678209553, -0.0004668419477370937, -0.0011153806309725698, -0.00129786845185029, -0.001004889844068453, -0.0007729218938121651, -0.0005894539995450671, -0.00044437840340323957, -0.0003248053560949217, -0.000226560153000123, -0.0001526511673252584, -0.0001021215076202708, -6.933908153699541e-05, -4.830164009555725e-05, -3.462176533072449e-05],
    "scf_converged": [true, true, true, true, true, true, true, true, true, true, true, true, true, true, true, true, true, true, true, true, true],
    "cc_converged": [true, true, true, true, true, true, true, true, true, true, true, true, true, true, true, true, true, true, true, true, true],
    "scf_spin_squared": [1.4889514885897235, 1.4858479435899972, 1.4821929668957967, 1.4779519285776748, 1.4730989499757081, 0.9601574344046719, 0.7528373757194218, 0.7506849302034326, 0.752455376051909, 0.765573399428463, 0.7640238548785996, 0.7612299696509524, 0.7586645312744267, 0.7565990769966597, 0.7550354361712146, 0.7538734378112895, 0.753005057710606, 0.752354141256091, 0.7518669179382402, 0.7515016480512875, 0.751225848746722],
    "cc_spin_squared": [0.7547759927024227, 0.754536752374814, 0.7542905631892178, 0.7540391967076259, 0.7537843880183156, 0.7506192488411741, 0.7500524463076252, 0.7500207508223092, 0.7501034159012585, 0.7502195572515991, 0.7501426801597291, 0.7500982751001355, 0.7500690427586281, 0.7500475629802537, 0.7500309920755466, 0.7500188899510638, 0.7500110290285384, 0.7500064078334334, 0.7500038157538333, 0.7500023617567539, 0.7500015239686844]
}