{
    "schema_name": "pyscf_apdft_output",
    "provenance": {
        "creator": "PySCF",
        "version": "1.7.6"
    },
    "molecule": {
        "geometry": [[0.0, 0.0, 0.0]],
        "symbols": [ "Cl" ]
    },
    "molecular_charge": 0,
    "molecular_multiplicity": 4,
    "name": "cl.chrg0.mult4-pyscf-uccsdt.augccpvtz",
    "atomic_numbers": [ 17 ],
    "n_electrons": 17,
    "model": {
        "method": "UCCSD(T)",
        "basis": "aug-cc-pVTZ",
        "scf_conv_tol": 1e-09,
        "scf_conv_tol_grad": 1e-06,
        "cc_conv_tol": 1e-07,
        "cc_conv_tol_normt": 1e-05
    },
    "broken_symmetry": false,
    "finite_diff_delta": 0.01,
    "finite_diff_acc": 2,
    "apdft_lambdas": [-2.0, -1.75, -1.5, -1.25, -1.0, -0.75, -0.5, -0.25, -0.02, -0.01, 0.0, 0.01, 0.02, 0.25, 0.5, 0.75, 1.0],
    "electronic_energies": [-336.2104893653249, -350.94235033265886, -365.8901483172627, -381.0394392086183, -396.37155258237834, -411.8852110724348, -427.5517185461192, -443.3603602492853, -458.04107484377784, -458.67404823727765, -459.32227353852704, -459.95564024332566, -460.60429027566033, -475.46380539265533, -491.67720966146766, -507.99924224837747, -524.4211449185577],
    "apdft_energies": {
        "0": [-459.32227353851056, -459.32227353851056, -459.32227353851056, -459.32227353851056, -459.32227353851056, -459.32227353851056, -459.32227353851056, -459.32227353851056, -459.32227353851056, -459.32227353851056, -459.32227353851056, -459.32227353851056, -459.32227353851056, -459.32227353851056, -459.32227353851056, -459.32227353851056, -459.32227353851056],
        "1": [-331.16307293370903, -347.1829730093092, -363.2028730849094, -379.22277316050963, -395.2426732361098, -411.26257331170996, -427.2824733873102, -443.3023734629104, -458.04068153246254, -458.6814775354866, -459.32227353851056, -459.96306954153454, -460.6038655445586, -475.3421736141107, -491.36207368971094, -507.38197376531116, -523.4018738409113],
        "2": [-33.99114457751659, -119.66071536159939, -196.04366338455117, -263.13998864637193, -320.9496911470617, -369.4727708866204, -408.70922786504815, -438.65906208234486, -458.0109643396269, -458.67404823727765, -459.32227353851056, -459.95564024332566, -460.57414835172295, -470.69886223354524, -472.7888281674489, -465.59217134022157, -449.1088917518632],
        "3": [-13.044620266307845, -105.62818052030138, -187.20684844075998, -258.0260911094557, -318.3313756081606, -368.36816901864654, -408.3819384226855, -438.61815090204954, -458.0109433931026, -458.6740456189621, -459.32227353851056, -459.9556428616412, -460.5741692982473, -470.73977341384057, -473.11611760981157, -466.69677320819545, -451.7272072907643],
        "4": [-4016841.5838472014, -2354696.771413887, -1271136.8618382132, -613177.4198940477, -251370.11507729162, -79802.72160587943, -16099.118419777902, -1419.2891809867506, -458.05111167849486, -458.67655613679915, -459.32227353851056, -459.95815337947823, -460.61433758363955, -1451.4108034985416, -16163.852598965028, -79901.05021006898, -251503.51090897428]
    },
    "apdft_poly_coeff": [ -459.32227353851056, -64.07960030240076, 74.29298208904811, -2.618315538901091, -251051.78370168348 ],
    "hf_energies": [-335.9323829273552, -350.6756846124655, -365.6354165271245, -380.8079484801443, -396.1501656479469, -411.67419106575403, -427.34807209527577, -443.16186551402797, -457.84839049272887, -458.4806329362451, -459.12996044527995, -459.7626037576171, -460.41234201485577, -475.26627325626595, -491.48355409121007, -507.80871155887945, -524.2331294378757],
    "triples_corrections": [-0.011518301284806142, -0.010858899042155031, -0.010038652689229804, -0.007976647917238152, -0.007401831732400629, -0.0067516874437613915, -0.006330099613513051, -0.006053182907207999, -0.005650194766261965, -0.005718925898788304, -0.005625534265631543, -0.00569313049601591, -0.005601173387110226, -0.005986965487789062, -0.005647095434614955, -0.005349494922599386, -0.005089066203838178],
    "scf_converged": [true, true, true, true, true, true, true, true, true, true, true, true, true, true, true, true, true],
    "cc_converged": [true, true, true, true, true, true, true, true, true, true, true, true, true, true, true, true, true],
    "scf_spin_squared": [3.782582346414552, 3.7699129971447913, 3.7654853590293476, 3.7623684649706, 3.762004297145525, 3.762887402602508, 3.7621665955295533, 3.7606646364569567, 3.761092354960402, 3.760257972179444, 3.761054199456739, 3.760225008178442, 3.761016482282934, 3.7599746255717523, 3.7596192329776086, 3.759285739515567, 3.7589659560275432],
    "cc_spin_squared": [3.750856856508006, 3.7508563273520816, 3.7507688726143726, 3.7506529462020173, 3.750572439766611, 3.7505646567753192, 3.750488872350895, 3.7504170304243387, 3.7504011811786686, 3.750383974403026, 3.750398491821491, 3.750381493896875, 3.7503958605637546, 3.7503509237996218, 3.750324394225816, 3.7503013362411797, 3.750281077531538]
}