{
    "schema_name": "pyscf_apdft_output",
    "provenance": {
        "creator": "PySCF",
        "version": "1.7.6"
    },
    "molecule": {
        "geometry": [[0.0, 0.0, 0.0]],
        "symbols": [ "F" ]
    },
    "molecular_charge": 0,
    "molecular_multiplicity": 2,
    "name": "f.chrg0.mult2-pyscf-uccsdt.augccpv5z",
    "atomic_numbers": [ 9 ],
    "n_electrons": 9,
    "model": {
        "method": "UCCSD(T)",
        "basis": "aug-cc-pV5Z",
        "scf_conv_tol": 1e-09,
        "scf_conv_tol_grad": 1e-06,
        "cc_conv_tol": 1e-05,
        "cc_conv_tol_normt": 1e-07
    },
    "broken_symmetry": false,
    "finite_diff_delta": 0.01,
    "finite_diff_acc": 2,
    "apdft_lambdas": [-2.0, -1.75, -1.5, -1.25, -1.0, -0.75, -0.5, -0.25, -0.02, -0.01, 0.0, 0.01, 0.02, 0.25, 0.5, 0.75, 1.0, 1.25, 1.5, 1.75, 2.0],
    "electronic_energies": [-54.32100451666005, -59.15994642045937, -64.23007199330625, -69.54260549990907, -75.09410245590283, -80.88686190174778, -86.9197258297953, -93.19115555059959, -99.17060596340501, -99.43513028384879, -99.70003318463328, -99.96531461447228, -100.23097452217478, -106.44549500696364, -113.42673279992677, -120.64288893593798, -128.09300064022358, -135.77595386740734, -143.69044576202475, -151.8349542440354, -160.20771786771533],
    "apdft_energies": {
        "0": [-99.70003318463327, -99.70003318463327, -99.70003318463327, -99.70003318463327, -99.70003318463327, -99.70003318463327, -99.70003318463327, -99.70003318463327, -99.70003318463327, -99.70003318463327, -99.70003318463327, -99.70003318463327, -99.70003318463327, -99.70003318463327, -99.70003318463327, -99.70003318463327, -99.70003318463327, -99.70003318463327, -99.70003318463327, -99.70003318463327, -99.70003318463327],
        "1": [-46.681600122284834, -53.30890425507839, -59.93620838787194, -66.5635125206655, -73.19081665345905, -79.8181207862526, -86.44542491904616, -93.07272905183972, -99.16984885400979, -99.43494101932153, -99.70003318463327, -99.96512534994501, -100.23021751525675, -106.32733731742682, -112.95464145022038, -119.58194558301393, -126.20924971580749, -132.83655384860106, -139.4638579813946, -146.09116211418814, -152.7184662469817],
        "2": [-54.252181212875, -59.105130402561485, -64.19466025132891, -69.52077075917728, -75.0834619261066, -80.88273375211685, -86.91858623720805, -93.19101938138019, -99.17060591211884, -99.43513028384879, -99.70003318463327, -99.96531461447228, -100.23097457336581, -106.4456276469673, -113.42780276838226, -120.64655854887818, -128.10189498845503, -135.79381208711283, -143.72230984485157, -151.88738826167125, -160.28904733757187],
        "3": [-54.320499347431955, -59.150898215360385, -64.22348196434513, -69.53744999124686, -75.09200169292622, -80.88633646624388, -86.9196537080605, -93.19115281523675, -99.17060598043697, -99.43513029238856, -99.70003318463327, -99.9653146059325, -100.23097450504768, -106.44549421311073, -113.42673529752982, -120.64295583475115, -128.09335522163542, -135.77713285504325, -143.69348813183535, -151.84162044887233, -160.2207292030149],
        "4": [-54.326844967757445, -59.154617901493566, -64.22548975827624, -69.53841825606702, -75.09239829419656, -80.88646195336457, -86.9196784956399, -93.19115436446046, -99.17060598050044, -99.43513029239253, -99.70003318463327, -99.96531460593647, -100.23097450511113, -106.44549576233445, -113.42676008510921, -120.64308132187185, -128.09375182290574, -135.77810111986344, -143.69549592576647, -151.84534013500553, -160.22707482334042]
    },
    "apdft_poly_coeff": [ -99.70003318463327, -26.509216531174218, -1.8926452726475418, 0.008539766819618913, -0.00039660127034342924 ],
    "hf_energies": [-54.00480137375359, -58.84286102141998, -63.93462948530314, -69.24131052564832, -74.79716767283031, -80.59434487916272, -86.63063058267458, -92.90482149976906, -98.88647850782749, -99.15109389971884, -99.41608754295171, -99.68145939425777, -99.94720941031942, -106.16373223477207, -113.14705149591988, -120.36526086223101, -127.81744973160242, -135.50254270771404, -143.41926543472513, -151.56611771687233, -159.94135570340433],
    "triples_corrections": [-0.019192394516150672, -0.01836009672146467, -0.012583002490567274, -0.012578347857511562, -0.010300120750728295, -0.008419421913211414, -0.007111098439529067, -0.006156037299926049, -0.005470852820329615, -0.005444232629280638, -0.005417844876801805, -0.005391686279642521, -0.005365753621815368, -0.0048251232561711925, -0.004336371131276312, -0.003924632386665728, -0.0035715570981324314, -0.003264376927844272, -0.0029940067094620403, -0.002753747938732461, -0.00253847445882345],
    "scf_converged": [true, true, true, true, true, true, true, true, true, true, true, true, true, true, true, true, true, true, true, true, true],
    "cc_converged": [true, true, true, true, true, true, true, true, true, true, true, true, true, true, true, true, true, true, true, true, true],
    "scf_spin_squared": [0.7927250438265254, 0.8562613995073081, 1.3388824867158728, 0.8538710880082867, 0.7706326440407478, 0.7595661570095267, 0.7564092895169221, 0.7550175740934382, 0.7542652644337218, 0.7542388024279711, 0.7542127414603543, 0.7541870707028702, 0.7541617797355298, 0.7536657729487302, 0.7532577674340577, 0.7529357349090375, 0.7526718764563913, 0.7524498899597631, 0.7522594672761831, 0.7520937453495482, 0.7519479325741427],
    "cc_spin_squared": [0.7616900986505879, 0.754367733478952, 0.782357658596254, 0.7556972212065607, 0.751522536888714, 0.750547201797356, 0.7502547472275887, 0.7501480913279481, 0.7501022958380028, 0.7501008605071773, 0.7500994584949798, 0.7500980886901534, 0.7500967500281961, 0.7500726558114037, 0.7500558204279635, 0.7500443793451286, 0.7500361573996148, 0.7500300065051402, 0.7500252720533389, 0.7500215339499041, 0.750018525029974]
}