{
    "schema_name": "pyscf_qa_output",
    "provenance": {
        "creator": "PySCF",
        "version": "1.7.6"
    },
    "molecule": {
        "geometry": [[0.0, 0.0, 0.0]],
        "symbols": [ "S" ]
    },
    "molecular_charge": 0,
    "molecular_multiplicity": 1,
    "name": "s.chrg0.mult1-pyscf-ccsdt.augccpv5z",
    "atomic_numbers": [ 16 ],
    "n_electrons": 16,
    "model": {
        "method": "CCSD(T)",
        "basis": "aug-cc-pV5Z",
        "scf_conv_tol": 1e-09,
        "scf_conv_tol_grad": 1e-06,
        "cc_conv_tol": 1e-07,
        "cc_conv_tol_normt": 1e-05
    },
    "broken_symmetry": false,
    "finite_diff_delta": 0.01,
    "finite_diff_acc": 2,
    "qa_lambdas": [-2.0, -1.75, -1.5, -1.25, -1.0, -0.75, -0.5, -0.25, -0.02, -0.01, 0.0, 0.01, 0.02, 0.25, 0.5, 0.75, 1.0, 1.25, 1.5, 1.75, 2.0],
    "electronic_energies": [-286.1583370362623, -299.3234321490499, -312.7282708441028, -326.3662548415119, -340.2303383529221, -354.31272451302175, -368.60552769446383, -383.101524214695, -396.61178765640483, -397.2028982470795, -397.79431486804316, -398.38603717422774, -398.97806482243385, -412.67820774053797, -427.7481059509715, -442.9994410418467, -458.4281237362637, -474.0304901817845, -489.80324811023956, -505.7434144709311, -521.8482613558242],
    "qats_energies": {
        "0": [-397.79431486804594, -397.79431486804594, -397.79431486804594, -397.79431486804594, -397.79431486804594, -397.79431486804594, -397.79431486804594, -397.79431486804594, -397.79431486804594, -397.79431486804594, -397.79431486804594, -397.79431486804594, -397.79431486804594, -397.79431486804594, -397.79431486804594, -397.79431486804594, -397.79431486804594, -397.79431486804594, -397.79431486804594, -397.79431486804594, -397.79431486804594],
        "1": [-279.4804221532196, -294.2696587425729, -309.0588953319262, -323.84813192127945, -338.63736851063277, -353.4266050999861, -368.21584168933936, -383.0050782786926, -396.6111759408977, -397.2027454044718, -397.79431486804594, -398.3858843316201, -398.9774537951942, -412.58355145739927, -427.37278804675253, -442.1620246361058, -456.9512612254591, -471.74049781481244, -486.5297344041657, -501.318970993519, -516.1082075828723],
        "2": [-285.59412645969144, -298.9504636022154, -312.4978540043166, -326.23629766599504, -340.16579458725073, -354.28634476808367, -368.59794820849385, -383.1006049084813, -396.6117873113283, -397.2028982470795, -397.79431486804594, -398.38603717422774, -398.97806516562486, -412.67907808718786, -427.754894565907, -443.02176430420343, -458.4796873020771, -474.128663559528, -489.9686930765561, -505.9997758531615, -522.2219118893441],
        "3": [-286.05297146316553, -299.25785390727714, -312.6914292401572, -326.3483203719213, -340.22315021268497, -354.3105416725638, -368.60511766167315, -383.1015010901287, -396.61178777017335, -397.2028983044351, -397.79431486804594, -398.3860371168721, -398.97806470677983, -412.67818190554044, -427.7477251127277, -442.9975673997234, -458.42233167664284, -474.0166408536017, -489.7751178407155, -505.69238554809976, -521.7630668858701],
        "4": [-286.1786863683181, -299.33154567663047, -312.73120622186565, -326.36750294411866, -340.231007394257, -354.31302773392053, -368.6056087355214, -383.1015317822442, -396.6117877714305, -397.20289830451367, -397.79431486804594, -398.38603711695066, -398.978064708037, -412.67821259765594, -427.748216186576, -443.00005346108014, -458.4301888582149, -474.03582342579904, -489.8148948224239, -505.7660773174531, -521.8887817910227]
    },
    "qats_poly_coeffs": [ -397.79431486804594, -59.156946357413176, -1.5284260766179614, 0.0573556254342596, -0.007857181572035188 ],
    "hf_energies": [-285.7768379331523, -298.94274995790494, -312.3497661236686, -325.99052476343786, -339.85728244158224, -353.9419976347767, -368.2368194789732, -382.7345680943869, -396.24622084061104, -396.8373871221902, -397.4288590472055, -398.0206362718598, -398.61271845387057, -412.3140117049561, -427.38494569929054, -442.63711477289854, -458.06645755983027, -473.669346129977, -489.44252789420193, -505.38306466271774, -521.4882738576039],
    "triples_corrections": [-0.014346365459717911, -0.014515203962442998, -0.014288451172920765, -0.013834337966030829, -0.013431144075087827, -0.013193244795472299, -0.013083910641409398, -0.013051430831959115, -0.013063767421261464, -0.013064998818959239, -0.01306628123372564, -0.013067614018273617, -0.013068996524033588, -0.013113118353455829, -0.013183128057845942, -0.013270645585057908, -0.013371734297046186, -0.013482585552472743, -0.01360046167818877, -0.013722070359075262, -0.013844231372910992],
    "scf_converged": [true, true, true, true, true, true, true, true, true, true, true, true, true, true, true, true, true, true, true, true, true],
    "cc_converged": [true, true, true, true, true, true, true, true, true, true, true, true, true, true, true, true, true, true, true, true, true],
    "t1_diagnostic": [0.014197941904681977, 0.011346596841283342, 0.0099369091888117, 0.009337021937577263, 0.00906592761846485, 0.00880284290559047, 0.008474848255674388, 0.008133861041847615, 0.007834271710888224, 0.007821672783620046, 0.0078091118797859755, 0.007796589137254253, 0.0077841045997905315, 0.007508027762705839, 0.007233961679521259, 0.006989478415520247, 0.006775208748454149, 0.006589637842972755, 0.006430293715465752, 0.006294459441276338, 0.006179876397057926]
}