{
    "schema_name": "pyscf_qa_output",
    "provenance": {
        "creator": "PySCF",
        "version": "1.7.6"
    },
    "molecule": {
        "geometry": [[0.0, 0.0, 0.0]],
        "symbols": [ "Ar" ]
    },
    "molecular_charge": 0,
    "molecular_multiplicity": 3,
    "name": "ar.chrg0.mult3-pyscf-uccsdt.augccpvtz",
    "atomic_numbers": [ 18 ],
    "n_electrons": 18,
    "model": {
        "method": "UCCSD(T)",
        "basis": "aug-cc-pVTZ",
        "scf_conv_tol": 1e-09,
        "scf_conv_tol_grad": 1e-06,
        "cc_conv_tol": 1e-07,
        "cc_conv_tol_normt": 1e-05
    },
    "broken_symmetry": false,
    "finite_diff_delta": 0.01,
    "finite_diff_acc": 2,
    "qa_lambdas": [-2.0, -1.75, -1.5, -1.25, -1.0, -0.75, -0.5, -0.25, -0.02, -0.01, 0.0, 0.01, 0.02],
    "electronic_energies": [-392.9435573408251, -408.9823704710932, -425.25382996036484, -441.708711729543, -458.3531619982662, -475.1744292136341, -492.1690584479689, -509.2998532053496, -525.1942708518031, -525.8965648518662, -526.5904619727992, -527.2759322270722, -527.9788921468617],
    "qats_energies": {
        "0": [-526.5818330975542, -526.5818330975542, -526.5818330975542, -526.5818330975542, -526.5818330975542, -526.5818330975542, -526.5818330975542, -526.5818330975542, -526.5818330975542, -526.5818330975542, -526.5818330975542, -526.5818330975542, -526.5818330975542],
        "1": [-388.6450955769526, -405.8871877670278, -423.129279957103, -440.3713721471782, -457.6134643372534, -474.8555565273286, -492.0976487174038, -509.339740907479, -525.2024657223482, -525.8921494099511, -526.5818330975542, -527.2715167851572, -527.9612004727602],
        "2": [-565.2627721769697, -541.1100964139159, -522.4767230446126, -509.3626520690599, -501.7678834872577, -499.692417299206, -503.13625350490486, -512.0993921043543, -525.2201274900082, -525.8965648518662, -526.5818330975542, -527.2759322270722, -527.9788622404202],
        "3": [16692.43365881132, 11020.198254814564, 6758.11395877857, 3703.942140652689, 1655.4441703862778, 410.3814179286917, -233.4847467707129, -478.39295376258025, -525.2028697935772, -525.8944076398122, -526.5818330975542, -527.278089439126, -527.9961199368512],
        "4": [1738474.5512075906, 1020297.2647183448, 551540.7370894472, 266427.04357326677, 109266.82651718498, 34459.29536359547, 6492.226649904206, -58.03599147039779, -525.1856519724017, -525.8933315259889, -526.5818330975542, -527.2770133253026, -527.9789021156757]
    },
    "qats_poly_coeffs": [ -526.5818330975542, -68.96836876030079, -44.15441915000429, -2157.2120538735358, 107611.38234679871 ],
    "hf_energies": [-392.625690804472, -408.676022273584, -424.97412843023403, -441.4388699323145, -458.09213888816885, -474.9211724483747, -491.92289928305024, -509.0591279501102, -524.9580911932775, -525.6606352983729, -526.3547067613215, -527.0402944695161, -527.7434817687702],
    "triples_corrections": [-0.01334084557364166, -0.012374675740089644, -0.009553420249100485, -0.00890655214482561, -0.00833646522131294, -0.007822364237562102, -0.007531441930010861, -0.00692387389954661, -0.006564182956273978, -0.006753970447345045, -0.006740221509100263, -0.006519773752738232, -0.006712986206801851],
    "scf_converged": [true, true, true, true, true, true, true, true, true, true, true, true, true],
    "cc_converged": [true, true, true, true, true, true, true, true, true, true, true, true, true],
    "scf_spin_squared": [2.032543058652246, 2.0210114567033575, 2.0112781454146447, 2.010712665124567, 2.0102143841181075, 2.0097607160202653, 2.009833626704774, 2.008964488984134, 2.0086421963681005, 2.0090384730282196, 2.0090243916534885, 2.008601980683129, 2.008996449747186],
    "cc_spin_squared": [2.000838787478366, 2.000611720399327, 2.00042595996577, 2.0003499713819437, 2.0002993668073903, 2.0002631743422024, 2.0002882669858284, 2.000213900989146, 2.000197597162585, 2.0002441453496376, 2.0002435384095527, 2.0001956940214436, 2.000242354495681]
}