{
    "schema_name": "pyscf_qa_output",
    "provenance": {
        "creator": "PySCF",
        "version": "1.7.6"
    },
    "molecule": {
        "geometry": [[0.0, 0.0, 0.0]],
        "symbols": [ "Al" ]
    },
    "molecular_charge": 2,
    "molecular_multiplicity": 4,
    "name": "al.chrg2.mult4-pyscf-uccsdt.augccpv5z",
    "atomic_numbers": [ 13 ],
    "n_electrons": 11,
    "model": {
        "method": "UCCSD(T)",
        "basis": "aug-cc-pV5Z",
        "scf_conv_tol": 1e-09,
        "scf_conv_tol_grad": 1e-06,
        "cc_conv_tol": 1e-05,
        "cc_conv_tol_normt": 1e-07
    },
    "broken_symmetry": false,
    "finite_diff_delta": 0.01,
    "finite_diff_acc": 2,
    "qa_lambdas": [-4.0, -3.75, -3.5, -3.25, -3.0, -2.75, -2.5, -2.25, -2.0, -1.75, -1.5, -1.25, -1.0, -0.75, -0.5, -0.25, -0.02, -0.01, 0.0, 0.01, 0.02],
    "electronic_energies": [-90.85051865513867, -98.09724967789182, -105.6505603933951, -113.49828668522241, -121.62792673177229, -130.83994343803033, -139.5982021454754, -148.60094793913902, -157.83133653647135, -167.28626772365195, -176.9294258569973, -186.75820357646666, -196.76125384432157, -206.92849113530397, -217.25096529466055, -227.7207156186255, -237.44681809244753, -237.8734973946318, -238.30039096321815, -238.75785188141316, -239.18528506209347],
    "qats_energies": {
        "0": [-238.30039096402152, -238.30039096402152, -238.30039096402152, -238.30039096402152, -238.30039096402152, -238.30039096402152, -238.30039096402152, -238.30039096402152, -238.30039096402152, -238.30039096402152, -238.30039096402152, -238.30039096402152, -238.30039096402152, -238.30039096402152, -238.30039096402152, -238.30039096402152, -238.30039096402152, -238.30039096402152, -238.30039096402152, -238.30039096402152, -238.30039096402152],
        "1": [-61.429493607751965, -72.48392469251883, -83.53835577728566, -94.59278686205249, -105.64721794681935, -116.7016490315862, -127.75608011635305, -138.81051120111988, -149.86494228588674, -160.9193733706536, -171.97380445542044, -183.02823554018727, -194.08266662495413, -205.137097709721, -216.19152879448782, -227.24595987925466, -237.41603647724017, -237.85821372063083, -238.30039096402152, -238.7425682074122, -239.18474545080286],
        "2": [-2506.8173337627873, -2221.7505810787807, -1955.7884208959847, -1708.9308532144003, -1481.177878034027, -1272.5294953548646, -1082.9857051769138, -912.5465075001741, -761.2119023246456, -628.9818896503284, -515.8564694772223, -421.83564180532744, -346.91940663464385, -291.10776396517144, -254.40071379691025, -236.79825612986028, -237.47717117324405, -237.8734973946318, -238.30039096402152, -238.75785188141316, -239.24588014680674],
        "3": [-163797.504889786, -135121.18185587818, -110007.94824846623, -88221.53841195049, -69525.68669073132, -53684.12742920908, -40460.59497178414, -29618.823662856845, -20922.547846827547, -14135.501868096608, -9021.420071064384, -5344.036800131231, -2867.0863996975067, -1354.3032141635665, -569.4215879297681, -276.1758653964675, -237.49733250918854, -237.87601756162488, -238.30039096402152, -238.7553317144201, -239.22571881086225],
        "4": [96847579.03891264, 74803857.96746661, 56756279.913487285, 42189945.04892235, 30625480.17287175, 21619038.71158769, 14762300.718474632, 9682472.874089336, 6042288.486140824, 3540007.4894903884, 1909416.4461515914, 919828.5452902697, 376083.6032245307, 118548.06342475238, 23114.996513584498, 1204.100265948174, -237.43670039884867, -237.87222805472862, -238.30039096402152, -238.75154220752387, -239.16508670052235]
    },
    "qats_poly_coeffs": [ -238.30039096402152, -44.21772433906739, -152.83674000968972, 2520.1669930628627, 378950.6896242282 ],
    "hf_energies": [-90.54432776899073, -97.80177202854985, -105.3654430115972, -113.2213884432393, -121.35704829162592, -130.64799437143103, -139.41264401214835, -148.42175624315854, -157.65862998979745, -167.1193709411003, -176.7689183720893, -186.60404138815636, -196.61329258919187, -206.7865018660108, -217.11465862568022, -227.58976614565066, -237.32593929857566, -237.7528527945763, -238.1799801361192, -238.63211108868884, -239.0597371234799],
    "triples_corrections": [-0.00843628997389875, -0.007617551195321707, -0.006624053173344546, -0.006061995759210576, -0.006069726998013452, -0.0023574426358033344, -0.0022153386678356356, -0.0021061665485206647, -0.002027883982857117, -0.0025511280347442883, -0.0027441175362970045, -0.003005288153477151, -0.0033387368198244402, -0.003747763979186526, -0.0042339662185335025, -0.004796795348223436, -0.002400541945427627, -0.00240735259873456, -0.0024142208284737045, -0.005460784535701338, -0.005487873201599019],
    "scf_converged": [true, true, true, true, true, true, true, true, true, true, true, true, true, true, true, true, true, true, true, true, true],
    "cc_converged": [false, false, false, false, false, true, true, true, true, true, true, true, true, true, true, true, true, true, true, true, true],
    "scf_spin_squared": [3.7543870790489913, 3.753279443213792, 3.7526129084318294, 3.7521842901704883, 3.751897720829927, 3.752358841056105, 3.7520987489820863, 3.7518815352317083, 3.7516949129490804, 3.7515451718199806, 3.751396175209134, 3.7512614323558706, 3.7511389481516755, 3.7510274707955595, 3.750926156017438, 3.7508343600664875, 3.75074946615727, 3.7507462664444504, 3.750743079090525, 3.750748385060868, 3.750745263300284],
    "cc_spin_squared": [null, null, null, null, null, 3.750033290265574, 3.7500299314985597, 3.750027971359718, 3.750027124830622, 3.750053466830855, 3.750061518207677, 3.7500707859683913, 3.7500810647854603, 3.7500921101974756, 3.7501036315963012, 3.75011532305893, 3.7500398120224534, 3.7500399110810343, 3.750040010035126, 3.7501273540854405, 3.7501278103574416]
}