{
    "schema_name": "pyscf_apdft_output",
    "provenance": {
        "creator": "PySCF",
        "version": "1.7.6"
    },
    "molecule": {
        "geometry": [[0.0, 0.0, 0.0]],
        "symbols": [ "B" ]
    },
    "molecular_charge": 2,
    "molecular_multiplicity": 2,
    "name": "b.chrg2.mult2-pyscf-uccsd.augccpv5z",
    "atomic_numbers": [ 5 ],
    "n_electrons": 3,
    "model": {
        "method": "UCCSD",
        "basis": "aug-cc-pV5Z",
        "scf_conv_tol": 1e-09,
        "scf_conv_tol_grad": 1e-06,
        "cc_conv_tol": 1e-05,
        "cc_conv_tol_normt": 1e-07
    },
    "broken_symmetry": false,
    "finite_diff_delta": 0.01,
    "finite_diff_acc": 2,
    "apdft_lambdas": [-4.0, -3.75, -3.5, -3.25, -3.0, -2.75, -2.5, -2.25, -2.0, -1.75, -1.5, -1.25, -1.0, -0.75, -0.5, -0.25, -0.02, -0.01, 0.0, 0.01, 0.02],
    "electronic_energies": [-0.3882298156246806, -0.8171724688669666, -1.3743678005488515, -2.057740239758543, -2.8671289058039973, -3.803257803055082, -4.868110728451266, -6.114118496825044, -7.471522900053066, -8.969849134470348, -10.60908263875671, -12.38912415326887, -14.310006135532394, -16.371770307719142, -18.574435895923926, -20.917965550069468, -23.198275094733503, -23.30011608723187, -23.402181579208197, -23.50447153398598, -23.606985913963392],
    "apdft_energies": {
        "0": [-23.40218157920818, -23.40218157920818, -23.40218157920818, -23.40218157920818, -23.40218157920818, -23.40218157920818, -23.40218157920818, -23.40218157920818, -23.40218157920818, -23.40218157920818, -23.40218157920818, -23.40218157920818, -23.40218157920818, -23.40218157920818, -23.40218157920818, -23.40218157920818, -23.40218157920818, -23.40218157920818, -23.40218157920818, -23.40218157920818, -23.40218157920818],
        "1": [17.468907771613953, 14.914464687187571, 12.36002160276119, 9.805578518334801, 7.25113543390842, 4.6966923494820385, 2.1422492650556535, -0.4121938193707315, -2.966636903797113, -5.521079988223494, -8.07552307264988, -10.629966157076263, -13.184409241502646, -15.73885232592903, -18.293295410355412, -20.847738494781794, -23.197826132454068, -23.30000385583112, -23.40218157920818, -23.504359302585236, -23.60653702596229],
        "2": [-0.48811634792530256, -0.8680760428762291, -1.388324988761056, -2.0488631855797834, -2.8496906333324112, -3.7908073320189395, -4.872213281639368, -6.093908482193697, -7.455892933681927, -8.958166636104057, -10.600729589460087, -12.383581793750018, -14.30672324897385, -16.37015395513158, -18.573873912223213, -20.917883120248746, -23.198275058057057, -23.30011608723187, -23.40218157920818, -23.50447153398598, -23.606985951565278],
        "3": [-0.8842674562869668, -1.1944944976420047, -1.6537152820580303, -2.2613495100599046, -3.0168168821724883, -3.9195370989206424, -4.968929860829228, -6.164414868423105, -7.505411822227135, -8.991340422766179, -10.621620370565097, -12.39567136614875, -14.312913110042, -16.372765302769707, -18.574647644856732, -20.917979836827936, -23.198275107575945, -23.30011609342173, -23.40218157920818, -23.50447152779612, -23.60698590204639],
        "4": [0.10286398696605303, -0.431958955120578, -1.075076953139451, -1.8311514334188281, -2.7044823239557125, -3.6990080544158275, -4.818305556133637, -6.065590262112327, -7.443716107023821, -8.955175527208768, -10.602099460676548, -12.386257347105277, -14.309057127841793, -16.37154524590167, -18.57440664596922, -20.917964774397465, -23.198275106958988, -23.30011609338317, -23.40218157920818, -23.50447152775756, -23.606985901429432]
    },
    "apdft_poly_coeff": [ -23.40218157920818, -10.217772337705533, -1.1223140074712035, 0.006189861068151003, 0.0038559822002071087 ],
    "hf_energies": [-0.34543880032910235, -0.776324003533645, -1.3336540623178237, -2.0169853073683814, -2.8264453200242445, -3.76280181099981, -4.828019899646592, -6.0740243863957435, -7.432256888524567, -8.931768198225576, -10.572485341403965, -12.354202110796958, -14.276853160189148, -16.34040823423673, -18.54484518995954, -20.890113178961812, -23.17199777393813, -23.273906899721897, -23.376040505139358, -23.478398554633326, -23.580981011720745],
    "scf_converged": [true, true, true, true, true, true, true, true, true, true, true, true, true, true, true, true, true, true, true, true, true],
    "cc_converged": [true, true, true, true, true, true, true, true, true, true, true, true, true, true, true, true, true, true, true, true, true],
    "scf_spin_squared": [0.7759512013837113, 0.7504620115663689, 0.7500179473592035, 0.7500028537568183, 0.7500010992772691, 0.7500009445097523, 0.7500017452010406, 0.7500117649636557, 0.7500156546567472, 0.7500183619292355, 0.7500197589241107, 0.7500202363965988, 0.750020065313052, 0.750019452599052, 0.7500185775797273, 0.7500175860768541, 0.750016665862338, 0.7500166267269001, 0.7500165876996274, 0.7500165487841713, 0.7500165099840984],
    "cc_spin_squared": [0.7505899260348352, 0.7500400060639505, 0.750001560486672, 0.7500001620048652, 0.7500000411016519, 0.7500000237318478, 0.750000030053659, 0.750000093752712, 0.7500001001980129, 0.7500000962803866, 0.7500000847772322, 0.7500000711595428, 0.7500000590000108, 0.7500000498387378, 0.7500000436404294, 0.7500000395436249, 0.7500000367456374, 0.7500000366341668, 0.7500000365231655, 0.750000036412597, 0.7500000363024092]
}