{
    "schema_name": "pyscf_qa_output",
    "provenance": {
        "creator": "PySCF",
        "version": "1.7.6"
    },
    "molecule": {
        "geometry": [[0.0, 0.0, 0.0]],
        "symbols": [ "P" ]
    },
    "molecular_charge": 2,
    "molecular_multiplicity": 4,
    "name": "p.chrg2.mult4-pyscf-uccsdt.augccpvqz",
    "atomic_numbers": [ 15 ],
    "n_electrons": 13,
    "model": {
        "method": "UCCSD(T)",
        "basis": "aug-cc-pVQZ",
        "scf_conv_tol": 1e-09,
        "scf_conv_tol_grad": 1e-06,
        "cc_conv_tol": 1e-07,
        "cc_conv_tol_normt": 1e-05
    },
    "broken_symmetry": false,
    "finite_diff_delta": 0.01,
    "finite_diff_acc": 2,
    "qa_lambdas": [-4.0, -3.75, -3.5, -3.25, -3.0, -2.75, -2.5, -2.25, -2.0, -1.75, -1.5, -1.25, -1.0, -0.75, -0.5, -0.25, -0.02, -0.01, 0.0, 0.01, 0.02],
    "electronic_energies": [-149.3571687835349, -159.30123324964333, -169.66778938797654, -180.27837045542594, -191.1912048942481, -202.38969769875766, -213.85641796736647, -225.5732526478915, -237.52193219611374, -249.68476373359306, -262.0449908961128, -274.58676857152125, -287.29503799162876, -300.15545032192256, -313.15435445909577, -326.2788219844468, -338.4537581389567, -338.98514096436486, -339.51668764201605, -340.0483974704125, -340.580269750228],
    "qats_energies": {
        "0": [-339.5166876420162, -339.5166876420162, -339.5166876420162, -339.5166876420162, -339.5166876420162, -339.5166876420162, -339.5166876420162, -339.5166876420162, -339.5166876420162, -339.5166876420162, -339.5166876420162, -339.5166876420162, -339.5166876420162, -339.5166876420162, -339.5166876420162, -339.5166876420162, -339.5166876420162, -339.5166876420162, -339.5166876420162, -339.5166876420162, -339.5166876420162],
        "1": [-126.86538643248605, -140.15609275808168, -153.44679908367732, -166.73750540927296, -180.0282117348686, -193.31891806046423, -206.60962438605986, -219.9003307116555, -233.19103703725114, -246.48174336284677, -259.7724496884424, -273.06315601403804, -286.3538623396337, -299.6445686652293, -312.93527499082495, -326.2259813164206, -338.4534311359686, -338.9850593889924, -339.5166876420162, -340.04831589504005, -340.5799441480639],
        "2": [-139.9174460264603, -151.62762951059813, -163.43978221031387, -175.35390412560753, -187.36999525647911, -199.48805560292863, -211.70808516495606, -224.03008394256142, -236.4540519357447, -248.9799891445059, -261.60789556884504, -274.3377712087621, -287.16961606425707, -300.10343013533, -313.1392134219808, -326.27696592420955, -338.4537574374584, -338.98514096436486, -339.5166876420162, -340.0483974704125, -340.5802704495537],
        "3": [-147.38850723140845, -157.783594248562, -168.44480954097247, -179.361209171328, -190.52184920231662, -201.91578569662636, -213.53207471694535, -225.35977232596161, -237.3879345863632, -249.60561756083823, -262.0018773120747, -274.56576990276074, -287.2863513955844, -300.1526778532337, -313.1538053383967, -326.27878991376156, -338.45375837134105, -338.9851410811002, -339.5166876420162, -340.04839735367716, -340.5802695156711],
        "4": [-149.7055965666253, -159.57349060469224, -169.80304476896458, -180.37101124199341, -191.25499074978757, -202.4334325618136, -213.88563449099578, -225.5917428937161, -237.53275266981427, -249.69050726258774, -262.04769865879166, -274.58786738863887, -287.29540252580006, -300.1555416874035, -313.1543710340352, -326.27882526973895, -338.45375837278925, -338.9851410811907, -339.5166876420162, -340.0483973537677, -340.58026951711923]
    },
    "qats_poly_coeffs": [ -339.5166876420162, -53.162825302382544, -0.8157537246233915, 0.11673533132731485, -0.009051130215690742 ],
    "hf_energies": [-149.0923535929592, -159.04132149460463, -169.4176905458351, -180.03659879874874, -190.9599775361275, -202.1713572974461, -213.65290218489483, -225.38584086758652, -237.3512699172827, -249.5309224676352, -261.90751544290305, -274.46475460025584, -287.1872454604156, -300.0604334619974, -313.07058525189484, -326.2047916775863, -338.3874328170394, -338.9191249533661, -339.45097887761546, -339.9829938978413, -340.51516932431673],
    "triples_corrections": [-0.0034021549997103303, -0.0032854547417571355, -0.0029641923894824767, -0.0028892901377568685, -0.002833354477251894, -0.0027587544478363383, -0.002652412681824905, -0.0025182446685773877, -0.0023535093424572684, -0.0021538329368980297, -0.001923604145687779, -0.0016757754099556066, -0.001426763894291731, -0.0011915216933311027, -0.0009806261640340976, -0.0007994951346367934, -0.0006600383893063473, -0.0006545476217406625, -0.0006491031264882327, -0.0006437046993643743, -0.0006383521321497646],
    "scf_converged": [true, true, true, true, true, true, true, true, true, true, true, true, true, true, true, true, true, true, true, true, true],
    "cc_converged": [true, true, true, true, true, true, true, true, true, true, true, true, true, true, true, true, true, true, true, true, true],
    "scf_spin_squared": [3.750002360783623, 3.750004075862817, 3.750012774289125, 3.7500197859696582, 3.7500300874324743, 3.75004322352913, 3.7500576248282833, 3.750071018536227, 3.750081427911617, 3.750087767898406, 3.7500897823736077, 3.750087810930763, 3.7500825987399367, 3.750075113040909, 3.7500663591068593, 3.750057228178089, 3.7500490907726576, 3.7500487492227315, 3.750048408909236, 3.750048069854264, 3.7500477320794277],
    "cc_spin_squared": [3.75000077378806, 3.750001163195504, 3.7500014616266237, 3.750002046078825, 3.7500026953970633, 3.750003264142601, 3.7500036758729016, 3.7500039519590174, 3.750004111060265, 3.7500041411401877, 3.7500040329037048, 3.7500037960345725, 3.75000345780519, 3.7500030555060833, 3.750002627953697, 3.7500022084250726, 3.7500018504963784, 3.7500018357549427, 3.7500018210882273, 3.750001806496834, 3.750001791981378]
}