{
    "schema_name": "pyscf_qa_output",
    "provenance": {
        "creator": "PySCF",
        "version": "1.7.6"
    },
    "molecule": {
        "geometry": [[0.0, 0.0, 0.0]],
        "symbols": [ "He" ]
    },
    "molecular_charge": -1,
    "molecular_multiplicity": 2,
    "name": "he.chrg-1.mult2-pyscf-uccsdt.augccpvtz",
    "atomic_numbers": [ 2 ],
    "n_electrons": 3,
    "model": {
        "method": "UCCSD(T)",
        "basis": "aug-cc-pVTZ",
        "scf_conv_tol": 1e-09,
        "scf_conv_tol_grad": 1e-06,
        "cc_conv_tol": 1e-05,
        "cc_conv_tol_normt": 1e-07
    },
    "broken_symmetry": false,
    "finite_diff_delta": 0.01,
    "finite_diff_acc": 2,
    "qa_lambdas": [-1.0, -0.75, -0.5, -0.25, -0.02, -0.01, 0.0, 0.01, 0.02, 0.25, 0.5, 0.75, 1.0, 1.25, 1.5, 1.75, 2.0, 2.25, 2.5, 2.75, 3.0],
    "electronic_energies": [-0.11286501122849497, -0.6011772990455458, -1.2086757794756624, -1.939424869082964, -2.719335897089422, -2.7556006494430334, -2.792062388690555, -2.8287211682242694, -2.8655770359137804, -3.7676829098885616, -4.865977042857328, -6.084706008122482, -7.419923274140108, -8.86592155458602, -10.41495712000769, -12.056749039557362, -13.778731377655324, -15.56791391300027, -17.41284802236697, -19.30427733709287, -21.23480586808979],
    "qats_energies": {
        "0": [-2.792062388690554, -2.792062388690554, -2.792062388690554, -2.792062388690554, -2.792062388690554, -2.792062388690554, -2.792062388690554, -2.792062388690554, -2.792062388690554, -2.792062388690554, -2.792062388690554, -2.792062388690554, -2.792062388690554, -2.792062388690554, -2.792062388690554, -2.792062388690554, -2.792062388690554, -2.792062388690554, -2.792062388690554, -2.792062388690554, -2.792062388690554],
        "1": [0.8639635503712482, -0.050042934394202376, -0.9640494191596529, -1.8780559039251035, -2.718941869909318, -2.755502129299936, -2.792062388690554, -2.828622648081172, -2.86518290747179, -3.7060688734560046, -4.620075358221455, -5.534081842986906, -6.448088327752356, -7.362094812517807, -8.276101297283258, -9.190107782048708, -10.104114266814157, -11.018120751579609, -11.93212723634506, -12.846133721110508, -13.76014020587596],
        "2": [-0.1212378806028882, -0.6042187393171541, -1.210349776903187, -1.939630993360987, -2.7193359504817076, -2.7556006494430334, -2.792062388690554, -2.8287211682242694, -2.8655769880441797, -3.767643962891888, -4.866375715964989, -6.088257647909858, -7.433289758726493, -8.901472048414895, -10.492804516975063, -12.207287164407, -14.044919990710703, -16.005702995886175, -18.08963617993341, -20.296719542852415, -22.626953084643187],
        "3": [-0.11279939006692485, -0.6006587511222947, -1.2092949655861915, -1.9394991419463625, -2.7193358829737835, -2.755600641004543, -2.792062388690554, -2.82872117666276, -2.865577055552104, -3.7677758143065123, -4.867430527281984, -6.091817636104717, -7.4417282492624555, -8.917953475242948, -10.52128442253394, -12.25251219962318, -14.11242791499841, -16.101822677147382, -18.221487594557836, -20.472213775717524, -22.854792329114193],
        "4": [-0.08978819526543669, -0.593377865267136, -1.2078567659110986, -1.9394092544666692, -2.719335879291992, -2.755600640774431, -2.792062388690554, -2.828721176432648, -2.865577051870313, -3.767685926826819, -4.865992327606891, -6.084536750249558, -7.418717054460967, -8.861773800434626, -10.404790248851405, -12.036692360879531, -13.744248798174596, -15.512070922879545, -17.322612797624693, -19.15617118552771, -20.990885550193628]
    },
    "qats_poly_coeffs": [ -2.792062388690554, -3.656025939061802, -0.9852014309741364, -0.0084384905359632, 0.02301119480148846 ],
    "hf_energies": [-0.09247392073741956, -0.5677336890833599, -1.1683434504392212, -1.8980706812443704, -2.678015768525663, -2.7142923945196693, -2.7507668588263994, -2.7874392245254316, -2.8243095503721984, -3.7270254133036573, -4.826757724435789, -6.047837291283198, -7.386070359642777, -8.835269082978611, -10.387263934250344, -12.031570252575708, -13.755599186278376, -15.54641244983301, -17.39263377405364, -19.28508197536688, -21.2164313201196],
    "triples_corrections": [-6.182492860644224e-05, -8.153762817030889e-05, -0.00010028206652683324, -9.018190772811176e-05, -7.327408440707306e-05, -7.256941235368191e-05, -7.187105156880514e-05, -7.117926514082727e-05, -7.049429347342578e-05, -5.6891135901565034e-05, -4.6522120728740765e-05, -3.918007832245105e-05, -3.344090357608035e-05, -2.852255200280117e-05, -2.4061250091069377e-05, -2.0063926857645024e-05, -1.677687816638936e-05, -1.4310237369683237e-05, -1.2528340764789727e-05, -1.1205132566012447e-05, -1.0148240348025233e-05],
    "scf_converged": [true, true, true, true, true, true, true, true, true, true, true, true, true, true, true, true, true, true, true, true, true],
    "cc_converged": [true, true, true, true, true, true, true, true, true, true, true, true, true, true, true, true, true, true, true, true, true],
    "scf_spin_squared": [0.754207331477498, 0.757784544506642, 0.7527218775783182, 0.7506077326020414, 0.7501815940324967, 0.75017317148562, 0.750165214046971, 0.7501576942014299, 0.7501505857827282, 0.75005955956276, 0.7500295313895265, 0.7500199692178423, 0.7500174128825123, 0.7500177726812248, 0.750018802297794, 0.7500186215986091, 0.7500166053554028, 0.7500134525887199, 0.7500100593388167, 0.7500069779721186, 0.7500044712371887],
    "cc_spin_squared": [0.7500024010734533, 0.7500021499142435, 0.7500008784206545, 0.7500002618012661, 0.7500001732555219, 0.7500001718079327, 0.7500001704331856, 0.7500001691235287, 0.7500001678719124, 0.7500001461272321, 0.7500001266105136, 0.750000110727647, 0.7500000978857929, 0.750000085198443, 0.7500000695193404, 0.7500000515245986, 0.7500000358348685, 0.7500000255254824, 0.7500000201720786, 0.7500000179907431, 0.7500000173516075]
}