{
    "schema_name": "pyscf_qa_output",
    "provenance": {
        "creator": "PySCF",
        "version": "1.7.6"
    },
    "molecule": {
        "geometry": [[0.0, 0.0, 0.0]],
        "symbols": [ "Na" ]
    },
    "molecular_charge": 2,
    "molecular_multiplicity": 2,
    "name": "na.chrg2.mult2-pyscf-uccsdt.augccpvtz",
    "atomic_numbers": [ 11 ],
    "n_electrons": 9,
    "model": {
        "method": "UCCSD(T)",
        "basis": "aug-cc-pVTZ",
        "scf_conv_tol": 1e-09,
        "scf_conv_tol_grad": 1e-06,
        "cc_conv_tol": 1e-05,
        "cc_conv_tol_normt": 1e-07
    },
    "broken_symmetry": false,
    "finite_diff_delta": 0.01,
    "finite_diff_acc": 2,
    "qa_lambdas": [-4.0, -3.75, -3.5, -3.25, -3.0, -2.75, -2.5, -2.25, -2.0, -1.75, -1.5, -1.25, -1.0, -0.75, -0.5, -0.25, -0.02, -0.01, 0.0, 0.01, 0.02],
    "electronic_energies": [-45.60448873562993, -50.58378464727743, -56.073944503410196, -61.870840774918676, -68.02439383569288, -74.49758893982855, -81.2667121994088, -88.30662988769379, -95.59338023113818, -103.10506006623925, -110.82055373612667, -118.71609419543238, -126.76340552545352, -134.9328987290486, -143.19820737542682, -151.5380349270302, -159.26221403095053, -159.59899768999756, -159.93585417550358, -160.27278278088122, -160.60978280710154],
    "qats_energies": {
        "0": [-159.93585417550352, -159.93585417550352, -159.93585417550352, -159.93585417550352, -159.93585417550352, -159.93585417550352, -159.93585417550352, -159.93585417550352, -159.93585417550352, -159.93585417550352, -159.93585417550352, -159.93585417550352, -159.93585417550352, -159.93585417550352, -159.93585417550352, -159.93585417550352, -159.93585417550352, -159.93585417550352, -159.93585417550352, -159.93585417550352, -159.93585417550352],
        "1": [-25.17883599877254, -33.60114963481823, -42.023463270863914, -50.4457769069096, -58.86809054295529, -67.29040417900097, -75.71271781504666, -84.13503145109235, -92.55734508713803, -100.97965872318372, -109.4019723592294, -117.82428599527509, -126.24659963132078, -134.66891326736646, -143.09122690341215, -151.51354053945784, -159.26206908461987, -159.5989616300617, -159.93585417550352, -160.27274672094535, -160.60963926638718],
        "2": [-30.948425737292695, -38.672078115939456, -46.440805414418406, -54.254607632729545, -62.11348477087287, -70.01743682884839, -77.9664638066561, -85.96056570429599, -93.99974252176807, -102.08399425907234, -110.2133209162088, -118.38772249317745, -126.60719898997829, -134.8717504066113, -143.18137674307653, -151.53607799937393, -159.26221332436333, -159.59899768999756, -159.93585417550352, -160.27278278088122, -160.60978350613064],
        "3": [-38.44504601709741, -44.849102882624265, -51.46295532842822, -58.27562197714629, -65.27612145141549, -72.45347237387283, -79.79669336715529, -87.2948030538999, -94.93682005674366, -102.71176299832356, -110.60865050127663, -118.61650118823985, -126.72433368185023, -134.9211666047448, -143.19601857956053, -151.53790822893444, -159.26221426144087, -159.59899780713226, -159.93585417550352, -160.2727826637465, -160.6097825690531],
        "4": [-46.50692831957289, -51.07671505857061, -56.18868272301893, -61.789040868152796, -67.82695139868312, -74.25452856879689, -81.02683898215705, -88.10190159190256, -95.44068770064838, -103.00712096048548, -110.76807737298085, -118.69338528917746, -126.75582540959428, -134.9311307842263, -143.1979868125445, -151.53803124349594, -159.26221426647953, -159.59899780744718, -159.93585417550352, -160.27278266406145, -160.60978257409178]
    },
    "qats_poly_coeffs": [ -159.93585417550352, -33.689254544182745, -0.3605993586575096, 0.11713469187194882, -0.031491727744044816 ],
    "hf_energies": [-45.47830570705363, -50.47702992065665, -55.86922681644542, -61.61705883412747, -67.80113602164215, -74.28755983856911, -81.07731285810827, -88.14450234790255, -95.46392905209174, -103.01014074782779, -110.75662992559083, -118.67541689066013, -126.73781883451898, -134.91646090213123, -143.18730912768385, -151.5305863763988, -159.25683584020726, -159.59369240754694, -159.93062059267166, -160.26761971146513, -160.60468908689415],
    "triples_corrections": [-0.0019685743884053147, -0.0017139085671262126, -0.007038698641933025, -0.005116051401385621, -0.0049526365239818, -0.005973186477302066, -0.008028398366046503, -0.009587791681223224, -0.009252376180134, -0.0069183124772274705, -0.003943206229160897, -0.0017782355339454586, -0.0007006504823051553, -0.0002698494205599576, -0.000109039631333704, -4.729518809232007e-05, -2.3306421988634252e-05, -2.2627724502381386e-05, -2.197091187998954e-05, -2.133521223890078e-05, -2.0719883222134504e-05],
    "scf_converged": [true, true, true, true, true, true, true, true, true, true, true, true, true, true, true, true, true, true, true, true, true],
    "cc_converged": [true, true, true, true, true, true, true, true, true, true, true, true, true, true, true, true, true, true, true, true, true],
    "scf_spin_squared": [2.7453871718941185, 2.63971420343368, 2.319403245924794, 1.0053604916529082, 1.2263815771358408, 0.9432229284896536, 0.8249294824467022, 0.7804499671133254, 0.763527146650997, 0.756534456252135, 0.753411387139387, 0.7519217199719357, 0.7511588390819726, 0.7507325390269228, 0.7504733633140024, 0.7503070307876465, 0.7502052025757768, 0.7502016077579876, 0.7501980731614024, 0.7501945978140108, 0.7501911807604342],
    "cc_spin_squared": [2.7589965564609926, 2.776630589184392, 1.3039908844720998, 0.7631710514086922, 0.75129636322084, 0.7512423284321157, 0.7509604360710926, 0.7506410840487927, 0.750378446497336, 0.7501872219119328, 0.7500763860460533, 0.7500272028753598, 0.75000938493285, 0.7500034598109193, 0.7500014122687031, 0.750000628730779, 0.7500003151437626, 0.7500003061081841, 0.7500002973526896, 0.750000288867831, 0.7500002806445576]
}