{
    "schema_name": "pyscf_qa_output",
    "provenance": {
        "creator": "PySCF",
        "version": "1.7.6"
    },
    "molecule": {
        "geometry": [[0.0, 0.0, 0.0]],
        "symbols": [ "Na" ]
    },
    "molecular_charge": 1,
    "molecular_multiplicity": 1,
    "name": "na.chrg1.mult1-pyscf-ccsdt.augccpvtz",
    "atomic_numbers": [ 11 ],
    "n_electrons": 10,
    "model": {
        "method": "CCSD(T)",
        "basis": "aug-cc-pVTZ",
        "scf_conv_tol": 1e-09,
        "scf_conv_tol_grad": 1e-06,
        "cc_conv_tol": 1e-05,
        "cc_conv_tol_normt": 1e-07
    },
    "broken_symmetry": false,
    "finite_diff_delta": 0.01,
    "finite_diff_acc": 2,
    "qa_lambdas": [-3.0, -2.75, -2.5, -2.25, -2.0, -1.75, -1.5, -1.25, -1.0, -0.75, -0.5, -0.25, -0.02, -0.01, 0.0, 0.01, 0.02, 0.25, 0.5, 0.75, 1.0],
    "electronic_energies": [-68.0454455655895, -74.39063397578121, -81.21087150124063, -88.32475034431795, -95.69800413241609, -103.30798807323993, -111.13539185627519, -119.16358135420136, -127.37776686653972, -135.7617765636816, -144.2932947860848, -152.94409588787406, -160.98419665970968, -161.3352303646219, -161.68637479897515, -162.03762871365717, -162.38899087506292, -170.49757983631812, -179.36098381734922, -188.26443678165367, -197.1990535146337],
    "qats_energies": {
        "0": [-161.68637479896762, -161.68637479896762, -161.68637479896762, -161.68637479896762, -161.68637479896762, -161.68637479896762, -161.68637479896762, -161.68637479896762, -161.68637479896762, -161.68637479896762, -161.68637479896762, -161.68637479896762, -161.68637479896762, -161.68637479896762, -161.68637479896762, -161.68637479896762, -161.68637479896762, -161.68637479896762, -161.68637479896762, -161.68637479896762, -161.68637479896762],
        "1": [-56.326622443678104, -65.1066018066189, -73.88658116955969, -82.66656053250048, -91.44653989544128, -100.22651925838207, -109.00649862132286, -117.78647798426366, -126.56645734720445, -135.34643671014524, -144.12641607308603, -152.90639543602683, -160.98397644993236, -161.33517562445, -161.68637479896762, -162.03757397348525, -162.38877314800288, -170.4663541619084, -179.2463335248492, -188.02631288779, -196.8062922507308],
        "2": [-61.25323791637601, -69.24632730798311, -77.30784191448879, -85.43778173589305, -93.6361467721959, -101.90293702339733, -110.23815248949734, -118.64179317049593, -127.1138590663931, -135.65435017718886, -144.2632665028832, -152.94060804347612, -160.98419541062003, -161.3352303646219, -161.68637479896762, -162.03762871365717, -162.38899210869056, -170.5005667693577, -179.38318395464637, -188.33422635483362, -197.35369396991945],
        "3": [-66.83935182381691, -73.54905740682791, -80.5405467220356, -87.79442354059469, -95.29129163365987, -103.01175477238588, -110.93641672792745, -119.04588127143927, -127.32075217407609, -135.74163320699262, -144.28912814134358, -152.94384074828366, -160.9841970657649, -161.335230571515, -161.68637479896762, -162.03762850676407, -162.3889904535457, -170.49733406455016, -179.35732231618599, -188.24694332502986, -197.14680086223646],
        "4": [-72.05774074479694, -77.23358828028802, -83.05713088531687, -89.44555441012352, -96.32208450693987, -103.61598662998972, -111.2625660354887, -119.20316778164437, -127.38517672865609, -135.7620175387152, -144.29315467600483, -152.94409240669998, -160.98419707607283, -161.33523057215925, -161.68637479896762, -162.0376285074083, -162.38899046385362, -170.49758572296648, -179.36134885084724, -188.26732765675243, -197.21122541681646]
    },
    "qats_poly_coeffs": [ -161.68637479896762, -35.11991745176317, -0.547401719188656, 0.2068931076829964, -0.0644245545800004 ],
    "hf_energies": [-67.53343584823068, -74.06149454324895, -80.90980998232087, -88.047599680327, -95.45001927221014, -103.09549122469076, -110.96423542761258, -119.03691847503794, -127.29323777886958, -135.7106237648959, -144.2639320896746, -152.9270812759893, -160.97344422474933, -161.32467838095624, -161.67601853154915, -162.0274635532723, -162.3790123350195, -170.49089226592488, -179.35642107942755, -188.26116961686293, -197.1966122459875],
    "triples_corrections": [-0.1825334456130456, -0.014195141254599263, -0.007878995497400195, -0.010627381692806307, -0.014325986724633472, -0.016880311016714025, -0.016780942607029753, -0.01346840959912201, -0.008336841810711893, -0.0039102025108546535, -0.0014667328334688461, -0.0004968172670857452, -0.00018580391652969075, -0.00017825238586625507, -0.0001710302386456011, -0.00016412261408533336, -0.00015751531364573007, -6.373458644120606e-05, -2.6094005817729238e-05, -1.1655244148717535e-05, -5.611934066609217e-06],
    "scf_converged": [true, true, true, true, true, true, true, true, true, true, true, true, true, true, true, true, true, true, true, true, true],
    "cc_converged": [true, true, true, true, true, true, true, true, true, true, true, true, true, true, true, true, true, true, true, true, true],
    "t1_diagnostic": [0.21313557528631183, 0.1105764438583554, 0.11459305099838829, 0.05487819083984293, 0.04110211452359611, 0.03472673571172138, 0.030378459152190198, 0.025621829034015824, 0.01967677870208243, 0.013278820285971136, 0.007922824281760181, 0.004400844381773752, 0.002541431038472979, 0.002482614100462299, 0.0024252968536052485, 0.002369442645500435, 0.0023150153327130777, 0.0013835566412654455, 0.0008307374542210932, 0.0005252910283158884, 0.0003476537558789688]
}