{
    "schema_name": "pyscf_apdft_output",
    "provenance": {
        "creator": "PySCF",
        "version": "1.7.6"
    },
    "molecule": {
        "geometry": [[0.0, 0.0, 0.0]],
        "symbols": [ "Ne" ]
    },
    "molecular_charge": 1,
    "molecular_multiplicity": 2,
    "name": "ne.chrg1.mult2-pyscf-uccsdt.augccpvtz",
    "atomic_numbers": [ 10 ],
    "n_electrons": 9,
    "model": {
        "method": "UCCSD(T)",
        "basis": "aug-cc-pVTZ",
        "scf_conv_tol": 1e-09,
        "scf_conv_tol_grad": 1e-06,
        "cc_conv_tol": 1e-05,
        "cc_conv_tol_normt": 1e-07
    },
    "broken_symmetry": false,
    "finite_diff_delta": 0.01,
    "finite_diff_acc": 2,
    "apdft_lambdas": [-3.0, -2.75, -2.5, -2.25, -2.0, -1.75, -1.5, -1.25, -1.0, -0.75, -0.5, -0.25, -0.02, -0.01, 0.0, 0.01, 0.02, 0.25, 0.5, 0.75, 1.0],
    "electronic_energies": [-53.26735222530101, -58.16855583610674, -63.31673766774763, -68.71436226200947, -74.3623690592758, -80.25969676444913, -86.40282388453039, -92.78593102729253, -99.40176296633817, -106.24254193129786, -113.30044828092907, -120.56774030613138, -127.4319788436767, -127.73420489439009, -128.0367419580891, -128.33958954828938, -128.6427471786649, -135.69982798824523, -143.54943787840512, -151.57811185968433, -159.77852727425287],
    "apdft_energies": {
        "0": [-128.03674195808898, -128.03674195808898, -128.03674195808898, -128.03674195808898, -128.03674195808898, -128.03674195808898, -128.03674195808898, -128.03674195808898, -128.03674195808898, -128.03674195808898, -128.03674195808898, -128.03674195808898, -128.03674195808898, -128.03674195808898, -128.03674195808898, -128.03674195808898, -128.03674195808898, -128.03674195808898, -128.03674195808898, -128.03674195808898, -128.03674195808898],
        "1": [-37.22904387319505, -44.79635204693622, -52.363660220677374, -59.93096839441853, -67.4982765681597, -75.06558474190086, -82.63289291564202, -90.20020108938317, -97.76750926312434, -105.3348174368655, -112.90212561060666, -120.46943378434781, -127.43135730418969, -127.73404963113933, -128.03674195808898, -128.33943428503864, -128.64212661198826, -135.60405013183015, -143.1713583055713, -150.73866647931246, -158.30597465305362],
        "2": [-51.20273644041464, -56.538135384669346, -62.06761339235764, -67.79117046347955, -73.70880659803507, -79.8205217960242, -86.12631605744691, -92.62618938230324, -99.32014177059318, -106.20817322231673, -113.29028373747387, -120.56647331606462, -127.43197835719268, -127.73420489439007, -128.03674195808898, -128.33958954828938, -128.64274766499125, -135.70108966354695, -143.5595164324385, -151.61202226476368, -159.85860716052247],
        "3": [-53.39155983494794, -58.224086737750255, -63.33429359752738, -68.71458033304829, -74.35734686308197, -80.25499310639741, -86.39991898176358, -92.78452440794946, -99.40120930372404, -106.2423735878563, -113.30041717911523, -120.5677399962698, -127.43197900573294, -127.73420497545762, -128.03674195808898, -128.33958946722186, -128.64274701645098, -135.6998229833418, -143.54938299079714, -151.5778218992241, -159.7775396273916],
        "4": [-53.444720510809304, -58.26162172305533, -63.359930497537675, -68.73140070314506, -74.3678477373262, -80.26114852608987, -86.40324152400491, -92.78612671420011, -99.4018656083643, -106.2425812467464, -113.30045819815524, -120.5677425599598, -127.43197900583795, -127.73420497546418, -128.03674195808898, -128.3395894672284, -128.642747016556, -135.69982554703176, -143.54942400983717, -151.5780295581142, -159.77819593203188]
    },
    "apdft_poly_coeff": [ -128.03674195808898, -30.269232694964643, -1.552632507468843, 0.081067533130863, -0.0006563046402637459 ],
    "hf_energies": [-53.00108749004342, -57.89738553010662, -63.04422224786029, -68.44410032612066, -74.09690449083794, -80.00008846183982, -86.14897532804252, -92.53727361699787, -99.15776565748013, -106.00287533847597, -113.06495861378619, -120.33638904764211, -127.20446903990691, -127.50686371906644, -127.80956958198344, -128.11258614666494, -128.4159129312941, -135.47694444096155, -143.3310276253564, -151.36443853693928, -159.56993049062422],
    "triples_corrections": [-0.00992593223058774, -0.010280829778430747, -0.010263731843935706, -0.009624322692607407, -0.008473839701269465, -0.007184201551203723, -0.00607158605170505, -0.005225952325344103, -0.004585750216353132, -0.004067113849245757, -0.003615902750126572, -0.003207430124331388, -0.0028630793891873158, -0.0028487856053815317, -0.002834549289194921, -0.002820370591610952, -0.0028062496663531244, -0.0024977790917111685, -0.0021992347899036343, -0.0019397107272271952, -0.001717824395147431],
    "scf_converged": [true, true, true, true, true, true, true, true, true, true, true, true, true, true, true, true, true, true, true, true, true],
    "cc_converged": [true, true, true, true, true, true, true, true, true, true, true, true, true, true, true, true, true, true, true, true, true],
    "scf_spin_squared": [0.90199876263872, 0.8606060874228483, 0.8073952582551636, 0.7773746927800245, 0.7644151395254983, 0.7588090391716564, 0.756182226514392, 0.7548215058530734, 0.7540348346095875, 0.7535256079526271, 0.7531599299428482, 0.7528745444940279, 0.7526559625653135, 0.7526471839873237, 0.7526384589104493, 0.7526297866367804, 0.752621166485576, 0.7524359414175716, 0.7522586013044599, 0.7521015486547227, 0.7519615522711343],
    "cc_spin_squared": [0.751807964124755, 0.7518490683230863, 0.7515038422314875, 0.7510588447351187, 0.7506721379273751, 0.7503968502201976, 0.7502308032588232, 0.7501405699290866, 0.7500928669431695, 0.7500666408203864, 0.7500509933862722, 0.7500408076375638, 0.7500341047957857, 0.750033853711727, 0.7500336054682011, 0.7500333600128604, 0.7500331172946277, 0.7500281901298456, 0.7500239309582812, 0.7500204812677747, 0.7500176202623403]
}