{
    "schema_name": "pyscf_qa_output",
    "provenance": {
        "creator": "PySCF",
        "version": "1.7.6"
    },
    "molecule": {
        "geometry": [[0.0, 0.0, 0.0]],
        "symbols": [ "Ne" ]
    },
    "molecular_charge": -2,
    "molecular_multiplicity": 3,
    "name": "ne.chrg-2.mult3-pyscf-uccsdt.augccpvqz",
    "atomic_numbers": [ 10 ],
    "n_electrons": 12,
    "model": {
        "method": "UCCSD(T)",
        "basis": "aug-cc-pVQZ",
        "scf_conv_tol": 1e-09,
        "scf_conv_tol_grad": 1e-06,
        "cc_conv_tol": 1e-07,
        "cc_conv_tol_normt": 1e-05
    },
    "broken_symmetry": false,
    "finite_diff_delta": 0.01,
    "finite_diff_acc": 2,
    "qa_lambdas": [-0.02, -0.01, 0.0, 0.01, 0.02, 0.25, 0.5, 0.75, 1.0, 1.25, 1.5, 1.75, 2.0, 2.25, 2.5, 2.75, 3.0, 3.25, 3.5, 3.75, 4.0],
    "electronic_energies": [-127.65434279647, -127.96991883934042, -128.2858995878995, -128.6022850135572, -128.91907508841118, -136.3385547301278, -144.63990234735724, -153.19463918507202, -162.00213943676619, -171.06175345222425, -180.3727946772846, -189.93454626304194, -199.74625034810774, -209.80705674110683, -220.11591401547756, -230.67140286068397, -241.47154500186585, -252.5136561433852, -263.79431359968413, -275.3094565555013, -287.05457245994165],
    "qats_energies": {
        "0": [-128.28589958789942, -128.28589958789942, -128.28589958789942, -128.28589958789942, -128.28589958789942, -128.28589958789942, -128.28589958789942, -128.28589958789942, -128.28589958789942, -128.28589958789942, -128.28589958789942, -128.28589958789942, -128.28589958789942, -128.28589958789942, -128.28589958789942, -128.28589958789942, -128.28589958789942, -128.28589958789942, -128.28589958789942, -128.28589958789942, -128.28589958789942],
        "1": [-127.65353341368264, -127.96971650079104, -128.28589958789942, -128.6020826750078, -128.91826576211622, -136.19047676560922, -144.09505394331904, -151.99963112102884, -159.90420829873864, -167.80878547644843, -175.71336265415823, -183.61793983186806, -191.52251700957785, -199.42709418728765, -207.33167136499748, -215.23624854270727, -223.14082572041707, -231.04540289812687, -238.94998007583666, -246.8545572535465, -254.75913443125629],
        "2": [-127.65434276788024, -127.96991883934044, -128.28589958789942, -128.6022850135572, -128.91907511631382, -136.31693835898415, -144.60090031681875, -153.13778546140318, -161.92759379273747, -170.9703253108216, -180.2659800156556, -189.81455790723948, -199.61605898557318, -209.67048325065673, -219.97783070249017, -230.53810134107343, -241.35129516640654, -252.4174121784895, -263.7364523773224, -275.30841576290504, -287.13330233523754],
        "3": [-127.65434280554183, -127.96991884404812, -128.28589958789942, -128.60228500884952, -128.9190750786522, -136.31686480119467, -144.60031185450282, -153.13579940108696, -161.92288609421016, -170.96113058713547, -180.25009153312595, -189.7893275854447, -199.57839739735476, -209.6168596221192, -219.90427291300102, -230.44019592326342, -241.22418730616937, -252.25580571498193, -263.53460980296427, -275.0601582233793, -286.8320096294902],
        "4": [-127.6543428059999, -127.96991884407676, -128.28589958789942, -128.60228500887814, -128.9190750791103, -136.31687598484126, -144.60049079284846, -153.13670527646167, -161.92574910774013, -170.96812036626136, -180.26458553912136, -189.81617952093464, -199.62420561383405, -209.69023552747092, -220.01610937901495, -230.60393569315437, -241.4560914020958, -252.57522184556427, -263.96424077080326, -275.62633033257475, -287.56494109315895]
    },
    "qats_poly_coeffs": [ -128.28589958789942, -31.618308710839216, -2.0233854939988305, 0.004707698527302758, -0.00286301352995603 ],
    "hf_energies": [-127.30844567929132, -127.62420732646999, -127.94037308148708, -128.2569429280893, -128.5739168503514, -135.99191234903057, -144.2981618952561, -152.85750293073693, -161.6694150388696, -170.7333204089413, -180.04858433886736, -189.61452735853976, -199.43042232291566, -209.4954537292937, -219.80861824876712, -230.36855873548438, -241.17336055906821, -252.22038556556652, -263.5062277075466, -275.02681597812636, -286.777611006184],
    "triples_corrections": [-0.006789289141162615, -0.006753812342654099, -0.006718623816567007, -0.006683719828689295, -0.006649096754353033, -0.006396363735773626, -0.005635812104685339, -0.005018709841876064, -0.0045115765128815166, -0.004089417818399499, -0.0037325399108498265, -0.0034256611551630118, -0.003157251570145251, -0.0029186903090251334, -0.0027034096493308455, -0.002506344080347051, -0.0023238096424769666, -0.0021535469714718818, -0.0019945466025929628, -0.0018465767379704236, -0.0017096864149201676],
    "scf_converged": [true, true, true, true, true, true, true, true, true, true, true, true, true, true, true, true, true, true, true, true, true],
    "cc_converged": [true, true, true, true, true, true, true, true, true, true, true, true, true, true, true, true, true, true, true, true, true],
    "scf_spin_squared": [2.0002119611337337, 2.0002066690101294, 2.0002015353452647, 2.0001965550371485, 2.000191723154912, 2.0005846870170387, 2.000335511888384, 2.00020968388864, 2.0001419730374748, 2.000103796167414, 2.0000816709708573, 2.0000688473723898, 2.000061760821481, 2.0000584108571884, 2.0000575495685062, 2.0000582508180456, 2.0000597131784357, 2.000061248612, 2.0000623756639246, 2.000062885513654, 2.0000628051545677],
    "cc_spin_squared": [2.0000129400969016, 2.0000126213773153, 2.0000123121196185, 2.0000120120146687, 2.000011720764124, 2.0000388374514846, 2.0000193927848913, 2.0000107875241544, 2.000006656963891, 2.0000045288616506, 2.000003374177711, 2.0000027286852844, 2.0000023692128646, 2.0000021790205165, 2.000002089192511, 2.0000020519369346, 2.0000020304039103, 2.000001998007794, 2.000001940846398, 2.0000018573603495, 2.0000017541762163]
}