{
    "schema_name": "pyscf_qa_output",
    "provenance": {
        "creator": "PySCF",
        "version": "1.7.6"
    },
    "molecule": {
        "geometry": [[0.0, 0.0, 0.0]],
        "symbols": [ "Al" ]
    },
    "molecular_charge": -2,
    "molecular_multiplicity": 2,
    "name": "al.chrg-2.mult2-pyscf-uccsdt.augccpv5z",
    "atomic_numbers": [ 13 ],
    "n_electrons": 15,
    "model": {
        "method": "UCCSD(T)",
        "basis": "aug-cc-pV5Z",
        "scf_conv_tol": 1e-09,
        "scf_conv_tol_grad": 1e-06,
        "cc_conv_tol": 1e-05,
        "cc_conv_tol_normt": 1e-07
    },
    "broken_symmetry": false,
    "finite_diff_delta": 0.01,
    "finite_diff_acc": 2,
    "qa_lambdas": [-0.02, -0.01, 0.0, 0.01, 0.02, 0.25, 0.5, 0.75, 1.0, 1.25, 1.5, 1.75, 2.0, 2.25, 2.5, 2.75, 3.0, 3.25, 3.5, 3.75, 4.0],
    "electronic_energies": [-241.09711908328157, -241.54410078069736, -241.99136133113328, -242.43890289580048, -242.88672702634688, -253.26616385791033, -264.71103133358514, -276.3251252848809, -288.1332829198797, -300.0608050004428, -312.1661881780677, -324.42093667606775, -336.819633895871, -349.3571412488981, -362.02845202460486, -374.8286087903751, -387.7526647558661, -400.79567854895276, -413.95272222044207, -427.21889258814304, -440.5893186510587],
    "qats_energies": {
        "0": [-241.99136133112432, -241.99136133112432, -241.99136133112432, -241.99136133112432, -241.99136133112432, -241.99136133112432, -241.99136133112432, -241.99136133112432, -241.99136133112432, -241.99136133112432, -241.99136133112432, -241.99136133112432, -241.99136133112432, -241.99136133112432, -241.99136133112432, -241.99136133112432, -241.99136133112432, -241.99136133112432, -241.99136133112432, -241.99136133112432, -241.99136133112432],
        "1": [-241.0965592160212, -241.54396027357276, -241.99136133112432, -242.43876238867588, -242.88616344622744, -253.1763877699133, -264.3614142087023, -275.5464406474913, -286.73146708628025, -297.9164935250692, -309.1015199638582, -320.2865464026472, -331.47157284143617, -342.6565992802251, -353.84162571901413, -365.02665215780314, -376.2116785965921, -387.39670503538105, -398.58173147417006, -409.76675791295906, -420.951784351748],
        "2": [-241.0971212445196, -241.54410078069736, -241.99136133112432, -242.43890289580048, -242.88672547472584, -253.26420472278727, -264.71268202019814, -276.33679322335695, -288.1365383322637, -300.11191734691835, -312.26293026732094, -324.58957709347146, -337.0918578253699, -349.7697724630163, -362.6233210064106, -375.65250345555285, -388.857319810443, -402.2377700710811, -415.79385423746714, -429.5255723096011, -443.432924287483],
        "3": [-241.09711876928023, -241.54410047129244, -241.99136133112432, -242.4389032052054, -242.8867279499652, -253.26903917470014, -264.7513576355011, -276.4673234250044, -288.4459432546872, -300.71622383602687, -313.30717188050045, -326.24779409958524, -339.5670972047584, -353.2940879074971, -367.4577729192787, -382.08715895158025, -397.2112527158791, -412.8590609236523, -429.0595902863772, -445.84184751553096, -463.2348393225907],
        "4": [-241.09711836286894, -241.54410044589173, -241.99136133112432, -242.4389031798047, -242.88672754355392, -253.259117024099, -264.5926032258829, -275.6636292263122, -285.90587270079584, -294.5148797103155, -300.4480647014253, -302.4247105062524, -298.9259683424963, -288.19485781342934, -268.23626690789655, -236.8169520003157, -191.4655378506771, -129.47251760454378, -47.890252793051616, 56.46702666709115, 187.0232224736032]
    },
    "qats_poly_coeffs": [ -241.99136133112432, -44.74010575515592, -1.4050712459834358, -0.30940492242355805, 2.5400705538913826 ],
    "hf_energies": [-240.86803970646318, -241.3152896908189, -241.76284576400585, -242.2107019853614, -242.6588540117078, -253.02294646777366, -264.4662216458884, -276.08432222836706, -287.91434420163625, -299.8269286565245, -311.935340811806, -324.1931542758209, -336.59492178089613, -349.1354588300983, -361.8097040904995, -374.6126468060599, -387.53928995425355, -400.58464441345836, -413.7437396965455, -427.01163839807907, -440.3834472513365],
    "triples_corrections": [-0.008155736653319834, -0.008102109742468859, -0.008047499831504294, -0.007991881456477898, -0.00793540042061869, -0.010476192688638204, -0.009963628977030821, -0.009317990793824676, -0.008732662189418256, -0.00877642515968835, -0.008863745789662142, -0.009003469247211604, -0.00916582789862832, -0.009335573959456925, -0.009504437181720464, -0.009667331288453979, -0.00982070140098102, -0.009961880497769892, -0.010087639345712666, -0.010193232167898086, -0.010270961293714926],
    "scf_converged": [true, true, true, true, true, true, true, true, true, true, true, true, true, true, true, true, true, true, true, true, true],
    "cc_converged": [true, true, true, true, true, true, true, true, true, true, true, true, true, true, true, true, true, true, true, true, true],
    "scf_spin_squared": [1.6275466561194163, 1.6242447831487734, 1.6222973474350395, 1.621527882187019, 1.6217071502657339, 0.7751461574578267, 0.772424855844128, 0.7735184916671223, 1.8066414805026163, 0.7683236263414912, 0.7665070193386843, 0.7658285839397276, 0.7653311603878112, 0.7649180166971901, 0.7645652556059206, 0.7642627951684533, 0.7640053495619217, 0.7637894917582884, 0.7636119689958507, 0.7634688485743224, 0.7633553655910372],
    "cc_spin_squared": [1.0554318369233955, 1.0593178333623063, 1.0644119574812114, 1.070489446391098, 1.0773480801855198, 0.9719710112816453, 1.0314675023878896, 0.7815424942820299, 2.3121532076070896, 0.7509404255858869, 0.7506521416533887, 0.7505482441526632, 0.7504871320096136, 0.7504438225476155, 0.7504100331863026, 0.7503821121269394, 0.7503582336135346, 0.7503373470391392, 0.7503187315264732, 0.7503018132876229, 0.7502861155830964]
}