{
    "schema_name": "pyscf_apdft_output",
    "provenance": {
        "creator": "PySCF",
        "version": "1.7.6"
    },
    "molecule": {
        "geometry": [[0.0, 0.0, 0.0]],
        "symbols": [ "F" ]
    },
    "molecular_charge": 1,
    "molecular_multiplicity": 3,
    "name": "f.chrg1.mult3-pyscf-uccsdt.augccpv5z",
    "atomic_numbers": [ 9 ],
    "n_electrons": 8,
    "model": {
        "method": "UCCSD(T)",
        "basis": "aug-cc-pV5Z",
        "scf_conv_tol": 1e-09,
        "scf_conv_tol_grad": 1e-06,
        "cc_conv_tol": 1e-05,
        "cc_conv_tol_normt": 1e-07
    },
    "broken_symmetry": false,
    "finite_diff_delta": 0.01,
    "finite_diff_acc": 2,
    "apdft_lambdas": [-3.0, -2.75, -2.5, -2.25, -2.0, -1.75, -1.5, -1.25, -1.0, -0.75, -0.5, -0.25, -0.02, -0.01, 0.0, 0.01, 0.02, 0.25, 0.5, 0.75, 1.0],
    "electronic_energies": [-37.61983476535833, -41.53268039998167, -45.65803698661254, -50.00045167957411, -54.56288659430845, -59.348411462243774, -64.3573248494064, -69.58881801589696, -75.04194206116237, -80.71607829956083, -86.61080800877244, -92.72577777442389, -98.54575950815955, -98.80301931770973, -99.060630333299, -99.31859252713257, -99.57690587119832, -105.61496225688673, -112.3882853241948, -119.37998755442146, -126.58929697214766],
    "apdft_energies": {
        "0": [-99.06063033329923, -99.06063033329923, -99.06063033329923, -99.06063033329923, -99.06063033329923, -99.06063033329923, -99.06063033329923, -99.06063033329923, -99.06063033329923, -99.06063033329923, -99.06063033329923, -99.06063033329923, -99.06063033329923, -99.06063033329923, -99.06063033329923, -99.06063033329923, -99.06063033329923, -99.06063033329923, -99.06063033329923, -99.06063033329923, -99.06063033329923],
        "1": [-21.72464891987326, -28.16931403765875, -34.613979155444255, -41.05864427322975, -47.50330939101525, -53.94797450880075, -60.392639626586245, -66.83730474437175, -73.28196986215724, -79.72663497994273, -86.17130009772823, -92.61596521551374, -98.54505712387639, -98.80284372858782, -99.06063033329923, -99.31841693801064, -99.57620354272207, -105.50529545108472, -111.94996056887022, -118.39462568665573, -124.83929080444122],
        "2": [-37.527669892329044, -41.44824138256952, -45.588299275205216, -49.94784357023613, -54.526874267662265, -59.32539136748362, -64.34339486970019, -69.58088477431198, -75.037861081319, -80.71432379072122, -86.61027290251867, -92.72570841671134, -98.54575948036405, -98.80301931770973, -99.06063033329923, -99.31859252713257, -99.57690589920973, -105.61503865228234, -112.38893337366066, -119.38231449743421, -126.59518202360297],
        "3": [-37.65323543429312, -41.5449588225893, -45.660964519397396, -50.00081653325223, -54.56407887268866, -59.35031554624154, -64.3590905624457, -69.589967929836, -75.0425116569473, -80.7162857523144, -86.6108542244722, -92.72578108195553, -98.54575951756865, -98.8030193223603, -99.06063033329923, -99.31859252248199, -99.57690586200513, -105.61496598703815, -112.38835205170713, -119.38035253584101, -126.59053144797467],
        "4": [-37.580362526584935, -41.49350568593057, -45.62582133473873, -49.977759089797686, -54.54968422425247, -59.34187766760499, -64.35453600571394, -69.58777148079484, -75.04161199142003, -80.71600109251868, -86.61079799537676, -92.72577756763707, -98.54575951742471, -98.8030193223513, -99.06063033329923, -99.318592522473, -99.57690586186118, -105.61496247271968, -112.38829582261167, -119.38006787604529, -126.58963178244741]
    },
    "apdft_poly_coeff": [ -99.06063033329923, -25.77866047114199, -1.7558912191617537, 0.004650575628299217, 0.0008996655272615802 ],
    "hf_energies": [-37.394389197461116, -41.29888187724093, -45.417104693993295, -49.781139256749015, -54.33596806991453, -59.12113874619714, -64.13142713021907, -69.36415801302661, -74.81834446197067, -80.49345564377717, -86.38913460754344, -92.50507069835209, -98.32598447172597, -98.5832860742836, -98.84093900094625, -99.09894322527609, -99.35729872060104, -105.39636075226784, -112.1708658274921, -119.16385514910763, -126.37456619588698],
    "triples_corrections": [-0.010829613760143271, -0.011232033340615103, -0.01088536009203647, -0.00820682175535736, -0.007474918368365967, -0.006568940630851863, -0.005621441555043713, -0.004898560280511484, -0.004339149346379984, -0.0038888369689569035, -0.003516027225545572, -0.003201032192474615, -0.002950602335744652, -0.002940437946875509, -0.0029303291556859365, -0.0029202754430426654, -0.002910276296635514, -0.0026942725865184655, -0.0024859241683391014, -0.0023002299814551775, -0.002133405116767331],
    "scf_converged": [false, false, false, true, true, true, true, true, true, true, true, true, true, true, true, true, true, true, true, true, true],
    "cc_converged": [true, true, true, true, true, true, true, true, true, true, true, true, true, true, true, true, true, true, true, true, true],
    "scf_spin_squared": [2.213149191446414, 2.319536034580188, 2.357530498930719, 2.5137767394033212, 2.1905367146377683, 2.0376676949933565, 2.017731383154588, 2.0119719121817314, 2.0093670532646652, 2.007826333487873, 2.006761429859607, 2.0059586863190666, 2.005368598278945, 2.005345439615497, 2.005322465990576, 2.005299674989895, 2.005277064245666, 2.0048019279811156, 2.0043663867202097, 2.0039957067615815, 2.003675895160916],
    "cc_spin_squared": [2.001982763105054, 2.0022719705124548, 2.0022593603231744, 2.0165858845205795, 2.0064148488172107, 2.002070118900333, 2.000806348750503, 2.0003966700022566, 2.0002386698373344, 2.0001636251843466, 2.0001209315728627, 2.000093570228225, 2.000075918803554, 2.000075267167845, 2.0000746237628926, 2.0000739884441487, 2.000073361070587, 2.00006084300138, 2.0000504564847494, 2.0000424310250167, 2.000036089302813]
}