{
    "schema_name": "pyscf_qa_output",
    "provenance": {
        "creator": "PySCF",
        "version": "1.7.6"
    },
    "molecule": {
        "geometry": [[0.0, 0.0, 0.0]],
        "symbols": [ "Na" ]
    },
    "molecular_charge": -2,
    "molecular_multiplicity": 2,
    "name": "na.chrg-2.mult2-pyscf-uccsdt.augccpvqz",
    "atomic_numbers": [ 11 ],
    "n_electrons": 13,
    "model": {
        "method": "UCCSD(T)",
        "basis": "aug-cc-pVQZ",
        "scf_conv_tol": 1e-09,
        "scf_conv_tol_grad": 1e-06,
        "cc_conv_tol": 1e-05,
        "cc_conv_tol_normt": 1e-07
    },
    "broken_symmetry": false,
    "finite_diff_delta": 0.01,
    "finite_diff_acc": 2,
    "qa_lambdas": [-0.02, -0.01, 0.0, 0.01, 0.02, 0.25, 0.5, 0.75, 1.0, 1.25, 1.5, 1.75, 2.0, 2.25, 2.5, 2.75, 3.0, 3.25, 3.5, 3.75, 4.0],
    "electronic_energies": [-161.10747988461185, -161.46335988867645, -161.819405976178, -162.17561606928118, -162.53198764883652, -170.76467611463673, -179.78533276258725, -188.86429856704706, -197.993986777908, -207.17757449575006, -216.4069774872745, -225.67264868404527, -234.969019851654, -244.29227007068894, -253.63963646960318, -263.0089633835045, -272.39838671483915, -281.8061427136573, -291.23047799973665, -300.66963370855706, -310.121875223077],
    "qats_energies": {
        "0": [-161.8194059638479, -161.8194059638479, -161.8194059638479, -161.8194059638479, -161.8194059638479, -161.8194059638479, -161.8194059638479, -161.8194059638479, -161.8194059638479, -161.8194059638479, -161.8194059638479, -161.8194059638479, -161.8194059638479, -161.8194059638479, -161.8194059638479, -161.8194059638479, -161.8194059638479, -161.8194059638479, -161.8194059638479, -161.8194059638479, -161.8194059638479],
        "1": [-161.1071497832432, -161.46327787354556, -161.8194059638479, -162.17553405415026, -162.53166214445264, -170.72260822140697, -179.62581047896606, -188.52901273652515, -197.4322149940842, -206.33541725164326, -215.23861950920235, -224.14182176676144, -233.0450240243205, -241.94822628187956, -250.85142853943864, -259.75463079699773, -268.6578330545568, -277.56103531211585, -286.46423756967494, -295.36743982723397, -304.27064208479305],
        "2": [-161.1074778437668, -161.46335988867645, -161.8194059638479, -162.17561606928118, -162.53199020497624, -170.7738676782195, -179.83084830621607, -188.99034784783765, -198.25236630308424, -207.61690367195584, -217.08395995445244, -226.65353515057404, -236.32562926032065, -246.10024228369227, -255.9773742206889, -265.9570250713105, -276.03919483555717, -286.22388351342875, -296.5110911049254, -306.90081761004706, -317.3930630287937],
        "3": [-161.1074809084233, -161.46336027175852, -161.8194059638479, -162.1756156861991, -162.53198714031973, -170.76788202095335, -179.782963048087, -188.828735101652, -197.8692842380516, -206.86869651368895, -215.79105798496727, -224.6004547082897, -233.26097274005951, -241.73669813667982, -249.99171695455382, -257.9901152500847, -265.6959790796758, -273.07339449973006, -280.0864475666508, -286.6992243368412, -292.87581086670457],
        "4": [-161.10748056489348, -161.4633602502879, -161.8194059638479, -162.1756156647285, -162.53198679678988, -170.75949506223324, -179.6487717085652, -188.14939144532298, -195.722222805703, -201.62684731361918, -204.92155948370254, -204.46336682130158, -198.90798982248208, -186.70986197402712, -166.12212975343712, -135.19665262892974, -91.7840030594401, -33.5334664946206, 42.106958625159194, 137.8905608688123, 256.77191581453417]
    },
    "qats_poly_coeffs": [ -161.8194059638479, -35.61280903023629, -0.820151309000039, 0.3830820650326434, 2.1470614323485884 ],
    "hf_energies": [-161.07176769994982, -161.42743495273365, -161.7832383564183, -162.13917978205598, -162.4952617084754, -170.72730950673176, -179.74743616315027, -188.82619955697655, -197.95411869911283, -207.13329410057904, -216.36292014411455, -225.6301652256967, -234.92887046509, -244.2549376116464, -253.60540081216362, -262.97794465501113, -272.37057259596406, -281.7814094165843, -291.2086140769753, -300.65036905790953, -310.10491165270764],
    "triples_corrections": [-0.0013620574890519474, -0.00136951291071792, -0.0013726979459895976, -0.0013706550859218858, -0.0013626672125714326, -0.0007075593377545258, -0.000533217110089319, -0.0005221832425016425, -0.0009126205350182552, -0.001293494608705198, -0.0011445423901857929, -0.000989588763079211, -0.0008444119933157754, -0.0007107126264424724, -0.0005898276177864932, -0.0004827787061066379, -0.00038996252358565426, -0.00031117070486379346, -0.00024568025232498623, -0.00019236136796582325, -0.00014978589716554454],
    "scf_converged": [true, true, true, true, true, true, true, true, true, true, true, true, true, true, true, true, true, true, true, true, true],
    "cc_converged": [true, true, true, true, true, true, true, true, true, true, true, true, true, true, true, true, true, true, true, true, true],
    "scf_spin_squared": [0.7760919212994892, 0.7790758263272934, 0.7824523136692925, 0.7862543993553333, 0.7905051236337179, 0.8384080928802016, 0.7512235988435503, 0.7504409683435913, 0.751241558557532, 0.7660030133502023, 0.7689506395221457, 0.7675137741526239, 0.7653269684731203, 0.7631101924250085, 0.7610902925885901, 0.7593274739142952, 0.757818821225567, 0.7565406714025489, 0.755465392317765, 0.7545668897778022, 0.7538211402428328],
    "cc_spin_squared": [0.7537207677678781, 0.7539338819288273, 0.754094031090526, 0.7541878496843339, 0.7542048100034751, 0.7507133984075685, 0.7500393134790166, 0.7500179691407305, 0.750059437828511, 0.7502537209447775, 0.7502175660162207, 0.7501675966981494, 0.7501272315117622, 0.750095946065898, 0.7500718496859213, 0.7500533063000856, 0.7500391206656807, 0.7500283896495108, 0.7500203945661426, 0.7500145432938301, 0.7500103346479783]
}