{
    "schema_name": "pyscf_apdft_output",
    "provenance": {
        "creator": "PySCF",
        "version": "1.7.6"
    },
    "molecule": {
        "geometry": [[0.0, 0.0, 0.0]],
        "symbols": [ "He" ]
    },
    "molecular_charge": 0,
    "molecular_multiplicity": 3,
    "name": "he.chrg0.mult3-pyscf-uccsd.augccpv5z",
    "atomic_numbers": [ 2 ],
    "n_electrons": 2,
    "model": {
        "method": "UCCSD",
        "basis": "aug-cc-pV5Z",
        "scf_conv_tol": 1e-09,
        "scf_conv_tol_grad": 1e-06,
        "cc_conv_tol": 1e-07,
        "cc_conv_tol_normt": 1e-05
    },
    "broken_symmetry": false,
    "finite_diff_delta": 0.01,
    "finite_diff_acc": 2,
    "apdft_lambdas": [-1.0, -0.75, -0.5, -0.25, -0.02, -0.01, 0.0, 0.01, 0.02, 0.25, 0.5, 0.75, 1.0, 1.25, 1.5, 1.75, 2.0],
    "electronic_energies": [-0.38251040108039314, -0.7352350611604214, -1.148469830345145, -1.6265062066106601, -2.1265563227017465, -2.149653834660126, -2.172866457609482, -2.196194448694988, -2.2196380655065426, -2.791342060490188, -3.485671643205472, -4.258242589223076, -5.109478684656687, -6.038793421335681, -7.0456406991549345, -8.129720741222668, -9.290731395632761],
    "apdft_energies": {
        "0": [-2.17286645760948, -2.17286645760948, -2.17286645760948, -2.17286645760948, -2.17286645760948, -2.17286645760948, -2.17286645760948, -2.17286645760948, -2.17286645760948, -2.17286645760948, -2.17286645760948, -2.17286645760948, -2.17286645760948, -2.17286645760948, -2.17286645760948, -2.17286645760948, -2.17286645760948],
        "1": [0.15416424413361351, -0.4275934313021599, -1.0093511067379333, -1.5911087821737067, -2.126325843574618, -2.149596150592049, -2.17286645760948, -2.196136764626911, -2.219407071644342, -2.7546241330452537, -3.336381808481027, -3.9181394839168, -4.499897159352574, -5.081654834788347, -5.66341251022412, -6.245170185659894, -6.826927861095667],
        "2": [-0.4226764366368494, -0.7520663142355453, -1.153561276930549, -1.6271613247218606, -2.1265565798469264, -2.149653834660126, -2.17286645760948, -2.196194448694988, -2.21963780791665, -2.7906766755934074, -3.4805919786736426, -4.242612366850185, -5.0767378401230365, -5.982968398492195, -6.961304041957662, -8.011744770519437, -9.134290584177519],
        "3": [-0.3797818472749044, -0.7339701593484746, -1.148199453260306, -1.6264910967630803, -2.1265562366902113, -2.149653791765537, -2.17286645760948, -2.1961944915895772, -2.219638151073365, -2.7913469035521876, -3.485953802343886, -4.260708521737256, -5.119632429484982, -6.066746893339745, -7.106073281054227, -8.24163296038111, -9.47744729907308],
        "4": [-0.3816348169044903, -0.7345564505203359, -1.148315263862155, -1.6264983349256958, -2.1265562369866866, -2.1496537917840666, -2.17286645760948, -2.1961944916081073, -2.21963815136984, -2.7913541417148036, -3.4860696129457347, -4.261294812909117, -5.121485399114568, -6.071270744974476, -7.1154539398040075, -8.259011788821098, -9.507094813146459]
    },
    "apdft_poly_coeff": [ -2.17286645760948, -2.3270307017430936, -0.5768406807704629, -0.04289458936194515, -0.001852969629586217 ],
    "hf_energies": [-0.38115679265376745, -0.7339783566756581, -1.1473245827240612, -1.625440164451402, -2.125508873786912, -2.1486058475336396, -2.1718178198858133, -2.195145048462978, -2.2185877914112364, -2.7902435016343374, -3.4844795364122403, -4.256954024482674, -5.108115243566723, -6.037375621913337, -7.044179801682331, -8.128222296616546, -9.28919970775837],
    "scf_converged": [true, true, true, true, true, true, true, true, true, true, true, true, true, true, true, true, true],
    "cc_converged": [true, true, true, true, true, true, true, true, true, true, true, true, true, true, true, true, true],
    "scf_spin_squared": [2.0, 2.0, 2.0, 2.0, 2.0, 2.0, 2.0, 2.0, 2.0, 2.0, 2.0, 2.0, 2.0, 2.0, 2.0, 2.0, 2.0],
    "cc_spin_squared": [2.0, 2.000000000000001, 2.0000000000000018, 1.9999999999999991, 2.000000000000002, 2.0000000000000013, 2.0000000000000027, 1.9999999999999987, 1.9999999999999984, 1.9999999999999991, 2.0000000000000027, 2.0000000000000036, 2.000000000000008, 2.0000000000000084, 2.0000000000000058, 2.000000000000014, 2.0000000000000058]
}