{
    "schema_name": "pyscf_qa_output",
    "provenance": {
        "creator": "PySCF",
        "version": "1.7.6"
    },
    "molecule": {
        "geometry": [[0.0, 0.0, 0.0]],
        "symbols": [ "B" ]
    },
    "molecular_charge": -1,
    "molecular_multiplicity": 1,
    "name": "b.chrg-1.mult1-pyscf-ccsdt.augccpv5z",
    "atomic_numbers": [ 5 ],
    "n_electrons": 6,
    "model": {
        "method": "CCSD(T)",
        "basis": "aug-cc-pV5Z",
        "scf_conv_tol": 1e-09,
        "scf_conv_tol_grad": 1e-06,
        "cc_conv_tol": 1e-07,
        "cc_conv_tol_normt": 1e-05
    },
    "broken_symmetry": false,
    "finite_diff_delta": 0.01,
    "finite_diff_acc": 2,
    "qa_lambdas": [-1.0, -0.75, -0.5, -0.25, -0.02, -0.01, 0.0, 0.01, 0.02, 0.25, 0.5, 0.75, 1.0, 1.25, 1.5, 1.75, 2.0, 2.25, 2.5, 2.75, 3.0],
    "electronic_energies": [-14.51170695985614, -16.76920314530603, -19.204302641691566, -21.819183690096438, -24.388286246632344, -24.503684490283252, -24.619397799462515, -24.735426687350582, -24.851771532475055, -27.614815543193327, -30.803839421372185, -34.18148195021683, -37.744483242374216, -41.489629198963705, -45.413239721811465, -49.51103180333509, -53.77810468606795, -58.208992555227894, -62.79775538991702, -67.53807851033115, -72.42337283514782],
    "qats_energies": {
        "0": [-24.619397799462554, -24.619397799462554, -24.619397799462554, -24.619397799462554, -24.619397799462554, -24.619397799462554, -24.619397799462554, -24.619397799462554, -24.619397799462554, -24.619397799462554, -24.619397799462554, -24.619397799462554, -24.619397799462554, -24.619397799462554, -24.619397799462554, -24.619397799462554, -24.619397799462554, -24.619397799462554, -24.619397799462554, -24.619397799462554, -24.619397799462554],
        "1": [-13.032287946096048, -15.929065409437674, -18.8258428727793, -21.722620336120926, -24.387655602395224, -24.503526700928887, -24.619397799462554, -24.73526889799622, -24.851139996529884, -27.516175262804182, -30.412952726145807, -33.30973018948743, -36.20650765282906, -39.10328511617069, -42.00006257951232, -44.89684004285394, -47.79361750619557, -50.690394969537195, -53.587172432878816, -56.483949896220444, -59.38072735956207],
        "2": [-14.61018148972552, -16.816630527729252, -19.22031625868667, -21.82123868259777, -24.388286759812676, -24.503684490283252, -24.619397799462554, -24.735426687350582, -24.851771153947336, -27.614793609281023, -30.807426112053175, -34.197295307779015, -37.78440119645853, -41.568743778091736, -45.55032305267862, -49.72913902021919, -54.10519168071345, -58.67848103416139, -63.449007080563014, -68.41676981991833, -73.58176925222732],
        "3": [-14.53587248544234, -16.785281416547285, -19.21102763315127, -21.820077604405846, -24.38828616534064, -24.50368441597425, -24.619397799462554, -24.735426761659586, -24.85177174841937, -27.615954687472946, -30.816714737588573, -34.22864441896098, -37.85871020074171, -41.71387855208232, -45.80111594213436, -50.12738884004936, -54.69966371497889, -59.52490703607449, -64.61008527248771, -69.96216489337007, -75.58811236787317],
        "4": [-13.974819992089309, -16.607760901072304, -19.175961852316707, -21.817885993103683, -24.388286075572243, -24.50368441036372, -24.619397799462554, -24.735426756049062, -24.85177165865097, -27.613763076170788, -30.781648956754008, -34.051123903485994, -37.29765770738868, -40.34412148823215, -42.96078769453463, -44.86533010356253, -45.72282382133039, -45.1457452826009, -42.69397225088491, -37.87478381844143, -30.14286040627762]
    },
    "qats_poly_coeffs": [ -24.619397799462554, -11.587109853366506, -1.5778935436294717, -0.07430900428317953, 0.5610524933530314 ],
    "hf_energies": [-14.410503916330168, -16.656966334798284, -19.077300908356555, -21.681568109967273, -24.24735682899822, -24.362672572502973, -24.478302640716777, -24.59424701514071, -24.710505655072787, -27.470813757609612, -30.656200482151437, -34.030466155295315, -37.590477562697885, -41.33300982949267, -45.25433974200229, -49.35013318706618, -53.61543676563663, -58.044737471318115, -62.63205648477666, -67.37105227370223, -72.25512108946292],
    "triples_corrections": [-0.003738353397396564, -0.0049111018385155645, -0.006165635502229523, -0.006286088115454577, -0.00588380568722852, -0.005867675037411721, -0.0058525247358300475, -0.005838426268930564, -0.005825534969799722, -0.005798567162795448, -0.0059929169274987775, -0.006184675453450248, -0.006342418318648332, -0.006459465259479834, -0.006534663619746281, -0.006567995706614677, -0.0065599769001734, -0.0065101920071098645, -0.0064182019491782465, -0.006284018930535445, -0.006109077363643158],
    "scf_converged": [true, true, true, true, true, true, true, true, true, true, true, true, true, true, true, true, true, true, true, true, true],
    "cc_converged": [true, true, true, true, true, true, true, true, true, true, true, true, true, true, true, true, true, true, true, true, true],
    "t1_diagnostic": [0.06175858034344309, 0.08138675995322989, 0.06847243585123315, 0.03230915976459856, 0.0175309794945595, 0.01713589707930215, 0.01674665551017515, 0.016364554611929132, 0.015990249488267293, 0.011324552783157419, 0.009811900993931076, 0.008698962578845936, 0.007805550110787823, 0.007059212163016571, 0.006425909872939789, 0.00588226028581232, 0.005414204087805621, 0.005012280852626882, 0.004667816124165656, 0.004371589238751516, 0.004114316648401328]
}