{
    "schema_name": "pyscf_qa_output",
    "provenance": {
        "creator": "PySCF",
        "version": "1.7.6"
    },
    "molecule": {
        "geometry": [[0.0, 0.0, 0.0]],
        "symbols": [ "C" ]
    },
    "molecular_charge": 2,
    "molecular_multiplicity": 1,
    "name": "c.chrg2.mult1-pyscf-ccsdt.augccpvtz",
    "atomic_numbers": [ 6 ],
    "n_electrons": 4,
    "model": {
        "method": "CCSD(T)",
        "basis": "aug-cc-pVTZ",
        "scf_conv_tol": 1e-09,
        "scf_conv_tol_grad": 1e-06,
        "cc_conv_tol": 1e-07,
        "cc_conv_tol_normt": 1e-05
    },
    "broken_symmetry": false,
    "finite_diff_delta": 0.01,
    "finite_diff_acc": 2,
    "qa_lambdas": [-4.0, -3.75, -3.5, -3.25, -3.0, -2.75, -2.5, -2.25, -2.0, -1.75, -1.5, -1.25, -1.0, -0.75, -0.5, -0.25, -0.02, -0.01, 0.0, 0.01, 0.02],
    "electronic_energies": [-2.5103945218610293, -3.476632558692526, -4.570509254467847, -5.793085782626935, -7.148232405931196, -8.783432830866511, -10.46329176646383, -12.307087483713321, -14.322174916063489, -16.512525053806097, -18.878814492774172, -21.41903457889358, -24.128640096306064, -27.000509663832165, -30.025214936287604, -33.19165880766306, -36.21969297043422, -36.35369215464451, -36.487880352278296, -36.62225679534497, -36.756820716897835],
    "qats_energies": {
        "0": [-36.48788035227828, -36.48788035227828, -36.48788035227828, -36.48788035227828, -36.48788035227828, -36.48788035227828, -36.48788035227828, -36.48788035227828, -36.48788035227828, -36.48788035227828, -36.48788035227828, -36.48788035227828, -36.48788035227828, -36.48788035227828, -36.48788035227828, -36.48788035227828, -36.48788035227828, -36.48788035227828, -36.48788035227828, -36.48788035227828, -36.48788035227828],
        "1": [17.225047787812528, 13.867989779056856, 10.510931770301177, 7.153873761545498, 3.7968157527898256, 0.4397577440341536, -2.9173002647215256, -6.274358273477201, -9.631416282232877, -12.988474290988552, -16.345532299744228, -19.702590308499904, -23.05964831725558, -26.416706326011255, -29.77376433476693, -33.13082234352261, -36.21931571157783, -36.35359803192806, -36.48788035227828, -36.622162672628505, -36.756444992978736],
        "2": [2.165413154509352, 0.6319827771302329, -1.0191009958215673, -2.7878381643460486, -4.674228728443211, -6.678272688113054, -8.799970043355579, -11.039320794170784, -13.39632494055867, -15.870982482519238, -18.463293420052487, -21.173257753158417, -24.000875481837028, -26.94614660608832, -30.009071125912293, -33.18964904130895, -36.21969220244366, -36.35369215464451, -36.48788035227828, -36.62225679534497, -36.75682148384457],
        "3": [-6.020919059675354, -6.113347111266592, -6.503304022121085, -7.178798094659474, -8.127837631302384, -9.338430934470434, -10.798586306584262, -12.496312050064496, -14.419616467331757, -16.556507860806676, -18.894994532909884, -21.423084786062002, -24.128786922683666, -27.000109245195496, -30.025060056018123, -33.191647657572176, -36.219693225735185, -36.353692282555954, -36.48788035227828, -36.622256667433525, -36.756820460553044],
        "4": [-7.134314894463259, -6.973418890687636, -7.155956219222102, -7.664022985366529, -8.480123032153244, -9.58716794034705, -10.968477028445214, -12.607777352677466, -14.489203707006002, -16.597298623125493, -18.917012370463063, -21.433702956178312, -24.133136125163304, -27.00148536004257, -30.0253318811731, -33.19166464664436, -36.21969322643106, -36.35369228259945, -36.48788035227828, -36.62225666747702, -36.756820461248914]
    },
    "qats_poly_coeffs": [ -36.48788035227828, -13.428232035022702, -0.9412271645814485, 0.12791144084663603, -0.00434920247964025 ],
    "hf_energies": [-2.4520943104896267, -3.418587375931883, -4.51164112353592, -5.732015264279738, -7.083072655157151, -8.715044810279572, -10.392979534234968, -12.23358843811321, -14.245515742214637, -16.43359043678019, -18.798743716232078, -21.338747000498024, -24.04866509973456, -26.920988186980424, -29.94594448891739, -33.11215595351185, -36.13937817986412, -36.273327494272465, -36.407464570992964, -36.5417886395157, -36.676298930737445],
    "triples_corrections": [-0.0011090001222881312, -0.0008439745335008316, -0.000760432310777479, -0.0008195441514218765, -0.0010267638541363493, -0.00047731666568819135, -0.0005274946748004711, -0.0005894742076438518, -0.0006361599062402709, -0.0006522762590552766, -0.0006377732035480429, -0.0006003866344604786, -0.0005476721638375775, -0.0004856083047103327, -0.00041952730141411843, -0.00035422695869165446, -0.0002980319279385623, -0.0002957058138144888, -0.0002933904425893773, -0.00029108590742927545, -0.00028879229722666164],
    "scf_converged": [true, true, true, true, true, true, true, true, true, true, true, true, true, true, true, true, true, true, true, true, true],
    "cc_converged": [true, true, true, true, true, true, true, true, true, true, true, true, true, true, true, true, true, true, true, true, true],
    "t1_diagnostic": [0.010357906019964721, 0.012228424807060318, 0.015409687625243007, 0.020262135863663402, 0.026541344047459038, 0.012269463290006905, 0.016001440117672072, 0.017491579922737758, 0.016917047902958653, 0.014863692333210254, 0.01239647647425085, 0.010349442501919888, 0.00888718767514482, 0.007849773363334138, 0.007073597285770294, 0.0064700593670833275, 0.006033177636108988, 0.00601645697749387, 0.005999914500543578, 0.005983548805645814, 0.005967358567047867]
}