{
    "schema_name": "pyscf_qa_output",
    "provenance": {
        "creator": "PySCF",
        "version": "1.7.6"
    },
    "molecule": {
        "geometry": [[0.0, 0.0, 0.0]],
        "symbols": [ "Ne" ]
    },
    "molecular_charge": 0,
    "molecular_multiplicity": 1,
    "name": "ne.chrg0.mult1-pyscf-ccsdt.augccpv5z",
    "atomic_numbers": [ 10 ],
    "n_electrons": 10,
    "model": {
        "method": "CCSD(T)",
        "basis": "aug-cc-pV5Z",
        "scf_conv_tol": 1e-09,
        "scf_conv_tol_grad": 1e-06,
        "cc_conv_tol": 1e-07,
        "cc_conv_tol_normt": 1e-05
    },
    "broken_symmetry": false,
    "finite_diff_delta": 0.01,
    "finite_diff_acc": 2,
    "qa_lambdas": [-2.0, -1.75, -1.5, -1.25, -1.0, -0.75, -0.5, -0.25, -0.02, -0.01, 0.0, 0.01, 0.02, 0.25, 0.5, 0.75, 1.0, 1.25, 1.5, 1.75, 2.0],
    "electronic_energies": [-74.85957539264277, -80.71974276815376, -86.8327061006045, -93.20225918624139, -99.83002565661045, -106.71525567106742, -113.8562857201566, -121.25168623591134, -128.27922085496854, -128.58961958353666, -128.90042236809856, -129.21162915933243, -129.52323990730957, -136.80166572987903, -144.95463805190667, -153.35852943235145, -162.01245306527196, -170.91541050015587, -180.0662594650548, -189.46368671229834, -199.10618748480022],
    "qats_energies": {
        "0": [-128.90042236823143, -128.90042236823143, -128.90042236823143, -128.90042236823143, -128.90042236823143, -128.90042236823143, -128.90042236823143, -128.90042236823143, -128.90042236823143, -128.90042236823143, -128.90042236823143, -128.90042236823143, -128.90042236823143, -128.90042236823143, -128.90042236823143, -128.90042236823143, -128.90042236823143, -128.90042236823143, -128.90042236823143, -128.90042236823143, -128.90042236823143],
        "1": [-66.69946478865421, -74.47458448610136, -82.24970418354852, -90.02482388099567, -97.79994357844282, -105.57506327588997, -113.35018297333713, -121.12530267078428, -128.27841279243566, -128.58941758033353, -128.90042236823143, -129.21142715612933, -129.5224319440272, -136.6755420656786, -144.45066176312574, -152.22578146057288, -160.00090115802004, -167.7760208554672, -175.55114055291435, -183.32626025036149, -191.10137994780865],
        "2": [-74.77959291321548, -80.66093258146859, -86.79477625361423, -93.18112392965241, -99.81997560958314, -106.7113312934064, -113.8551909811222, -121.25155467273055, -128.27922080524812, -128.58961958353666, -128.90042236823143, -129.21162915933243, -129.52323995683966, -136.80179406762485, -144.95566977091082, -153.36204947808932, -162.02093318916036, -170.93232090412394, -180.09621262298006, -189.51260834572872, -199.18150807236992],
        "3": [-74.84575992227249, -80.70525930823919, -86.82269046056015, -93.19727798459797, -99.82824648571527, -106.71482056927465, -113.85622484063872, -121.25168390517011, -128.27922087141513, -128.58961959180755, -128.90042236823143, -129.21162915106154, -129.52323989067264, -136.80166483518528, -144.9546359113943, -153.35856020222107, -162.01266231302824, -170.91616684917838, -180.06829841603414, -189.46828161895812, -199.11534106331294],
        "4": [-74.85844926814283, -80.71269756981994, -86.82670544890195, -93.19921422511774, -99.82903956983216, -106.715071506046, -113.85627440839603, -121.25168700315494, -128.279220871542, -128.58961959181548, -128.90042236823143, -129.21162915106947, -129.52323989079954, -136.8016679331701, -144.9546854791516, -153.35881113899245, -162.01345539714512, -170.91810308969815, -180.07231340437593, -189.47571988053886, -199.12803040918328]
    },
    "qats_poly_coeffs": [ -128.90042236823143, -31.10047878978861, -2.0200320311403175, 0.008270876132125219, -0.0007930841168975652 ],
    "hf_energies": [-74.45540796582901, -80.32217535269389, -86.4442961614918, -92.82315713504144, -99.45866640871915, -106.34982565070962, -113.49548494149732, -120.89471387922958, -127.9253305532007, -128.23585627165022, -128.5467855452123, -128.8581183330943, -129.16985459445303, -136.4510521089485, -144.6068528491383, -153.013462882272, -161.6700597231573, -170.57569389451055, -179.72926109724563, -189.1294782121251, -198.77486540684066],
    "triples_corrections": [-0.026010363185525246, -0.023016519589256074, -0.018962556806304577, -0.015024908961392993, -0.012017566995416366, -0.009936013002077693, -0.0084616906437452, -0.007354183380487643, -0.006545838086247381, -0.00651424714357325, -0.006482919870419256, -0.006451852904986674, -0.0064210428818603695, -0.005776413409445714, -0.0051906465650990415, -0.004695881229157838, -0.004271245420567675, -0.003901903552283854, -0.0035771362095819315, -0.0032889834144996643, -0.003031322994864054],
    "scf_converged": [true, true, true, true, true, true, true, true, true, true, true, true, true, true, true, true, true, true, true, true, true],
    "cc_converged": [true, true, true, true, true, true, true, true, true, true, true, true, true, true, true, true, true, true, true, true, true],
    "t1_diagnostic": [0.030261714645773364, 0.030473234091380474, 0.027458348405325465, 0.022096848382828303, 0.01640852527861283, 0.011960041686770959, 0.008981558037084125, 0.007040911758465641, 0.005806519740257653, 0.005761137264834052, 0.005716333508419816, 0.0056720972141076, 0.0056284153565257225, 0.0047559776794346585, 0.004028780500207167, 0.003464023339488804, 0.003018302283790444, 0.0026617060919143553, 0.002372383400721369, 0.0021343394260612044, 0.0019359842089409535]
}