{
    "schema_name": "pyscf_apdft_output",
    "provenance": {
        "creator": "PySCF",
        "version": "1.7.6"
    },
    "molecule": {
        "geometry": [[0.0, 0.0, 0.0]],
        "symbols": [ "Al" ]
    },
    "molecular_charge": -1,
    "molecular_multiplicity": 3,
    "name": "al.chrg-1.mult3-pyscf-uccsdt.augccpv5z",
    "atomic_numbers": [ 13 ],
    "n_electrons": 14,
    "model": {
        "method": "UCCSD(T)",
        "basis": "aug-cc-pV5Z",
        "scf_conv_tol": 1e-09,
        "scf_conv_tol_grad": 1e-06,
        "cc_conv_tol": 1e-07,
        "cc_conv_tol_normt": 1e-05
    },
    "broken_symmetry": false,
    "finite_diff_delta": 0.01,
    "finite_diff_acc": 2,
    "apdft_lambdas": [-1.0, -0.75, -0.5, -0.25, -0.02, -0.01, 0.0, 0.01, 0.02, 0.25, 0.5, 0.75, 1.0, 1.25, 1.5, 1.75, 2.0, 2.25, 2.5, 2.75, 3.0],
    "electronic_energies": [-198.89118291880385, -209.41274396048132, -220.1240099797539, -231.02049548237898, -241.20633540832475, -241.65264567665974, -242.09923902336092, -242.5461146736419, -242.993272086647, -253.35423758296375, -264.7767407391968, -276.3596428640483, -288.0969884611323, -299.9833548503775, -312.0136507952725, -324.1829884078247, -336.4865824124958, -348.9196873031938, -361.47756516143755, -374.1554707582442, -386.94864346672625],
    "apdft_energies": {
        "0": [-242.099239023366, -242.099239023366, -242.099239023366, -242.099239023366, -242.099239023366, -242.099239023366, -242.099239023366, -242.099239023366, -242.099239023366, -242.099239023366, -242.099239023366, -242.099239023366, -242.099239023366, -242.099239023366, -242.099239023366, -242.099239023366, -242.099239023366, -242.099239023366, -242.099239023366, -242.099239023366, -242.099239023366],
        "1": [-197.42578917425777, -208.59415163653483, -219.7625140988119, -230.93087656108895, -241.20577002638385, -241.65250452487493, -242.099239023366, -242.5459735218571, -242.99270802034818, -253.26760148564307, -264.43596394792013, -275.6043264101972, -286.77268887247425, -297.9410513347513, -309.10941379702837, -320.2777762593054, -331.4461387215825, -342.61450118385955, -353.7828636461366, -364.95122610841366, -376.1195885706907],
        "2": [-198.83730702242661, -209.3881304261298, -220.1153935608541, -231.0190964265995, -241.2063346335231, -241.65264567665974, -242.099239023366, -242.5461146736419, -242.99327262748744, -253.35582135115362, -264.78884340996234, -276.39830519979216, -288.1842067206431, -300.1465479725151, -312.28532895540826, -324.6005496693225, -337.09221011425785, -349.7603102902143, -362.60485019719187, -375.62582983519053, -388.8232492042103],
        "3": [-198.94694386129342, -209.43438346752674, -220.12909816571246, -231.0208095022068, -241.20633551061783, -241.65264578629657, -242.099239023366, -242.54611456400508, -242.99327175039272, -253.35410827554634, -264.775138805104, -276.3520521583952, -288.07456988177626, -299.9324135216034, -311.91530462423276, -324.01296473602065, -336.21511540332335, -348.511478172497, -360.89177458989786, -373.34572620188226, -385.8630545548063],
        "4": [-199.92178267837022, -209.74282856199244, -220.19002559177974, -231.024617466336, -241.20633566659203, -241.65264579604496, -242.099239023366, -242.54611457375347, -242.99327190636694, -253.35791623967555, -264.8360662311713, -276.6604972528609, -289.0494086988531, -302.31239110235725, -316.850426135684, -333.1558866102448, -351.812536476552, -373.495530824219, -398.97141588196007, -429.09812901759045, -464.8249987380264]
    },
    "apdft_poly_coeff": [ -242.099239023366, -44.67344984910824, -1.4115178481688417, 0.10963683886681487, -0.9748388170767915 ],
    "hf_energies": [-198.66446015969404, -209.1877460653015, -219.89898717312738, -230.79785742510953, -240.98796521258362, -241.4344704935283, -241.88125880163415, -242.32832949755996, -242.7756819421249, -253.1411338730441, -264.5685773373825, -276.15649644528435, -287.8988985187582, -299.7903207876108, -311.8256266056623, -323.99987542451447, -336.3082239509834, -348.7458654873494, -361.3080003575554, -373.98982303928324, -386.78651572179393],
    "triples_corrections": [-0.00483777760569047, -0.005372340804570925, -0.006020662648718319, -0.005994616470989006, -0.005606814991647227, -0.005590817203318436, -0.00557505897011229, -0.005559538965736201, -0.005544258880831878, -0.005247365735742649, -0.004992074954655934, -0.004772833097375193, -0.004581362365994929, -0.004412581842925524, -0.0042623841853848075, -0.0041280155375206734, -0.0040078020745721345, -0.003900778787875907, -0.0038065250992925397, -0.0037251966317801907, -0.0036576578642386936],
    "scf_converged": [true, true, true, true, true, true, true, true, true, true, true, true, true, true, true, true, true, true, true, true, true],
    "cc_converged": [true, true, true, true, true, true, true, true, true, true, true, true, true, true, true, true, true, true, true, true, true],
    "scf_spin_squared": [2.0158868156460477, 2.0128473777346763, 2.015297114928824, 2.0177828027099878, 2.0181156718526747, 2.0181007032494573, 2.018084375803067, 2.018066857205226, 2.0180482329089378, 2.01749059257558, 2.0169312681922102, 2.0164632032492005, 2.016033373830176, 2.0156409425734605, 2.015297949822627, 2.0150066231768413, 2.014762807389622, 2.014563078672184, 2.0144068934298467, 2.014295095237438, 2.0142275197753268],
    "cc_spin_squared": [2.0009018930062767, 2.001016594407656, 2.0013840814445687, 2.0013630226659296, 2.0010781454996014, 2.0010674057771043, 2.0010568999021756, 2.0010466647099574, 2.001036676337042, 2.0008609252392477, 2.00073737999826, 2.000646876462108, 2.000575980731598, 2.0005185877312646, 2.000471132138865, 2.000431199745511, 2.0003970966600364, 2.000367597427102, 2.0003418046118138, 2.000319023474208, 2.0002986914784873]
}