{
    "schema_name": "pyscf_apdft_output",
    "provenance": {
        "creator": "PySCF",
        "version": "1.7.6"
    },
    "molecule": {
        "geometry": [[0.0, 0.0, 0.0]],
        "symbols": [ "O" ]
    },
    "molecular_charge": -2,
    "molecular_multiplicity": 3,
    "name": "o.chrg-2.mult3-pyscf-uccsdt.augccpvqz",
    "atomic_numbers": [ 8 ],
    "n_electrons": 10,
    "model": {
        "method": "UCCSD(T)",
        "basis": "aug-cc-pVQZ",
        "scf_conv_tol": 1e-09,
        "scf_conv_tol_grad": 1e-06,
        "cc_conv_tol": 1e-07,
        "cc_conv_tol_normt": 1e-05
    },
    "broken_symmetry": false,
    "finite_diff_delta": 0.01,
    "finite_diff_acc": 2,
    "apdft_lambdas": [-0.02, -0.01, 0.0, 0.01, 0.02, 0.25, 0.5, 0.75, 1.0, 1.25, 1.5, 1.75, 2.0, 2.25, 2.5, 2.75, 3.0, 3.25, 3.5, 3.75, 4.0],
    "electronic_energies": [-74.29767910581629, -74.50090651236322, -74.7294129385009, -74.95831021381305, -75.18759923516167, -80.56966954229578, -86.65445637037504, -92.98023349819921, -99.5433643692915, -106.34080695474036, -113.3697248242903, -120.62721255527006, -128.1102160416228, -135.81552283590625, -143.73974193530697, -151.87923689708842, -160.23001383325516, -168.78760791927533, -177.54704071172196, -186.50289105978962, -195.6494510839293],
    "apdft_energies": {
        "0": [-74.72941293850084, -74.72941293850084, -74.72941293850084, -74.72941293850084, -74.72941293850084, -74.72941293850084, -74.72941293850084, -74.72941293850084, -74.72941293850084, -74.72941293850084, -74.72941293850084, -74.72941293850084, -74.72941293850084, -74.72941293850084, -74.72941293850084, -74.72941293850084, -74.72941293850084, -74.72941293850084, -74.72941293850084, -74.72941293850084, -74.72941293850084],
        "1": [-74.27200923705101, -74.50071108777593, -74.72941293850084, -74.95811478922576, -75.18681663995068, -80.44695920662377, -86.1645054747467, -91.88205174286963, -97.59959801099257, -103.3171442791155, -109.03469054723843, -114.75223681536136, -120.46978308348429, -126.18732935160722, -131.90487561973015, -137.62242188785308, -143.339968155976, -149.05751442409894, -154.77506069222187, -160.4926069603448, -166.21015322846773],
        "2": [-74.27279093540017, -74.50090651236322, -74.72941293850084, -74.95831021381305, -75.18759833829984, -80.56909957367971, -86.65306694297044, -92.98131504637304, -99.55384388388751, -106.37065345551385, -113.43174376125205, -120.73711480110212, -128.28676657506406, -136.08069908313786, -144.11891232532355, -152.40140630162108, -160.9281810120305, -169.69923645655177, -178.71457263518494, -187.97418954792994, -197.47808719478684],
        "3": [-74.28938245110302, -74.50298045182608, -74.72941293850084, -74.95623627435019, -75.17100682259698, -48.163795466538225, 172.58936591416142, 781.9618958464469, 1974.3856189731669, 3944.2923599371707, 6886.113943381308, 10994.282193948426, 16463.228936281375, 23487.385995023003, 32261.18519481616, 42979.0583603037, 55835.43731612846, 71024.7538869333, 88741.43989736105, 109179.92717205458, 132534.64753565672],
        "4": [-74.30597516262165, -74.50401749629599, -74.72941293850084, -74.95727331882011, -75.1875995341156, -453.2592915267531, -6308.938571049277, -32030.77328503096, -101730.06137244184, -249240.3926776971, -518117.64895065717, -961640.0038466277, -1642807.9229263589, -2634344.163656047, -4018693.775407333, -5888024.099457303, -8344224.768988489, -11498907.709088866, -15473407.136751853, -20398779.56087633, -26415803.782266587]
    },
    "apdft_poly_coeff": [ -74.72941293850084, -22.870185072491722, -1.9542458728949441, 2073.939462857055, -103704.44699141501 ],
    "hf_energies": [-74.00824098931105, -74.19402418644991, -74.42303388843287, -74.65243705788421, -74.88223323019764, -80.27535920137748, -86.36969304335969, -92.70291605414941, -99.27231111110483, -106.07538895710073, -113.10959974745654, -120.37219658802037, -127.86021754808183, -135.57050327798555, -143.49969658899417, -151.6441945525249, -160.0000479710546, -168.56284431055627, -177.32764840817805, -186.28905816084432, -195.44135717448788],
    "triples_corrections": [-0.012419440753283915, -0.015569064629901251, -0.01539378629153162, -0.015218153164226467, -0.015042671150784523, -0.011444698644638462, -0.008826093399519055, -0.007161676801289499, -0.006017506365917575, -0.005175222021572578, -0.004527445043526875, -0.004012318586809706, -0.003590041956871939, -0.003234375635876464, -0.0029281317244679622, -0.0026598670477642303, -0.002421587542156379, -0.0022075932621933064, -0.002014046260587993, -0.0018386197147858849, -0.0016799274275688776],
    "scf_converged": [true, true, true, true, true, true, true, true, true, true, true, true, true, true, true, true, true, true, true, true, true],
    "cc_converged": [true, true, true, true, true, true, true, true, true, true, true, true, true, true, true, true, true, true, true, true, true],
    "scf_spin_squared": [2.038768658755804, 2.0128807963049393, 2.0115854607007986, 2.010515605033033, 2.009625485615459, 2.0043671688559934, 2.0038661427255313, 2.0036341355246496, 2.003398387933176, 2.003156192115566, 2.0029220951056477, 2.002704326084814, 2.0025053475982517, 2.0023245250561015, 2.002160037922593, 2.0020099208178253, 2.0018725094117027, 2.0017465294481243, 2.0016309980885048, 2.0015250750152576, 2.0014279646469006],
    "cc_spin_squared": [2.00409349153948, 2.0003787101181505, 2.000377702309488, 2.000376073715374, 2.000373879792868, 2.0002724471463353, 2.0001837090060244, 2.0001307647349917, 2.0000978051108547, 2.0000757818017254, 2.000060294914555, 2.000049062845026, 2.0000407290203017, 2.000034422480683, 2.000029548699951, 2.000025691227227, 2.000022553868868, 2.000019927884927, 2.0000176749197514, 2.0000157086268358, 2.0000139781948487]
}