{
    "schema_name": "pyscf_apdft_output",
    "provenance": {
        "creator": "PySCF",
        "version": "1.7.6"
    },
    "molecule": {
        "geometry": [[0.0, 0.0, 0.0]],
        "symbols": [ "Na" ]
    },
    "molecular_charge": -2,
    "molecular_multiplicity": 4,
    "name": "na.chrg-2.mult4-pyscf-uccsdt.augccpvtz",
    "atomic_numbers": [ 11 ],
    "n_electrons": 13,
    "model": {
        "method": "UCCSD(T)",
        "basis": "aug-cc-pVTZ",
        "scf_conv_tol": 1e-09,
        "scf_conv_tol_grad": 1e-06,
        "cc_conv_tol": 1e-07,
        "cc_conv_tol_normt": 1e-05
    },
    "broken_symmetry": false,
    "finite_diff_delta": 0.01,
    "finite_diff_acc": 2,
    "apdft_lambdas": [-0.02, -0.01, 0.0, 0.01, 0.02, 0.25, 0.5, 0.75, 1.0, 1.25, 1.5, 1.75, 2.0, 2.25, 2.5, 2.75, 3.0, 3.25, 3.5, 3.75, 4.0],
    "electronic_energies": [-161.0881097249888, -161.44344315311193, -161.79891795764493, -162.1545331797502, -162.51028789751695, -170.7294566032312, -179.7365118720455, -188.80877289499577, -197.94098499924155, -207.1241807369362, -216.34772452445273, -225.60409610753624, -234.88789966605697, -244.19523410285927, -253.5231154299142, -262.86900004965366, -272.23050591177287, -281.605339630478, -290.99135066132123, -300.38661381779906, -309.78947980391155],
    "apdft_energies": {
        "0": [-161.79891795764493, -161.79891795764493, -161.79891795764493, -161.79891795764493, -161.79891795764493, -161.79891795764493, -161.79891795764493, -161.79891795764493, -161.79891795764493, -161.79891795764493, -161.79891795764493, -161.79891795764493, -161.79891795764493, -161.79891795764493, -161.79891795764493, -161.79891795764493, -161.79891795764493, -161.79891795764493, -161.79891795764493, -161.79891795764493, -161.79891795764493],
        "1": [-161.08782793100667, -161.4433729443258, -161.79891795764493, -162.15446297096406, -162.5100079842832, -170.68754329062318, -179.57616862360143, -188.46479395657968, -197.35341928955793, -206.24204462253618, -215.13066995551443, -224.01929528849269, -232.90792062147094, -241.7965459544492, -250.68517128742744, -259.5737966204057, -268.4624219533839, -277.3510472863622, -286.23967261934047, -295.1282979523187, -304.0169232852969],
        "2": [-161.08810876615118, -161.44344315311193, -161.79891795764493, -162.1545331797502, -162.5102888194277, -170.7314237819526, -179.7516905889191, -188.85971837854444, -198.05550715082862, -207.33905690577163, -216.71036764337347, -226.16943936363415, -235.71627206655367, -245.35086575213202, -255.0732204203692, -264.88333607126526, -274.78121270482006, -284.76685032103376, -294.84024891990634, -305.0014085014377, -315.25032906562785],
        "3": [-161.08811001998345, -161.44344330984097, -161.79891795764493, -162.15453302302114, -162.51028756559543, -170.72897489082567, -179.73209945990374, -188.7935983181176, -197.89877811870576, -207.03294551490666, -216.1814071599588, -225.32946970710069, -234.46243980957075, -243.56562412060754, -252.62432929344948, -261.62386198133504, -270.54952883750275, -279.3866365151911, -288.12049166763853, -296.73640094808354, -305.2196710097646],
        "4": [-161.0881100446013, -161.44344331137958, -161.79891795764493, -162.15453302455978, -162.51028759021332, -170.72957591329822, -179.74171581946425, -188.84228113839265, -198.05263987167376, -207.40858456023875, -216.9603322843594, -226.77252466364837, -236.92422785705904, -247.5089325628855, -258.6345540187626, -270.4234320016661, -283.01233082791214, -296.5524393531581, -311.20937097240164, -327.16316361998145, -344.60827976957705]
    },
    "apdft_poly_coeff": [ -161.79891795764493, -35.554501331913, -0.7020878612706838, 0.15672903212286352, -0.15386175296801716 ],
    "hf_energies": [-161.07017158360333, -161.4256639263772, -161.7812882120561, -162.1370433875713, -162.4929284356513, -170.71232237905434, -179.71634879757698, -188.78950371783122, -197.9242172617957, -207.10878417080164, -216.3332166349872, -225.59027189632067, -234.87467910049162, -244.18259030056788, -253.51103233877134, -262.85745098012916, -272.219448242667, -281.5947195702901, -290.9811113171608, -300.3767016451692, -309.77984806010613],
    "triples_corrections": [-0.00042785537933118, -0.0004222899672071672, -0.0004174762710750249, -0.000413416601166433, -0.00041011411112933186, -0.000527423110064219, -0.0006597887971433202, -0.0005377150257175055, -0.0003001827799845424, -0.0002031208756203062, -0.00015432682033219146, -0.00012453259439021395, -0.00010357045501509238, -8.72337245808076e-05, -7.373382658182997e-05, -6.233770049456071e-05, -5.274320286153558e-05, -4.4770308185244536e-05, -3.823355968071565e-05, -3.2921595499274036e-05, -2.8617339371638445e-05],
    "scf_converged": [true, true, true, true, true, true, true, true, true, true, true, true, true, true, true, true, true, true, true, true, true],
    "cc_converged": [true, true, true, true, true, true, true, true, true, true, true, true, true, true, true, true, true, true, true, true, true],
    "scf_spin_squared": [3.750045166008549, 3.750045081343943, 3.75004497373334, 3.750044844530043, 3.75004469497995, 3.7500376007229157, 3.750028144165678, 3.750022763726041, 3.7500217568804315, 3.7500226676359167, 3.7500237453645813, 3.7500245583985485, 3.7500250681639207, 3.750025259386411, 3.750025072126836, 3.750024460182459, 3.750023448050486, 3.750022131346028, 3.7500206371272125, 3.7500190829679605, 3.750017555928639],
    "cc_spin_squared": [3.75000232822512, 3.750002290754982, 3.7500022532718025, 3.750002215852804, 3.750002178566953, 3.750001466293155, 3.7500012275523176, 3.7500010381101205, 3.750000719890304, 3.750000562362977, 3.7500004801381794, 3.75000042945141, 3.750000395152672, 3.7500003706258385, 3.750000351475174, 3.7500003343529076, 3.750000317106898, 3.75000029883125, 3.750000279569299, 3.750000259860403, 3.7500002403568318]
}