{
    "schema_name": "pyscf_qa_output",
    "provenance": {
        "creator": "PySCF",
        "version": "1.7.6"
    },
    "molecule": {
        "geometry": [[0.0, 0.0, 0.0]],
        "symbols": [ "S" ]
    },
    "molecular_charge": -2,
    "molecular_multiplicity": 3,
    "name": "s.chrg-2.mult3-pyscf-uccsdt.augccpvtz",
    "atomic_numbers": [ 16 ],
    "n_electrons": 18,
    "model": {
        "method": "UCCSD(T)",
        "basis": "aug-cc-pVTZ",
        "scf_conv_tol": 1e-09,
        "scf_conv_tol_grad": 1e-06,
        "cc_conv_tol": 1e-07,
        "cc_conv_tol_normt": 1e-05
    },
    "broken_symmetry": false,
    "finite_diff_delta": 0.01,
    "finite_diff_acc": 2,
    "qa_lambdas": [-0.02, -0.01, 0.0, 0.01, 0.02, 0.25, 0.5, 0.75, 1.0, 1.25, 1.5, 1.75, 2.0],
    "electronic_energies": [-396.3184842105494, -396.91447932134776, -397.510704082017, -398.11665811796803, -398.7038395150938, -412.47557380212015, -427.5888316580451, -442.8239787088505, -458.1702068410677, -473.6179499474822, -489.15869996737445, -504.74861660500835, -520.4408870531456],
    "qats_energies": {
        "0": [-397.5107038873632, -397.5107038873632, -397.5107038873632, -397.5107038873632, -397.5107038873632, -397.5107038873632, -397.5107038873632, -397.5107038873632, -397.5107038873632, -397.5107038873632, -397.5107038873632, -397.5107038873632, -397.5107038873632],
        "1": [-396.30852509074293, -396.90961448905307, -397.5107038873632, -398.11179328567334, -398.7128826839835, -412.5379388451166, -427.56517380287005, -442.59240876062347, -457.6196437183769, -472.6468786761303, -487.67411363388374, -502.70134859163716, -517.7285835493906],
        "2": [-396.3279844199217, -396.91447932134776, -397.5107038873632, -398.11665811796803, -398.7323420131622, -415.5784590292954, -439.72725453958515, -469.95709041823244, -506.2679666652373, -548.6598832805996, -597.1328402643196, -651.686837616397, -712.3218753368321],
        "3": [-396.3406526123858, -396.91606284540575, -397.5107038873632, -398.11507459391004, -398.7196738206981, -390.8358956228778, -241.7867472882441, 198.0921215550436, 1077.256091345491, 2544.160542521605, 4747.260855521889, 7835.012410784851, 11955.870588748994],
        "4": [-396.315317474092, -396.9144793992624, -397.5107038873632, -398.11349114776664, -398.6943386824044, 227.6977541268899, 9654.751648708041, 50299.31775128624, 159421.87042728605, 389127.69163612643, 806366.8709312209, 1492934.3054599774, 2545469.699963798]
    },
    "qats_poly_coeffs": [ -397.5107038873632, -60.108939831013686, -48.64832294686039, 1583.5240580107284, 158344.61433594054 ],
    "hf_energies": [-396.0914136858561, -396.6877258331517, -397.28426517173943, -397.8914019362718, -398.47802215675154, -412.24290549109924, -427.36308992235155, -442.6040613180539, -457.9553018229423, -473.4075000546709, -488.9523291479082, -504.5545672655318, -520.2499412590898],
    "triples_corrections": [-0.009905832476512793, -0.009852822800718546, -0.009800317191872543, -0.010061614492768415, -0.009696971465115667, -0.010668142601093564, -0.009364674984823374, -0.008353888341837772, -0.0075357618565500195, -0.006848524935185531, -0.006259940960976698, -0.005189124665527743, -0.004874996739996985],
    "scf_converged": [true, true, true, true, true, true, true, true, true, true, true, true, true],
    "cc_converged": [true, true, true, true, true, true, true, true, true, true, true, true, true],
    "scf_spin_squared": [2.013402991812093, 2.0133033844857824, 2.013209141756324, 2.0138605967488266, 2.01303392101698, 2.0194721499077515, 2.013564463764496, 2.0114074643041038, 2.0103761701645677, 2.009755162033774, 2.0093046326462947, 2.009285992976393, 2.008949695179579],
    "cc_spin_squared": [2.000890528085466, 2.0008697216166995, 2.0008496821282478, 2.0013519367818553, 2.000811681978295, 2.0006130688363375, 2.000432808925551, 2.0003445836727876, 2.0002919501826355, 2.0002555097030355, 2.0002275269882155, 2.000241803671888, 2.000228704145246]
}