{
    "schema_name": "pyscf_apdft_output",
    "provenance": {
        "creator": "PySCF",
        "version": "1.7.6"
    },
    "molecule": {
        "geometry": [[0.0, 0.0, 0.0]],
        "symbols": [ "O" ]
    },
    "molecular_charge": -1,
    "molecular_multiplicity": 2,
    "name": "o.chrg-1.mult2-pyscf-uccsdt.augccpvqz",
    "atomic_numbers": [ 8 ],
    "n_electrons": 9,
    "model": {
        "method": "UCCSD(T)",
        "basis": "aug-cc-pVQZ",
        "scf_conv_tol": 1e-09,
        "scf_conv_tol_grad": 1e-06,
        "cc_conv_tol": 1e-05,
        "cc_conv_tol_normt": 1e-07
    },
    "broken_symmetry": false,
    "finite_diff_delta": 0.01,
    "finite_diff_acc": 2,
    "apdft_lambdas": [-1.0, -0.75, -0.5, -0.25, -0.02, -0.01, 0.0, 0.01, 0.02, 0.25, 0.5, 0.75, 1.0, 1.25, 1.5, 1.75, 2.0, 2.25, 2.5, 2.75, 3.0],
    "electronic_energies": [-54.303297518628305, -59.14382759393697, -64.21461754969911, -69.52643290618906, -74.62370321363383, -74.8499398373097, -75.07656160283945, -75.30356845488396, -75.53096032769479, -80.86698226204172, -86.89598386823769, -93.16111097683793, -99.6600471125007, -106.39037587835008, -113.34934063076531, -120.53377471652138, -127.94011998222406, -135.5644622007693, -143.40255875588758, -151.44985971770672, -159.7015327985902],
    "apdft_energies": {
        "0": [-75.07656160283949, -75.07656160283949, -75.07656160283949, -75.07656160283949, -75.07656160283949, -75.07656160283949, -75.07656160283949, -75.07656160283949, -75.07656160283949, -75.07656160283949, -75.07656160283949, -75.07656160283949, -75.07656160283949, -75.07656160283949, -75.07656160283949, -75.07656160283949, -75.07656160283949, -75.07656160283949, -75.07656160283949, -75.07656160283949, -75.07656160283949],
        "1": [-52.39513072412683, -58.065488443804995, -63.73584616348316, -69.40620388316133, -74.62293298526524, -74.84974729405236, -75.07656160283949, -75.30337591162662, -75.53019022041374, -80.74691932251766, -86.41727704219582, -92.08763476187399, -97.75799248155215, -103.42835020123032, -109.09870792090848, -114.76906564058665, -120.43942336026481, -126.10978107994298, -131.78013879962114, -137.4504965192993, -143.12085423897747],
        "2": [-54.320563297542094, -59.14854426635108, -64.21720430683698, -69.52654341899978, -74.6237031582946, -74.8499398373097, -75.07656160283949, -75.30356845488396, -75.53096039344311, -80.86725885835611, -86.89863518554964, -93.17069058442007, -99.68342505496742, -106.43683859719167, -113.43093121109283, -120.6657028966709, -128.14115365392587, -135.85728348285775, -143.81409238346654, -152.01158035575224, -160.44974739971485],
        "3": [-54.33065392691121, -59.15280125061618, -64.21846563550811, -69.52670108508367, -74.62370323901963, -74.84993984740034, -75.07656160283949, -75.30356844479333, -75.53096031271808, -80.86710119227222, -86.8973738568785, -93.16643360015497, -99.6733344255983, -106.41713033670511, -113.39687533697207, -120.61162342989581, -128.06042861897296, -135.74234490770021, -143.65642629957415, -151.8017267980915, -160.17730040674883],
        "4": [-54.28728287201557, -59.139078377778105, -64.21575494457714, -69.52653166690048, -74.62370323208027, -74.84993984696662, -75.07656160283949, -75.30356844435961, -75.5309603057787, -80.86693177408902, -86.89466316594752, -93.1527107273169, -99.62996337070267, -106.31124397221382, -113.1773093715629, -120.204850372066, -127.36649174064274, -134.63079220781628, -141.96224446771328, -149.32127517806393, -156.66424496020204]
    },
    "apdft_poly_coeff": [ -75.07656160283949, -22.68143087871266, -1.9254325734152644, 0.010090629369112017, 0.04337105489563934 ],
    "hf_energies": [-53.99955888567217, -58.840134274904386, -63.93515551667295, -69.2408031827343, -74.34322395032154, -74.56971373353613, -74.7965880689408, -75.02384674926589, -75.2514895741451, -80.59289981362318, -86.62695085929786, -92.89668435657461, -99.40008980359462, -106.13490489608216, -113.09846081686635, -120.28765121068545, -127.69895721392618, -135.32848233999476, -143.1719822884903, -151.2248920959664, -159.48235691994145],
    "triples_corrections": [-0.019057497875572624, -0.01815837680834163, -0.012332092051299844, -0.012262785692146654, -0.010103908795001991, -0.010010624221223084, -0.009918367991917216, -0.009827179161668826, -0.009737090420399063, -0.007984541627163963, -0.006649384746128161, -0.005671695622902068, -0.0049118563657194496, -0.004302671274680926, -0.0038038881925042726, -0.003385781119987502, -0.0030259657207802482, -0.002708905016526645, -0.002424926199576524, -0.0021686517418503305, -0.0019373619381013612],
    "scf_converged": [true, true, true, true, true, true, true, true, true, true, true, true, true, true, true, true, true, true, true, true, true],
    "cc_converged": [true, true, true, true, true, true, true, true, true, true, true, true, true, true, true, true, true, true, true, true, true],
    "scf_spin_squared": [0.7945710382183178, 0.8604579529834431, 1.3979330864967725, 0.8577303922423987, 0.7729926197543353, 0.7719535277524008, 0.7709904567799315, 0.7700965426349002, 0.7692656413142953, 0.759598278990222, 0.7564159587143067, 0.7550319753874377, 0.754232312580073, 0.753685930351915, 0.7532768781837751, 0.7529541439530147, 0.7526903404834062, 0.7524686460681798, 0.7522779537124711, 0.7521107485457907, 0.7519619053150093],
    "cc_spin_squared": [0.7601679459457074, 0.7537939039702581, 0.7754622329670351, 0.7558934601622451, 0.7517380964902614, 0.751658988760314, 0.7515840657884241, 0.7515130777975203, 0.7514457932645668, 0.7505623848664786, 0.7502577499767848, 0.7501489320337806, 0.7501001268325624, 0.7500732500367051, 0.7500561999166866, 0.750044512211014, 0.7500360805678632, 0.7500297814669197, 0.7500249328597985, 0.7500211088271993, 0.750018019915633]
}