{
    "schema_name": "pyscf_qa_output",
    "provenance": {
        "creator": "PySCF",
        "version": "1.7.6"
    },
    "molecule": {
        "geometry": [[0.0, 0.0, 0.0]],
        "symbols": [ "O" ]
    },
    "molecular_charge": 0,
    "molecular_multiplicity": 3,
    "name": "o.chrg0.mult3-pyscf-uccsdt.augccpvtz",
    "atomic_numbers": [ 8 ],
    "n_electrons": 8,
    "model": {
        "method": "UCCSD(T)",
        "basis": "aug-cc-pVTZ",
        "scf_conv_tol": 1e-09,
        "scf_conv_tol_grad": 1e-06,
        "cc_conv_tol": 1e-05,
        "cc_conv_tol_normt": 1e-07
    },
    "broken_symmetry": false,
    "finite_diff_delta": 0.01,
    "finite_diff_acc": 2,
    "qa_lambdas": [-2.0, -1.75, -1.5, -1.25, -1.0, -0.75, -0.5, -0.25, -0.02, -0.01, 0.0, 0.01, 0.02, 0.25, 0.5, 0.75, 1.0, 1.25, 1.5, 1.75, 2.0],
    "electronic_energies": [-37.05163056034527, -41.02682686653996, -45.22795991444512, -49.65397255368217, -54.3024212407217, -59.1686339368456, -64.24527860722823, -69.52266754960203, -74.54617361260044, -74.76811791601493, -74.990351207351, -75.2128728664221, -75.43568227470065, -80.6383182334843, -86.45717295586793, -92.43800764471615, -98.57229405515123, -104.8518314442987, -111.26871565567563, -117.8152986998366, -124.48412993916841],
    "qats_energies": {
        "0": [-74.99035120735104, -74.99035120735104, -74.99035120735104, -74.99035120735104, -74.99035120735104, -74.99035120735104, -74.99035120735104, -74.99035120735104, -74.99035120735104, -74.99035120735104, -74.99035120735104, -74.99035120735104, -74.99035120735104, -74.99035120735104, -74.99035120735104, -74.99035120735104, -74.99035120735104, -74.99035120735104, -74.99035120735104, -74.99035120735104, -74.99035120735104],
        "1": [-30.514856166633734, -36.0742930467234, -41.63372992681306, -47.193166806902724, -52.75260368699239, -58.31204056708205, -63.87147744717171, -69.43091432726138, -74.54559625694387, -74.76797373214745, -74.99035120735104, -75.21272868255463, -75.43510615775821, -80.5497880874407, -86.10922496753037, -91.66866184762003, -97.22809872770969, -102.78753560779936, -108.34697248788902, -113.90640936797868, -119.46584624806835],
        "2": [-36.28221086569371, -40.489923988191194, -44.8778669450343, -49.44603973622303, -54.19444236175738, -59.12307482163736, -64.23193711586296, -69.52102924443419, -74.54617299241377, -74.76811791601493, -74.99035120735104, -75.2128728664221, -75.43568289322812, -80.63990300461352, -86.46968463622161, -92.47969610217534, -98.66993740247469, -105.04040853711966, -111.59110950611026, -118.32204030944648, -125.23320094712832],
        "3": [-37.10802028831583, -41.04315178498687, -45.226255295203, -49.64765336479288, -54.297668539585146, -59.16662336540845, -64.24484038809143, -69.52264215346275, -74.5461738182232, -74.76811801924111, -74.99035120735104, -75.21287276319592, -75.4356820674187, -80.63829009558495, -86.45678136399314, -92.43614755840426, -98.56671122464692, -104.8387949085498, -111.24272115594155, -117.76881251265081, -124.40739152450621],
        "4": [-37.21863758141896, -41.10799361133956, -45.26125529809892, -49.664532224214135, -54.30458212040409, -59.16881086558944, -64.24527248689262, -69.52266915963781, -74.54617381932937, -74.76811801931024, -74.99035120735104, -75.21287276326507, -75.43568206852487, -80.63831710176004, -86.45721346279433, -92.43833505858524, -98.57362480546587, -104.85567376797107, -111.27772115883747, -117.83365433900349, -124.51800881760934]
    },
    "qats_poly_coeffs": [ -74.99035120735104, -22.237747520358653, -1.4418386747649947, 0.10322617782776432, -0.006913580818945775 ],
    "hf_energies": [-36.85905700929278, -40.83382704380698, -45.03532514383505, -49.46048234755062, -54.10868080085207, -58.97860857935736, -64.05987553030047, -69.34145734141151, -74.36850403464001, -74.5905987097911, -74.81298220662154, -75.03565391913143, -75.2586132427347, -80.46468777283746, -86.28735894669704, -92.27221337688687, -98.41082334321175, -104.69507026120914, -111.11710349601096, -117.66928647424203, -124.34412980274615],
    "triples_corrections": [-0.008574942012508288, -0.008494809610703568, -0.00802506596100789, -0.007322087442918433, -0.006654996281312469, -0.005719484847576308, -0.0047839683702271055, -0.004077141111043714, -0.003567902793683131, -0.0035477860040085273, -0.003527805992746718, -0.0035079597486715373, -0.0034882443753650304, -0.003065760497071684, -0.002661192603702125, -0.002306388818064487, -0.0020000916319497276, -0.0017401461978632704, -0.0015216312708185003, -0.0013375368815763964, -0.0011802035492502062],
    "scf_converged": [true, true, true, true, true, true, true, true, true, true, true, true, true, true, true, true, true, true, true, true, true],
    "cc_converged": [true, true, true, true, true, true, true, true, true, true, true, true, true, true, true, true, true, true, true, true, true],
    "scf_spin_squared": [2.3068009130193508, 2.404065490854498, 2.4290908640289994, 2.3483397258309204, 2.1320845335714282, 2.036200176681806, 2.017368400221323, 2.011641429243698, 2.009340137638222, 2.0092688862022543, 2.009199302523022, 2.0091313234733765, 2.0090648887148475, 2.0078567545430523, 2.006957450419386, 2.0062678276412895, 2.005695449961676, 2.0051994758210188, 2.00475874169942, 2.0043599754584815, 2.003993649521107],
    "cc_spin_squared": [2.00573035928522, 2.008894043539671, 2.010611725921221, 2.008823602282403, 2.004714748093778, 2.0019411306241612, 2.0008169863928718, 2.00039761888221, 2.0002415852886166, 2.0002371823036036, 2.0002329164127213, 2.0002287822038047, 2.0002247744964756, 2.000158343826178, 2.0001181144045876, 2.0000926861505364, 2.0000747114722772, 2.0000610324828143, 2.00005016443365, 2.000041307778033, 2.0000340133585697]
}