{
    "schema_name": "pyscf_qa_output",
    "provenance": {
        "creator": "PySCF",
        "version": "1.7.6"
    },
    "molecule": {
        "geometry": [[0.0, 0.0, 0.0]],
        "symbols": [ "H" ]
    },
    "molecular_charge": -2,
    "molecular_multiplicity": 2,
    "name": "h.chrg-2.mult2-pyscf-uccsdt.augccpvdz",
    "atomic_numbers": [ 1 ],
    "n_electrons": 3,
    "model": {
        "method": "UCCSD(T)",
        "basis": "aug-cc-pVDZ",
        "scf_conv_tol": 1e-09,
        "scf_conv_tol_grad": 1e-06,
        "cc_conv_tol": 1e-05,
        "cc_conv_tol_normt": 1e-07
    },
    "broken_symmetry": false,
    "finite_diff_delta": 0.01,
    "finite_diff_acc": 2,
    "qa_lambdas": [-0.02, -0.01, 0.0, 0.01, 0.02, 0.25, 0.5, 0.75, 1.0, 1.25, 1.5, 1.75, 2.0, 2.25, 2.5, 2.75, 3.0, 3.25, 3.5, 3.75, 4.0],
    "electronic_energies": [-0.22256209190728582, -0.23801237199118452, -0.25362214752165035, -0.269394729724149, -0.2853333798894652, -0.7026674829733758, -1.263947056068494, -1.918312106571451, -2.643859321908093, -3.41663006826649, -4.219677222100891, -5.044999481275023, -5.89022041436728, -6.67152215191188, -7.572785803723426, -8.487261623394946, -9.416642234917447, -10.362085161336344, -11.323317020576031, -12.298523693328805, -13.285054237836453],
    "qats_energies": {
        "0": [-0.2536221475216417, -0.2536221475216417, -0.2536221475216417, -0.2536221475216417, -0.2536221475216417, -0.2536221475216417, -0.2536221475216417, -0.2536221475216417, -0.2536221475216417, -0.2536221475216417, -0.2536221475216417, -0.2536221475216417, -0.2536221475216417, -0.2536221475216417, -0.2536221475216417, -0.2536221475216417, -0.2536221475216417, -0.2536221475216417, -0.2536221475216417, -0.2536221475216417, -0.2536221475216417],
        "1": [-0.2222397897886772, -0.23793096865515945, -0.2536221475216417, -0.26931332638812394, -0.2850045052546062, -0.6459016191836979, -1.038181090845754, -1.4304605625078102, -1.8227400341698665, -2.2150195058319224, -2.6072989774939788, -2.9995784491560347, -3.391857920818091, -3.7841373924801474, -4.176416864142204, -4.56869633580426, -4.960975807466316, -5.353255279128373, -5.745534750790428, -6.1378142224524845, -6.530093694114541],
        "2": [-0.2225654031327775, -0.23801237199118452, -0.2536221475216417, -0.269394729724149, -0.2853301185987065, -0.6967787041993707, -1.2416894309084454, -1.888354327648866, -2.6367733944206315, -3.4869466312237436, -4.438874038058201, -5.4925556149240045, -6.647991361821153, -7.905181278749648, -9.264125365709488, -10.724823622700672, -12.287276049723204, -13.95148264677708, -15.717443413862306, -17.585158350978876, -19.554627458126788],
        "3": [-0.22256102145527723, -0.23801182428149698, -0.2536221475216417, -0.26939527743383657, -0.28533450027620677, -0.7053366680670969, -1.3101531418502557, -2.119419352077475, -3.1844830819551126, -4.556692114689527, -6.287394233487075, -8.427937221554114, -11.029668862097001, -14.143936938322094, -17.822089233435754, -22.115473530644334, -27.075437613154193, -32.75332926417168, -39.20049626690317, -46.46828640455502, -54.60804746033357],
        "4": [-0.2225609881654553, -0.23801182220088313, -0.2536221475216417, -0.26939527535322266, -0.2853344669863848, -0.704523928273735, -1.297149305156465, -2.0535874288151605, -2.976421694854465, -4.048729743838336, -5.234083461290045, -6.476548977692177, -7.700686668486633, -8.811551154074628, -9.694691299816693, -10.216150216032668, -10.222465258001707, -9.54066802596229, -7.978284365112199, -5.323334365608525, -1.3443323625676977]
    },
    "qats_poly_coeffs": [ -0.2536221475216417, -1.5691178866482247, -0.8140333602507654, -0.547709687534481, 0.20806138710064795 ],
    "hf_energies": [-0.20615168784344395, -0.22102747230777142, -0.23603761394859313, -0.2511856938784949, -0.26647556468799904, -0.6698014032771655, -1.2330346842050268, -1.8926369566859458, -2.6219685373706696, -3.397134788505553, -4.201760294247394, -5.0280591221467805, -5.873812150008797, -6.657950962671398, -7.560399424506268, -8.475987245240525, -9.40641987089687, -10.35283662159662, -11.314931451837586, -12.290870509503216, -13.278007264790403],
    "triples_corrections": [-1.8931501426233673e-05, -1.906572468138493e-05, -1.916982791708802e-05, -1.9242384011092144e-05, -1.928264362176066e-05, -2.9910005566946328e-05, -3.461727778880557e-05, -1.6814336086510834e-05, -6.319830279548564e-06, -2.836801359121331e-06, -1.882554103124391e-06, -1.6624541964895923e-06, -1.6027321560394752e-06, -2.8791578593579388e-06, -2.3559058191027085e-06, -1.9172526413053582e-06, -1.5256727497475995e-06, -1.1771686881262639e-06, -8.828252420331996e-07, -6.504262964079551e-07, -4.769775736980602e-07],
    "scf_converged": [true, true, true, true, true, true, true, true, true, true, true, true, true, true, true, true, true, true, true, true, true],
    "cc_converged": [true, true, true, true, true, true, true, true, true, true, true, true, true, true, true, true, true, true, true, true, true],
    "scf_spin_squared": [0.7571549922667922, 0.7576397753993956, 0.7581502782462484, 0.7586859231158309, 0.7592454566410038, 0.7604182747177191, 0.7510273415432722, 0.7501404751122782, 0.7500357423667573, 0.7500156308728815, 0.7500084905124603, 0.7500037781406209, 0.7500006069100714, 0.7501454907616726, 0.7501433637482252, 0.7501505938386265, 0.7501608171794565, 0.7501678103911827, 0.7501674870551125, 0.7501597617034848, 0.7501473158096574],
    "cc_spin_squared": [0.7500017514432522, 0.7500017476868736, 0.7500017440464721, 0.7500017411042128, 0.7500017413057243, 0.7500021293227116, 0.7500004170405772, 0.7500000505117461, 0.7500000082402085, 0.7500000033865609, 0.7500000077674668, 0.7500000263315606, 0.7500000635435685, 0.7500000483013016, 0.7500000400332241, 0.7500000349962144, 0.7500000309916603, 0.7500000269078693, 0.750000022543306, 0.7500000182700362, 0.75000001449864]
}