{
    "schema_name": "pyscf_qa_output",
    "provenance": {
        "creator": "PySCF",
        "version": "1.7.6"
    },
    "molecule": {
        "geometry": [[0.0, 0.0, 0.0]],
        "symbols": [ "C" ]
    },
    "molecular_charge": 2,
    "molecular_multiplicity": 1,
    "name": "c.chrg2.mult1-pyscf-ccsdt.augccpvqz",
    "atomic_numbers": [ 6 ],
    "n_electrons": 4,
    "model": {
        "method": "CCSD(T)",
        "basis": "aug-cc-pVQZ",
        "scf_conv_tol": 1e-09,
        "scf_conv_tol_grad": 1e-06,
        "cc_conv_tol": 1e-07,
        "cc_conv_tol_normt": 1e-05
    },
    "broken_symmetry": false,
    "finite_diff_delta": 0.01,
    "finite_diff_acc": 2,
    "qa_lambdas": [-4.0, -3.75, -3.5, -3.25, -3.0, -2.75, -2.5, -2.25, -2.0, -1.75, -1.5, -1.25, -1.0, -0.75, -0.5, -0.25, -0.02, -0.01, 0.0, 0.01, 0.02],
    "electronic_energies": [-2.6174076002255267, -3.6375730101253345, -4.719029211016815, -5.966821796940482, -7.351713193254938, -9.014630442113699, -10.72956508120505, -12.601813393533181, -14.632426113192492, -16.820742834782607, -19.165647787450077, -21.666359700883916, -24.322593778639973, -27.13444318715537, -30.10217319125584, -33.22597614203019, -36.2376090416674, -36.371537447703496, -36.50571440014975, -36.64013983440358, -36.7748136839951],
    "qats_energies": {
        "0": [-36.505714400149756, -36.505714400149756, -36.505714400149756, -36.505714400149756, -36.505714400149756, -36.505714400149756, -36.505714400149756, -36.505714400149756, -36.505714400149756, -36.505714400149756, -36.505714400149756, -36.505714400149756, -36.505714400149756, -36.505714400149756, -36.505714400149756, -36.505714400149756, -36.505714400149756, -36.505714400149756, -36.505714400149756, -36.505714400149756, -36.505714400149756],
        "1": [17.214762939866503, 13.857233106115487, 10.49970327236447, 7.1421734386134546, 3.7846436048624383, 0.4271137711114221, -2.930416062639594, -6.28794589639061, -9.645475730141627, -13.003005563892643, -16.36053539764366, -19.718065231394675, -23.07559506514569, -26.433124898896708, -29.790654732647724, -33.14818456639874, -36.237112013449675, -36.371413206799716, -36.505714400149756, -36.6400155934998, -36.77431678684984],
        "2": [-2.6637816649412542, -3.614143987953831, -4.7198074406914685, -5.980772023154167, -7.397037735341925, -8.968604577254744, -10.695472548892624, -12.577641650255565, -14.615111881343566, -16.807883242156628, -19.15595573269475, -21.659329352957933, -24.318004102946176, -27.13197998265948, -30.101256992097845, -33.22583513126127, -36.237608977064795, -36.371537447703496, -36.505714400149756, -36.64013983440358, -36.77481375046496],
        "3": [-3.3628347920294743, -4.190146015278714, -5.188118422315018, -6.35572800953425, -7.691950773332266, -9.19576271010494, -10.86613981624815, -12.702058088157742, -14.702493522229592, -16.866422114859574, -19.192819862443542, -21.68066276137737, -24.328926808056927, -27.136587998878078, -30.102622330236688, -33.226005798528625, -36.23760906444644, -36.3715374586262, -36.505714400149756, -36.64013982348087, -36.774813663083314],
        "4": [-1.3711171863719045, -2.6515915751784007, -4.0206101285689755, -5.487724980127727, -7.061758874667177, -8.75080516822823, -10.562227828080182, -12.502661432720739, -14.578011171875996, -16.793452846500443, -19.153432868776974, -21.661668262116876, -24.32114666115983, -27.13412631177392, -30.10213607105562, -33.22597540732981, -36.23760906320161, -36.3715374585484, -36.505714400149756, -36.64013982340307, -36.77481366183849]
    },
    "qats_poly_coeffs": [ -36.505714400149756, -13.430119335004065, -1.2424090378004848, 0.010922705110753363, 0.007780146897099864 ],
    "hf_energies": [-2.5543438420368263, -3.54783910304704, -4.651927652636362, -5.8963783437460435, -7.276522205283262, -8.940001409094243, -10.65342701343586, -12.523341133158624, -14.551474934414845, -16.7374736932289, -19.080217680540148, -21.57884314066481, -24.233020950909182, -27.042833946647043, -30.008554826569352, -33.13040022057158, -36.1403118636782, -36.27416772943021, -36.40827235595042, -36.542625681205394, -36.67722764124419],
    "triples_corrections": [-0.0007968345253945991, -0.001004900098980362, -0.0006478806994009483, -0.0007775507197313882, -0.0010669951633560622, -0.0005038952187475002, -0.0005395120456346689, -0.0005780596623650172, -0.0006070627225741878, -0.0006240723801879752, -0.0006320765337401408, -0.0006334647345674093, -0.0006288650617095153, -0.000618380736104775, -0.0006023674449460703, -0.0005814832810416533, -0.0005586399581035022, -0.0005575779234902086, -0.0005565105790482752, -0.0005554379751029686, -0.0005543601622376101],
    "scf_converged": [true, true, true, true, true, true, true, true, true, true, true, true, true, true, true, true, true, true, true, true, true],
    "cc_converged": [true, true, true, true, true, true, true, true, true, true, true, true, true, true, true, true, true, true, true, true, true],
    "t1_diagnostic": [0.011365021691770363, 0.005452453451399851, 0.017752314908826654, 0.023424574686686964, 0.030521415362580958, 0.015762751300551298, 0.018421591873337667, 0.018543483646997573, 0.016792996653373117, 0.014402981630085684, 0.012335938852787751, 0.010785564155085676, 0.009592830478749988, 0.008620061579109658, 0.007810134511902434, 0.007138415915410437, 0.006620429306460712, 0.006599696220381961, 0.0065790950126782, 0.006558623713801561, 0.006538280340773791]
}