{
    "schema_name": "pyscf_qa_output",
    "provenance": {
        "creator": "PySCF",
        "version": "1.7.6"
    },
    "molecule": {
        "geometry": [[0.0, 0.0, 0.0]],
        "symbols": [ "Na" ]
    },
    "molecular_charge": 2,
    "molecular_multiplicity": 4,
    "name": "na.chrg2.mult4-pyscf-uccsdt.augccpv5z",
    "atomic_numbers": [ 11 ],
    "n_electrons": 9,
    "model": {
        "method": "UCCSD(T)",
        "basis": "aug-cc-pV5Z",
        "scf_conv_tol": 1e-09,
        "scf_conv_tol_grad": 1e-06,
        "cc_conv_tol": 1e-05,
        "cc_conv_tol_normt": 1e-07
    },
    "broken_symmetry": false,
    "finite_diff_delta": 0.01,
    "finite_diff_acc": 2,
    "qa_lambdas": [-4.0, -3.75, -3.5, -3.25, -3.0, -2.75, -2.5, -2.25, -2.0, -1.75, -1.5, -1.25, -1.0, -0.75, -0.5, -0.25, -0.02, -0.01, 0.0, 0.01, 0.02],
    "electronic_energies": [-46.72330471021813, -51.58856438218169, -56.95494405619637, -62.64708841810833, -68.6387802960219, -74.91041318836776, -81.8735776673753, -88.73466557164964, -95.82264101146043, -103.11474735852612, -110.59026732653952, -118.23076447417266, -126.02019947056552, -133.94476154863358, -141.99243175114864, -150.15242671381097, -157.75016568182198, -158.0823477997304, -158.4146785654447, -158.7471573619856, -159.07978357488346],
    "qats_energies": {
        "0": [-158.41467856498974, -158.41467856498974, -158.41467856498974, -158.41467856498974, -158.41467856498974, -158.41467856498974, -158.41467856498974, -158.41467856498974, -158.41467856498974, -158.41467856498974, -158.41467856498974, -158.41467856498974, -158.41467856498974, -158.41467856498974, -158.41467856498974, -158.41467856498974, -158.41467856498974, -158.41467856498974, -158.41467856498974, -158.41467856498974, -158.41467856498974],
        "1": [-25.452766113952464, -33.762885642142294, -42.073005170332124, -50.383124698521954, -58.69324422671178, -67.00336375490161, -75.31348328309144, -83.62360281128127, -91.9337223394711, -100.24384186766093, -108.55396139585076, -116.86408092404059, -125.17420045223042, -133.48431998042025, -141.79443950861008, -150.1045590367999, -157.74986900273456, -158.08227378386215, -158.41467856498974, -158.74708334611734, -159.07948812724493],
        "2": [-37.29530503401628, -44.17136711485463, -51.13994903100598, -58.20105078247033, -65.35467236924768, -72.60081379133803, -79.93947504874137, -87.37065614145772, -94.89435706948706, -102.5105778328294, -110.21931843148474, -118.02057886545307, -125.91435913473441, -133.90065923932875, -141.97947917923608, -150.1508189544564, -157.75016506620756, -158.0823477997304, -158.41467856498974, -158.7471573619856, -159.07978419071793],
        "3": [-43.863032454301305, -49.58300775046547, -55.539813298892255, -61.723828405118326, -68.12543237468043, -74.73500451311523, -81.5429241259594, -88.53957051874966, -95.7153229970227, -103.06056086631519, -110.56566343216383, -118.22101000010532, -126.01697987567636, -133.94395236441363, -141.99230677185383, -150.15242240353362, -157.7501658871735, -158.08234790235113, -158.41467856498974, -158.74715725936485, -159.079783369752],
        "4": [-43.62826155528366, -49.40165281939295, -55.40219490813507, -61.62151377427661, -68.05114939491312, -74.68255577146914, -81.50710092969815, -88.51606691968266, -95.70064981583408, -103.05195971689285, -110.56102074592837, -118.218771050339, -126.01606280185209, -133.94366219652392, -141.9922494547398, -150.152418821214, -157.75016588702675, -158.08234790234198, -158.41467856498974, -158.74715725935567, -159.07978336960528]
    },
    "qats_poly_coeffs": [ -158.41467856498974, -33.24047811275932, -0.7401586825039885, 0.10262074094195363, 0.0009170738242877027 ],
    "hf_energies": [-46.543020660613806, -51.386529448091416, -56.767492614752214, -62.47292349617183, -68.47573107341881, -74.75633449223761, -81.74998530001048, -88.6150035199231, -95.70747851055488, -103.00514334214776, -110.48739448365242, -118.13562568184817, -125.93348150198389, -133.86679300710614, -141.92319156993074, -150.09157271194601, -157.6964870637873, -158.0289665231667, -158.36159330765446, -158.69436678954224, -159.0272863433227],
    "triples_corrections": [-0.0046554506541813334, -0.0070671747855193395, -0.0056984440936399304, -0.004693565541767274, -0.004008218936370159, -0.00350260764684072, -0.0017306602522503467, -0.0015667534202453439, -0.0014086077024642362, -0.0012662341543450994, -0.0011416673515702155, -0.0010314325654898738, -0.0009300037065042951, -0.0008315322501493447, -0.0007313801882108401, -0.0006279485784052839, -0.0005318345477524792, -0.0005276949830622773, -0.0005235618523087815, -0.000519435539164921, -0.0005153164530344618],
    "scf_converged": [true, true, true, true, true, true, true, true, true, true, true, true, true, true, true, true, true, true, true, true, true],
    "cc_converged": [true, true, true, true, true, true, true, true, true, true, true, true, true, true, true, true, true, true, true, true, true],
    "scf_spin_squared": [3.8346015106345663, 3.8011674201783183, 3.7695225726587855, 3.7602608252065384, 3.7565660031775026, 3.754889598452761, 3.7560782138600204, 3.7550059829062015, 3.754245268260506, 3.7536561285397703, 3.7531658733463287, 3.7527399597965956, 3.7523619669261876, 3.752022933645209, 3.7517177157093697, 3.751444293369204, 3.751221132898566, 3.7512120638002027, 3.7512030482402827, 3.751194086298596, 3.7511851780561063],
    "cc_spin_squared": [3.754639423244952, 3.7537978995435433, 3.751162957168651, 3.7505223910264753, 3.750310144870695, 3.7502226163877754, 3.7500824080573247, 3.7500659205023212, 3.7500533869576396, 3.7500436539917006, 3.750035954845094, 3.750029700172158, 3.7500245032279587, 3.750020118537916, 3.7500163898244834, 3.750013207835437, 3.750010699055097, 3.750010598523854, 3.7500104986889813, 3.750010399548861, 3.7500103011024226]
}