{
    "schema_name": "pyscf_qa_output",
    "provenance": {
        "creator": "PySCF",
        "version": "1.7.6"
    },
    "molecule": {
        "geometry": [[0.0, 0.0, 0.0]],
        "symbols": [ "S" ]
    },
    "molecular_charge": -2,
    "molecular_multiplicity": 3,
    "name": "s.chrg-2.mult3-pyscf-uccsdt.augccpvqz",
    "atomic_numbers": [ 16 ],
    "n_electrons": 18,
    "model": {
        "method": "UCCSD(T)",
        "basis": "aug-cc-pVQZ",
        "scf_conv_tol": 1e-09,
        "scf_conv_tol_grad": 1e-06,
        "cc_conv_tol": 1e-07,
        "cc_conv_tol_normt": 1e-05
    },
    "broken_symmetry": false,
    "finite_diff_delta": 0.01,
    "finite_diff_acc": 2,
    "qa_lambdas": [-0.02, -0.01, 0.0, 0.01, 0.02, 0.25, 0.5, 0.75, 1.0, 1.25, 1.5, 1.75, 2.0],
    "electronic_energies": [-396.39105827610655, -396.979703432725, -397.5829397614867, -398.17215408719625, -398.7566686674135, -412.5406453511078, -427.65118319633575, -442.88438085511694, -458.2304205114603, -473.68056901959767, -489.2269819135589, -504.82402025134877, -520.5309486310144],
    "qats_energies": {
        "0": [-397.5758150329522, -397.5758150329522, -397.5758150329522, -397.5758150329522, -397.5758150329522, -397.5758150329522, -397.5758150329522, -397.5758150329522, -397.5758150329522, -397.5758150329522, -397.5758150329522, -397.5758150329522, -397.5758150329522],
        "1": [-396.38336437848096, -396.9795897057166, -397.5758150329522, -398.17204036018785, -398.7682656874235, -412.48144821384295, -427.3870813947337, -442.2927145756244, -457.19834775651515, -472.1039809374059, -487.0096141182966, -501.91524729918734, -516.8208804800781],
        "2": [-396.38381928651455, -396.979703432725, -397.5758150329522, -398.17215408719625, -398.76872059545707, -412.55252759409126, -427.6713989157269, -442.9324289978592, -458.33561784048806, -473.88096544361355, -489.56847180723565, -505.3981369313544, -521.3699608159698],
        "3": [-396.3966798982716, -396.9813110091946, -397.5758150329522, -398.17054651072664, -398.7558599837, -387.43414525614304, -226.72434021214104, 235.26389412674308, 1149.2408517881988, 2665.9168267999157, 4936.002113189583, 8110.207004984893, 12339.241796213526],
        "4": [-396.39347127263744, -396.98111047009246, -397.5758150329522, -398.1703459716245, -398.7526513580659, -309.09855848515593, 1026.6450481236525, 6580.446422576696, 21203.15106516089, 51625.65855866685, 106458.92256838885, 196193.9508421249, 333201.8052101767]
    },
    "qats_poly_coeffs": [ -397.5758150329522, -59.62253272356293, -1.1372700839729077, 1607.576469628687, 20053.910213372696 ],
    "hf_energies": [-396.128360218575, -396.7162128753639, -397.3208597676314, -397.9092884686508, -398.48219256700645, -412.273681763867, -427.39097408882407, -442.6295705213298, -457.97990765714064, -473.4334525478772, -488.9825060917317, -504.58896719387246, -520.2970675280086],
    "triples_corrections": [-0.011606836749388732, -0.011436847525871579, -0.011488906435880816, -0.011329739485946547, -0.013660806661339269, -0.012076763866418472, -0.010805915287788286, -0.009871435967943768, -0.009154424524657022, -0.008586841687862497, -0.008129024109669283, -0.007155277280555609, -0.006943139370851527],
    "scf_converged": [true, true, true, true, true, true, true, true, true, true, true, true, true],
    "cc_converged": [true, true, true, true, true, true, true, true, true, true, true, true, true],
    "scf_spin_squared": [2.0145291190695858, 2.013835070757624, 2.014328733268856, 2.0136394850309873, 2.0335870594061856, 2.0173596764032418, 2.0129715232242313, 2.0114600033844194, 2.0107470524910163, 2.0103148364477947, 2.0100014837152713, 2.010062331916112, 2.009855357041939],
    "cc_spin_squared": [2.00138756097404, 2.0009232719191665, 2.0013057325571912, 2.0008793956989326, 2.0009717513963237, 2.000593790230877, 2.000444768755166, 2.0003707583598684, 2.0003249650932693, 2.000292563229914, 2.0002678464265564, 2.000269846105853, 2.0002598301988255]
}