{
    "schema_name": "pyscf_apdft_output",
    "provenance": {
        "creator": "PySCF",
        "version": "1.7.6"
    },
    "molecule": {
        "geometry": [[0.0, 0.0, 0.0]],
        "symbols": [ "Na" ]
    },
    "molecular_charge": -2,
    "molecular_multiplicity": 2,
    "name": "na.chrg-2.mult2-pyscf-uccsdt.augccpv5z",
    "atomic_numbers": [ 11 ],
    "n_electrons": 13,
    "model": {
        "method": "UCCSD(T)",
        "basis": "aug-cc-pV5Z",
        "scf_conv_tol": 1e-09,
        "scf_conv_tol_grad": 1e-06,
        "cc_conv_tol": 1e-05,
        "cc_conv_tol_normt": 1e-07
    },
    "broken_symmetry": false,
    "finite_diff_delta": 0.01,
    "finite_diff_acc": 2,
    "apdft_lambdas": [-0.02, -0.01, 0.0, 0.01, 0.02, 0.25, 0.5, 0.75, 1.0, 1.25, 1.5, 1.75, 2.0, 2.25, 2.5, 2.75, 3.0, 3.25, 3.5, 3.75, 4.0],
    "electronic_energies": [-161.22180220787266, -161.57720636216757, -161.93286700290355, -162.28878300696593, -162.64495308103878, -170.9043719933646, -180.01989595827433, -189.26913061297788, -198.64598074577688, -208.15718234606936, -217.78935663290918, -227.52838675150016, -237.36377764006642, -247.28595433199595, -257.28606716465526, -267.3559715782769, -277.4881842682353, -287.67581121210065, -297.91247583662494, -308.1922817254138, -318.509824080041],
    "apdft_energies": {
        "0": [-161.93286700311043, -161.93286700311043, -161.93286700311043, -161.93286700311043, -161.93286700311043, -161.93286700311043, -161.93286700311043, -161.93286700311043, -161.93286700311043, -161.93286700311043, -161.93286700311043, -161.93286700311043, -161.93286700311043, -161.93286700311043, -161.93286700311043, -161.93286700311043, -161.93286700311043, -161.93286700311043, -161.93286700311043, -161.93286700311043, -161.93286700311043],
        "1": [-161.22129035831207, -161.57707868071125, -161.93286700311043, -162.2886553255096, -162.6444436479088, -170.82757506308988, -179.72228312306933, -188.61699118304878, -197.51169924302823, -206.40640730300768, -215.30111536298713, -224.19582342296658, -233.09053148294603, -241.98523954292548, -250.87994760290493, -259.77465566288436, -268.66936372286386, -277.56407178284326, -286.45877984282276, -295.35348790280216, -304.24819596278167],
        "2": [-161.22180108413735, -161.57720636216757, -161.93286700311043, -162.28878300696593, -162.64495437373407, -170.90737597328976, -180.04148676386885, -189.3351993748477, -198.7885138062263, -208.40143005800465, -218.17394813018277, -228.10606802276064, -238.19778973573827, -248.44911326911566, -258.86003862289283, -269.4305657970697, -280.1606947916464, -291.05042560662275, -302.099758241999, -313.30869269777486, -324.6772289739506],
        "3": [-161.22180269509107, -161.57720656353678, -161.93286700311043, -162.28878280559672, -162.64495276278035, -170.90422957929258, -180.0163156118913, -189.2502467369234, -198.58714459040573, -208.00813080835513, -217.4943270267884, -227.02685488172236, -236.58683600917385, -246.15539204515966, -255.71364462569665, -265.2427153868016, -274.72372596449145, -284.13779799478283, -293.46605311369274, -302.6896129572379, -311.78959916143515],
        "4": [-161.22180258245103, -161.57720655649678, -161.93286700311043, -162.28878279855672, -162.64495265014028, -170.90147957813986, -179.97231559344772, -189.02749664355292, -197.88314429530894, -206.28938008790396, -213.93032553286085, -220.42410211403714, -225.32283128762504, -228.11263448215146, -228.2136330984779, -224.9799485098007, -217.69970206165064, -205.59501507189339, -187.82200883072923, -163.47080460069301, -131.56552361665442]
    },
    "apdft_poly_coeff": [ -161.93286700311043, -35.5788322399178, -1.2768145631980587, 0.20136921582055337, 0.7040002950967997 ],
    "hf_energies": [-161.0767095657821, -161.4325329994125, -161.78860732117133, -162.14493105277433, -162.50150221681957, -170.77088775561725, -179.89737561443806, -189.1574954773765, -198.54231753791933, -208.05706241944483, -217.69613382550767, -227.44088973019467, -237.28058262877002, -247.20564121382688, -257.2073122228759, -267.27759466318093, -277.4091675438832, -287.5952916659859, -297.82971784461466, -308.1066379499951, -318.4206918626335],
    "triples_corrections": [-0.0027960714905697834, -0.0027809324011755948, -0.002766910868810153, -0.0027541682845323347, -0.002742971919380629, -0.0025136406809844703, -0.0023452753340669173, -0.0021791828104360685, -0.0024295047966182187, -0.0028063917007962423, -0.0025115327666970365, -0.0022588458027970925, -0.0020622786362737206, -0.0019196727729292053, -0.0018249927043115836, -0.0017708256275221009, -0.0017500518423752035, -0.0017572184439051735, -0.0017893239734922063, -0.0018459126136777906, -0.0019287148886190056],
    "scf_converged": [true, true, true, true, true, true, true, true, true, true, true, true, true, true, true, true, true, true, true, true, true],
    "cc_converged": [true, true, true, true, true, true, true, true, true, true, true, true, true, true, true, true, true, true, true, true, true],
    "scf_spin_squared": [0.7944290298873655, 0.7980574682675767, 0.8028752886801165, 0.8095454013936827, 0.8192561040716217, 0.757377551779097, 0.7502786974213969, 0.7501269293038506, 0.7506890120693939, 0.7727152675259941, 0.7747111093159118, 0.7741337040885785, 0.7731476225659737, 0.7721488421471516, 0.7712825931823462, 0.7705959424710747, 0.7700752451445965, 0.7696687309905954, 0.7693117127738907, 0.7689502070496212, 0.7685540198955545],
    "cc_spin_squared": [0.7522860912222367, 0.7518249417774743, 0.7514378240816328, 0.7511137307539912, 0.7508429558294458, 0.7501221511766576, 0.7500094872404421, 0.7500057145375849, 0.7500450782374553, 0.7503711993664672, 0.7503165443237614, 0.7502633458308936, 0.7502230397622109, 0.7501923967815913, 0.7501684455135611, 0.7501492846042566, 0.7501336340113451, 0.7501206109928247, 0.7501096008007084, 0.7501001758028694, 0.7500920338908501]
}