{
    "schema_name": "pyscf_apdft_output",
    "provenance": {
        "creator": "PySCF",
        "version": "1.7.6"
    },
    "molecule": {
        "geometry": [[0.0, 0.0, 0.0]],
        "symbols": [ "Mg" ]
    },
    "molecular_charge": 0,
    "molecular_multiplicity": 1,
    "name": "mg.chrg0.mult1-pyscf-ccsdt.augccpv5z",
    "atomic_numbers": [ 12 ],
    "n_electrons": 12,
    "model": {
        "method": "CCSD(T)",
        "basis": "aug-cc-pV5Z",
        "scf_conv_tol": 1e-09,
        "scf_conv_tol_grad": 1e-06,
        "cc_conv_tol": 1e-07,
        "cc_conv_tol_normt": 1e-05
    },
    "broken_symmetry": false,
    "finite_diff_delta": 0.01,
    "finite_diff_acc": 2,
    "apdft_lambdas": [-2.0, -1.75, -1.5, -1.25, -1.0, -0.75, -0.5, -0.25, -0.02, -0.01, 0.0, 0.01, 0.02, 0.25, 0.5, 0.75, 1.0, 1.25, 1.5, 1.75, 2.0],
    "electronic_energies": [-124.89747090614463, -133.542776826816, -142.44739930128893, -151.55156520663698, -160.85719993467617, -170.3469316914743, -180.00023567248215, -189.79590793839418, -198.91637461674503, -199.3150370127745, -199.71386654973296, -200.11286211762476, -200.51202261243793, -209.73578494049318, -219.84557395532613, -230.02956039373643, -240.276375684109, -250.5766886096715, -260.92287936827745, -271.3087105827719, -281.7290276195358],
    "apdft_energies": {
        "0": [-199.71386654971326, -199.71386654971326, -199.71386654971326, -199.71386654971326, -199.71386654971326, -199.71386654971326, -199.71386654971326, -199.71386654971326, -199.71386654971326, -199.71386654971326, -199.71386654971326, -199.71386654971326, -199.71386654971326, -199.71386654971326, -199.71386654971326, -199.71386654971326, -199.71386654971326, -199.71386654971326, -199.71386654971326, -199.71386654971326, -199.71386654971326],
        "1": [-119.93135606468712, -129.9041698753154, -139.87698368594366, -149.8497974965719, -159.8226113072002, -169.79542511782847, -179.76823892845673, -189.74105273908498, -198.916041444863, -199.31495399728811, -199.71386654971326, -200.1127791021384, -200.51169165456352, -209.68668036034154, -219.6594941709698, -229.63230798159805, -239.60512179222633, -249.5779356028546, -259.5507494134829, -269.5235632241111, -279.4963770347394],
        "2": [-123.25197551939908, -132.44651914532923, -141.74483212921913, -151.14691447106878, -160.65276617087818, -170.26238722864733, -179.97577764437622, -189.79293741806487, -198.91637350680847, -199.3150370127745, -199.71386654971326, -200.11286211762476, -200.512023716509, -209.7385650393214, -219.8670328868893, -230.09927009241693, -240.43527665590432, -250.87505257735145, -261.4185978567583, -272.065912494125, -282.81699648945136],
        "3": [-124.72798060111217, -133.43532723718, -142.36752177306684, -151.5072672742214, -160.83726680609232, -170.3402234341283, -179.998840223778, -189.7958202404901, -198.91637498281355, -199.31503719727513, -199.71386654971326, -200.11286193312412, -200.5120222405039, -209.73568221689618, -219.84397030748752, -230.02143388693597, -240.25077602069018, -250.51469977419885, -260.7959082129106, -271.07710440227424, -281.3409914077383],
        "4": [-125.11902353248132, -133.66454942424477, -142.49125020057036, -151.56693569026282, -160.8617069893029, -170.34795646084726, -180.00036773522865, -189.79591570995575, -198.91637498672398, -199.31503719751953, -199.71386654971326, -200.11286193336852, -200.51202224441434, -209.73577768636184, -219.84549781893818, -230.02916691365493, -240.27521620390075, -250.57436819024028, -260.9196366404142, -271.306326589339, -281.73203433910743]
    },
    "apdft_poly_coeff": [ -199.71386654971326, -39.89125524251307, -0.8301548636779899, 0.18450063521413537, -0.024440183210572286 ],
    "hf_energies": [-124.64954499223205, -133.3229272701604, -142.24044908634164, -151.3714828883904, -160.70064981178405, -170.21034733661548, -179.87985484705575, -189.6878430936979, -198.8165209736539, -199.2154818183733, -199.61460538455913, -200.01389061902725, -200.4133364745685, -209.6426040153998, -219.75660778038542, -229.94368931140502, -240.19304295867292, -250.49570657900603, -260.84426357729365, -271.23255911291557, -281.65544560351674],
    "triples_corrections": [-0.006852261335476688, -0.006793714552063401, -0.006943527995739225, -0.006232676013629963, -0.005084466683773102, -0.0038902453394859607, -0.0028809702397018374, -0.002136583777855113, -0.0016692243803963743, -0.001652847312644, -0.0016367597291623245, -0.001620956908129857, -0.0016054341554417183, -0.0013152892773207786, -0.001106138449504369, -0.0009611115671553597, -0.000850552730446585, -0.0007584545902000061, -0.0006772518612354983, -0.0006039137572993589, -0.0005374646619854532],
    "scf_converged": [true, true, true, true, true, true, true, true, true, true, true, true, true, true, true, true, true, true, true, true, true],
    "cc_converged": [true, true, true, true, true, true, true, true, true, true, true, true, true, true, true, true, true, true, true, true, true],
    "t1_diagnostic": [0.014082127386553012, 0.018314218277428577, 0.021312847215682773, 0.027156574793991823, 0.02625951961046051, 0.022093188003661925, 0.01703134937992751, 0.013478125022128414, 0.011164731623620099, 0.011077710948802128, 0.01099164571079052, 0.010906520675917849, 0.010822316230781214, 0.009111342804850197, 0.007633038652633417, 0.006406915127546798, 0.005334282926048952, 0.0043761985702830105, 0.003529945304256808, 0.0028031465733788963, 0.0021995751978948963]
}