{
    "schema_name": "pyscf_qa_output",
    "provenance": {
        "creator": "PySCF",
        "version": "1.7.6"
    },
    "molecule": {
        "geometry": [[0.0, 0.0, 0.0]],
        "symbols": [ "Al" ]
    },
    "molecular_charge": 1,
    "molecular_multiplicity": 3,
    "name": "al.chrg1.mult3-pyscf-uccsdt.augccpvqz",
    "atomic_numbers": [ 13 ],
    "n_electrons": 12,
    "model": {
        "method": "UCCSD(T)",
        "basis": "aug-cc-pVQZ",
        "scf_conv_tol": 1e-09,
        "scf_conv_tol_grad": 1e-06,
        "cc_conv_tol": 1e-07,
        "cc_conv_tol_normt": 1e-05
    },
    "broken_symmetry": false,
    "finite_diff_delta": 0.01,
    "finite_diff_acc": 2,
    "qa_lambdas": [-3.0, -2.75, -2.5, -2.25, -2.0, -1.75, -1.5, -1.25, -1.0, -0.75, -0.5, -0.25, -0.02, -0.01, 0.0, 0.01, 0.02, 0.25, 0.5, 0.75, 1.0],
    "electronic_energies": [-120.96656463713474, -129.79453817502028, -138.89647517215658, -148.25768197492707, -157.8629084265665, -167.6968405730848, -177.7449051009655, -187.990911322058, -198.41711244387085, -209.00598902956435, -219.7402679006956, -230.60292455996986, -240.6958768060401, -241.1366641002871, -241.5776070314134, -242.0187046666084, -242.45995607681988, -252.6491012280896, -263.8036341270648, -275.0290200144194, -286.31470514819995],
    "qats_energies": {
        "0": [-241.5776070314132, -241.5776070314132, -241.5776070314132, -241.5776070314132, -241.5776070314132, -241.5776070314132, -241.5776070314132, -241.5776070314132, -241.5776070314132, -241.5776070314132, -241.5776070314132, -241.5776070314132, -241.5776070314132, -241.5776070314132, -241.5776070314132, -241.5776070314132, -241.5776070314132, -241.5776070314132, -241.5776070314132, -241.5776070314132, -241.5776070314132],
        "1": [-109.27152208322127, -120.29702916223727, -131.32253624125326, -142.34804332026926, -153.37355039928525, -164.39905747830124, -175.42456455731724, -186.45007163633323, -197.47557871534923, -208.50108579436522, -219.52659287338122, -230.5520999523972, -240.69556646509193, -241.13658674825257, -241.5776070314132, -242.01862731457385, -242.4596475977345, -252.6031141104292, -263.6286211894452, -274.6541282684612, -285.6796353474772],
        "2": [-116.23320519160757, -126.1467767741452, -136.15703839985486, -146.26399006873655, -156.46763178079027, -166.76796353601603, -177.1649853344138, -187.65869717598363, -198.24909906072548, -208.93619098863937, -219.71997295972528, -230.60044497398323, -240.69587587323008, -241.1366641002871, -241.5776070314132, -242.0187046666084, -242.45995700587264, -252.65145913201522, -263.82200127578926, -275.08923346273536, -286.45315569285344],
        "3": [-120.42239645748737, -129.37352074109313, -138.5813389009427, -148.0313051340296, -157.70887363734727, -167.59949860788916, -177.6886342426488, -187.9617347386196, -198.40425429279512, -209.00164710216873, -219.73936736373398, -230.6028692744843, -240.69587711447193, -241.13666425544233, -241.5776070314132, -242.01870451145317, -242.4599557646308, -252.64903483151414, -263.80260687178054, -275.02377734920594, -286.29800046078384],
        "4": [-121.69047330101762, -130.26886762892713, -139.19287287255258, -148.4325325728028, -157.95935795211864, -167.7463279144727, -177.76788904536943, -187.99995561184522, -198.41990956246832, -209.00660052733878, -219.74034581808857, -230.6029304278815, -240.6958771169768, -241.1366642555989, -241.5776070314132, -242.0187045116097, -242.45995576713563, -252.6490959849113, -263.80358532613513, -275.028730774376, -286.313655730457]
    },
    "qats_poly_coeffs": [ -241.5776070314132, -44.10202831606398, -0.7735203453762551, 0.15515523206962217, -0.015655269673212995 ],
    "hf_energies": [-120.71968249627206, -129.5608570286141, -138.67936082688922, -148.05964359892016, -157.68649555747544, -167.5442697812295, -177.6168876623318, -187.8863283247996, -198.33354743007018, -208.9401976507727, -219.6887008539575, -230.56223381005958, -240.66268120908862, -241.10374762740415, -241.54496612595094, -241.98633581199192, -242.4278557963832, -252.62230722634692, -263.78105914516874, -275.00949954380576, -286.29742060113],
    "triples_corrections": [-0.0035730673745843467, -0.0038194757544015414, -0.004192295810727572, -0.004605121565851166, -0.004808084061314119, -0.004634193695200697, -0.004091471201034848, -0.0033128747316169016, -0.002466306498206991, -0.001702164383659342, -0.0011062324053985185, -0.000691383557114627, -0.0004422883012509988, -0.00043377317761299726, -0.00042542648490443314, -0.0004172453856462123, -0.00040922706489863103, -0.00026365713989853984, -0.00016775127381886128, -0.00011104600799819345, -7.699288705943941e-05],
    "scf_converged": [true, true, true, true, true, true, true, true, true, true, true, true, true, true, true, true, true, true, true, true, true],
    "cc_converged": [true, true, true, true, true, true, true, true, true, true, true, true, true, true, true, true, true, true, true, true, true],
    "scf_spin_squared": [2.0000009214052614, 2.0000082911685, 2.0000103170429986, 2.0000189369197683, 2.0000342654509957, 2.000048100560676, 2.0000583749584786, 2.000064896559219, 2.0000658110854257, 2.000062032480267, 2.000055620148566, 2.0000484135775123, 2.000042182066225, 2.0000419303568275, 2.0000416805548964, 2.000041432688361, 2.0000411867838164, 2.000036115960196, 2.0000319357106076, 2.000029020072332, 2.000027088371585],
    "cc_spin_squared": [2.0000002480342514, 2.0000011156713637, 2.0000015942745186, 2.0000029017473566, 2.000004614689152, 2.00000551060276, 2.0000054938581573, 2.000005139987613, 2.000004543821355, 2.000003779165365, 2.0000029818078664, 2.0000022597292015, 2.0000017109465325, 2.0000016898700257, 2.000001669052373, 2.000001648440566, 2.000001628061058, 2.0000012214054936, 2.0000009004343373, 2.0000006779504456, 2.0000005255307736]
}