{
    "schema_name": "pyscf_qa_output",
    "provenance": {
        "creator": "PySCF",
        "version": "1.7.6"
    },
    "molecule": {
        "geometry": [[0.0, 0.0, 0.0]],
        "symbols": [ "H" ]
    },
    "molecular_charge": -2,
    "molecular_multiplicity": 2,
    "name": "h.chrg-2.mult2-pyscf-uccsdt.augccpvtz",
    "atomic_numbers": [ 1 ],
    "n_electrons": 3,
    "model": {
        "method": "UCCSD(T)",
        "basis": "aug-cc-pVTZ",
        "scf_conv_tol": 1e-09,
        "scf_conv_tol_grad": 1e-06,
        "cc_conv_tol": 1e-05,
        "cc_conv_tol_normt": 1e-07
    },
    "broken_symmetry": false,
    "finite_diff_delta": 0.01,
    "finite_diff_acc": 2,
    "qa_lambdas": [-0.02, -0.01, 0.0, 0.01, 0.02, 0.25, 0.5, 0.75, 1.0, 1.25, 1.5, 1.75, 2.0, 2.25, 2.5, 2.75, 3.0, 3.25, 3.5, 3.75, 4.0],
    "electronic_energies": [-0.2623633009348039, -0.2775586137173579, -0.29294163493336967, -0.3085162447375401, -0.32428607491501005, -0.7440971938325448, -1.3185913470419446, -2.0081126499549953, -2.8076033687947874, -3.708852190028711, -4.700779433175764, -5.7711589095201505, -6.908805138830509, -8.10298669467565, -9.342232150505899, -10.616561323081742, -11.918745198045817, -13.142753218715887, -14.500034953677535, -15.881990233460572, -17.28552843973052],
    "qats_energies": {
        "0": [-0.29294163493328956, -0.29294163493328956, -0.29294163493328956, -0.29294163493328956, -0.29294163493328956, -0.29294163493328956, -0.29294163493328956, -0.29294163493328956, -0.29294163493328956, -0.29294163493328956, -0.29294163493328956, -0.29294163493328956, -0.29294163493328956, -0.29294163493328956, -0.29294163493328956, -0.29294163493328956, -0.29294163493328956, -0.29294163493328956, -0.29294163493328956, -0.29294163493328956, -0.29294163493328956],
        "1": [-0.2619840039131074, -0.2774628194231985, -0.29294163493328956, -0.3084204504433806, -0.32389926595347174, -0.6799120226855667, -1.0668824104378438, -1.453852798190121, -1.8408231859423982, -2.2277935736946755, -2.6147639614469522, -3.0017343491992294, -3.3887047369515066, -3.775675124703784, -4.162645512456061, -4.549615900208338, -4.9365862879606155, -5.323556675712893, -5.71052706346517, -6.097497451217447, -6.484467838969724],
        "2": [-0.2623671810897451, -0.2775586137173579, -0.29294163493328956, -0.3085162447375401, -0.32428244313010945, -0.7397834565352099, -1.306368145836417, -1.99269570283691, -2.7987661275366897, -3.7245794199357563, -4.770135580034109, -5.935434607831749, -7.220476503328675, -8.625261266524886, -10.149788897420386, -11.794059396015172, -13.55807276230924, -15.4418289963026, -17.445328097995247, -19.568570067387178, -21.811554904478395],
        "3": [-0.2623621731298506, -0.2775579877223711, -0.29294163493328956, -0.30851687073252687, -0.32428745109000395, -0.7495646282041886, -1.3846175191882457, -2.256787337899332, -3.42476111435132, -4.947225878558081, -6.882868660533486, -9.290376490291404, -12.228436397845716, -15.755735413210282, -19.93096056639898, -24.812798887425682, -30.459937406304253, -36.93106315304858, -44.28486315767251, -52.58002445018993, -61.87523406061472],
        "4": [-0.26236200754982353, -0.2775579773736194, -0.29294163493328956, -0.3085168603837752, -0.32428728550997693, -0.7455221470747981, -1.3199378211179977, -1.9293463664187027, -2.389885945227355, -2.420675172689026, -1.6438131168434145, 0.415620701375153, 4.329566308137722, 10.766983276720707, 20.493850727505897, 34.37316732798044, 53.3649512927369, 78.52624038347317, 111.01109190899248, 152.07058272520354, 203.0528092351203]
    },
    "qats_poly_coeffs": [ -0.29294163493328956, -1.5478815510091086, -0.9579429415942919, -0.6259949868146301, 1.0348751691239648 ],
    "hf_energies": [-0.24176617390902255, -0.2561443611737474, -0.2706740835633179, -0.2853610068032304, -0.30021137448118285, -0.7047368878414745, -1.2785294125078137, -1.9697037690946773, -2.7725341393348524, -3.6780545742395563, -4.674070611789743, -5.747659899886835, -6.887552370344252, -8.083291760750345, -9.32368138023432, -10.598877519746903, -11.901737544340659, -13.124676668288313, -14.482287624566418, -15.86468224472422, -17.26875678594862],
    "triples_corrections": [-8.94227501311477e-05, -9.071796264321164e-05, -9.189196056402533e-05, -9.292802953460682e-05, -9.381335397312648e-05, -0.0001191945718421635, -9.600431477513147e-05, -6.557608376034149e-05, -4.5275604378137085e-05, -3.234358778452956e-05, -2.461256936417296e-05, -2.0995136698062393e-05, -1.99559419137123e-05, -1.959672494507767e-05, -1.9030074104529563e-05, -1.8231526858612366e-05, -1.7235484136695604e-05, -1.865431660442035e-05, -1.705924554725765e-05, -1.5226465178881698e-05, -1.3370592327182585e-05],
    "scf_converged": [true, true, true, true, true, true, true, true, true, true, true, true, true, true, true, true, true, true, true, true, true],
    "cc_converged": [true, true, true, true, true, true, true, true, true, true, true, true, true, true, true, true, true, true, true, true, true],
    "scf_spin_squared": [0.7647780716624757, 0.7657898574211466, 0.7668593786856461, 0.7679832490510832, 0.7691550701273906, 0.7582713486732673, 0.7505530957512759, 0.7500740522326306, 0.7500190710359849, 0.7500092947504492, 0.750007790748952, 0.7500093309320819, 0.7500117730170057, 0.7500119052502849, 0.7500092299677208, 0.7500057712180364, 0.7500029345187398, 0.7501145017120419, 0.7501420859979367, 0.7501661907852321, 0.75018535274573],
    "cc_spin_squared": [0.7500018336372661, 0.7500018437719612, 0.7500018805486165, 0.7500019459020005, 0.7500020405763583, 0.7500026189890511, 0.7500006486684587, 0.7500002995986319, 0.7500001659520624, 0.7500001048511059, 0.7500000755573316, 0.7500000600930915, 0.750000048281012, 0.7500000382626618, 0.7500000340816679, 0.7500000355792966, 0.7500000392652544, 0.7500000645585134, 0.7500000635503078, 0.7500000609917803, 0.7500000573603832]
}