{
    "schema_name": "pyscf_apdft_output",
    "provenance": {
        "creator": "PySCF",
        "version": "1.7.6"
    },
    "molecule": {
        "geometry": [[0.0, 0.0, 0.0]],
        "symbols": [ "B" ]
    },
    "molecular_charge": 2,
    "molecular_multiplicity": 2,
    "name": "b.chrg2.mult2-pyscf-uccsd.augccpvqz",
    "atomic_numbers": [ 5 ],
    "n_electrons": 3,
    "model": {
        "method": "UCCSD",
        "basis": "aug-cc-pVQZ",
        "scf_conv_tol": 1e-09,
        "scf_conv_tol_grad": 1e-06,
        "cc_conv_tol": 1e-05,
        "cc_conv_tol_normt": 1e-07
    },
    "broken_symmetry": false,
    "finite_diff_delta": 0.01,
    "finite_diff_acc": 2,
    "apdft_lambdas": [-4.0, -3.75, -3.5, -3.25, -3.0, -2.75, -2.5, -2.25, -2.0, -1.75, -1.5, -1.25, -1.0, -0.75, -0.5, -0.25, -0.02, -0.01, 0.0, 0.01, 0.02],
    "electronic_energies": [-0.36849987603988404, -0.7967449947652508, -1.3541079431096152, -2.037931906210107, -2.847738134832841, -3.7841251003407828, -4.849261498998258, -6.04772349698621, -7.453332414042491, -8.953874474038637, -10.596261779475999, -12.37932981104119, -14.302419773995469, -16.365458949835464, -18.568778976106717, -20.91273463984839, -23.19330292285557, -23.295147725376438, -23.397216014603185, -23.49950769320931, -23.602022660816523],
    "apdft_energies": {
        "0": [-23.397216014603167, -23.397216014603167, -23.397216014603167, -23.397216014603167, -23.397216014603167, -23.397216014603167, -23.397216014603167, -23.397216014603167, -23.397216014603167, -23.397216014603167, -23.397216014603167, -23.397216014603167, -23.397216014603167, -23.397216014603167, -23.397216014603167, -23.397216014603167, -23.397216014603167, -23.397216014603167, -23.397216014603167, -23.397216014603167, -23.397216014603167],
        "1": [17.474777551971194, 14.920277954060296, 12.365778356149399, 9.811278758238501, 7.2567791603276035, 4.702279562416706, 2.1477799645058084, -0.4067196334050891, -2.9612192313159866, -5.515718829226884, -8.070218427137782, -10.62471802504868, -13.179217622959577, -15.733717220870474, -18.288216818781372, -20.84271641669227, -23.192856046770295, -23.29503603068673, -23.397216014603167, -23.499395998519603, -23.60157598243604],
        "2": [-0.39637280115916695, -0.7867877859956849, -1.3168211329660338, -1.9864728420702136, -2.7957429133082243, -3.744631346680066, -4.833138142185739, -6.061263299825242, -7.429006819598577, -8.936368701505742, -10.583348945546739, -12.369947551721566, -14.296164520030224, -16.361999850472714, -18.567453543049034, -20.912525597759185, -23.193302825529123, -23.295147725376438, -23.397216014603167, -23.49950769320931, -23.602022761194867],
        "3": [-1.4507983447783594, -1.655607661414333, -2.0232038701952995, -2.5520424024538464, -3.2405786895225717, -4.087268162734059, -5.090566253420892, -6.248928392915669, -7.560810012550977, -9.024666543659398, -10.638953417573532, -12.40212606562596, -14.312639919149275, -16.368950409476064, -18.569512967938916, -20.91278302587042, -23.193302957332318, -23.29514774185184, -23.397216014603167, -23.49950767673391, -23.602022629391673],
        "4": [1.804552251716224, 0.8590731849531359, -0.11497711673252908, -1.1333401870839488, -2.210565414850457, -3.3600100437875646, -4.593839172656949, -5.923025755226448, -7.357350600270063, -8.905402371567977, -10.574577587906525, -12.371080623078214, -14.299923705881717, -16.364926920121874, -18.56871820460969, -20.912733353162345, -23.19330295529772, -23.295147741724676, -23.397216014603167, -23.499507676606747, -23.60202262735708]
    },
    "apdft_poly_coeff": [ -23.397216014603167, -10.21799839164359, -1.1169468970706475, 0.0164753991190499, 0.012716213267556972 ],
    "hf_energies": [-0.32364855192684616, -0.7558225082147447, -1.314024349779844, -1.9979949349212762, -2.8078440160730787, -3.7446229235252066, -4.810741397534976, -6.010647083567777, -7.417866587982551, -8.920533632197273, -10.564985025890943, -12.349936268413632, -14.274725207300559, -16.33934291762376, -18.544208443053837, -20.889759207538127, -23.171889473630053, -23.273804656192294, -23.375943538014717, -23.478306021912417, -23.580892007543216],
    "scf_converged": [true, true, true, true, true, true, true, true, true, true, true, true, true, true, true, true, true, true, true, true, true],
    "cc_converged": [true, true, true, true, true, true, true, true, true, true, true, true, true, true, true, true, true, true, true, true, true],
    "scf_spin_squared": [0.8156265225791045, 0.7516824070838098, 0.7500535184690856, 0.7500071517824259, 0.75000237632419, 0.7500017202435211, 0.7500024306151111, 0.7500055760080072, 0.7500168170055515, 0.7500194017803818, 0.7500200481036152, 0.750019481523364, 0.7500183510608315, 0.7500171213116879, 0.7500160811752662, 0.7500153415585221, 0.7500149013313604, 0.7500148861622444, 0.7500148712574465, 0.7500148566086012, 0.750014842207321],
    "cc_spin_squared": [0.7509582525827324, 0.7501122692326216, 0.7500043144072603, 0.750000390658543, 0.7500000851440219, 0.7500000422957002, 0.7500000435222236, 0.7500000728910028, 0.7500001116992645, 0.7500001010602534, 0.7500000821122438, 0.7500000661565218, 0.7500000565560421, 0.7500000517884942, 0.7500000490910863, 0.7500000462891638, 0.7500000426992718, 0.7500000425177439, 0.7500000423341894, 0.7500000421486132, 0.7500000419610537]
}