{
    "schema_name": "pyscf_apdft_output",
    "provenance": {
        "creator": "PySCF",
        "version": "1.7.6"
    },
    "molecule": {
        "geometry": [[0.0, 0.0, 0.0]],
        "symbols": [ "Na" ]
    },
    "molecular_charge": 2,
    "molecular_multiplicity": 2,
    "name": "na.chrg2.mult2-pyscf-uccsdt.augccpv5z",
    "atomic_numbers": [ 11 ],
    "n_electrons": 9,
    "model": {
        "method": "UCCSD(T)",
        "basis": "aug-cc-pV5Z",
        "scf_conv_tol": 1e-09,
        "scf_conv_tol_grad": 1e-06,
        "cc_conv_tol": 1e-05,
        "cc_conv_tol_normt": 1e-07
    },
    "broken_symmetry": false,
    "finite_diff_delta": 0.01,
    "finite_diff_acc": 2,
    "apdft_lambdas": [-4.0, -3.75, -3.5, -3.25, -3.0, -2.75, -2.5, -2.25, -2.0, -1.75, -1.5, -1.25, -1.0, -0.75, -0.5, -0.25, -0.02, -0.01, 0.0, 0.01, 0.02],
    "electronic_energies": [-46.670793570160264, -51.76754756016458, -56.94836206900525, -62.91258197395589, -68.72942047570395, -75.0986948471514, -82.18928912259639, -89.15329028609155, -96.34635924106188, -103.747443437013, -111.33776966617587, -119.10088618261595, -127.02255922470577, -135.0905181196568, -143.29407761482682, -151.62369238667847, -159.39065291471601, -159.73049385497936, -160.0705091786546, -160.41069834240858, -160.75106080292753],
    "apdft_energies": {
        "0": [-160.0705091786274, -160.0705091786274, -160.0705091786274, -160.0705091786274, -160.0705091786274, -160.0705091786274, -160.0705091786274, -160.0705091786274, -160.0705091786274, -160.0705091786274, -160.0705091786274, -160.0705091786274, -160.0705091786274, -160.0705091786274, -160.0705091786274, -160.0705091786274, -160.0705091786274, -160.0705091786274, -160.0705091786274, -160.0705091786274, -160.0705091786274],
        "1": [-24.029611692782964, -32.53216778564824, -41.03472387851352, -49.537279971378794, -58.03983606424407, -66.54239215710935, -75.04494824997462, -83.5475043428399, -92.05006043570518, -100.55261652857045, -109.05517262143573, -117.557728714301, -126.06028480716628, -134.56284090003157, -143.06539699289684, -151.5679530857621, -159.39030469119817, -159.73040693491276, -160.0705091786274, -160.41061142234201, -160.7507136660566],
        "2": [-37.93682234541575, -44.755302148313774, -51.68243203443549, -58.718212003780906, -65.86264205635001, -73.11572219214281, -80.4774524111593, -87.94783271339949, -95.52686309886337, -103.21454356755095, -111.01087411946222, -118.91585475459718, -126.92948547295583, -135.05176627453818, -143.28269715934422, -151.62227812737396, -159.39065237146448, -159.73049385497936, -160.0705091786274, -160.41069834240858, -160.75106134632293],
        "3": [-43.73227265173864, -49.5306060506184, -55.56493097011665, -61.826757981073726, -68.30759765432998, -74.99896056072576, -81.89235727110142, -88.97929835629729, -96.25129438715373, -103.69985593451109, -111.31649356920971, -119.09271786208994, -127.02003938399213, -135.08996870575663, -143.29401639822376, -151.62369303223392, -159.39065309589577, -159.73049394553328, -160.0705091786274, -160.41069825185468, -160.75106062189164],
        "4": [-43.578931845019724, -49.412153927508285, -55.475045404459394, -61.759931095381916, -68.25907966470407, -74.96470362177357, -81.86895932085744, -88.96394696114223, -96.2417105867338, -103.69423808665752, -111.31346119485809, -119.0912554901997, -127.01944039646588, -135.08977918235965, -143.29397896150337, -151.62369069243888, -159.39065309579993, -159.7304939455273, -160.0705091786274, -160.4106982518487, -160.7510606217958]
    },
    "apdft_poly_coeff": [ -160.0705091786274, -34.010224371461106, -0.869200665789549, 0.09055391103629516, 0.0005989875262457645 ],
    "hf_energies": [-46.537021697992316, -51.600553066399684, -56.63492425750941, -62.70920612256942, -68.46735618174671, -74.85136696603719, -82.02321135345706, -88.99463106820915, -96.19471876997616, -103.6032075394665, -111.20173631462929, -118.97397964433948, -126.90565742345008, -134.98435584798122, -143.19917648587142, -151.54029292988145, -159.31775432384944, -159.65804541765243, -159.99851015933356, -160.33914798155854, -160.67995831699915],
    "triples_corrections": [-0.001539045637144684, -0.003645308648320025, -0.04838037731134193, -0.008044357171188978, -0.017759832777946946, -0.014007215653017635, -0.003651280058339134, -0.002952658262919357, -0.002392834592779627, -0.0019466780406979822, -0.0016013284032337129, -0.0013439332533154264, -0.0011586323422670755, -0.0010264316113737257, -0.0009261666218122088, -0.0008372508671217946, -0.000751897609554247, -0.0007479883640620022, -0.0007440601077703508, -0.0007401127151586541, -0.0007361460863061177],
    "scf_converged": [true, true, true, true, true, true, true, true, true, true, true, true, true, true, true, true, true, true, true, true, true],
    "cc_converged": [true, true, false, true, true, true, true, true, true, true, true, true, true, true, true, true, true, true, true, true, true],
    "scf_spin_squared": [2.773350539011587, 1.7873710401686629, 1.655396231773687, 0.7818817242487244, 0.8162515546373887, 0.7791504102829512, 0.7554871744880067, 0.7541833765185961, 0.7533312616832726, 0.7527244229464571, 0.7522672536248143, 0.751910316691693, 0.7516248121788092, 0.7513916582928761, 0.7511971168239144, 0.7510312443042242, 0.7508980951610926, 0.7508926689223516, 0.7508872710045837, 0.7508819012117427, 0.7508765593531601],
    "cc_spin_squared": [2.7535947055632186, 1.7511097573375092, null, 0.7552113512897254, 0.7555325920558937, 0.7523085830801688, 0.750137434546625, 0.7500864577634769, 0.7500602174985129, 0.7500444237296509, 0.7500337755284789, 0.7500260200517395, 0.7500200977736373, 0.7500154425075638, 0.7500117446939218, 0.7500088230757949, 0.7500066991986856, 0.7500066176567342, 0.7500065369570419, 0.7500064570929719, 0.7500063780579183]
}