{
    "schema_name": "pyscf_apdft_output",
    "provenance": {
        "creator": "PySCF",
        "version": "1.7.6"
    },
    "molecule": {
        "geometry": [[0.0, 0.0, 0.0]],
        "symbols": [ "Li" ]
    },
    "molecular_charge": 2,
    "molecular_multiplicity": 2,
    "name": "li.chrg2.mult2-pyscf-uhf.augccpv5z",
    "atomic_numbers": [ 3 ],
    "n_electrons": 1,
    "model": {
        "method": "UHF",
        "basis": "aug-cc-pV5Z",
        "scf_conv_tol": 1e-09,
        "scf_conv_tol_grad": 1e-06,
        "cc_conv_tol": 1e-07,
        "cc_conv_tol_normt": 1e-05
    },
    "broken_symmetry": false,
    "finite_diff_delta": 0.01,
    "finite_diff_acc": 2,
    "apdft_lambdas": [-2.0, -1.75, -1.5, -1.25, -1.0, -0.75, -0.5, -0.25, -0.02, -0.01, 0.0, 0.01, 0.02],
    "electronic_energies": [-0.49886227766107966, -0.7801510376100618, -1.1242124863712477, -1.530603690855795, -1.9991846130654096, -2.5300336757644173, -3.123377101509997, -3.779556075882746, -4.438952588504671, -4.468832522211947, -4.498813122454499, -4.528894349257753, -4.5590761601306005],
    "apdft_energies": {
        "0": [-4.498813122454499, -4.498813122454499, -4.498813122454499, -4.498813122454499, -4.498813122454499, -4.498813122454499, -4.498813122454499, -4.498813122454499, -4.498813122454499, -4.498813122454499, -4.498813122454499, -4.498813122454499, -4.498813122454499],
        "1": [1.5073695821260324, 0.756596744053466, 0.005823905980899546, -0.7449489320916669, -1.4957217701642334, -2.2464946082368, -2.9972674463093663, -3.7480402843819327, -4.438751295408694, -4.4687822089315965, -4.498813122454499, -4.528844035977402, -4.5588749495003045],
        "2": [-0.5051616319090746, -0.7842474666921628, -1.1262249019138482, -1.5310939375741306, -1.9988545736730101, -2.5295068102104867, -3.1230506471865604, -3.7794860846012313, -4.438952548530097, -4.468832522211947, -4.498813122454499, -4.528894349257753, -4.559076202621708],
        "3": [-0.560138752838871, -0.8210778426275533, -1.149418374806106, -1.544516086238632, -2.0057267137892345, -2.532405994322019, -3.123909664701088, -3.7795934617905473, -4.438952603507218, -4.468832529084088, -4.498813122454499, -4.5288943423856125, -4.559076147644587],
        "4": [-0.3923696653276103, -0.7227346836640445, -1.0963351869607463, -1.5189165550632073, -1.9952411458197807, -2.529088295081684, -3.1232543167029974, -3.7795525025406667, -4.438952601829527, -4.468832528979232, -4.498813122454499, -4.528894342280757, -4.5590761459668965]
    },
    "apdft_poly_coeff": [ -4.498813122454499, -3.003091352290266, -0.5031328035087768, 0.006872140116224537, 0.010485567969453768 ],
    "scf_converged": [true, true, true, true, true, true, true, true, true, true, true, true, true],
    "scf_spin_squared": [0.75, 0.75, 0.75, 0.75, 0.75, 0.75, 0.75, 0.75, 0.75, 0.75, 0.75, 0.75, 0.75]
}