{
    "schema_name": "pyscf_apdft_output",
    "provenance": {
        "creator": "PySCF",
        "version": "1.7.6"
    },
    "molecule": {
        "geometry": [[0.0, 0.0, 0.0]],
        "symbols": [ "Al" ]
    },
    "molecular_charge": -1,
    "molecular_multiplicity": 1,
    "name": "al.chrg-1.mult1-pyscf-ccsdt.augccpvtz",
    "atomic_numbers": [ 13 ],
    "n_electrons": 14,
    "model": {
        "method": "CCSD(T)",
        "basis": "aug-cc-pVTZ",
        "scf_conv_tol": 1e-09,
        "scf_conv_tol_grad": 1e-06,
        "cc_conv_tol": 1e-07,
        "cc_conv_tol_normt": 1e-05
    },
    "broken_symmetry": false,
    "finite_diff_delta": 0.01,
    "finite_diff_acc": 2,
    "apdft_lambdas": [-1.0, -0.75, -0.5, -0.25, -0.02, -0.01, 0.0, 0.01, 0.02, 0.25, 0.5, 0.75, 1.0, 1.25, 1.5, 1.75, 2.0, 2.25, 2.5, 2.75, 3.0],
    "electronic_energies": [-198.59422050480018, -209.20314512167462, -219.9781697126583, -230.911489834283, -241.10407604371972, -241.55007375224525, -241.9963051423989, -242.4427697635157, -242.88946714790495, -253.22640680644773, -264.59176167227804, -276.08045672295907, -287.68178658044764, -299.38591928062885, -311.18347356646433, -323.0655761992691, -335.02404706656927, -347.05149070641374, -359.1412643109368, -371.2873710778292, -383.4843344366338],
    "apdft_energies": {
        "0": [-241.99630514240636, -241.99630514240636, -241.99630514240636, -241.99630514240636, -241.99630514240636, -241.99630514240636, -241.99630514240636, -241.99630514240636, -241.99630514240636, -241.99630514240636, -241.99630514240636, -241.99630514240636, -241.99630514240636, -241.99630514240636, -241.99630514240636, -241.99630514240636, -241.99630514240636, -241.99630514240636, -241.99630514240636, -241.99630514240636, -241.99630514240636],
        "1": [-197.3615045788834, -208.52020471976414, -219.67890486064488, -230.83760500152562, -241.1036091311359, -241.54995713677113, -241.99630514240636, -242.4426531480416, -242.88900115367682, -253.1550052832871, -264.31370542416784, -275.4724055650486, -286.6311057059293, -297.78980584681005, -308.9485059876908, -320.10720612857153, -331.2659062694523, -342.424606410333, -353.58330655121375, -364.7420066920945, -375.90070683297523],
        "2": [-198.52765932015342, -209.17616676172852, -219.97044354596238, -230.910489672855, -241.1040755930324, -241.55007375224525, -241.99630514240636, -242.4427697635157, -242.88946761557332, -253.22788995461647, -264.60524410948534, -276.12836760701293, -287.79726044719933, -299.61192263004443, -311.57235415554834, -323.67855502371094, -335.93052523453235, -348.32826478801246, -360.8717736841514, -373.561051922949, -386.3960995044054],
        "3": [-198.60418896025996, -209.20845270364848, -219.9800097509757, -230.91168544848165, -241.10407620526954, -241.55007382877488, -241.99630514240636, -242.44276968698608, -242.8894670033362, -253.22669417898982, -264.59567790447204, -276.09608166509304, -287.72073080709276, -299.46245067671134, -311.3140666201887, -323.2684039837649, -335.31828811367996, -347.4565443561738, -359.6759980574865, -371.96947456385806, -384.3297992215285],
        "4": [-198.5334348909898, -209.18606567391845, -219.97558762164633, -230.91140906539857, -241.10407619394888, -241.55007382806735, -241.99630514240636, -242.44276968627852, -242.88946699201554, -253.2264177959067, -264.59125577514266, -276.073694635363, -287.6499767378226, -299.2897112497823, -310.9558741445086, -322.6048082012742, -334.18622300535753, -345.64319494804306, -356.91216722662125, -367.9229498443882, -378.59871961064624]
    },
    "apdft_poly_coeff": [ -241.99630514240636, -44.63480056352296, -1.1661547412700202, 0.0765296401065522, 0.07075406927015138 ],
    "hf_energies": [-198.42073111015299, -209.03616496202795, -219.81651011311322, -230.7551909194681, -240.95335779483736, -241.39959563875715, -241.84606587470756, -242.29276795304676, -242.73970131672272, -253.0816077979635, -264.4517856721447, -275.945029573189, -287.5503783254335, -299.25791546876485, -311.058362983621, -322.94297888154415, -334.9036731568261, -346.9331031164106, -359.02465962950026, -371.1723679388317, -383.3707595426897],
    "triples_corrections": [-0.005011090948431614, -0.005175290284561852, -0.005455255758694404, -0.005595004568609593, -0.005604148714463344, -0.005605588620121642, -0.005607249431209777, -0.005609136299395053, -0.005611252951006505, -0.005702846489203528, -0.005754375700154595, -0.0056900594355472, -0.005543733895677894, -0.0053339305174841655, -0.005076061538188558, -0.004788352507749385, -0.004485641317224171, -0.004174951752046815, -0.0038574610814863237, -0.003532331169312899, -0.003200531487700827],
    "scf_converged": [true, true, true, true, true, true, true, true, true, true, true, true, true, true, true, true, true, true, true, true, true],
    "cc_converged": [true, true, true, true, true, true, true, true, true, true, true, true, true, true, true, true, true, true, true, true, true],
    "t1_diagnostic": [0.024388423776632303, 0.028984595803080628, 0.02931863915724658, 0.022798659294570072, 0.01740602516975495, 0.01727437521436212, 0.017150799442993685, 0.017034958855973587, 0.016926334261684748, 0.015255875968448523, 0.01259005477659189, 0.010273635032766876, 0.008979715010287985, 0.008131372132910602, 0.0074018923770523565, 0.006728950150204229, 0.00613640799686698, 0.00563991660287346, 0.005229733847017618, 0.004884449728239045, 0.0045839154700124994]
}