{
    "schema_name": "pyscf_qa_output",
    "provenance": {
        "creator": "PySCF",
        "version": "1.7.6"
    },
    "molecule": {
        "geometry": [[0.0, 0.0, 0.0]],
        "symbols": [ "Li" ]
    },
    "molecular_charge": -2,
    "molecular_multiplicity": 4,
    "name": "li.chrg-2.mult4-pyscf-uccsdt.augccpv5z",
    "atomic_numbers": [ 3 ],
    "n_electrons": 5,
    "model": {
        "method": "UCCSD(T)",
        "basis": "aug-cc-pV5Z",
        "scf_conv_tol": 1e-09,
        "scf_conv_tol_grad": 1e-06,
        "cc_conv_tol": 1e-07,
        "cc_conv_tol_normt": 1e-05
    },
    "broken_symmetry": false,
    "finite_diff_delta": 0.01,
    "finite_diff_acc": 2,
    "qa_lambdas": [-0.02, -0.01, 0.0, 0.01, 0.02, 0.25, 0.5, 0.75, 1.0, 1.25, 1.5, 1.75, 2.0, 2.25, 2.5, 2.75, 3.0, 3.25, 3.5, 3.75, 4.0],
    "electronic_energies": [-7.271598192587921, -7.3297381129736445, -7.388121193314059, -7.44674822439458, -7.505620059764457, -8.929549892193245, -10.631951748066184, -12.492728323233203, -14.519231312203408, -16.710984180824312, -19.055525793931093, -21.54264996388783, -24.16189556051267, -26.90248427619562, -29.75348221191313, -32.70394029503793, -35.74304992502324, -38.860357374248565, -42.04601940020919, -45.29102384358608, -48.587307569175344],
    "qats_energies": {
        "0": [-7.3881211933136655, -7.3881211933136655, -7.3881211933136655, -7.3881211933136655, -7.3881211933136655, -7.3881211933136655, -7.3881211933136655, -7.3881211933136655, -7.3881211933136655, -7.3881211933136655, -7.3881211933136655, -7.3881211933136655, -7.3881211933136655, -7.3881211933136655, -7.3881211933136655, -7.3881211933136655, -7.3881211933136655, -7.3881211933136655, -7.3881211933136655, -7.3881211933136655, -7.3881211933136655],
        "1": [-7.27111108189273, -7.329616137603198, -7.3881211933136655, -7.446626249024133, -7.505131304734601, -8.850747586075355, -10.313373978837046, -11.776000371598736, -13.238626764360426, -14.701253157122116, -16.163879549883806, -17.626505942645494, -19.089132335407186, -20.551758728168878, -22.014385120930566, -23.477011513692254, -24.939637906453946, -26.402264299215638, -27.864890691977326, -29.327517084739014, -30.790143477500706],
        "2": [-7.271598983374517, -7.3297381129736445, -7.3881211933136655, -7.44674822439458, -7.505619206216387, -8.926982192604523, -10.61831240495372, -12.462111830361252, -14.458380468827123, -16.60711832035133, -18.908325384933875, -21.362001662574755, -23.968147153273975, -26.72676185703153, -29.637845773847424, -32.70139890372165, -35.91742124665422, -39.28591280264513, -42.80687357169437, -46.480303553801946, -50.30620274896786],
        "3": [-7.271597887151406, -7.329737975945756, -7.3881211933136655, -7.446748361422468, -7.505620302439498, -8.929123253367235, -10.635440891055412, -12.519920470954464, -14.595408357640657, -16.874750915690264, -19.370794509679556, -22.09638550418479, -25.06437026378225, -28.287595153048194, -31.7789065365589, -35.55115077889063, -39.617174244619655, -43.989823298322236, -48.681944304574664, -53.70638362795318, -59.075987633034075],
        "4": [-7.271597928992388, -7.329737978560817, -7.3881211933136655, -7.44674836403753, -7.505620344280479, -8.930144761693658, -10.65178502427816, -12.60266264539463, -14.856914489204643, -17.513193619703905, -20.694669300722232, -24.54902699592358, -29.248468368806027, -34.98971128270176, -41.9939898007771, -50.5070541860325, -60.79917090130251, -73.16512260925583, -87.92420817239528, -105.42024265305781, -126.02155731341446]
    },
    "qats_poly_coeffs": [ -7.3881211933136655, -5.85050557104676, -1.2197537044666973, -0.13702788881353453, -0.2615061315639859 ],
    "hf_energies": [-7.242826612088178, -7.300968800671223, -7.359344538831955, -7.417954070849122, -7.47679767431285, -8.895993885477456, -10.589825404922907, -12.452612020276565, -14.485924853036705, -16.681095487034455, -19.02839819768562, -21.518031253624773, -24.139657891749536, -26.882560363171375, -29.735800180164695, -32.68836557569725, -35.72936815075808, -38.84830287161031, -42.03532130678734, -45.28144044589503, -48.57863993021725],
    "triples_corrections": [-0.00024890163138560135, -0.00025863773507033575, -0.0002695012968006895, -0.00028160500439654296, -0.0002950706134748012, -0.0011348810046965232, -0.0015468066913514205, -0.0014665992395079773, -0.0005143933867443718, -0.0003168470520274156, -0.0002250574762817524, -0.00016551691885084935, -0.00012276932188406723, -9.15453099056818e-05, -6.868418178889017e-05, -5.156550011184998e-05, -3.8483414519529145e-05, -2.8584791990100634e-05, -2.1314427850644294e-05, -1.6105657072117405e-05, -1.2402567085275759e-05],
    "scf_converged": [true, true, true, true, true, true, true, true, true, true, true, true, true, true, true, true, true, true, true, true, true],
    "cc_converged": [true, true, true, true, true, true, true, true, true, true, true, true, true, true, true, true, true, true, true, true, true],
    "scf_spin_squared": [3.7500131704380477, 3.750013278121604, 3.7500133781489606, 3.750013470443054, 3.7500135549031555, 3.750013071397028, 3.750008680912879, 3.7500053042099735, 3.750004738819615, 3.750005280570427, 3.7500057998991583, 3.750005944582168, 3.750005679021529, 3.7500051199941735, 3.7500044194106303, 3.7500036987120606, 3.7500030316556483, 3.7500024533924132, 3.7500019750573568, 3.7500015945233023, 3.7500013024988226],
    "cc_spin_squared": [3.7500007168685614, 3.750000712480333, 3.7500007077731703, 3.750000702736652, 3.750000697357658, 3.750000488374717, 3.7500005045672964, 3.75000078149268, 3.7500005194127204, 3.750000405080635, 3.7500003259860066, 3.7500002536315917, 3.750000188435991, 3.7500001336108397, 3.7500000910252504, 3.7500000603205934, 3.7500000394387314, 3.7500000257370028, 3.7500000168674807, 3.7500000111203913, 3.7500000073745863]
}