{
    "schema_name": "pyscf_qa_output",
    "provenance": {
        "creator": "PySCF",
        "version": "1.7.6"
    },
    "molecule": {
        "geometry": [[0.0, 0.0, 0.0]],
        "symbols": [ "Mg" ]
    },
    "molecular_charge": 2,
    "molecular_multiplicity": 1,
    "name": "mg.chrg2.mult1-pyscf-ccsdt.augccpv5z",
    "atomic_numbers": [ 12 ],
    "n_electrons": 10,
    "model": {
        "method": "CCSD(T)",
        "basis": "aug-cc-pV5Z",
        "scf_conv_tol": 1e-09,
        "scf_conv_tol_grad": 1e-06,
        "cc_conv_tol": 1e-05,
        "cc_conv_tol_normt": 1e-07
    },
    "broken_symmetry": false,
    "finite_diff_delta": 0.01,
    "finite_diff_acc": 2,
    "qa_lambdas": [-4.0, -3.75, -3.5, -3.25, -3.0, -2.75, -2.5, -2.25, -2.0, -1.75, -1.5, -1.25, -1.0, -0.75, -0.5, -0.25, -0.02, -0.01, 0.0, 0.01, 0.02],
    "electronic_energies": [-67.7606575045547, -72.34525069623919, -78.87348498942784, -85.80297207232394, -93.06338509504947, -100.63212163832424, -108.48883752948066, -116.61414665646657, -124.98960192805274, -133.59758604931602, -142.42103576276565, -151.44297388418016, -160.64589743487443, -170.01125645552384, -179.5193963696563, -189.15018352427973, -198.10202873260405, -198.49299778278208, -198.88410408564434, -199.27534656670645, -199.66672415754053],
    "qats_energies": {
        "0": [-198.88410408564854, -198.88410408564854, -198.88410408564854, -198.88410408564854, -198.88410408564854, -198.88410408564854, -198.88410408564854, -198.88410408564854, -198.88410408564854, -198.88410408564854, -198.88410408564854, -198.88410408564854, -198.88410408564854, -198.88410408564854, -198.88410408564854, -198.88410408564854, -198.88410408564854, -198.88410408564854, -198.88410408564854, -198.88410408564854, -198.88410408564854],
        "1": [-42.41434730077603, -52.19370709983056, -61.973066898885094, -71.75242669793963, -81.53178649699416, -91.31114629604869, -101.09050609510322, -110.86986589415775, -120.64922569321229, -130.42858549226682, -140.20794529132135, -149.98730509037588, -159.76666488943042, -169.54602468848495, -179.32538448753948, -189.104744286594, -198.10175530172418, -198.49292969368636, -198.88410408564854, -199.27527847761073, -199.6664528695729],
        "2": [-53.30860261595521, -61.76873618543726, -70.31398112456915, -78.94433743335088, -87.65980511178245, -96.46038415986385, -105.34607457759509, -114.31687636497617, -123.37278952200708, -132.51381404868783, -141.73994994501842, -151.05119721099885, -160.44755584662911, -169.92902585190922, -179.49560722683916, -189.14729997141893, -198.10202765810706, -198.49299778278208, -198.88410408564854, -199.27534656670645, -199.6667252259558],
        "3": [-64.73746795569801, -71.18583103935133, -77.97042802209218, -85.07451740195803, -92.48135767698645, -100.17420734521485, -108.13632490468075, -116.3509688534216, -124.80139768947494, -133.4708699108782, -142.34264401566892, -151.39997850188456, -160.6261318675626, -170.00436261074054, -179.51792922945583, -189.150090221746, -198.10202908671522, -198.4929979613581, -198.88410408564854, -199.27534638813043, -199.66672379734763],
        "4": [-71.22452986556361, -76.19693194857595, -81.77302461525314, -87.90161968478994, -94.53390460940486, -101.62344247433995, -109.12617199786092, -117.00040753125711, -125.20683905884154, -133.70853219795077, -142.47092819894507, -151.46184394520833, -160.65147195314802, -170.01238037219528, -179.51951298480492, -189.15018920645534, -198.10202909076963, -198.4929979616115, -198.88410408564854, -199.27534638838384, -199.66672380140204]
    },
    "qats_poly_coeffs": [ -198.88410408564854, -39.11743919621813, -0.6808909571986987, 0.1785760209334815, -0.025340085585412453 ],
    "hf_energies": [-65.73395837816693, -71.94306589634013, -78.53025152642851, -85.47058020646385, -92.74198716203955, -100.32455101563298, -108.19883376976776, -116.345864558211, -124.7470595880479, -133.3840156398465, -142.23821678957546, -151.29072464529523, -160.52196540087579, -169.91175120968785, -179.4396352815987, -189.0855778849211, -198.04789495520419, -198.439254896594, -198.8307472101895, -199.22237087899606, -199.6141248920481],
    "triples_corrections": [-1.6472986070757427, -0.06423069569690384, -0.013815005039134388, -0.00981486083490168, -0.00787429875459138, -0.006866788636462548, -0.006539640873814903, -0.006608987450833399, -0.0067262714806312005, -0.006560620375926749, -0.005926479242372427, -0.004867287726202313, -0.0036172790445491796, -0.0024534509332618092, -0.0015504246745097038, -0.0009401209387593418, -0.0005882671016720572, -0.0005765134630873084, -0.0005650125911820821, -0.0005537596421227257, -0.0005427498233132372],
    "scf_converged": [true, true, true, true, true, true, true, true, true, true, true, true, true, true, true, true, true, true, true, true, true],
    "cc_converged": [true, true, true, true, true, true, true, true, true, true, true, true, true, true, true, true, true, true, true, true, true],
    "t1_diagnostic": [0.37094820220365926, 0.1322552216158831, 0.05046263901063507, 0.022374028664981473, 0.018417369067850662, 0.016509507295307344, 0.015492616159921839, 0.01492638646058891, 0.014436597979645712, 0.013720373658724116, 0.012602095544413716, 0.011064823020575874, 0.009240690955744616, 0.0073511280661526235, 0.00561435378376421, 0.004169417668314288, 0.003132766499023963, 0.00309381150023774, 0.003055340982819201, 0.0030173513039963846, 0.002979838847415607]
}