{
    "schema_name": "pyscf_apdft_output",
    "provenance": {
        "creator": "PySCF",
        "version": "1.7.6"
    },
    "molecule": {
        "geometry": [[0.0, 0.0, 0.0]],
        "symbols": [ "Si" ]
    },
    "molecular_charge": 1,
    "molecular_multiplicity": 4,
    "name": "si.chrg1.mult4-pyscf-uccsdt.augccpv5z",
    "atomic_numbers": [ 14 ],
    "n_electrons": 13,
    "model": {
        "method": "UCCSD(T)",
        "basis": "aug-cc-pV5Z",
        "scf_conv_tol": 1e-09,
        "scf_conv_tol_grad": 1e-06,
        "cc_conv_tol": 1e-07,
        "cc_conv_tol_normt": 1e-05
    },
    "broken_symmetry": false,
    "finite_diff_delta": 0.01,
    "finite_diff_acc": 2,
    "apdft_lambdas": [-3.0, -2.75, -2.5, -2.25, -2.0, -1.75, -1.5, -1.25, -1.0, -0.75, -0.5, -0.25, -0.02, -0.01, 0.0, 0.01, 0.02, 0.25, 0.5, 0.75, 1.0],
    "electronic_energies": [-156.2852873704342, -166.04421422685147, -176.06847076003683, -186.34723733568916, -196.8700725859386, -207.62669329305388, -218.60633187762065, -229.79796094476484, -241.19130796175298, -252.77720947660845, -264.5474807711263, -276.49477222121806, -287.6369330858482, -288.1245731284636, -288.612476592019, -289.1006431141734, -289.589072333412, -300.894638008013, -313.3358480621, -325.93114036910447, -338.6758970430217],
    "apdft_energies": {
        "0": [-288.6124765920962, -288.6124765920962, -288.6124765920962, -288.6124765920962, -288.6124765920962, -288.6124765920962, -288.6124765920962, -288.6124765920962, -288.6124765920962, -288.6124765920962, -288.6124765920962, -288.6124765920962, -288.6124765920962, -288.6124765920962, -288.6124765920962, -288.6124765920962, -288.6124765920962, -288.6124765920962, -288.6124765920962, -288.6124765920962, -288.6124765920962],
        "1": [-142.20197873562847, -154.40285355700078, -166.6037283783731, -178.8046031997454, -191.0054780211177, -203.20635284249002, -215.40722766386233, -227.60810248523464, -239.80897730660695, -252.00985212797926, -264.21072694935157, -276.4116017707239, -287.6364066063864, -288.1244415992413, -288.6124765920962, -289.10051158495105, -289.58854657780597, -300.81335141346847, -313.0142262348408, -325.21510105621314, -337.4159758775854],
        "2": [-154.03960874529412, -164.34975099567816, -174.82430477397423, -185.46327008018233, -196.26664691430244, -207.23443527633458, -218.36663516627874, -229.66324658413492, -241.12426952990313, -252.74970400358336, -264.5395500051756, -276.4938075346799, -287.6369327232757, -288.1245731284636, -288.6124765920962, -289.1006431141734, -289.5890726946953, -300.8955571774245, -313.34304929066485, -325.9549529318172, -338.7312681008816],
        "3": [-155.6682843077092, -165.604245887793, -175.76682535407556, -186.1503675830762, -196.74921745131434, -207.55771983530934, -218.57021961158063, -229.78106165664758, -241.18459084702963, -252.7751520592461, -264.54709016981644, -276.49475005526, -287.6369332058463, -288.12457318878495, -288.6124765920962, -289.1006430538521, -289.58907221212473, -300.8946146568444, -313.335509126024, -325.9295048761545, -338.67094678375514],
        "4": [-156.10344981134085, -165.91150177796814, -175.97668526130533, -186.28805666820963, -196.83517606931565, -207.6081071990352, -218.5974174555576, -229.79417790084946, -241.1899632606547, -252.77685192449465, -264.547425945668, -276.4947710412507, -287.63693320670586, -288.12457318883867, -288.6124765920962, -289.1006430539058, -289.5890722129843, -300.8946356428351, -313.3358449018756, -325.93120474140306, -338.6763191973802]
    },
    "apdft_poly_coeff": [ -288.6124765920962, -48.80349928548924, -1.3152922232961828, 0.06032131712648454, -0.0053724136250821175 ],
    "hf_energies": [-156.0253593242381, -165.78939478509204, -175.81875185493757, -186.10322094977533, -196.63272205999954, -207.3967316205891, -218.38400795613205, -229.58334124689873, -240.9844210036775, -252.57804171319185, -264.3559704288318, -276.3108208685938, -287.4598305277055, -287.9477659039221, -288.4359644944402, -288.924425936367, -289.41314986823124, -300.72543644616076, -313.173827087158, -325.77617282133815, -338.5278593258073],
    "triples_corrections": [-0.003092995921087806, -0.0029532466092369674, -0.002845055144911056, -0.0027327943027458655, -0.002573188262350732, -0.002376164903928055, -0.002190372647641938, -0.0020276545187778274, -0.0018796296221694334, -0.0017405646862541724, -0.0016085920344807972, -0.0014834318323489158, -0.0013744807897647685, -0.0013698826721369017, -0.001365296318845687, -0.0013607217538652726, -0.0013561589986306783, -0.0012545250942108891, -0.0011514295236839914, -0.0010561914396074307, -0.0009688020440302335],
    "scf_converged": [true, true, true, true, true, true, true, true, true, true, true, true, true, true, true, true, true, true, true, true, true],
    "cc_converged": [true, true, true, true, true, true, true, true, true, true, true, true, true, true, true, true, true, true, true, true, true],
    "scf_spin_squared": [3.750007298727736, 3.750011756178095, 3.750017031572277, 3.750022424556846, 3.7500282757134835, 3.7500349886403797, 3.750042208727116, 3.750049227043788, 3.7500554956149346, 3.7500606951998012, 3.7500646919576264, 3.7500675068955545, 3.750069161318268, 3.7500692150654507, 3.7500692673958884, 3.7500693183216196, 3.750069367854688, 3.7500701503065175, 3.750070338707266, 3.7500699990084865, 3.750069271635253],
    "cc_spin_squared": [3.75000099904289, 3.7500014758508313, 3.750001930604226, 3.7500023071178283, 3.750002566703619, 3.7500026814917025, 3.750002726665335, 3.7500027461599648, 3.7500027363691886, 3.7500026941066493, 3.7500026228868415, 3.7500025289591927, 3.750002428161675, 3.7500024235496237, 3.750002418921594, 3.7500024142779007, 3.750002409618717, 3.7500022990441493, 3.7500021745544987, 3.750002049737972, 3.750001927817469]
}