{
    "schema_name": "pyscf_apdft_output",
    "provenance": {
        "creator": "PySCF",
        "version": "1.7.6"
    },
    "molecule": {
        "geometry": [[0.0, 0.0, 0.0]],
        "symbols": [ "Mg" ]
    },
    "molecular_charge": 1,
    "molecular_multiplicity": 4,
    "name": "mg.chrg1.mult4-pyscf-uccsdt.augccpvqz",
    "atomic_numbers": [ 12 ],
    "n_electrons": 11,
    "model": {
        "method": "UCCSD(T)",
        "basis": "aug-cc-pVQZ",
        "scf_conv_tol": 1e-09,
        "scf_conv_tol_grad": 1e-06,
        "cc_conv_tol": 1e-07,
        "cc_conv_tol_normt": 1e-05
    },
    "broken_symmetry": false,
    "finite_diff_delta": 0.01,
    "finite_diff_acc": 2,
    "apdft_lambdas": [-3.0, -2.75, -2.5, -2.25, -2.0, -1.75, -1.5, -1.25, -1.0, -0.75, -0.5, -0.25, -0.02, -0.01, 0.0, 0.01, 0.02, 0.25, 0.5, 0.75, 1.0],
    "electronic_energies": [-92.02557849856471, -99.6329782254361, -107.52618492456979, -115.68222188175747, -124.08102811765521, -132.70024625987148, -141.51304536911036, -150.51748429160023, -159.6704150392967, -168.95792503297326, -178.3603026319944, -187.8596051851255, -196.67096985742737, -197.05546127442562, -197.44006151040816, -197.8247698144612, -198.2095853552985, -207.08823683407337, -216.79296819873483, -226.52177663096975, -236.31325253212407],
    "apdft_energies": {
        "0": [-197.4400615251279, -197.4400615251279, -197.4400615251279, -197.4400615251279, -197.4400615251279, -197.4400615251279, -197.4400615251279, -197.4400615251279, -197.4400615251279, -197.4400615251279, -197.4400615251279, -197.4400615251279, -197.4400615251279, -197.4400615251279, -197.4400615251279, -197.4400615251279, -197.4400615251279, -197.4400615251279, -197.4400615251279, -197.4400615251279, -197.4400615251279],
        "1": [-82.04378051979072, -91.66013727023548, -101.27649402068025, -110.89285077112501, -120.50920752156978, -130.12556427201454, -139.7419210224593, -149.35827777290407, -158.97463452334884, -168.5909912737936, -178.20734802423837, -187.82370477468314, -196.67075298509232, -197.0554072551101, -197.4400615251279, -197.8247157951457, -198.20937006516348, -207.05641827557267, -216.67277502601743, -226.2891317764622, -235.90548852690696],
        "2": [-86.90551891597758, -95.74534800592028, -104.65270124025446, -113.62757861898012, -122.66998014209727, -131.7799058096059, -140.95735562150603, -150.20232957779763, -159.5148276784807, -168.89484992355528, -178.34239631302134, -187.85746684687888, -196.67096906235437, -197.05546127442562, -197.4400615251279, -197.8247698144612, -198.20958614242554, -207.0901803477684, -216.8078233148004, -226.59299042622388, -236.44568168203884],
        "3": [-90.46546901068902, -98.48741604762219, -106.71285754506431, -115.1294325651865, -123.72478017015992, -132.4865394221557, -141.40234938334495, -150.45984911589886, -159.64667768198854, -168.95047414378516, -178.35887756345983, -187.8595270031837, -196.6709701171544, -197.05546140627564, -197.4400615251279, -197.8247696826112, -198.2095850876255, -207.0881201914636, -216.7913420643619, -226.537366205994, -236.31383167853102],
        "4": [-93.1472821822235, -100.38095514120035, -108.00617022423796, -115.97797501399235, -124.25452104354945, -132.79706379642528, -141.56996270656586, -150.5406811583472, -159.67978648657538, -168.96094997648646, -178.3609468637465, -187.8596563344516, -196.67097012245182, -197.05546140660672, -197.4400615251279, -197.8247696829423, -198.2095850929229, -207.08824952273153, -216.7934113646486, -226.5478420386953, -236.34694048311786]
    },
    "apdft_poly_coeff": [ -197.4400615251279, -38.46542700177906, -0.5401931551318739, 0.13185000350783108, -0.03310880458684551 ],
    "hf_energies": [-91.82610193487187, -99.44816905116858, -107.35872201655155, -115.53340262571359, -123.9523430334765, -132.59251132190616, -141.4256206310303, -150.44593920477578, -159.61221229739562, -168.9097183494145, -178.31924142610137, -187.82351342089845, -196.63807020407222, -197.0226770657104, -197.4073910546901, -197.79221140986468, -198.17713737558958, -207.05792602263398, -216.76429767949742, -226.49911708974568, -236.29151410068056],
    "triples_corrections": [-0.0038126306930571334, -0.0038864328587407664, -0.004014716201594983, -0.004074139084546515, -0.003922383679804866, -0.0035323082269361557, -0.0027112084932917127, -0.0027642643538296134, -0.0026446218127058776, -0.0027266715688491314, -0.002928740056496087, -0.003162816807103126, -0.0033604167723457856, -0.0033683213610819825, -0.0033761586071194504, -0.0033839444443862104, -0.003391657134275919, -0.0035527778479408807, -0.003696861833922806, -0.0017916586482331404, -0.0018478151805951025],
    "scf_converged": [true, true, true, true, true, true, true, true, true, true, true, true, true, true, true, true, true, true, true, true, true],
    "cc_converged": [true, true, true, true, true, true, true, true, true, true, true, true, true, true, true, true, true, true, true, true, true],
    "scf_spin_squared": [3.7552552243556496, 3.754531100433385, 3.753805152775689, 3.753080002905011, 3.75246009154474, 3.751936052431584, 3.751518411995054, 3.7511489801883613, 3.7508837641296773, 3.7506845953127765, 3.7505356845181046, 3.7504237884841283, 3.7503447618540497, 3.750341745536199, 3.750338760880717, 3.750335806731295, 3.750332883801808, 3.750273306232834, 3.7502223402646204, 3.750151956929042, 3.7501239176332275],
    "cc_spin_squared": [3.7501215766229112, 3.7500967595061603, 3.7500757787441783, 3.7500612553663535, 3.750055580876158, 3.7500589469209844, 3.7500371373680257, 3.7500921573761463, 3.7501145107946687, 3.750131859182542, 3.7501390476076235, 3.7501359349118815, 3.750126901520389, 3.750126426474173, 3.7501259464049874, 3.7501254654731246, 3.750124976422704, 3.75011295809098, 3.750099609140598, 3.7500476716809668, 3.7500437006974923]
}