{
    "schema_name": "pyscf_apdft_output",
    "provenance": {
        "creator": "PySCF",
        "version": "1.7.6"
    },
    "molecule": {
        "geometry": [[0.0, 0.0, 0.0]],
        "symbols": [ "He" ]
    },
    "molecular_charge": 0,
    "molecular_multiplicity": 1,
    "name": "he.chrg0.mult1-pyscf-ccsd.augccpvtz",
    "atomic_numbers": [ 2 ],
    "n_electrons": 2,
    "model": {
        "method": "CCSD",
        "basis": "aug-cc-pVTZ",
        "scf_conv_tol": 1e-09,
        "scf_conv_tol_grad": 1e-06,
        "cc_conv_tol": 1e-07,
        "cc_conv_tol_normt": 1e-05
    },
    "broken_symmetry": false,
    "finite_diff_delta": 0.01,
    "finite_diff_acc": 2,
    "apdft_lambdas": [-1.0, -0.75, -0.5, -0.25, -0.02, -0.01, 0.0, 0.01, 0.02, 0.25, 0.5, 0.75, 1.0, 1.25, 1.5, 1.75, 2.0],
    "electronic_energies": [-0.5214880980098598, -0.93157748726352, -1.4625669846548792, -2.1193557057731165, -2.833541758304441, -2.866971067374777, -2.9005979235384403, -2.934422232134211, -2.9684438941147158, -3.8051132516832524, -4.8304269758973435, -5.972125394381408, -7.223569559260026, -8.575567913237126, -10.016591139928108, -11.533746727548765, -13.114107282452109],
    "apdft_energies": {
        "0": [-2.9005979235384403, -2.9005979235384403, -2.9005979235384403, -2.9005979235384403, -2.9005979235384403, -2.9005979235384403, -2.9005979235384403, -2.9005979235384403, -2.9005979235384403, -2.9005979235384403, -2.9005979235384403, -2.9005979235384403, -2.9005979235384403, -2.9005979235384403, -2.9005979235384403, -2.9005979235384403, -2.9005979235384403],
        "1": [0.471960314433272, -0.37117924505965627, -1.2143188045525841, -2.0574583640455124, -2.833146758779006, -2.8668723411587234, -2.9005979235384403, -2.934323505918157, -2.9680490882978745, -3.743737483031368, -4.586877042524296, -5.430016602017224, -6.273156161510153, -7.11629572100308, -7.959435280496008, -8.802574839988937, -9.645714399481864],
        "2": [-0.5153018461034118, -0.9265142103615407, -1.461134344686755, -2.119162249079055, -2.8335416636432207, -2.866971067374777, -2.9005979235384403, -2.934422232134211, -2.968443993162089, -3.805441368064911, -4.833692582658467, -5.985351567319109, -7.260418322046837, -8.658892846841649, -10.180775141703547, -11.82606520663253, -13.5947630416286],
        "3": [-0.5314442289042369, -0.9333242781056388, -1.463152142536858, -2.119414473810318, -2.8335417927822832, -2.86697108351716, -2.9005979235384403, -2.934422215991828, -2.9684438640230266, -3.8051891433336484, -4.8316747848083645, -5.9785414995750115, -7.244275939246011, -8.627364755433788, -10.126294599750763, -11.73955212380936, -13.465623979222],
        "4": [-0.5131685812423559, -0.9275417489626219, -1.4620099145579906, -2.1193430845616383, -2.8335417898581796, -2.8669710833344033, -2.9005979235384403, -2.9344222158090716, -2.968443861098923, -3.8051177540849688, -4.830532556829497, -5.972758970431995, -7.22600029158413, -8.582746475009275, -10.033774133462492, -11.56814653773055, -13.17321361663191]
    },
    "apdft_poly_coeff": [ -2.9005979235384403, -3.3725582379717123, -0.9872621605366838, 0.01614238280082484, 0.018275647661880612 ],
    "hf_energies": [-0.4854508540761198, -0.8926458895720033, -1.4234067689227956, -2.0799781054921116, -2.794116511070011, -2.8275508144239074, -2.8611834261155584, -2.895014274689986, -2.929043284665512, -3.76616178653046, -4.792790628125378, -5.936800303519908, -7.191316490958841, -8.546669756702972, -9.990884331037465, -11.510819683482932, -13.093493255778686],
    "scf_converged": [true, true, true, true, true, true, true, true, true, true, true, true, true, true, true, true, true],
    "cc_converged": [true, true, true, true, true, true, true, true, true, true, true, true, true, true, true, true, true],
    "t1_diagnostic": [0.008338921903454288, 0.007671115558954996, 0.0048188405288902185, 0.0024998537637518454, 0.0017360822332349276, 0.0017165372310771038, 0.0016975958715877808, 0.0016792507092533745, 0.0016614317689667476, 0.001347981272686916, 0.0011743043280935468, 0.0011819822559513305, 0.0012410915724122146, 0.001221497514624669, 0.0011086283895750991, 0.0009495580319587277, 0.0007902293940701435]
}