{
    "schema_name": "pyscf_apdft_output",
    "provenance": {
        "creator": "PySCF",
        "version": "1.7.6"
    },
    "molecule": {
        "geometry": [[0.0, 0.0, 0.0]],
        "symbols": [ "P" ]
    },
    "molecular_charge": -1,
    "molecular_multiplicity": 3,
    "name": "p.chrg-1.mult3-pyscf-uccsdt.augccpv5z",
    "atomic_numbers": [ 15 ],
    "n_electrons": 16,
    "model": {
        "method": "UCCSD(T)",
        "basis": "aug-cc-pV5Z",
        "scf_conv_tol": 1e-09,
        "scf_conv_tol_grad": 1e-06,
        "cc_conv_tol": 1e-05,
        "cc_conv_tol_normt": 1e-07
    },
    "broken_symmetry": false,
    "finite_diff_delta": 0.01,
    "finite_diff_acc": 2,
    "apdft_lambdas": [-1.0, -0.75, -0.5, -0.25, -0.02, -0.01, 0.0, 0.01, 0.02, 0.25, 0.5, 0.75, 1.0, 1.25, 1.5, 1.75, 2.0, 2.25, 2.5, 2.75, 3.0],
    "electronic_energies": [-288.23838311278973, -301.1253723230781, -314.2218901278488, -327.5237061101679, -339.93860691912045, -340.48215807334924, -341.0260204279507, -341.5701935404519, -342.1146769673808, -354.7224328538313, -368.60645899801835, -382.6723135203467, -396.914970663809, -411.3299120221153, -425.9129772144847, -440.6602776701081, -455.5681284264904, -470.632986654445, -485.8513984664072, -501.21995658487486, -516.7352687121959],
    "apdft_energies": {
        "0": [-341.02602042792665, -341.02602042792665, -341.02602042792665, -341.02602042792665, -341.02602042792665, -341.02602042792665, -341.02602042792665, -341.02602042792665, -341.02602042792665, -341.02602042792665, -341.02602042792665, -341.02602042792665, -341.02602042792665, -341.02602042792665, -341.02602042792665, -341.02602042792665, -341.02602042792665, -341.02602042792665, -341.02602042792665, -341.02602042792665, -341.02602042792665],
        "1": [-286.6242470727938, -300.22469041157706, -313.82513375036024, -327.4255770891434, -339.937984960824, -340.4820026943753, -341.02602042792665, -341.570038161478, -342.1140558950293, -354.6264637667099, -368.22690710549307, -381.82735044427625, -395.4277937830595, -409.0282371218427, -422.6286804606259, -436.2291237994091, -449.8295671381923, -463.43001047697555, -477.03045381575873, -490.6308971545419, -504.23134049332515],
        "2": [-288.17803681194204, -301.0986971398479, -314.2135811851473, -327.5226889478402, -339.93860647671966, -340.48215807334924, -341.02602042792665, -341.5701935404519, -342.11467741092497, -354.7235756254066, -368.6153545402801, -382.70135717254715, -396.9815835222077, -411.4560335892618, -426.1247073737094, -440.9876048755505, -456.0447260947852, -471.29607103141336, -486.7416396854351, -502.3814320568503, -518.2154481456591],
        "3": [-288.25186556068616, -301.1298436432243, -314.2228097787403, -327.52384252203933, -339.93860706734966, -340.482158147178, -341.02602042792665, -341.57019346662315, -342.11467682029496, -354.7224220512075, -368.6061259466871, -382.67021066917073, -396.9077547734636, -411.31183681437085, -425.8755353466979, -440.5919289252499, -455.45409610483205, -470.45511544024964, -485.58806548630787, -500.84602479781205, -516.2220719295674],
        "4": [-288.24710089794775, -301.12833607415473, -314.22251198731914, -327.5238239100755, -339.9386070665873, -340.48215814713035, -341.02602042792665, -341.5701934665755, -342.11467681953263, -354.7224034392437, -368.60582815526595, -382.66870310010114, -396.9029901107251, -411.3002043369821, -425.8514142415846, -440.5472416001133, -455.3778615010172, -470.33300234561364, -485.4019458480881, -500.57352703549435, -515.8361342477547]
    },
    "apdft_poly_coeff": [ -341.02602042792665, -54.40177335513283, -1.5537897391482147, 0.07382874874413876, 0.004764662738428645 ],
    "hf_energies": [-287.9022442376492, -300.79128214694276, -313.9033932968138, -327.20211862188324, -339.61952076412024, -340.16324440788696, -340.70727945864985, -341.25162535634706, -341.7962815581292, -354.4079147084315, -368.2959022042593, -382.36553706728716, -396.6118665180636, -411.0304223200775, -425.61708163164735, -440.36798311808025, -455.27945982641427, -470.34797852348663, -485.5700871391757, -500.9423729222505, -516.4614316699373],
    "triples_corrections": [-0.012929145496782066, -0.012685520230815433, -0.011042115262295165, -0.010296555618361337, -0.00965352188802153, -0.009622476034794257, -0.009591697217667703, -0.009561206724824583, -0.009531021750062625, -0.008929821912072738, -0.008440369000290588, -0.008054259043292192, -0.007733117337827952, -0.007456873869230247, -0.007213042352344928, -0.006993076304480625, -0.006790983968832199, -0.0066025490444504824, -0.006424768303377241, -0.006255454616167358, -0.006092950595013876],
    "scf_converged": [true, true, true, true, true, true, true, true, true, true, true, true, true, true, true, true, true, true, true, true, true],
    "cc_converged": [true, true, true, true, true, true, true, true, true, true, true, true, true, true, true, true, true, true, true, true, true],
    "scf_spin_squared": [2.05617660209332, 2.065662983446339, 2.6513651018137567, 2.33059996174796, 2.031076058667111, 2.029777042773687, 2.0286171385850924, 2.027577499547121, 2.026642326283385, 2.0177656772224966, 2.015486503169095, 2.0144710195352387, 2.0138144904481177, 2.013320396772687, 2.012928848780205, 2.0126138399906637, 2.0123593990957414, 2.0121538178068628, 2.0119882089203687, 2.0118558761419916, 2.0117518872591846],
    "cc_spin_squared": [2.017116644560575, 2.021224604036139, 2.053544645008905, 2.0153533172474436, 2.003655805648232, 2.0034943538501233, 2.003343053833995, 2.0032011275577526, 2.0030678750077753, 2.0014298006464455, 2.0008990284533685, 2.0006943066815834, 2.0005871583450827, 2.000518205213254, 2.0004686277324937, 2.0004305800690116, 2.0004001281647756, 2.000374985838175, 2.000353702368359, 2.0003353392385153, 2.000319224067824]
}