{
    "schema_name": "pyscf_qa_output",
    "provenance": {
        "creator": "PySCF",
        "version": "1.7.6"
    },
    "molecule": {
        "geometry": [[0.0, 0.0, 0.0]],
        "symbols": [ "B" ]
    },
    "molecular_charge": 0,
    "molecular_multiplicity": 4,
    "name": "b.chrg0.mult4-pyscf-uccsdt.augccpvtz",
    "atomic_numbers": [ 5 ],
    "n_electrons": 5,
    "model": {
        "method": "UCCSD(T)",
        "basis": "aug-cc-pVTZ",
        "scf_conv_tol": 1e-09,
        "scf_conv_tol_grad": 1e-06,
        "cc_conv_tol": 1e-07,
        "cc_conv_tol_normt": 1e-05
    },
    "broken_symmetry": false,
    "finite_diff_delta": 0.01,
    "finite_diff_acc": 2,
    "qa_lambdas": [-2.0, -1.75, -1.5, -1.25, -1.0, -0.75, -0.5, -0.25, -0.02, -0.01, 0.0, 0.01, 0.02, 0.25, 0.5, 0.75, 1.0, 1.25, 1.5, 1.75, 2.0],
    "electronic_energies": [-7.063227480024071, -8.679547109756559, -10.402512465663289, -12.304831154905237, -14.391047626551755, -16.660837177563483, -19.107146196722166, -21.717029857499316, -24.250105912953124, -24.362926935478907, -24.47596424682624, -24.589216936197985, -24.702684094156606, -27.36955458150004, -30.3839593406806, -33.506259379015944, -36.72458541683305, -40.027940099150854, -43.40592095892302, -46.84856695622841, -50.346415443312196],
    "qats_energies": {
        "0": [-24.475964246826248, -24.475964246826248, -24.475964246826248, -24.475964246826248, -24.475964246826248, -24.475964246826248, -24.475964246826248, -24.475964246826248, -24.475964246826248, -24.475964246826248, -24.475964246826248, -24.475964246826248, -24.475964246826248, -24.475964246826248, -24.475964246826248, -24.475964246826248, -24.475964246826248, -24.475964246826248, -24.475964246826248, -24.475964246826248, -24.475964246826248],
        "1": [-1.84696417491838, -4.675589183906862, -7.504214192895347, -10.33283920188383, -13.161464210872314, -15.990089219860797, -18.81871422884928, -21.647339237837762, -24.24967424610717, -24.362819246466707, -24.475964246826248, -24.58910924718579, -24.702254247545326, -27.304589255814733, -30.133214264803215, -32.961839273791696, -35.79046428278018, -38.61908929176867, -41.44771430075715, -44.27633930974564, -47.10496431873412],
        "2": [-6.154524662848953, -7.973565182478708, -9.927216967356294, -12.01548001748171, -14.238354332854957, -16.595839913476034, -19.08793675934494, -21.71464487046168, -24.250105002155962, -24.362926935478907, -24.475964246826248, -24.589216936197985, -24.70268500359412, -27.371894888438646, -30.402436795298875, -33.56758996740693, -36.86735440476282, -40.301730107366545, -43.870717075218096, -47.57431530831748, -51.41252480666469],
        "3": [-7.3680144467659865, -8.786508533813752, -10.439157969946294, -12.311742171758329, -14.390040555844587, -16.659832538799783, -19.106897537218646, -21.717014967695892, -24.250106215645747, -24.36292708716513, -24.475964246826248, -24.589216784511763, -24.702683790104334, -27.369524791204434, -30.38347601742517, -33.50359734208318, -36.7156681817732, -40.005467953089926, -43.358776072628096, -46.76137195698243, -50.19903502274765],
        "4": [-7.4586583835669025, -8.83964234540042, -10.467838278074709, -12.325573338872726, -14.395705801894644, -16.66162505805781, -19.107251615096775, -21.717037097563274, -24.250106216552187, -24.36292708722178, -24.475964246826248, -24.589216784568414, -24.702683791010774, -27.369546921071816, -30.3838300953033, -33.505389861341214, -36.721333427823254, -40.01929912020432, -43.38745638075651, -46.8145057685691, -50.28967895954857]
    },
    "qats_poly_coeffs": [ -24.475964246826248, -11.314500035953934, -1.0768901219826432, 0.15168622298962947, -0.005665246050057249 ],
    "hf_energies": [-7.023825038319363, -8.639968585165994, -10.360951037335543, -12.262949554361432, -14.351653629619046, -16.62567837434994, -19.07608132907825, -21.689468872671267, -24.22528292484639, -24.338213019499314, -24.451358608530057, -24.564718787084715, -24.678292651943146, -27.347419784558497, -30.36395074294233, -33.48820971176267, -36.70844762749532, -40.01368224101111, -43.393445478655565, -46.83769250392906, -50.336908770982085],
    "triples_corrections": [-0.0002866138918777077, -0.0002920370890791177, -0.0004119400645375145, -0.0005083799308786337, -0.0004828941153723277, -0.00034941447335443105, -0.00025042459381925675, -0.00019164938286722513, -0.00015050466714549616, -0.0001488736003880699, -0.0001472544384881506, -0.00014564716013746795, -0.00014405175636303768, -0.00011071912776647333, -8.224367016069685e-05, -6.165666603798227e-05, -4.7363652925336085e-05, -3.712936126466323e-05, -2.9136480475105354e-05, -2.253395554752169e-05, -1.7165843890826446e-05],
    "scf_converged": [true, true, true, true, true, true, true, true, true, true, true, true, true, true, true, true, true, true, true, true, true],
    "cc_converged": [true, true, true, true, true, true, true, true, true, true, true, true, true, true, true, true, true, true, true, true, true],
    "scf_spin_squared": [3.7500049706762764, 3.7500043041125677, 3.750005075590345, 3.750005032785987, 3.7500050251457635, 3.75000547629727, 3.750005936479085, 3.750006038056124, 3.7500058496790114, 3.7500058377641055, 3.750005825651846, 3.7500058133552723, 3.750005800887264, 3.7500054937661744, 3.750005203015032, 3.750005024054652, 3.7500049454078557, 3.750004908221606, 3.750004845489732, 3.750004710942253, 3.7500044900392053],
    "cc_spin_squared": [3.7500003596352425, 3.7500003100104427, 3.7500003988023805, 3.750000488382108, 3.7500005282008524, 3.7500004635356188, 3.750000376387946, 3.750000298517274, 3.750000233085372, 3.7500002304208895, 3.7500002277745157, 3.750000225146601, 3.7500002225374685, 3.7500001682763493, 3.7500001225274335, 3.750000088794807, 3.7500000638143582, 3.7500000450931066, 3.7500000312897526, 3.750000021548036, 3.7500000149836863]
}