{
    "schema_name": "pyscf_apdft_output",
    "provenance": {
        "creator": "PySCF",
        "version": "1.7.6"
    },
    "molecule": {
        "geometry": [[0.0, 0.0, 0.0]],
        "symbols": [ "Be" ]
    },
    "molecular_charge": -2,
    "molecular_multiplicity": 1,
    "name": "be.chrg-2.mult1-pyscf-ccsdt.augccpv5z",
    "atomic_numbers": [ 4 ],
    "n_electrons": 6,
    "model": {
        "method": "CCSD(T)",
        "basis": "aug-cc-pV5Z",
        "scf_conv_tol": 1e-09,
        "scf_conv_tol_grad": 1e-06,
        "cc_conv_tol": 1e-07,
        "cc_conv_tol_normt": 1e-05
    },
    "broken_symmetry": false,
    "finite_diff_delta": 0.01,
    "finite_diff_acc": 2,
    "apdft_lambdas": [-0.02, -0.01, 0.0, 0.01, 0.02, 0.25, 0.5, 0.75, 1.0, 1.25, 1.5, 1.75, 2.0, 2.25, 2.5, 2.75, 3.0, 3.25, 3.5, 3.75, 4.0],
    "electronic_energies": [-14.376093314500276, -14.461829093267179, -14.547842923240765, -14.634136057746042, -14.720709768842367, -16.792668009041115, -19.218924758121904, -21.819140483961892, -24.597918907055778, -27.57442011844559, -30.735769054656917, -34.07130337113978, -37.573701071518975, -41.23554473609053, -45.0491269255774, -49.006533988130215, -53.09976331507143, -57.320814669319624, -61.66175702211504, -66.11477623795655, -70.67221686318327],
    "apdft_energies": {
        "0": [-14.547842923240951, -14.547842923240951, -14.547842923240951, -14.547842923240951, -14.547842923240951, -14.547842923240951, -14.547842923240951, -14.547842923240951, -14.547842923240951, -14.547842923240951, -14.547842923240951, -14.547842923240951, -14.547842923240951, -14.547842923240951, -14.547842923240951, -14.547842923240951, -14.547842923240951, -14.547842923240951, -14.547842923240951, -14.547842923240951, -14.547842923240951],
        "1": [-14.375535958762088, -14.46168944100152, -14.547842923240951, -14.633996405480383, -14.720149887719815, -16.701679979226746, -18.855517035212543, -21.00935409119834, -23.163191147184136, -25.317028203169933, -27.47086525915573, -29.624702315141526, -31.778539371127323, -33.93237642711312, -36.086213483098916, -38.24005053908471, -40.39388759507051, -42.547724651056306, -44.7015617070421, -46.8553987630279, -49.009235819013696],
        "2": [-14.376094567824724, -14.461829093267179, -14.547842923240951, -14.634136057746042, -14.720708496782452, -16.788962645263716, -19.20464769936042, -21.794898085531067, -24.55971380377565, -27.499094854094174, -30.613041236486637, -33.90155295095304, -37.36462999749338, -41.00227237610766, -44.81448008679588, -48.80125312955804, -52.96259150439414, -57.29849521130418, -61.808964250288156, -66.49399862134608, -71.35359832447793],
        "3": [-14.376092884235149, -14.461828882818482, -14.547842923240951, -14.63413626819474, -14.720710180372027, -16.79225090615415, -19.230953786483855, -21.883681129572654, -24.770162500763114, -27.910127465397807, -31.323305588819316, -35.02942643637021, -39.04821957339306, -43.39941456523046, -48.10274097722495, -53.17792837471913, -58.64470632305557, -64.52280438757684, -70.83195213362552, -77.59187912654419, -84.8223149316754],
        "4": [-14.37609289672546, -14.461828883599127, -14.547842923240951, -14.634136268975384, -14.720710192862338, -16.79255584538773, -19.235832814221236, -21.908381207493143, -24.848226944561212, -28.10071448638926, -31.71850683554719, -35.76158553621097, -40.29725067416263, -45.40012087679031, -51.15213331308816, -57.642543693656464, -64.96792627070153, -73.23217383803576, -82.54649773107762, -93.02942782685169, -104.80681254398853]
    },
    "apdft_poly_coeff": [ -14.547842923240951, -8.615348223943187, -1.3965226565915145, -0.2104486969874604, -0.07806444379809818 ],
    "hf_energies": [-14.29324321388557, -14.378662650761568, -14.464341301629965, -14.550279537797124, -14.636477756637639, -16.692137135692953, -19.09358571023498, -21.681444108369476, -24.46381970684908, -27.43952749194056, -30.598069871782627, -33.93102981027713, -37.431148523994175, -41.09094675769333, -44.90265279444384, -48.85830592683108, -52.94988026298648, -57.16937716508225, -61.50888689859247, -65.9606329300363, -70.51700850119484],
    "triples_corrections": [-0.0018636639872883377, -0.0019168058472603942, -0.001976297281956055, -0.0020425209306461404, -0.0021158631233302557, -0.00672889900537778, -0.010123544044744264, -0.008688092975278528, -0.0060997692721792805, -0.005620119421783027, -0.0057601811092071065, -0.005883664679382334, -0.005959417369428251, -0.005985209610002557, -0.005959601337907422, -0.005879814663187476, -0.005743395219793987, -0.005550192754116716, -0.005304407184166495, -0.005014483457265262, -0.004692215250733238],
    "scf_converged": [true, true, true, true, true, true, true, true, true, true, true, true, true, true, true, true, true, true, true, true, true],
    "cc_converged": [true, true, true, true, true, true, true, true, true, true, true, true, true, true, true, true, true, true, true, true, true],
    "t1_diagnostic": [0.06252304590866631, 0.06506041381499177, 0.06771275422760122, 0.07047934408381863, 0.07335850945124486, 0.14744684633442579, 0.11359542401625652, 0.04774398362955947, 0.03044737457361891, 0.0106772718808771, 0.009157819365368204, 0.008068734215423782, 0.007197311392487939, 0.006492951674026639, 0.005927153376446061, 0.00547662009374887, 0.0051150085429511934, 0.004815263126821487, 0.0045538575317157545, 0.004312491359068366, 0.0040785918251815025]
}