{
    "schema_name": "pyscf_qa_output",
    "provenance": {
        "creator": "PySCF",
        "version": "1.7.6"
    },
    "molecule": {
        "geometry": [[0.0, 0.0, 0.0]],
        "symbols": [ "Li" ]
    },
    "molecular_charge": 1,
    "molecular_multiplicity": 3,
    "name": "li.chrg1.mult3-pyscf-uccsd.augccpvqz",
    "atomic_numbers": [ 3 ],
    "n_electrons": 2,
    "model": {
        "method": "UCCSD",
        "basis": "aug-cc-pVQZ",
        "scf_conv_tol": 1e-09,
        "scf_conv_tol_grad": 1e-06,
        "cc_conv_tol": 1e-07,
        "cc_conv_tol_normt": 1e-05
    },
    "broken_symmetry": false,
    "finite_diff_delta": 0.01,
    "finite_diff_acc": 2,
    "qa_lambdas": [-2.0, -1.75, -1.5, -1.25, -1.0, -0.75, -0.5, -0.25, -0.02, -0.01, 0.0, 0.01, 0.02, 0.25, 0.5, 0.75, 1.0],
    "electronic_energies": [-0.48071268679812607, -0.7838380105095698, -1.1566552437935342, -1.6346562761007473, -2.1693391757437133, -2.782620257171495, -3.4765826085087514, -4.25035832386415, -5.0290693602960985, -5.064301697361596, -5.099644930144612, -5.135098600273682, -5.170662248502088, -6.017924488013049, -6.99822434612424, -8.034284182074664, -9.120493015104147],
    "qats_energies": {
        "0": [-5.099644930144598, -5.099644930144598, -5.099644930144598, -5.099644930144598, -5.099644930144598, -5.099644930144598, -5.099644930144598, -5.099644930144598, -5.099644930144598, -5.099644930144598, -5.099644930144598, -5.099644930144598, -5.099644930144598, -5.099644930144598, -5.099644930144598, -5.099644930144598, -5.099644930144598],
        "1": [1.9800453610639197, 1.0950840746628545, 0.2101227882617902, -0.6748384981392741, -1.5597997845403393, -2.444761070941404, -3.329722357342469, -4.214683643743534, -5.028848027232513, -5.064246478688556, -5.099644930144598, -5.1350433816006404, -5.1704418330566835, -5.984606216545663, -6.869567502946728, -7.754528789347793, -8.639490075748856],
        "2": [-0.22870156056417112, -0.5959877872086521, -1.0322973551540109, -1.5376302644002475, -2.111986514947362, -2.7553661067953543, -3.4677690399442245, -4.2491953143939725, -5.029068901924676, -5.064301697361596, -5.099644930144598, -5.135098600273682, -5.170662707748846, -6.019117887196102, -7.0076141855484835, -8.065133825201743, -9.19167680615588],
        "3": [-0.8404470142651519, -1.0058094485747384, -1.2903774684341123, -1.6869821818077133, -2.1884546966599845, -2.787626120955367, -3.477327562658302, -4.2503901297332325, -5.029069513670129, -5.064301773829778, -5.099644930144598, -5.1350985238055, -5.170662096003393, -6.017923071856842, -6.998055662834406, -8.03287381104173, -9.115208624443257],
        "4": [-0.7820911459793836, -0.9716023099628908, -1.2719133069843185, -1.678077782960398, -2.184807454892124, -2.786472110864755, -3.4770996100478113, -4.250375882695076, -5.029069513086571, -5.064301773793305, -5.099644930144598, -5.135098523769027, -5.170662095419834, -6.0179088248186865, -6.997827710223914, -8.031719800951118, -9.111561382675397]
    },
    "qats_poly_coeffs": [ -5.099644930144598, -3.539845145604259, -0.5521867304070227, 0.07646818171262262, 0.003647241767860502 ],
    "hf_energies": [-0.4805357470165031, -0.7835981086943373, -1.1560857537289126, -1.633913051839556, -2.168508612765116, -2.7818280868453673, -3.4759235483587645, -4.249864284495405, -5.028713072168174, -5.0639507650101105, -5.099299294637534, -5.134758202328111, -5.170327028534433, -6.017691842004255, -6.998070259528314, -8.034182232289302, -9.120424935929023],
    "scf_converged": [true, true, true, true, true, true, true, true, true, true, true, true, true, true, true, true, true],
    "cc_converged": [true, true, true, true, true, true, true, true, true, true, true, true, true, true, true, true, true],
    "scf_spin_squared": [2.0, 2.0, 2.0, 2.0, 2.0, 2.0, 2.0, 2.0, 2.0, 2.0, 2.0, 2.0, 2.0, 2.0, 2.0, 2.0, 2.0],
    "cc_spin_squared": [1.9999999999999996, 2.0, 1.9999999999999996, 2.000000000000001, 1.9999999999999996, 1.9999999999999993, 1.9999999999999964, 1.9999999999999982, 2.0000000000000004, 2.0000000000000036, 2.0000000000000044, 2.0000000000000018, 1.9999999999999998, 2.000000000000001, 2.0000000000000036, 2.000000000000003, 2.0000000000000044]
}