{
    "schema_name": "pyscf_qa_output",
    "provenance": {
        "creator": "PySCF",
        "version": "1.7.6"
    },
    "molecule": {
        "geometry": [[0.0, 0.0, 0.0]],
        "symbols": [ "B" ]
    },
    "molecular_charge": -2,
    "molecular_multiplicity": 2,
    "name": "b.chrg-2.mult2-pyscf-uccsdt.augccpvqz",
    "atomic_numbers": [ 5 ],
    "n_electrons": 7,
    "model": {
        "method": "UCCSD(T)",
        "basis": "aug-cc-pVQZ",
        "scf_conv_tol": 1e-09,
        "scf_conv_tol_grad": 1e-06,
        "cc_conv_tol": 1e-05,
        "cc_conv_tol_normt": 1e-07
    },
    "broken_symmetry": false,
    "finite_diff_delta": 0.01,
    "finite_diff_acc": 2,
    "qa_lambdas": [-0.02, -0.01, 0.0, 0.01, 0.02, 0.25, 0.5, 0.75, 1.0, 1.25, 1.5, 1.75, 2.0, 2.25, 2.5, 2.75, 3.0, 3.25, 3.5, 3.75, 4.0],
    "electronic_energies": [-24.251466680703302, -24.368147187621517, -24.485139923220252, -24.602445487079798, -24.72006420267597, -27.512457507357595, -30.73558410917133, -34.14827216459718, -37.757667094264804, -41.56716264907077, -45.56386892834003, -49.737180615401925, -54.07797706381524, -58.5774283332704, -63.22694059650928, -68.01818503074627, -72.94311220175327, -77.99396047735459, -83.163243789089, -88.44370890375687, -93.82826795560756],
    "qats_energies": {
        "0": [-24.48513992322028, -24.48513992322028, -24.48513992322028, -24.48513992322028, -24.48513992322028, -24.48513992322028, -24.48513992322028, -24.48513992322028, -24.48513992322028, -24.48513992322028, -24.48513992322028, -24.48513992322028, -24.48513992322028, -24.48513992322028, -24.48513992322028, -24.48513992322028, -24.48513992322028, -24.48513992322028, -24.48513992322028, -24.48513992322028, -24.48513992322028],
        "1": [-24.250841623762, -24.36799077349114, -24.48513992322028, -24.60228907294942, -24.719438222678562, -27.413868666448796, -30.34259740967731, -33.27132615290583, -36.20005489613434, -39.12878363936285, -42.05751238259137, -44.98624112581989, -47.9149698690484, -50.84369861227691, -53.77242735550543, -56.70115609873394, -59.62988484196246, -62.558613585190976, -65.48734232841949, -68.41607107164799, -71.34479981487652],
        "2": [-24.251467280283507, -24.368147187621517, -24.48513992322028, -24.602445487079798, -24.72006387920007, -27.511627497934235, -30.733632735619068, -34.15115563627478, -37.76419619990137, -41.57275442649884, -45.57683031606719, -49.776423868606415, -54.17153508411652, -58.762163962597505, -63.54831050404937, -68.52997470847211, -73.70715657586572, -79.07985610623024, -84.64807329956561, -90.41180815587188, -96.37106067514901],
        "3": [-24.25146666491277, -24.368147110700175, -24.48513992322028, -24.60244556400114, -24.720064494570806, -27.51282939390587, -30.74324790339216, -34.18360682750897, -37.8411175420861, -41.7229914229534, -45.83643984594066, -50.18867418687772, -54.78690582159438, -59.63834612592047, -64.75020647568581, -70.12969824672021, -75.7840328148535, -81.7204215559155, -87.94607584573602, -94.46820706014486, -101.2940265749719],
        "4": [-24.25146648084324, -24.36814709919583, -24.48513992322028, -24.602445552496796, -24.72006431050128, -27.50833550895421, -30.67134574416557, -33.81960214642436, -36.69068299446068, -38.914313328164766, -40.012364948586956, -39.398856417937715, -36.37995305958761, -30.15396695806735, -19.81135695906773, -4.334728669439688, 17.40116554280575, 46.62942654849741, 84.69100845730401, 133.03471861773417, 193.21721761713638]
    },
    "qats_poly_coeffs": [ -24.48513992322028, -11.714914972914059, -1.5641413037670304, -0.07692134218473255, 1.150434547625423 ],
    "hf_energies": [-24.095022200871515, -24.21105516497127, -24.32740015519528, -24.444057618747003, -24.561027994884938, -27.338607882454276, -30.55013731040306, -33.97870503906151, -37.59310409728929, -41.40700130556169, -45.404440478364776, -49.57848039174161, -53.91991597530123, -58.41996942600591, -63.07009260796258, -67.86201597237367, -72.78776728722397, -77.83966729428359, -83.01030124462886, -88.29246319999785, -93.67908032264043],
    "triples_corrections": [-0.010624105039239086, -0.010669115902466858, -0.010714684777825343, -0.010761023838753724, -0.010808313535433253, -0.012410082047535641, -0.014837897721728928, -0.009475663735580973, -0.008207384692639335, -0.007336378501282452, -0.0075045650850687675, -0.00790338217089338, -0.008459905103798111, -0.009119148152785457, -0.009840103051563985, -0.010582281671864856, -0.011302776513132443, -0.011960023113804999, -0.012517875916290432, -0.012948375057854398, -0.013233468582368582],
    "scf_converged": [true, true, true, true, true, true, true, true, true, true, true, true, true, true, true, true, true, true, true, true, true],
    "cc_converged": [true, true, true, true, true, true, true, true, true, true, true, true, true, true, true, true, true, true, true, true, true],
    "scf_spin_squared": [0.7526636098641979, 0.7526730430850801, 0.7526826438490795, 0.7526927452643921, 0.7527030213106842, 0.7529774212164573, 0.7530336697468645, 0.7674621405001747, 0.8206060857923352, 0.792530047813877, 0.761333002781357, 0.7578927007779326, 0.7564173182360436, 0.7554891961951817, 0.754799931642272, 0.7542438473351138, 0.7537754565823955, 0.7533713390776402, 0.753016942084872, 0.7527019315391348, 0.7524185503799141],
    "cc_spin_squared": [0.7641750066270725, 0.7662949254500298, 0.7686517358632579, 0.7712695848685429, 0.7741657658795529, 0.9842009920515231, 1.2705159636300658, 0.9294738409536112, 0.7567283251613781, 0.7516455154565236, 0.7504762052663734, 0.7502899217806203, 0.7502172216916869, 0.7501778177434322, 0.7501524709006255, 0.7501339750994356, 0.7501191414028408, 0.7501064758087619, 0.7500952225865176, 0.750084971805411, 0.750075485560576]
}