{
    "schema_name": "pyscf_apdft_output",
    "provenance": {
        "creator": "PySCF",
        "version": "1.7.6"
    },
    "molecule": {
        "geometry": [[0.0, 0.0, 0.0]],
        "symbols": [ "Mg" ]
    },
    "molecular_charge": 1,
    "molecular_multiplicity": 2,
    "name": "mg.chrg1.mult2-pyscf-uccsdt.augccpv5z",
    "atomic_numbers": [ 12 ],
    "n_electrons": 11,
    "model": {
        "method": "UCCSD(T)",
        "basis": "aug-cc-pV5Z",
        "scf_conv_tol": 1e-09,
        "scf_conv_tol_grad": 1e-06,
        "cc_conv_tol": 1e-07,
        "cc_conv_tol_normt": 1e-05
    },
    "broken_symmetry": false,
    "finite_diff_delta": 0.01,
    "finite_diff_acc": 2,
    "apdft_lambdas": [-3.0, -2.75, -2.5, -2.25, -2.0, -1.75, -1.5, -1.25, -1.0, -0.75, -0.5, -0.25, -0.02, -0.01, 0.0, 0.01, 0.02, 0.25, 0.5, 0.75, 1.0],
    "electronic_energies": [-92.98011448046631, -100.56517716170248, -108.43854555807884, -116.57334152403075, -124.97686144130425, -133.6191849612968, -142.48805757896056, -151.5671413104629, -160.83713477467387, -170.27864563352452, -179.87188517092264, -189.59682296844002, -198.64335791336052, -199.03861927447346, -199.43403245224505, -199.82959636313248, -200.22530992941836, -209.3656381242057, -219.37596471905238, -229.45177270773422, -239.58215918153195],
    "apdft_energies": {
        "0": [-199.43403245224448, -199.43403245224448, -199.43403245224448, -199.43403245224448, -199.43403245224448, -199.43403245224448, -199.43403245224448, -199.43403245224448, -199.43403245224448, -199.43403245224448, -199.43403245224448, -199.43403245224448, -199.43403245224448, -199.43403245224448, -199.43403245224448, -199.43403245224448, -199.43403245224448, -199.43403245224448, -199.43403245224448, -199.43403245224448, -199.43403245224448],
        "1": [-80.78746915339156, -90.6746827616293, -100.56189636986704, -110.44910997810479, -120.33632358634253, -130.22353719458027, -140.11075080281802, -149.99796441105576, -159.8851780192935, -169.77239162753125, -179.659605235769, -189.54681884400674, -198.64305536358546, -199.03854390791497, -199.43403245224448, -199.829520996574, -200.2250095409035, -209.32124606048222, -219.20845966871997, -229.0956732769577, -238.98288688519546],
        "2": [-87.57045941757627, -96.37427874750674, -105.27230627555087, -114.26454200170869, -123.35098592598018, -132.53163804836535, -141.8064983688642, -151.17556688747672, -160.63884360420292, -170.1963285190428, -179.84802163199635, -189.59392294306357, -198.64335682981942, -199.03861927447346, -199.43403245224448, -199.82959636313248, -200.22531100713746, -209.36835015953906, -219.39687606494732, -229.51961016846926, -239.73655247010487],
        "3": [-92.43329486389388, -100.11990026315995, -108.08644715883653, -116.31605070562392, -124.79182605822244, -133.49688837133232, -142.4143527996539, -151.52733449788744, -160.8189486207332, -170.2723103228915, -179.87053475906262, -189.59673708394686, -198.64335827065955, -199.03861945457848, -199.43403245224448, -199.82959618302746, -200.22530956629734, -209.36553601865577, -219.37436293788105, -229.44362836462054, -239.55644745357458],
        "4": [-94.39825425908924, -101.50729274507812, -109.03405489185897, -116.93777613925997, -125.17996618566843, -133.72440898803103, -142.5371627618536, -151.58655998120133, -160.84320737869857, -170.27998594552898, -179.87205093143547, -189.59683184472016, -198.64335827454096, -199.03861945482106, -199.43403245224448, -199.82959618327004, -200.22530957017872, -209.36563077942907, -219.37587911025386, -229.45130398725803, -239.58070621153996]
    },
    "apdft_poly_coeff": [ -199.43403245224448, -39.548854432950975, -0.7536655849094132, 0.18010501653028158, -0.024258757965374873 ],
    "hf_energies": [-92.65864522306293, -100.25754313177131, -108.14847495750665, -116.30416715306134, -124.732824295636, -133.40252791998086, -142.29968657767995, -151.4074264841195, -160.7046939342163, -170.1702095642243, -179.78313105496227, -189.52330368375377, -198.58039181403765, -198.97604690918814, -199.3718488654098, -199.76779665568606, -200.1638892587187, -209.3117253971396, -219.32808064883147, -229.40834630321103, -239.54211436642964],
    "triples_corrections": [-0.007894257467851272, -0.006881924395898481, -0.006553606797363625, -0.006756565673458739, -0.006939286960150297, -0.006933649994241039, -0.006476113547213867, -0.005475843144970611, -0.004188210503589979, -0.002932755033506056, -0.0019209882747036572, -0.001212172019793351, -0.0007894035993949778, -0.0007750250678852055, -0.0007609362464658069, -0.0007471320367826871, -0.0007336073813390404, -0.0004888123680460711, -0.0003275602009831719, -0.00023090372570966377, -0.00017109131165245594],
    "scf_converged": [true, true, true, true, true, true, true, true, true, true, true, true, true, true, true, true, true, true, true, true, true],
    "cc_converged": [true, true, true, true, true, true, true, true, true, true, true, true, true, true, true, true, true, true, true, true, true],
    "scf_spin_squared": [0.7500014402002, 0.7500004912825347, 0.7500001997172987, 0.7500022954136574, 0.7500058786737487, 0.7500208683762928, 0.7500603829986341, 0.7500970158389784, 0.7501086798750833, 0.7501022839078502, 0.7500883997853176, 0.750074103098898, 0.7500633222727835, 0.7500629184546881, 0.7500625201329614, 0.7500621272980812, 0.7500617399380793, 0.7500542864613786, 0.750048981146513, 0.7500459184820762, 0.7500444554613468],
    "cc_spin_squared": [0.750000446358968, 0.7500001015770783, 0.7500000323013158, 0.7500006023941124, 0.7500012032771992, 0.7500031876649023, 0.7500063459584143, 0.7500073105626526, 0.7500062343293616, 0.7500045886894715, 0.750003134550735, 0.7500020806656558, 0.7500014298527646, 0.7500014071684711, 0.7500013848927707, 0.750001363018804, 0.7500013415397015, 0.7500009419008369, 0.7500006609306276, 0.7500004797138935, 0.7500003598534177]
}