{
    "schema_name": "pyscf_apdft_output",
    "provenance": {
        "creator": "PySCF",
        "version": "1.7.6"
    },
    "molecule": {
        "geometry": [[0.0, 0.0, 0.0]],
        "symbols": [ "F" ]
    },
    "molecular_charge": 2,
    "molecular_multiplicity": 4,
    "name": "f.chrg2.mult4-pyscf-uccsdt.augccpvqz",
    "atomic_numbers": [ 9 ],
    "n_electrons": 7,
    "model": {
        "method": "UCCSD(T)",
        "basis": "aug-cc-pVQZ",
        "scf_conv_tol": 1e-09,
        "scf_conv_tol_grad": 1e-06,
        "cc_conv_tol": 1e-07,
        "cc_conv_tol_normt": 1e-05
    },
    "broken_symmetry": false,
    "finite_diff_delta": 0.01,
    "finite_diff_acc": 2,
    "apdft_lambdas": [-4.0, -3.75, -3.5, -3.25, -3.0, -2.75, -2.5, -2.25, -2.0, -1.75, -1.5, -1.25, -1.0, -0.75, -0.5, -0.25, -0.02, -0.01, 0.0, 0.01, 0.02],
    "electronic_energies": [-24.3010348675827, -27.37732020369848, -30.647959363745937, -34.11745064128896, -37.78935540958248, -41.66605899809206, -45.74845988561379, -50.0361342925097, -54.52808647880521, -59.22343444604353, -64.12164877093352, -69.22249649291183, -74.52591861264317, -80.03193716465528, -85.74059677838841, -91.65191867237692, -97.26928243987714, -97.5174040535853, -97.76584958375766, -98.01461901316927, -98.26371232407622],
    "apdft_energies": {
        "0": [-97.76584958375764, -97.76584958375764, -97.76584958375764, -97.76584958375764, -97.76584958375764, -97.76584958375764, -97.76584958375764, -97.76584958375764, -97.76584958375764, -97.76584958375764, -97.76584958375764, -97.76584958375764, -97.76584958375764, -97.76584958375764, -97.76584958375764, -97.76584958375764, -97.76584958375764, -97.76584958375764, -97.76584958375764, -97.76584958375764, -97.76584958375764],
        "1": [1.6771423330365565, -4.538044661763081, -10.753231656562718, -16.968418651362356, -23.183605646161993, -29.39879264096163, -35.61397963576127, -41.829166630560906, -48.04435362536054, -54.25954062016018, -60.47472761495982, -66.68991460975946, -72.90510160455909, -79.12028859935873, -85.33547559415837, -91.550662588958, -97.26863462417367, -97.51724210396566, -97.76584958375764, -98.01445706354963, -98.26306454334161],
        "2": [-24.234796809097077, -27.31220992340397, -30.59206006225878, -34.07434722566151, -37.75907141361216, -41.64623262611073, -45.73583086315722, -50.027866124751625, -54.52233841089395, -59.219247721584196, -64.11859405682236, -69.22037741660844, -74.52459780094244, -80.03125520982437, -85.7403496432542, -91.65188110123196, -97.26928242265222, -97.5174040535853, -97.76584958375764, -98.01461901316927, -98.26371234182017],
        "3": [-24.421297413686503, -27.46588168621875, -30.71700089697397, -34.17438185170716, -37.83775135617333, -41.70683621612747, -45.781363237324555, -50.061059225519614, -54.54565098646763, -59.23486532592359, -64.1284290496425, -69.22606896337936, -74.52751187288915, -80.03248458392689, -85.74071390224755, -91.65192663360614, -97.2692824459648, -97.51740405649937, -97.76584958375764, -98.01461901025519, -98.26371231850759],
        "4": [-23.867657672227267, -27.03820816462185, -30.392467445010183, -33.93310217861425, -37.66257628172724, -41.583150921713624, -45.696884517009124, -50.00563273712066, -54.51104850262643, -59.214581985175855, -64.11748060748963, -69.22078904335964, -74.52534921764908, -80.03180030629233, -85.74057873629503, -91.6519181857341, -97.26928244561877, -97.51740405647774, -97.76584958375764, -98.01461901023357, -98.26371231816157]
    },
    "apdft_poly_coeff": [ -97.76584958375764, -24.86074797919855, -1.619496196383352, 0.0029140719467098575, 0.0021626552400751584 ],
    "hf_energies": [-24.160704691586886, -27.22796392731804, -30.49189381300294, -33.95748831618726, -37.6279884693423, -41.50478438325494, -45.58776283229112, -49.875991042673924, -54.36839746541103, -59.06416820596257, -63.96283243172475, -69.06418507953163, -74.36818345538947, -79.87486980824139, -85.58431644864729, -91.4965755059899, -97.1149580951415, -97.36312769393231, -97.61162152594228, -97.86043957490293, -98.10958182399872],
    "triples_corrections": [-0.004380416098095968, -0.004913266889998671, -0.005261552063473986, -0.0053165879265714856, -0.005031631178277677, -0.004525689936299585, -0.003993525612560784, -0.003541144965107259, -0.003175538221534823, -0.002872314662605287, -0.00261134524067499, -0.0023816689885783433, -0.0021779037373425387, -0.001996843645812297, -0.0018357565053324241, -0.001691920930506212, -0.0015725507136328954, -0.0015676111818100644, -0.0015626912733036204, -0.0015577908442606018, -0.0015529097517776494],
    "scf_converged": [true, true, true, true, true, true, true, true, true, true, true, true, true, true, true, true, true, true, true, true, true],
    "cc_converged": [true, true, true, true, true, true, true, true, true, true, true, true, true, true, true, true, true, true, true, true, true],
    "scf_spin_squared": [3.751361844606345, 3.750025882386237, 3.751118756340176, 3.7540803734810355, 3.7573473839226357, 3.7593900542289482, 3.7597985819030972, 3.7591719234760927, 3.758234016393753, 3.7573626742317394, 3.7566450311123254, 3.7560505160979925, 3.75553358889038, 3.755067015890523, 3.7546417530253136, 3.754257746435452, 3.7539419611289135, 3.7539290428222314, 3.7539161910569137, 3.7539034056524114, 3.7538906864198873],
    "cc_spin_squared": [3.750628916613998, 3.750627459642013, 3.750558565115602, 3.750473346018441, 3.75040316684438, 3.7503470827532315, 3.7502925044040927, 3.75023776381021, 3.75018899025013, 3.7501499727660943, 3.750120528576858, 3.7500986067655884, 3.750082014889348, 3.7500690932305494, 3.7500586864716796, 3.750050100208612, 3.7500434453910323, 3.750043179290108, 3.7500429150073273, 3.7500426525290145, 3.7500423918417036]
}