{
    "schema_name": "pyscf_apdft_output",
    "provenance": {
        "creator": "PySCF",
        "version": "1.7.6"
    },
    "molecule": {
        "geometry": [[0.0, 0.0, 0.0]],
        "symbols": [ "N" ]
    },
    "molecular_charge": 2,
    "molecular_multiplicity": 2,
    "name": "n.chrg2.mult2-pyscf-uccsdt.augccpvqz",
    "atomic_numbers": [ 7 ],
    "n_electrons": 5,
    "model": {
        "method": "UCCSD(T)",
        "basis": "aug-cc-pVQZ",
        "scf_conv_tol": 1e-09,
        "scf_conv_tol_grad": 1e-06,
        "cc_conv_tol": 1e-07,
        "cc_conv_tol_normt": 1e-05
    },
    "broken_symmetry": false,
    "finite_diff_delta": 0.01,
    "finite_diff_acc": 2,
    "apdft_lambdas": [-4.0, -3.75, -3.5, -3.25, -3.0, -2.75, -2.5, -2.25, -2.0, -1.75, -1.5, -1.25, -1.0, -0.75, -0.5, -0.25, -0.02, -0.01, 0.0, 0.01, 0.02],
    "electronic_energies": [-7.118903214361358, -8.698223407743477, -10.423632627092976, -12.50162710583776, -14.581867597727143, -16.829778580792333, -19.249324721305864, -21.842741912902536, -24.610118700577857, -27.550379019628643, -30.66251604839172, -33.94600437608491, -37.400706491394324, -41.02670042043595, -44.82414230596522, -48.793142491929245, -52.59608870470362, -52.76472346090134, -52.933632076105184, -53.10281451364223, -53.272270735686185],
    "apdft_energies": {
        "0": [-52.933632076105155, -52.933632076105155, -52.933632076105155, -52.933632076105155, -52.933632076105155, -52.933632076105155, -52.933632076105155, -52.933632076105155, -52.933632076105155, -52.933632076105155, -52.933632076105155, -52.933632076105155, -52.933632076105155, -52.933632076105155, -52.933632076105155, -52.933632076105155, -52.933632076105155, -52.933632076105155, -52.933632076105155, -52.933632076105155, -52.933632076105155],
        "1": [14.684578472073426, 10.458440312812264, 6.232302153551103, 2.006163994289942, -2.2199741649712195, -6.446112324232381, -10.672250483493542, -14.898388642754703, -19.124526802015865, -23.350664961277026, -27.576803120538187, -31.80294127979935, -36.02907943906051, -40.25521759832167, -44.48135575758283, -48.707493916843994, -52.59554102336426, -52.76458654973471, -52.933632076105155, -53.1026776024756, -53.27172312884605],
        "2": [-7.22120818838097, -8.794692494227732, -10.539315758359294, -12.455077980775656, -14.541979161476817, -16.80001930046278, -19.22919839773354, -21.829516453289102, -24.600973467129464, -27.543569439254625, -30.657304369664587, -33.94217825835935, -37.39819110533891, -41.02534291060327, -44.82363367415243, -48.793063395986394, -52.596088668030774, -52.76472346090134, -52.933632076105155, -53.10281451364223, -53.27227077351256],
        "3": [-7.618537357650723, -9.122081641270064, -10.805495260428671, -12.668196189976257, -14.709602404762492, -16.929131879637104, -19.326202589449792, -21.900232509050248, -24.65063961328818, -27.5768418770133, -30.678257275075296, -33.954303782323876, -37.40439937360875, -41.02796202377961, -44.824409707686165, -48.79316040017811, -52.59608871769692, -52.764723467109604, -52.933632076105155, -53.10281450743396, -53.27227072384641],
        "4": [-6.388127450357217, -8.1716192762076, -10.08425156233011, -12.131975832276517, -14.320293020032906, -16.654253470019725, -19.138456937091775, -21.77705258653815, -24.573738994082337, -27.53176414588214, -30.653925438529697, -33.9425696790515, -37.39959308490838, -41.02644128399551, -44.82410931464239, -48.793141625612876, -52.596088716927916, -52.76472346706154, -52.933632076105155, -53.1028145073859, -53.272270723077405]
    },
    "apdft_poly_coeff": [ -52.933632076105155, -16.904552637044645, -1.3691116662783998, 0.006208268269839814, 0.004806288700365258 ],
    "hf_energies": [-7.034463119644383, -8.608184087078508, -10.326125449718916, -12.411545649985086, -14.488141761992582, -16.732580375547535, -19.14942119698775, -21.740785336388758, -24.506399862692373, -27.445043230054768, -30.55567619713802, -33.8377549944766, -37.291134120427564, -40.91589983990778, -44.712229473385364, -48.68026016555686, -52.48246187994099, -52.65106771766068, -52.81994770965726, -52.989101819976504, -53.15853001147738],
    "triples_corrections": [-0.007429116522303593, -0.007855310136489437, -0.008634484703309202, -0.001797202172251397, -0.001969332611209564, -0.0020845463818444493, -0.0020923537732471555, -0.0020248152597024723, -0.0019456286868976865, -0.0018779517597818664, -0.0018200897380658777, -0.0017675645420485123, -0.0017177336328560297, -0.0016693159210613407, -0.0016217108419183607, -0.0015746521887819132, -0.0015317544088545186, -0.0015298973310213357, -0.001528040906857121, -0.0015261851345179241, -0.001524330012165575],
    "scf_converged": [true, true, true, true, true, true, true, true, true, true, true, true, true, true, true, true, true, true, true, true, true],
    "cc_converged": [true, true, true, true, true, true, true, true, true, true, true, true, true, true, true, true, true, true, true, true, true],
    "scf_spin_squared": [0.7500864737867998, 0.7501154779599528, 0.7502946677581797, 0.76731640884665, 0.7653858021346207, 0.7642276806021764, 0.7638451925180514, 0.7630362831891997, 0.7615645250051286, 0.7600049953903567, 0.7586720528530597, 0.7575841925204232, 0.7566825637792065, 0.7559211337440943, 0.7552743186937314, 0.7547255251287732, 0.7542943208781998, 0.7542769845454707, 0.7542597578007131, 0.7542426396899011, 0.7542256292618255],
    "cc_spin_squared": [0.7510750422463893, 0.7517797812746354, 0.7531055963994375, 0.7501438206097849, 0.7501481074116868, 0.7501495371606279, 0.7501394527435841, 0.7501172286439843, 0.7500924931789641, 0.7500721913716322, 0.7500572245406688, 0.750046302946094, 0.7500381129422371, 0.7500318002377016, 0.7500268377791321, 0.7500228830431894, 0.7500199260515972, 0.7500198098624652, 0.7500196946150084, 0.7500195802992407, 0.7500194669052813]
}