{
    "schema_name": "pyscf_qa_output",
    "provenance": {
        "creator": "PySCF",
        "version": "1.7.6"
    },
    "molecule": {
        "geometry": [[0.0, 0.0, 0.0]],
        "symbols": [ "Mg" ]
    },
    "molecular_charge": 2,
    "molecular_multiplicity": 1,
    "name": "mg.chrg2.mult1-pyscf-ccsdt.augccpvqz",
    "atomic_numbers": [ 12 ],
    "n_electrons": 10,
    "model": {
        "method": "CCSD(T)",
        "basis": "aug-cc-pVQZ",
        "scf_conv_tol": 1e-09,
        "scf_conv_tol_grad": 1e-06,
        "cc_conv_tol": 1e-05,
        "cc_conv_tol_normt": 1e-07
    },
    "broken_symmetry": false,
    "finite_diff_delta": 0.01,
    "finite_diff_acc": 2,
    "qa_lambdas": [-4.0, -3.75, -3.5, -3.25, -3.0, -2.75, -2.5, -2.25, -2.0, -1.75, -1.5, -1.25, -1.0, -0.75, -0.5, -0.25, -0.02, -0.01, 0.0, 0.01, 0.02],
    "electronic_energies": [-70.60693540364197, -71.31140077628132, -77.88284278255173, -84.9171925467628, -92.2863945889734, -99.96613237327199, -107.93259117595082, -116.16258874049599, -124.6341684116004, -133.32694325161418, -142.22205413471858, -151.3017568219957, -160.5487643048309, -169.94559224581718, -179.4742629272719, -189.11661993663517, -198.07291012257045, -198.46396133917384, -198.85514149752206, -199.24644963234292, -199.63788478393232],
    "qats_energies": {
        "0": [-198.85514149752268, -198.85514149752268, -198.85514149752268, -198.85514149752268, -198.85514149752268, -198.85514149752268, -198.85514149752268, -198.85514149752268, -198.85514149752268, -198.85514149752268, -198.85514149752268, -198.85514149752268, -198.85514149752268, -198.85514149752268, -198.85514149752268, -198.85514149752268, -198.85514149752268, -198.85514149752268, -198.85514149752268, -198.85514149752268, -198.85514149752268],
        "1": [-42.35748286370651, -52.13858652832002, -61.91969019293353, -71.70079385754704, -81.48189752216055, -91.26300118677406, -101.04410485138757, -110.82520851600108, -120.6063121806146, -130.3874158452281, -140.16851950984162, -149.94962317445513, -159.73072683906864, -169.51183050368215, -179.29293416829566, -189.07403783290917, -198.0726532043536, -198.46389735093814, -198.85514149752268, -199.24638564410722, -199.63762979069176],
        "2": [-52.595600574903045, -61.13693217292635, -69.75824906556838, -78.45955125282913, -87.2408387347086, -96.1021115112068, -105.04336958232372, -114.06461294805936, -123.16584160841373, -132.34705556338682, -141.60825481297863, -150.94943935718916, -160.37060919601842, -169.8717643294664, -179.4529047575331, -189.11403048021853, -198.07290915729638, -198.46396133917384, -198.85514149752268, -199.24644963234292, -199.63788574363454],
        "3": [-62.86214078072709, -69.59630062865293, -76.6360289300169, -83.96628680756434, -91.57203538404062, -99.43823578219113, -107.54984912476124, -115.8918365344963, -124.44915913414174, -133.20677804644288, -142.14965439414513, -151.26274929999386, -160.53102388673443, -169.93943927711223, -179.4729565938726, -189.11653695976096, -198.0729104406139, -198.46396149958852, -198.85514149752268, -199.24644947192823, -199.63788446031703],
        "4": [-68.80532485893247, -74.18726885923076, -80.11981432351571, -86.556363718844, -93.45249597128529, -100.76596646592229, -108.45670704685068, -116.4868260171792, -124.82060813902957, -133.42451463353655, -142.26718318084792, -151.31942792012444, -160.55423944953992, -169.94678482628115, -179.47440756654794, -189.11662764555317, -198.0729104443284, -198.46396149982067, -198.85514149752268, -199.24644947216038, -199.63788446403152]
    },
    "qats_poly_coeffs": [ -198.85514149752268, -39.12441465845404, -0.6398823569497836, 0.1604146907160005, -0.023215562805489753 ],
    "hf_energies": [-64.58365296434616, -70.88693537802952, -77.57561237023882, -84.62224473847618, -92.00434680970906, -99.69943541839156, -107.68455767833917, -115.93682993527689, -124.43402632418693, -133.1549228629268, -142.07929422892005, -151.18764656181958, -160.460875850686, -169.88005901968273, -179.426527448824, -189.08224765144496, -198.0474986058057, -198.4388779748792, -198.830381649855, -199.22200872277006, -199.61375829098893],
    "triples_corrections": [-5.657399756676991, -0.11862862898426597, -0.011699904620334017, -0.00876602532033129, -0.007054332028993442, -0.006106485791170498, -0.005741482749371072, -0.005742654205713254, -0.005828758049038612, -0.005714719110811786, -0.005216633803462193, -0.004335234794365727, -0.003247991275681272, -0.0021985110426742736, -0.0013626853000571258, -0.0007908289492752269, -0.0004626297460033205, -0.00045176806913956074, -0.0004411506827234856, -0.0004307729890946989, -0.0004206304309511694],
    "scf_converged": [true, true, true, true, true, true, true, true, true, true, true, true, true, true, true, true, true, true, true, true, true],
    "cc_converged": [true, true, true, true, true, true, true, true, true, true, true, true, true, true, true, true, true, true, true, true, true],
    "t1_diagnostic": [0.49416401352252093, 0.2153873520494579, 0.04470605120553097, 0.024832532308000595, 0.020410852807538963, 0.018194801219460797, 0.016814577934136102, 0.015777298180870095, 0.014801143388308149, 0.01369182566829839, 0.012333871862491156, 0.010707352798957352, 0.008894860526613176, 0.007054966701292269, 0.0053616912968374696, 0.003939524595818177, 0.002910019817786887, 0.002871206077452162, 0.0028328680723322757, 0.0027950027743602725, 0.0027576070147961674]
}