{
    "schema_name": "pyscf_apdft_output",
    "provenance": {
        "creator": "PySCF",
        "version": "1.7.6"
    },
    "molecule": {
        "geometry": [[0.0, 0.0, 0.0]],
        "symbols": [ "Si" ]
    },
    "molecular_charge": -2,
    "molecular_multiplicity": 3,
    "name": "si.chrg-2.mult3-pyscf-uccsdt.augccpvtz",
    "atomic_numbers": [ 14 ],
    "n_electrons": 16,
    "model": {
        "method": "UCCSD(T)",
        "basis": "aug-cc-pVTZ",
        "scf_conv_tol": 1e-09,
        "scf_conv_tol_grad": 1e-06,
        "cc_conv_tol": 1e-05,
        "cc_conv_tol_normt": 1e-07
    },
    "broken_symmetry": false,
    "finite_diff_delta": 0.01,
    "finite_diff_acc": 2,
    "apdft_lambdas": [-0.02, -0.01, 0.0, 0.01, 0.02, 0.25, 0.5, 0.75, 1.0, 1.25, 1.5, 1.75, 2.0, 2.25, 2.5, 2.75, 3.0, 3.25, 3.5, 3.75, 4.0],
    "electronic_energies": [-287.89250506439987, -288.38797521042807, -288.88368556908716, -289.3796356043222, -289.87582478027866, -301.3529312269862, -313.9639704986631, -326.70934201549835, -339.5815309053992, -352.5706567574127, -365.6663872578487, -378.85940518169866, -392.1415060533416, -405.5052511026125, -418.9437933693428, -432.45082068945027, -446.02052569239777, -459.6475630103036, -473.3269912805735, -487.0542120614538, -500.82491832119354],
    "apdft_energies": {
        "0": [-288.8836855690873, -288.8836855690873, -288.8836855690873, -288.8836855690873, -288.8836855690873, -288.8836855690873, -288.8836855690873, -288.8836855690873, -288.8836855690873, -288.8836855690873, -288.8836855690873, -288.8836855690873, -288.8836855690873, -288.8836855690873, -288.8836855690873, -288.8836855690873, -288.8836855690873, -288.8836855690873, -288.8836855690873, -288.8836855690873, -288.8836855690873],
        "1": [-287.89202517519317, -288.3878553721402, -288.8836855690873, -289.37951576603433, -289.8753459629814, -301.2794404927636, -313.67519541644, -326.0709503401163, -338.4667052637927, -350.862460187469, -363.2582151111454, -375.6539700348217, -388.0497249584981, -400.4454798821744, -412.8412348058508, -425.2369897295271, -437.6327446532035, -450.0284995768798, -462.4242545005562, -474.8200094242325, -487.2157643479089],
        "2": [-287.89250452834455, -288.38797521042807, -288.8836855690873, -289.3796356043222, -289.87582531613276, -301.35433942266627, -313.97479113605056, -326.74504070924013, -339.665088142235, -352.73493343503515, -365.9545765876406, -379.3240176000513, -392.84325647226734, -406.51229320428865, -420.33112779611525, -434.29976024774714, -448.4181905591843, -462.6864187304268, -477.10444476147455, -491.6722686523276, -506.38989040298594],
        "3": [-287.89250524295085, -288.38797529975386, -288.8836855690873, -289.3796355149964, -289.87582460152646, -301.35294370727115, -313.96362541288966, -326.7073563935721, -339.57576235694796, -352.5604690106464, -365.6531020622968, -378.84528721952853, -392.1286501899709, -405.4948166812534, -418.9354124010051, -432.44206305685555, -446.006394356434, -459.6200320073698, -473.2746017172923, -486.9617291938308, -500.6730401446148],
        "4": [-287.892505243085, -288.3879752997622, -288.8836855690873, -289.3796355150048, -289.87582460166067, -301.3529469833543, -313.9636778302194, -326.7076217563039, -339.5766010342237, -352.56251656258917, -365.6573478660054, -378.85315309507206, -392.14206902638335, -405.5163110625282, -418.96817323209007, -432.4900281896471, -446.0743272157718, -459.7136002170316, -473.40045572598837, -487.1275809011986, -500.8877415272133]
    },
    "apdft_poly_coeff": [ -288.8836855690873, -49.5830196947054, -1.1983828784423167, 0.08932578528704954, -0.0008386772757755049 ],
    "hf_energies": [-287.70254601118694, -288.1982310990428, -288.69415693725404, -289.19032302650385, -289.68672887064497, -301.1691226081582, -313.79866254976207, -326.54381923506924, -339.42065870221234, -352.41520572785856, -365.5156865213547, -378.71309358825886, -391.9994405462693, -405.3674429248674, -418.81037299856246, -432.32200144985933, -445.8965593686238, -459.5286933262404, -473.2134132309084, -486.9460429049192, -500.72218252000397],
    "triples_corrections": [-0.010779554568504669, -0.010770828261477758, -0.010761580346641203, -0.010751816066401578, -0.010741537386252727, -0.010358087479571074, -0.00835872827884222, -0.007448214858660924, -0.006589428705217817, -0.005755062309527612, -0.005102884314941997, -0.004546365164874814, -0.004053646984218801, -0.0036165784484408995, -0.0032305845448799128, -0.0028895107384065174, -0.002586299873213921, -0.0023143733082176556, -0.002068434261421977, -0.0018446892859738688, -0.0016407355494968056],
    "scf_converged": [true, true, true, true, true, true, true, true, true, true, true, true, true, true, true, true, true, true, true, true, true],
    "cc_converged": [true, true, true, true, true, true, true, true, true, true, true, true, true, true, true, true, true, true, true, true, true],
    "scf_spin_squared": [2.06164848931716, 2.061513655797355, 2.061392196492423, 2.061286116069776, 2.0611969381821114, 2.0692255043077417, 2.635678569769931, 2.3301772067438273, 2.0292799664961985, 2.0178630414530865, 2.0155749195823383, 2.0145528544600424, 2.0138132351346734, 2.0131448405236974, 2.012497650315585, 2.0118620841792865, 2.0112368826428346, 2.0106205676785525, 2.010010993962611, 2.009406486175089, 2.0088072201513514],
    "cc_spin_squared": [2.0142941341658425, 2.014708634789767, 2.015122844339669, 2.015535738179731, 2.0159462894673346, 2.0217888435313878, 2.054196803896432, 2.0171896859854903, 2.003767606682641, 2.001469180898806, 2.000866211124699, 2.0006446953806614, 2.0005264841140544, 2.0004442845821786, 2.0003793631536237, 2.000325460280699, 2.0002796800319964, 2.000240355926191, 2.000206356984364, 2.0001768662153876, 2.000151279997334]
}