{
    "schema_name": "pyscf_apdft_output",
    "provenance": {
        "creator": "PySCF",
        "version": "1.7.6"
    },
    "molecule": {
        "geometry": [[0.0, 0.0, 0.0]],
        "symbols": [ "P" ]
    },
    "molecular_charge": 0,
    "molecular_multiplicity": 2,
    "name": "p.chrg0.mult2-pyscf-uccsdt.augccpv5z",
    "atomic_numbers": [ 15 ],
    "n_electrons": 15,
    "model": {
        "method": "UCCSD(T)",
        "basis": "aug-cc-pV5Z",
        "scf_conv_tol": 1e-09,
        "scf_conv_tol_grad": 1e-06,
        "cc_conv_tol": 1e-05,
        "cc_conv_tol_normt": 1e-07
    },
    "broken_symmetry": false,
    "finite_diff_delta": 0.01,
    "finite_diff_acc": 2,
    "apdft_lambdas": [-2.0, -1.75, -1.5, -1.25, -1.0, -0.75, -0.5, -0.25, -0.02, -0.01, 0.0, 0.01, 0.02, 0.25, 0.5, 0.75, 1.0, 1.25, 1.5, 1.75, 2.0],
    "electronic_energies": [-239.1471079024884, -251.1079188659002, -263.3010748631354, -275.7376698356464, -288.3563738919114, -301.20456719569904, -314.25608034783914, -327.5031491940352, -339.8572292775323, -340.3979099914456, -340.93888311370813, -341.48014827593585, -342.0217051113762, -354.55719227476203, -368.35260248887, -382.32013722650913, -396.4552374705448, -410.753690868444, -425.21156144053447, -439.82512094431377, -454.5907900374911],
    "apdft_energies": {
        "0": [-340.93888311371, -340.93888311371, -340.93888311371, -340.93888311371, -340.93888311371, -340.93888311371, -340.93888311371, -340.93888311371, -340.93888311371, -340.93888311371, -340.93888311371, -340.93888311371, -340.93888311371, -340.93888311371, -340.93888311371, -340.93888311371, -340.93888311371, -340.93888311371, -340.93888311371, -340.93888311371, -340.93888311371],
        "1": [-232.7150546646855, -246.24303322081357, -259.77101177694163, -273.2989903330697, -286.82696888919776, -300.3549474453258, -313.8829260014539, -327.41090455758194, -339.85664482921976, -340.3977639714649, -340.93888311371, -341.4800022559551, -342.02112139820025, -354.46686166983807, -367.99484022596613, -381.5228187820942, -395.05079733822225, -408.5787758943503, -422.1067544504784, -435.63473300660644, -449.1627115627345],
        "2": [-238.55585389342122, -250.71489513031435, -263.05646134310547, -275.5805525317946, -288.2871686963817, -301.1763098368668, -314.24797595324986, -327.50216704553094, -339.85722890914263, -340.3979099914456, -340.93888311371, -341.48014827593585, -342.0217054781231, -354.55812415778706, -368.3598901777621, -382.34418117363515, -396.5109971454062, -410.8603380930752, -425.3922040166422, -440.1065949161072, -455.0035107914702],
        "3": [-239.0459449663308, -251.0432178607987, -263.2632185144892, -275.70020367264163, -288.3484300804954, -301.20215448328975, -314.25563362626406, -327.50312425465773, -339.8572293992337, -340.397910052707, -340.93888311371, -341.48014821467444, -342.02170498803207, -354.55716694866027, -368.3522325047479, -382.3183365272122, -396.44973576129246, -410.74068695222815, -425.18544684525847, -439.7782721856229, -454.5134197185606],
        "4": [-239.15544812842427, -251.10740660400828, -263.29786599937034, -275.71691252916224, -288.35527402812625, -301.2043199510948, -314.256061372991, -327.50315098882817, -339.8572294003287, -340.39791005277544, -340.93888311371, -341.4801482147429, -342.0217049891271, -354.5571936828307, -368.35266025147484, -382.32050199501725, -396.4565797089233, -410.75739580874875, -425.2200943301396, -439.84246092883245, -454.6229228806541]
    },
    "apdft_poly_coeff": [ -340.93888311371, -54.11191422451225, -1.4601998071839262, 0.06126138411370144, -0.006843947630841285 ],
    "hf_energies": [-238.82269446186666, -250.78389747190346, -262.9784784342785, -275.4340023883026, -288.03937312025585, -300.8904114263537, -313.9447945612741, -327.19474253102777, -339.5514542695213, -340.0922486449531, -340.6333353542792, -341.17471402811833, -341.71638429867653, -354.254457812533, -368.05262724051386, -382.0228662144942, -396.16061842882056, -410.4616767746696, -424.92211172572144, -439.5382022350302, -454.3063742935443],
    "triples_corrections": [-0.009512694937559161, -0.009766276356670935, -0.009867747163527497, -0.009439772531667447, -0.009628805791889898, -0.009624525237730419, -0.009706042177799645, -0.009837105933816946, -0.009984292811674364, -0.009991145545862053, -0.009998032218881753, -0.010004952420512744, -0.010011905746152175, -0.010180122139110051, -0.010377802312204174, -0.010587685823681326, -0.010807210610017664, -0.011033948968614248, -0.01126562736991356, -0.011499434608500121, -0.011732283415347088],
    "scf_converged": [true, true, true, true, true, true, true, true, true, true, true, true, true, true, true, true, true, true, true, true, true],
    "cc_converged": [true, true, true, true, true, true, true, true, true, true, true, true, true, true, true, true, true, true, true, true, true],
    "scf_spin_squared": [0.7671077876408097, 0.7775297569724113, 0.7899802600986012, 1.805448794891186, 0.7790527524916833, 0.7675230023545616, 0.7657802449496458, 0.764869659695325, 0.7642166706726137, 0.7641905702446117, 0.764164629822722, 0.764138846923462, 0.7641132191898423, 0.7635625864095541, 0.7630384235919365, 0.7625834005534893, 0.7621921573478634, 0.7618592499781558, 0.7615788853421037, 0.7613454087322546, 0.7611537664163395],
    "cc_spin_squared": [0.7510322386088046, 0.7513225797966254, 0.7514971963370627, 2.238363843992604, 0.7515751483805775, 0.7508734899333236, 0.7506322561870462, 0.7505213089727394, 0.7504599175322233, 0.7504577173852227, 0.7504555469613376, 0.7504534054354117, 0.7504512920172854, 0.7504090271219774, 0.7503729965107282, 0.7503438976533165, 0.750319872282899, 0.7502997389398485, 0.7502826452965246, 0.7502679627724675, 0.7502552206387185]
}