{
    "schema_name": "pyscf_apdft_output",
    "provenance": {
        "creator": "PySCF",
        "version": "1.7.6"
    },
    "molecule": {
        "geometry": [[0.0, 0.0, 0.0]],
        "symbols": [ "Be" ]
    },
    "molecular_charge": 1,
    "molecular_multiplicity": 2,
    "name": "be.chrg1.mult2-pyscf-uccsdt.augccpvdz",
    "atomic_numbers": [ 4 ],
    "n_electrons": 3,
    "model": {
        "method": "UCCSD(T)",
        "basis": "aug-cc-pVDZ",
        "scf_conv_tol": 1e-09,
        "scf_conv_tol_grad": 1e-06,
        "cc_conv_tol": 1e-05,
        "cc_conv_tol_normt": 1e-07
    },
    "broken_symmetry": false,
    "finite_diff_delta": 0.01,
    "finite_diff_acc": 2,
    "apdft_lambdas": [-3.0, -2.75, -2.5, -2.25, -2.0, -1.75, -1.5, -1.25, -1.0, -0.75, -0.5, -0.25, -0.02, -0.01, 0.0, 0.01, 0.02, 0.25, 0.5, 0.75, 1.0],
    "electronic_energies": [-0.2958207685155795, -0.5868111582110691, -0.9423133003817104, -1.385344567790895, -1.9711304101002844, -2.7695646439168833, -3.8160987180215544, -5.122830173041831, -6.680309833251429, -8.474622192732364, -10.356240633244866, -12.299955357908859, -14.11732394709624, -14.196762240601974, -14.276229582412505, -14.35572536083953, -14.435248980321207, -16.270812294685015, -18.276471779768293, -20.289269073786, -22.30691039821607],
    "apdft_energies": {
        "0": [-14.276229582412503, -14.276229582412503, -14.276229582412503, -14.276229582412503, -14.276229582412503, -14.276229582412503, -14.276229582412503, -14.276229582412503, -14.276229582412503, -14.276229582412503, -14.276229582412503, -14.276229582412503, -14.276229582412503, -14.276229582412503, -14.276229582412503, -14.276229582412503, -14.276229582412503, -14.276229582412503, -14.276229582412503, -14.276229582412503, -14.276229582412503],
        "1": [9.568238453221012, 7.581199450251551, 5.5941604472820945, 3.607121444312634, 1.6200824413431736, -0.36695656162628687, -2.3539955645957455, -4.341034567565204, -6.328073570534665, -8.315112573504123, -10.302151576473584, -12.289190579443044, -14.117266462174946, -14.196748022293725, -14.276229582412503, -14.35571114253128, -14.43519270265006, -16.26326858538196, -18.250307588351422, -20.237346591320883, -22.22438559429034],
        "2": [8.288590710811716, 6.505939888921519, 4.70551618172008, 2.8873195892074026, 1.0513501113834867, -0.8023922517516713, -2.6739075001980694, -4.563195633955708, -6.470256653024586, -8.395090557404705, -10.337697347096064, -12.298077022098663, -14.117323335407942, -14.196762240601974, -14.276229582412503, -14.35572536083953, -14.435249575883056, -16.27215502803758, -18.285853358973903, -20.317324575221463, -22.36656867678026],
        "3": [5.572277880147736, 4.413687355580224, 3.1335758861969456, 1.7413751137710367, 0.24651668007564176, -1.3415677731161075, -3.013446604031067, -4.7596881708961, -6.5708608319380675, -8.437532945383829, -10.35027286946025, -12.299648962394187, -14.117324140241374, -14.196762341206153, -14.276229582412503, -14.355725260235351, -14.435248771049624, -16.27058308774206, -18.27327783660972, -20.274882187242337, -22.265964497866783],
        "4": [0.12960356890761027, 0.5707960269311751, 0.5088294012238919, 0.01927894498021665, -0.8285794801693225, -1.9717694041581364, -3.353613748483575, -4.923734826206916, -6.638054341953377, -8.458793391912112, -10.354472463836206, -12.299911437042685, -14.117324150992335, -14.196762341878088, -14.276229582412503, -14.355725260907287, -14.435248781800587, -16.270845562390555, -18.277477430985673, -20.29614263377062, -22.33315800788209]
    },
    "apdft_poly_coeff": [ -14.276229582412503, -7.948156011877838, -0.14218308248992173, 0.10060417891348074, -0.0671935100153102 ],
    "hf_energies": [-0.26883426624283896, -0.5600373610636432, -0.914913879049625, -1.3550098179486567, -1.9299742894408638, -2.7101058883413836, -3.756028990153681, -5.086902751912237, -6.66598979388123, -8.470719195113265, -10.35465953083213, -12.299081320722113, -14.11672008961343, -14.196166554393589, -14.275641860757176, -14.355145404676463, -14.434676597888041, -16.270373863250878, -18.27612466896013, -20.288983450232188, -22.306668812943002],
    "triples_corrections": [-0.00010939208682088463, -6.124737663327584e-05, -3.462952444884075e-05, -2.4044642729083086e-05, -2.4363242289894782e-05, -4.051359224873332e-05, -9.231309031565901e-05, -0.0001492367154951813, -8.448992130762373e-05, -1.7062576452607315e-05, -4.496965879034452e-06, -1.2593855001536237e-06, -4.497332012374969e-07, -4.3144775642770804e-07, -4.140159702380033e-07, -3.973937767327882e-07, -3.8153955645704764e-07, -1.6031930185923237e-07, -7.144223518200601e-08, -3.568566947851709e-08, -1.953336206926142e-08],
    "scf_converged": [true, true, true, true, true, true, true, true, true, true, true, true, true, true, true, true, true, true, true, true, true],
    "cc_converged": [true, true, true, true, true, true, true, true, true, true, true, true, true, true, true, true, true, true, true, true, true],
    "scf_spin_squared": [0.7822942160443722, 0.7501849099560397, 0.7500091733605155, 0.7500022022308362, 0.7500021452673468, 0.7500050284491904, 0.7500238135968965, 0.7500869265153542, 0.7500789171837697, 0.7500718073851638, 0.7500204046512606, 0.7500045740803996, 0.7500010690604578, 0.7500010016040539, 0.750000938193201, 0.7500008785902286, 0.7500008225713269, 0.7500001628337065, 0.7500000155455099, 0.7500000007976343, 0.7500000089481418],
    "cc_spin_squared": [0.7501166481929147, 0.7500038700230574, 0.7500001963495059, 0.7500000429445933, 0.7500000668174736, 0.7500002922075913, 0.7500013004431075, 0.7500027048347144, 0.7500009992818434, 0.7500001803591653, 0.7500000493388861, 0.7500000134461462, 0.7500000046527892, 0.7500000044577353, 0.7500000042719858, 0.7500000040950493, 0.7500000039264636, 0.7500000015981546, 0.750000000684768, 0.7500000003270804, 0.7500000001703578]
}