{
    "schema_name": "pyscf_qa_output",
    "provenance": {
        "creator": "PySCF",
        "version": "1.7.6"
    },
    "molecule": {
        "geometry": [[0.0, 0.0, 0.0]],
        "symbols": [ "Al" ]
    },
    "molecular_charge": 2,
    "molecular_multiplicity": 4,
    "name": "al.chrg2.mult4-pyscf-uccsdt.augccpvtz",
    "atomic_numbers": [ 13 ],
    "n_electrons": 11,
    "model": {
        "method": "UCCSD(T)",
        "basis": "aug-cc-pVTZ",
        "scf_conv_tol": 1e-09,
        "scf_conv_tol_grad": 1e-06,
        "cc_conv_tol": 1e-05,
        "cc_conv_tol_normt": 1e-07
    },
    "broken_symmetry": false,
    "finite_diff_delta": 0.01,
    "finite_diff_acc": 2,
    "qa_lambdas": [-4.0, -3.75, -3.5, -3.25, -3.0, -2.75, -2.5, -2.25, -2.0, -1.75, -1.5, -1.25, -1.0, -0.75, -0.5, -0.25, -0.02, -0.01, 0.0, 0.01, 0.02],
    "electronic_energies": [-88.94270786609314, -96.32315933236096, -104.0388885481587, -112.02302065924502, -120.35858616329739, -129.56964832100059, -138.4969875713758, -147.6701304010538, -157.06402204789381, -166.67317547673508, -176.4554089798616, -186.40685909670836, -196.51360724628321, -206.76276573094316, -217.14237922739562, -227.64133101778765, -237.3633318112844, -237.7893298720269, -238.24922138146886, -238.64180179541944, -239.06827438140667],
    "qats_energies": {
        "0": [-238.21548676375508, -238.21548676375508, -238.21548676375508, -238.21548676375508, -238.21548676375508, -238.21548676375508, -238.21548676375508, -238.21548676375508, -238.21548676375508, -238.21548676375508, -238.21548676375508, -238.21548676375508, -238.21548676375508, -238.21548676375508, -238.21548676375508, -238.21548676375508, -238.21548676375508, -238.21548676375508, -238.21548676375508, -238.21548676375508, -238.21548676375508],
        "1": [-67.72110208524944, -78.37700112765603, -89.03290017006265, -99.68879921246926, -110.34469825487585, -121.00059729728245, -131.65649633968906, -142.31239538209564, -152.96829442450226, -163.62419346690888, -174.28009250931547, -184.93599155172205, -195.59189059412867, -206.2477896365353, -216.90368867894188, -227.55958772134846, -237.36301484036255, -237.7892508020588, -238.21548676375508, -238.64172272545136, -239.0679586871476],
        "2": [-80.37229698041963, -89.49621539098922, -98.71897126167732, -108.04056459248395, -117.46099538340908, -126.98026363445274, -136.5983693456149, -146.3153125168956, -156.1310931482948, -166.04571123981253, -176.05916679144877, -186.17145980320353, -196.3825902750768, -206.6925582070686, -217.1013635991789, -227.60900645140774, -237.36333112023493, -237.7893298720269, -238.21548676375508, -238.64180179541944, -239.06827496702],
        "3": [-87.1811652490311, -95.10654996290418, -103.28038105881353, -111.69268460863125, -120.33348668422954, -129.19281335748053, -138.2606907002564, -147.52714478442923, -156.98220168187123, -166.61588746445454, -176.41822820405133, -186.37924997253373, -196.48897884177387, -206.73744088364393, -217.11466217001603, -227.61066877276238, -237.36333197134346, -237.78932997841548, -238.21548676375508, -238.64180168903087, -239.06827411591146],
        "4": [-199.64643032020584, -181.98329013972642, -169.20545465156025, -160.7057527802899, -155.91819946065593, -154.3179956375567, -155.42152826604843, -158.7863703113454, -164.01128074881967, -170.73620456400124, -178.64227275257798, -187.4518023203957, -196.92829628345814, -206.87644366792682, -217.14211951012132, -227.61238485651896, -237.36333204163427, -237.78932998280865, -238.21548676375508, -238.64180169342404, -239.06827418620225]
    },
    "qats_poly_coeffs": [ -238.21548676375508, -42.62359616962641, -0.790699680948137, 0.10638856669705393, -0.4393174416842764 ],
    "hf_energies": [-88.7558414774635, -96.14615561039699, -103.85325891604035, -111.85910070062539, -120.19966602123876, -129.4376894173832, -138.3683344799676, -147.5462500643632, -156.94641133756633, -166.5611050251407, -176.35115475288143, -186.31093518380416, -196.42613063528105, -206.6834483631947, -217.07054843363, -227.5759957065275, -237.31323329708079, -237.73948701542818, -238.18918522706258, -238.5924646511771, -239.0191873444073],
    "triples_corrections": [-0.006233661229534754, -0.004678515300058094, -0.015977063585411254, -0.003678397087665171, -0.019412375794504434, -0.0011763295109147502, -0.0009593329096448628, -0.0009708299469848861, -0.0010681658784694986, -0.002267449855874285, -0.0028617907365218885, -0.0035385004639506023, -0.004260708461216544, -0.0050040265627582575, -0.005759384912755786, -0.006520843843640125, -0.002727660448269567, -0.0027349718054604905, -0.007268430682075526, -0.002749514744162983, -0.002756682717473686],
    "scf_converged": [true, true, true, true, true, true, true, true, true, true, true, true, true, true, true, true, true, true, true, true, true],
    "cc_converged": [true, true, false, true, false, true, true, true, true, true, true, true, true, true, true, true, true, true, true, true, true],
    "scf_spin_squared": [3.750946635508698, 3.7507683027214687, 3.7507017080656366, 3.750703657354433, 3.7507107840136795, 3.7513286529220586, 3.751110376163404, 3.75096920851012, 3.75085923545287, 3.7507679603528192, 3.750678490453049, 3.7505960910440446, 3.750518572706971, 3.750445595879941, 3.7503778229927347, 3.750316148016161, 3.7503008389070636, 3.7502985919856355, 3.7502612531010966, 3.750294125597737, 3.7502919058645903],
    "cc_spin_squared": [3.7501695470924408, 3.7501021065638707, null, 3.7500804221405644, null, 3.7500317967088277, 3.750022111744616, 3.7500208856495068, 3.7500204673775226, 3.7500644394052842, 3.750079760695068, 3.7500972019135155, 3.7501152113326657, 3.7501322087934157, 3.7501467604037035, 3.750157403825157, 3.7500320122562045, 3.750032026924002, 3.7501626264587693, 3.750032052846928, 3.7500320633447144]
}