{
    "schema_name": "pyscf_apdft_output",
    "provenance": {
        "creator": "PySCF",
        "version": "1.7.6"
    },
    "molecule": {
        "geometry": [[0.0, 0.0, 0.0]],
        "symbols": [ "Cl" ]
    },
    "molecular_charge": 2,
    "molecular_multiplicity": 4,
    "name": "cl.chrg2.mult4-pyscf-uccsdt.augccpvqz",
    "atomic_numbers": [ 17 ],
    "n_electrons": 15,
    "model": {
        "method": "UCCSD(T)",
        "basis": "aug-cc-pVQZ",
        "scf_conv_tol": 1e-09,
        "scf_conv_tol_grad": 1e-06,
        "cc_conv_tol": 1e-07,
        "cc_conv_tol_normt": 1e-05
    },
    "broken_symmetry": false,
    "finite_diff_delta": 0.01,
    "finite_diff_acc": 2,
    "apdft_lambdas": [-4.0, -3.75, -3.5, -3.25, -3.0, -2.75, -2.5, -2.25, -2.0, -1.75, -1.5, -1.25, -1.0, -0.75, -0.5, -0.25, -0.02, -0.01, 0.0, 0.01, 0.02],
    "electronic_energies": [-228.61786287497128, -241.08657434218287, -253.8776149477001, -266.9765741655891, -280.3683229950805, -294.0371153948009, -307.96681266220213, -322.1413284679497, -336.5450990345589, -351.163343869576, -365.9821093953885, -380.9882104770935, -396.169155794984, -411.5130900956836, -427.0087556023087, -442.6454654144058, -457.1470871075954, -457.7799886019905, -458.41308472491164, -459.0463748785748, -459.6798584665514],
    "apdft_energies": {
        "0": [-458.4130847249115, -458.4130847249115, -458.4130847249115, -458.4130847249115, -458.4130847249115, -458.4130847249115, -458.4130847249115, -458.4130847249115, -458.4130847249115, -458.4130847249115, -458.4130847249115, -458.4130847249115, -458.4130847249115, -458.4130847249115, -458.4130847249115, -458.4130847249115, -458.4130847249115, -458.4130847249115, -458.4130847249115, -458.4130847249115, -458.4130847249115],
        "1": [-205.13582940805452, -220.96565786535808, -236.79548632266165, -252.6253147799652, -268.45514323726877, -284.28497169457233, -300.1148001518759, -315.94462860917946, -331.774457066483, -347.6042855237866, -363.43411398109015, -379.2639424383937, -395.0937708956973, -410.92359935300084, -426.7534278103044, -442.58325626760796, -457.14669844832724, -457.7798915866194, -458.4130847249115, -459.04627786320367, -459.6794710014958],
        "2": [-220.65828878806303, -234.6084444298187, -248.67986928548066, -262.87256335504895, -277.18652663852356, -291.6217591359045, -306.1782608471917, -320.8560317723853, -335.65507191148515, -350.57538126449134, -365.61695983140385, -380.77980761222267, -396.0639246069478, -411.46931081557926, -426.99596623811703, -442.6438908745611, -457.14708650981174, -457.7799886019905, -458.4130847249115, -459.0463748785748, -459.6798590629803],
        "3": [-227.02742228008285, -239.85644871096292, -252.9466911365799, -266.2888197715449, -279.8735048304694, -293.69141652796463, -307.7332250786419, -321.98960069711245, -336.45121359798765, -351.10873399587877, -365.9528321053971, -380.97417814115397, -396.1634423177606, -411.5112948498284, -427.00840595196865, -442.64544583879257, -457.14708730595345, -457.7799887015082, -458.4130847249115, -459.0463747790571, -459.6798582668386],
        "4": [-228.47260936120003, -240.97282133031044, -253.7938332707992, -266.918641369198, -280.33077105535415, -294.01427700243113, -307.9537431269081, -322.1342825885799, -336.54153779055747, -351.16168037926747, -365.9814112444524, -380.98796051917054, -396.1690875797962, -411.51308104601935, -427.0087587808459, -442.6454678905974, -457.1470873068567, -457.77998870156466, -458.4130847249115, -459.04637477911353, -459.67985826774185]
    },
    "apdft_poly_coeff": [ -458.4130847249115, -63.31931382921425, -0.9701537112505321, 0.09951771081280941, -0.005645262035613996 ],
    "hf_energies": [-228.30597673772098, -240.77554543013449, -253.5695210640739, -266.6736319557855, -280.07247688336287, -293.74982889857296, -307.689094117161, -321.87383093903384, -336.288173876531, -350.91705820828753, -365.74626669490175, -380.7623864290025, -395.9527460075816, -411.30536197125366, -426.8088980505127, -442.45263312410583, -456.959972933388, -457.59310714328745, -458.22643467629786, -458.8599549373296, -459.4936673326996],
    "triples_corrections": [-0.0076932073178279685, -0.008085880511958084, -0.008300905987049297, -0.008306396837381288, -0.008138148197974872, -0.007878340495170005, -0.007593720765744686, -0.007309128367582479, -0.007025245613101657, -0.006738750557587121, -0.006449552358898285, -0.006160874175246962, -0.005877536341925052, -0.0056044116565163535, -0.005345485416014622, -0.005103442769037823, -0.004896861913209627, -0.004888236285534474, -0.0048796403218832165, -0.004871074005152581, -0.004862537316058789],
    "scf_converged": [true, true, true, true, true, true, true, true, true, true, true, true, true, true, true, true, true, true, true, true, true],
    "cc_converged": [true, true, true, true, true, true, true, true, true, true, true, true, true, true, true, true, true, true, true, true, true],
    "scf_spin_squared": [3.7544109180264957, 3.751523760508954, 3.750399048470338, 3.750616016260656, 3.7512735465062876, 3.751687052745879, 3.751705996561941, 3.7515020450574186, 3.7512614491988394, 3.7510742104317583, 3.7509568713977206, 3.750895010643209, 3.7508684621489037, 3.750861172844849, 3.750863108461143, 3.7508690195588743, 3.750875892669736, 3.7508762065787185, 3.750876521256478, 3.7508768366503356, 3.750877152708062],
    "cc_spin_squared": [3.751240897545171, 3.7512582961786944, 3.7512196416405303, 3.751153630245754, 3.7510746568143642, 3.7509859964826036, 3.7508921848045307, 3.750800793635201, 3.7507175556092394, 3.7506447006218986, 3.7505819810505274, 3.7505282338770876, 3.7504821682025606, 3.7504426239377247, 3.7504086106951853, 3.7503792761403916, 3.7503557671644563, 3.7503548130485727, 3.7503538642092846, 3.7503529206073876, 3.750351982204101]
}