{
    "schema_name": "pyscf_qa_output",
    "provenance": {
        "creator": "PySCF",
        "version": "1.7.6"
    },
    "molecule": {
        "geometry": [[0.0, 0.0, 0.0]],
        "symbols": [ "C" ]
    },
    "molecular_charge": 1,
    "molecular_multiplicity": 2,
    "name": "c.chrg1.mult2-pyscf-uccsdt.augccpvqz",
    "atomic_numbers": [ 6 ],
    "n_electrons": 5,
    "model": {
        "method": "UCCSD(T)",
        "basis": "aug-cc-pVQZ",
        "scf_conv_tol": 1e-09,
        "scf_conv_tol_grad": 1e-06,
        "cc_conv_tol": 1e-07,
        "cc_conv_tol_normt": 1e-05
    },
    "broken_symmetry": false,
    "finite_diff_delta": 0.01,
    "finite_diff_acc": 2,
    "qa_lambdas": [-3.0, -2.75, -2.5, -2.25, -2.0, -1.75, -1.5, -1.25, -1.0, -0.75, -0.5, -0.25, -0.02, -0.01, 0.0, 0.01, 0.02, 0.25, 0.5, 0.75, 1.0],
    "electronic_energies": [-7.1944262480221, -8.870355056146316, -10.622356906175607, -12.534595937601571, -14.611415173985796, -16.85672490702044, -19.273934655363558, -21.86426246463411, -24.62716533625482, -27.562165886803783, -30.669239373173347, -33.94844989255404, -37.11721077637421, -37.25827888881547, -37.39962126252115, -37.54123783980324, -37.68312856133638, -41.02211678477, -44.814665673616844, -48.775228762212855, -52.900926055594745],
    "qats_energies": {
        "0": [-37.399621262521165, -37.399621262521165, -37.399621262521165, -37.399621262521165, -37.399621262521165, -37.399621262521165, -37.399621262521165, -37.399621262521165, -37.399621262521165, -37.399621262521165, -37.399621262521165, -37.399621262521165, -37.399621262521165, -37.399621262521165, -37.399621262521165, -37.399621262521165, -37.399621262521165, -37.399621262521165, -37.399621262521165, -37.399621262521165, -37.399621262521165],
        "1": [5.044221385644221, 1.5072344982971089, -2.02975238905001, -5.566739276397126, -9.103726163744241, -12.640713051091357, -16.177699938438472, -19.714686825785588, -23.251673713132703, -26.78866060047982, -30.325647487826934, -33.86263437517405, -37.116662311533396, -37.258141787027284, -37.399621262521165, -37.54110073801505, -37.682580213508935, -40.93660814986828, -44.4735950372154, -48.010581924562516, -51.54756881190963],
        "2": [-7.294939551209723, -8.861088233364889, -10.598614150754138, -12.507517303377469, -14.587797691234883, -16.83945531432638, -19.262490172651958, -21.85690226621162, -24.622691595005364, -27.55985815903319, -30.6684019582951, -33.94832299279109, -37.117210718686145, -37.25827888881547, -37.399621262521165, -37.54123783980324, -37.683128620661684, -41.02229676748532, -44.81634950768356, -48.78177948311588, -52.91858669378229],
        "3": [-7.558219620955242, -9.063880925975589, -10.75097530222724, -12.618588582801358, -14.66580660078911, -16.891715189281655, -19.295400181370148, -21.875947410145756, -24.632442708699642, -27.563971910122966, -30.669620847506884, -33.94847535394256, -37.117210796695055, -37.25827889856658, -37.399621262521165, -37.541237830052125, -37.683128542652774, -41.02214440633385, -44.81513061847178, -48.77766573202611, -52.90883558008801],
        "4": [-7.005648831830058, -8.673729068163965, -10.484496333706225, -12.44375173155472, -14.556656815282903, -16.827733588939758, -19.260864507049824, -21.859292474613195, -24.625620847105502, -27.561813430477944, -30.669194481157252, -33.94844870604571, -37.117210795603555, -37.25827889849836, -37.399621262521165, -37.541237829983906, -37.683128541561274, -41.022117758437, -44.81470425212214, -48.77550725238109, -52.90201371849387]
    },
    "qats_poly_coeffs": [ -37.399621262521165, -14.147947549388462, -1.3710178818726604, 0.0097511136942785, 0.006821861594138075 ],
    "hf_energies": [-7.126176107756112, -8.790307752851163, -10.54040862911258, -12.449403878817623, -14.522532234602302, -16.764650945418115, -19.17954969841788, -21.76797217360795, -24.52912641130579, -27.462540899785672, -30.568217551855973, -33.846249146451946, -37.014145697604825, -37.155181371322605, -37.29649174592794, -37.43807676474249, -37.57993636939435, -40.918332050416, -44.71050216923446, -48.670940056680635, -52.79671905997635],
    "triples_corrections": [-0.00218766222871955, -0.0015738407643653232, -0.0017339979225821785, -0.0019349627650893848, -0.002104356213534353, -0.0021561742588362093, -0.0020788477945370793, -0.0019762796265438837, -0.0018931273655826523, -0.001822215878394744, -0.0017560735456606613, -0.001692179358851675, -0.0016347171070847904, -0.0016322417724099092, -0.0016297681345608345, -0.0016272961674747128, -0.0016248258451374877, -0.001568404270229381, -0.0015076931281059205, -0.0014472965309720812, -0.0013869419309774454],
    "scf_converged": [true, true, true, true, true, true, true, true, true, true, true, true, true, true, true, true, true, true, true, true, true],
    "cc_converged": [true, true, true, true, true, true, true, true, true, true, true, true, true, true, true, true, true, true, true, true, true],
    "scf_spin_squared": [1.750003152547699, 0.7790942906625069, 0.7760333132298265, 0.77100891004961, 0.7664127335344066, 0.7646555060814086, 0.7642615181652639, 0.7630335240546464, 0.7613913544441759, 0.7598945120188494, 0.7586290736152548, 0.7575610011121867, 0.7567270556757772, 0.7566937401518483, 0.7566606578642827, 0.7566278073296204, 0.7565951870557632, 0.7559049143543111, 0.7552692185105849, 0.7547287558196454, 0.7542623671052926],
    "cc_spin_squared": [3.1064747045596115, 0.7502432603182599, 0.7502378633379367, 0.7502339777014175, 0.750225565297393, 0.7502036724492578, 0.7501639833533897, 0.7501228391122703, 0.7500925128944997, 0.7500717052386852, 0.7500569775437964, 0.7500461180897882, 0.7500384649347823, 0.7500381728537102, 0.7500378838037696, 0.7500375977468245, 0.7500373146452494, 0.7500315400730195, 0.7500265754996422, 0.7500226265065217, 0.750019434025575]
}