{
    "schema_name": "pyscf_apdft_output",
    "provenance": {
        "creator": "PySCF",
        "version": "1.7.6"
    },
    "molecule": {
        "geometry": [[0.0, 0.0, 0.0]],
        "symbols": [ "O" ]
    },
    "molecular_charge": 0,
    "molecular_multiplicity": 1,
    "name": "o.chrg0.mult1-pyscf-ccsdt.augccpv5z",
    "atomic_numbers": [ 8 ],
    "n_electrons": 8,
    "model": {
        "method": "CCSD(T)",
        "basis": "aug-cc-pV5Z",
        "scf_conv_tol": 1e-09,
        "scf_conv_tol_grad": 1e-06,
        "cc_conv_tol": 1e-07,
        "cc_conv_tol_normt": 1e-05
    },
    "broken_symmetry": false,
    "finite_diff_delta": 0.01,
    "finite_diff_acc": 2,
    "apdft_lambdas": [-2.0, -1.75, -1.5, -1.25, -1.0, -0.75, -0.5, -0.25, -0.02, -0.01, 0.0, 0.01, 0.02, 0.25, 0.5, 0.75, 1.0, 1.25, 1.5, 1.75, 2.0],
    "electronic_energies": [-37.61063916673534, -41.507745892416224, -45.61869012326855, -49.94873213660012, -54.50225428389255, -59.280986971237425, -64.28396335190045, -69.5096313163095, -74.51293559218252, -74.73471328843127, -74.9568440998558, -75.17932797444999, -75.40216485922777, -80.62472287049334, -86.51241949782388, -92.61900099816063, -98.94337924851449, -105.48425774999947, -112.24008588437711, -119.2090256796216, -126.38893388799107],
    "apdft_energies": {
        "0": [-74.95684409996271, -74.95684409996271, -74.95684409996271, -74.95684409996271, -74.95684409996271, -74.95684409996271, -74.95684409996271, -74.95684409996271, -74.95684409996271, -74.95684409996271, -74.95684409996271, -74.95684409996271, -74.95684409996271, -74.95684409996271, -74.95684409996271, -74.95684409996271, -74.95684409996271, -74.95684409996271, -74.95684409996271, -74.95684409996271, -74.95684409996271],
        "1": [-30.495375498090297, -36.05305907332435, -41.6107426485584, -47.16842622379245, -52.7261097990265, -58.283793374260554, -63.841476949494606, -69.39916052472866, -74.51222941394398, -74.73453675695335, -74.95684409996271, -75.17915144297207, -75.40145878598143, -80.51452767519676, -86.07221125043081, -91.62989482566486, -97.18757840089891, -102.74526197613297, -108.30294555136702, -113.86062912660107, -119.41831270183512],
        "2": [-37.55663461485766, -41.45933558459936, -45.58270090174004, -49.9267305662797, -54.49142457821834, -59.276782937555964, -64.28280564429257, -69.50949269842815, -74.51293553985566, -74.73471328843127, -74.95684409996271, -75.17932797444999, -75.40216491189311, -80.62485984889625, -86.51353994522877, -92.62288438896027, -98.95289318009075, -105.50356631862022, -112.27490380454866, -119.26690563787608, -126.47957181860248],
        "3": [-37.62662941237123, -41.50622663058989, -45.61222995694108, -49.94381913989142, -54.50017392790754, -59.28047406945609, -64.28389931300372, -69.50962940701704, -74.51293560985046, -74.73471329718062, -74.95684409996271, -75.17932796570064, -75.40216484189831, -80.62472314030735, -86.51244627651762, -92.61919325706015, -98.94414383040156, -105.4864777450085, -112.24537474934762, -119.22001459188554, -126.40957702108891],
        "4": [-37.60406068030286, -41.49299725419924, -45.60508906906007, -49.94037542467102, -54.49876338215327, -59.28002776396353, -64.28381115389408, -69.50962389707269, -74.51293560962478, -74.73471329716651, -74.95684409996271, -75.17932796568654, -75.40216484167263, -80.62471763036301, -86.51235811740798, -92.61874695156757, -98.94273328464729, -105.48303402978812, -112.23823386146661, -119.20678521549488, -126.38700828902054]
    },
    "apdft_poly_coeff": [ -74.95684409996271, -22.230734300936206, -1.76531477919184, 0.008749349689196604, 0.0014105457542730921 ],
    "hf_energies": [-37.35889121605521, -41.248624736281656, -45.356548525012826, -49.686589092042105, -54.24085358569263, -59.01948177944148, -64.0214500327576, -69.24563499664461, -74.24740085292433, -74.46910997230943, -74.69117212941154, -74.91358727809413, -75.13635537210887, -80.35732560933559, -86.24333011037518, -92.34830334319005, -98.67119053601012, -105.21071609532197, -111.96534172950146, -118.93323628932276, -126.11225936995976],
    "triples_corrections": [-0.015043345003132933, -0.01567091544420834, -0.015432970466556326, -0.014271151190477081, -0.012954685549594041, -0.012164654305167527, -0.011866910745456594, -0.011841707576870782, -0.011949222621602609, -0.011955845170761321, -0.01196260355433336, -0.011969495118497986, -0.011976517130639656, -0.012168956549207589, -0.012426158107812224, -0.012713264588948826, -0.013015966435909848, -0.013324444673670506, -0.013631810848058697, -0.013932900655173483, -0.014223653642576321],
    "scf_converged": [true, true, true, true, true, true, true, true, true, true, true, true, true, true, true, true, true, true, true, true, true],
    "cc_converged": [true, true, true, true, true, true, true, true, true, true, true, true, true, true, true, true, true, true, true, true, true],
    "t1_diagnostic": [0.01643730267118888, 0.01703292998141176, 0.019423928447074818, 0.018382925084931865, 0.014095773635071076, 0.009662021087907362, 0.006836222459037158, 0.0053139718413330065, 0.004511644152440945, 0.004484447476878733, 0.004457745462386571, 0.0044315247140145975, 0.004405771685821036, 0.003917770685721337, 0.003541665060893634, 0.0032592193845139535, 0.003034186142192214, 0.0028464976990152983, 0.0026846975754238655, 0.002542042487347668, 0.0024144316582965265]
}