{
    "schema_name": "pyscf_qa_output",
    "provenance": {
        "creator": "PySCF",
        "version": "1.7.6"
    },
    "molecule": {
        "geometry": [[0.0, 0.0, 0.0]],
        "symbols": [ "Li" ]
    },
    "molecular_charge": 0,
    "molecular_multiplicity": 4,
    "name": "li.chrg0.mult4-pyscf-uccsd.augccpv5z",
    "atomic_numbers": [ 3 ],
    "n_electrons": 3,
    "model": {
        "method": "UCCSD",
        "basis": "aug-cc-pV5Z",
        "scf_conv_tol": 1e-09,
        "scf_conv_tol_grad": 1e-06,
        "cc_conv_tol": 1e-07,
        "cc_conv_tol_normt": 1e-05
    },
    "broken_symmetry": false,
    "finite_diff_delta": 0.01,
    "finite_diff_acc": 2,
    "qa_lambdas": [-2.0, -1.75, -1.5, -1.25, -1.0, -0.75, -0.5, -0.25, -0.02, -0.01, 0.0, 0.01, 0.02, 0.25, 0.5, 0.75, 1.0, 1.25, 1.5, 1.75, 2.0],
    "electronic_energies": [-0.4234760009251552, -0.7385649615652542, -1.122709135130873, -1.615940493694236, -2.1766804496230128, -2.8313276897936004, -3.5811572297307896, -4.4257938255456315, -5.286469499753572, -5.325703617623442, -5.365088527611088, -5.404624178164703, -5.444310515638758, -6.398528161201424, -7.5247922309546125, -8.74140412839224, -10.044494343517531, -11.428787958988124, -12.887878275351614, -14.414723984329942, -16.002203071900194],
    "qats_energies": {
        "0": [-5.3650885276110944, -5.3650885276110944, -5.3650885276110944, -5.3650885276110944, -5.3650885276110944, -5.3650885276110944, -5.3650885276110944, -5.3650885276110944, -5.3650885276110944, -5.3650885276110944, -5.3650885276110944, -5.3650885276110944, -5.3650885276110944, -5.3650885276110944, -5.3650885276110944, -5.3650885276110944, -5.3650885276110944, -5.3650885276110944, -5.3650885276110944, -5.3650885276110944, -5.3650885276110944],
        "1": [2.5269675265149676, 1.5404605197492103, 0.5539535129834521, -0.4325534937823061, -1.4190605005480634, -2.405567507313821, -3.392074514079579, -4.378581520845337, -5.286167967069834, -5.325628247340465, -5.3650885276110944, -5.404548807881724, -5.444009088152355, -6.351595534376852, -7.33810254114261, -8.324609547908368, -9.311116554674125, -10.297623561439883, -11.28413056820564, -12.2706375749714, -13.257144581737156],
        "2": [-0.4878437926003283, -0.7677543964484386, -1.1418778540189018, -1.6102141653117181, -2.1727633303268874, -2.8295253490644097, -3.580500221524285, -4.425687947706513, -5.286469448201745, -5.325703617623442, -5.3650885276110944, -5.404624178164703, -5.444310569284267, -6.398701961238029, -7.526528248587316, -8.748567389658955, -10.06481938445295, -11.475284232969296, -12.979961935207996, -14.578852491169046, -16.271955900852454],
        "3": [-0.5579753494584914, -0.8147370605155277, -1.1714646045684391, -1.627336127435293, -2.1815297749341576, -2.833223692883102, -3.5815960271001934, -4.425824923403502, -5.286469518333302, -5.3257036263898865, -5.3650885276110944, -5.404624169398258, -5.44431049915271, -6.39856498554104, -7.5254324430114075, -8.744869045840264, -10.056052939845678, -11.45816227084572, -12.950375184658458, -14.531869827101959, -16.20182434399429],
        "4": [-0.41839627523388145, -0.732918369789628, -1.127300913114559, -1.6060380509239698, -2.1728060827951197, -2.830463462167234, -3.581050796341504, -4.425790846481084, -5.286469516937512, -5.32570362630265, -5.3650885276110944, -5.404624169311021, -5.444310497756919, -6.398530908618622, -7.524887212252717, -8.742108815124396, -10.047329247706642, -11.436864194334397, -12.906211493204577, -14.450051136376057, -16.062245269769683]
    },
    "qats_poly_coeffs": [ -5.3650885276110944, -3.946028027063031, -0.753702829778824, 0.00876644460727031, 0.008723692139038045 ],
    "hf_energies": [-0.4231683860591995, -0.7378926138226793, -1.1202733248918113, -1.6111901817332936, -2.17094985989869, -2.8253759630385407, -3.5749999219771453, -4.419543035732961, -5.280229023227145, -5.319465294040922, -5.3588524864270655, -5.39839054782558, -5.438079423664493, -6.3923896370597895, -7.518830656020156, -8.735703705859017, -10.03912716448252, -11.423790316477692, -12.883243473115607, -14.410415944395819, -15.998177303290568],
    "scf_converged": [true, true, true, true, true, true, true, true, true, true, true, true, true, true, true, true, true, true, true, true, true],
    "cc_converged": [true, true, true, true, true, true, true, true, true, true, true, true, true, true, true, true, true, true, true, true, true],
    "scf_spin_squared": [3.75, 3.75, 3.75, 3.75, 3.75, 3.75, 3.75, 3.75, 3.75, 3.75, 3.75, 3.75, 3.75, 3.75, 3.75, 3.75, 3.75, 3.75, 3.75, 3.75, 3.75],
    "cc_spin_squared": [3.7500000000000036, 3.7500000000000107, 3.7500000000000213, 3.7500000000000178, 3.7500000000000266, 3.750000000000023, 3.7500000000000204, 3.750000000000009, 3.750000000000017, 3.7500000000000133, 3.7500000000000195, 3.750000000000014, 3.7500000000000204, 3.7500000000000413, 3.7500000000001217, 3.75000000000016, 3.7500000000003633, 3.7500000000005445, 3.7500000000006475, 3.750000000000635, 3.75000000000134]
}