{
    "schema_name": "pyscf_apdft_output",
    "provenance": {
        "creator": "PySCF",
        "version": "1.7.6"
    },
    "molecule": {
        "geometry": [[0.0, 0.0, 0.0]],
        "symbols": [ "P" ]
    },
    "molecular_charge": -1,
    "molecular_multiplicity": 1,
    "name": "p.chrg-1.mult1-pyscf-ccsdt.augccpvtz",
    "atomic_numbers": [ 15 ],
    "n_electrons": 16,
    "model": {
        "method": "CCSD(T)",
        "basis": "aug-cc-pVTZ",
        "scf_conv_tol": 1e-09,
        "scf_conv_tol_grad": 1e-06,
        "cc_conv_tol": 1e-07,
        "cc_conv_tol_normt": 1e-05
    },
    "broken_symmetry": false,
    "finite_diff_delta": 0.01,
    "finite_diff_acc": 2,
    "apdft_lambdas": [-1.0, -0.75, -0.5, -0.25, -0.02, -0.01, 0.0, 0.01, 0.02, 0.25, 0.5, 0.75, 1.0, 1.25, 1.5, 1.75, 2.0, 2.25, 2.5, 2.75, 3.0],
    "electronic_energies": [-287.7256663634202, -300.7562698048504, -313.9600191012629, -327.3274211041222, -339.7613629406496, -340.30478842839494, -340.8484427461395, -341.3923251404285, -341.936434858107, -354.51194321936316, -368.30608058846315, -382.21942919896946, -396.2415616146466, -410.3630213508093, -424.5751538789681, -438.8699882393554, -453.2401740747135, -467.67894248928945, -482.18006890786415, -496.73783088750315, -511.3469631584059],
    "apdft_energies": {
        "0": [-340.84844274596287, -340.84844274596287, -340.84844274596287, -340.84844274596287, -340.84844274596287, -340.84844274596287, -340.84844274596287, -340.84844274596287, -340.84844274596287, -340.84844274596287, -340.84844274596287, -340.84844274596287, -340.84844274596287, -340.84844274596287, -340.84844274596287, -340.84844274596287, -340.84844274596287, -340.84844274596287, -340.84844274596287, -340.84844274596287, -340.84844274596287],
        "1": [-286.47160714428446, -300.0658160447041, -313.66002494512367, -327.25423384554324, -339.7609060339293, -340.30467438994606, -340.84844274596287, -341.3922111019797, -341.93597945799644, -354.4426516463825, -368.0368605468021, -381.63106944722165, -395.2252783476413, -408.8194872480609, -422.4136961484805, -436.00790504890006, -449.6021139493197, -463.1963228497393, -476.7905317501589, -490.38474065057846, -503.9789495509981],
        "2": [-287.61199163284937, -300.7072823195218, -313.9451210672649, -327.3255078760786, -339.7613621877247, -340.30478842839494, -340.84844274596287, -341.3923251404285, -341.93643561179186, -354.5139256769178, -368.3219566689433, -382.27253572203944, -396.3656628362062, -410.60133801144354, -424.9795612477515, -439.5003325451301, -454.1636519035793, -468.9695193230991, -483.91793480368955, -499.0088983453506, -514.2424099480822],
        "3": [-287.7375424405256, -300.76024906651026, -313.9608149182244, -327.3274696074485, -339.76136319213117, -340.30478855394574, -340.84844274596287, -341.3923250148777, -341.9364346073854, -354.51196394554785, -368.3062628179838, -382.21956897505106, -396.24011202852995, -410.3561215902009, -424.5558272718443, -438.8274586852404, -453.1592454421696, -467.53941715441226, -481.95620343374867, -496.3978338919593, -510.85253814082444],
        "4": [-287.7343748410096, -300.75924681822585, -313.96061694325465, -327.3274572340129, -339.76136319162435, -340.3047885539141, -340.84844274596287, -341.39232501484605, -341.9364346068786, -354.51195157211225, -368.30606484301404, -382.21856672676665, -396.23694442901393, -410.34838819294504, -424.53979129929445, -438.79775006634213, -453.1085638499133, -467.45823504337864, -481.8324690776542, -496.2166744212014, -510.59596258002694]
    },
    "apdft_poly_coeff": [ -340.84844274596287, -54.37683560167841, -1.140384488564905, 0.125550807676215, 0.0031675995160185266 ],
    "hf_energies": [-287.4911142481441, -300.52844078059326, -313.7393570139384, -327.1136325896631, -339.5529809755932, -340.09661564512953, -340.6404769100685, -341.1845640201771, -341.7288762244867, -354.30845192442064, -368.10590394986525, -382.0216964233, -396.0456355207401, -410.16846750549655, -424.3817278477087, -438.6776170820732, -453.0489264329682, -467.4889908417956, -481.99165016245445, -496.5512106943355, -511.1624072116157],
    "triples_corrections": [-0.012150905155335191, -0.012246336559550017, -0.011965014716641183, -0.011382146101829325, -0.010808011384912958, -0.010785465505601739, -0.010763200456957157, -0.010741220599386727, -0.01071953059253857, -0.010301703051867818, -0.009991078742173871, -0.009765785636619204, -0.009585790537461359, -0.009433477972173157, -0.00930048169755536, -0.009180988106023675, -0.009069310757239192, -0.00895953904314923, -0.008846021514998463, -0.008724028320336037, -0.00859029082227572],
    "scf_converged": [true, true, true, true, true, true, true, true, true, true, true, true, true, true, true, true, true, true, true, true, true],
    "cc_converged": [true, true, true, true, true, true, true, true, true, true, true, true, true, true, true, true, true, true, true, true, true],
    "t1_diagnostic": [0.011582775551348238, 0.009154080060829543, 0.008144485368340903, 0.0077461995201753685, 0.007527313893260729, 0.007520154639342802, 0.007513144944582515, 0.007506274971321255, 0.00749953501023024, 0.007356685747726053, 0.007169464295782092, 0.006957344549645179, 0.0067561414020506, 0.006574843080892437, 0.006408351411995323, 0.006249548660125925, 0.006093136671518257, 0.005935748999593372, 0.005775115101881563, 0.005609500160626493, 0.005437679488274196]
}