{
    "schema_name": "pyscf_apdft_output",
    "provenance": {
        "creator": "PySCF",
        "version": "1.7.6"
    },
    "molecule": {
        "geometry": [[0.0, 0.0, 0.0]],
        "symbols": [ "Li" ]
    },
    "molecular_charge": 1,
    "molecular_multiplicity": 3,
    "name": "li.chrg1.mult3-pyscf-uccsd.augccpv5z",
    "atomic_numbers": [ 3 ],
    "n_electrons": 2,
    "model": {
        "method": "UCCSD",
        "basis": "aug-cc-pV5Z",
        "scf_conv_tol": 1e-09,
        "scf_conv_tol_grad": 1e-06,
        "cc_conv_tol": 1e-07,
        "cc_conv_tol_normt": 1e-05
    },
    "broken_symmetry": false,
    "finite_diff_delta": 0.01,
    "finite_diff_acc": 2,
    "apdft_lambdas": [-2.0, -1.75, -1.5, -1.25, -1.0, -0.75, -0.5, -0.25, -0.02, -0.01, 0.0, 0.01, 0.02, 0.25, 0.5, 0.75, 1.0],
    "electronic_energies": [-0.4858101324562765, -0.7862195408215809, -1.1570418461967527, -1.636327839341106, -2.1742547928737954, -2.790285654398138, -3.4844245911208453, -4.256741054906803, -5.036448872562594, -5.07185436598973, -5.107385250328987, -5.1430415104449905, -5.178823129172187, -6.036323468178824, -7.042736626727771, -8.124453200830638, -9.277786641230541],
    "apdft_energies": {
        "0": [-5.107385250328991, -5.107385250328991, -5.107385250328991, -5.107385250328991, -5.107385250328991, -5.107385250328991, -5.107385250328991, -5.107385250328991, -5.107385250328991, -5.107385250328991, -5.107385250328991, -5.107385250328991, -5.107385250328991, -5.107385250328991, -5.107385250328991, -5.107385250328991, -5.107385250328991],
        "1": [2.01132919519704, 1.121489889506286, 0.23165058381553205, -0.6581887218752218, -1.5480280275659757, -2.4378673332567296, -3.3277066389474834, -4.217545944638237, -5.036198105873731, -5.071791678101361, -5.107385250328991, -5.142978822556621, -5.1785723947842515, -5.997224556019745, -6.887063861710499, -7.776903167401253, -8.666742473092008],
        "2": [-0.49618633956942926, -0.7983266917992919, -1.1788269044906068, -1.6376869776433738, -2.174906911257593, -2.7904867053332643, -3.4844263598703877, -4.256725874868963, -5.0364488574272075, -5.07185436598973, -5.107385250328991, -5.1430415104449905, -5.178823146337728, -6.036404486250471, -7.043783582633403, -8.129522539477787, -9.293621356783625],
        "3": [-0.5177202910802619, -0.8127527569715882, -1.1879115402842393, -1.642944290023948, -2.177598655196447, -2.7916222848074685, -3.4847628278627445, -4.256767933368008, -5.036448878961159, -5.071854368681474, -5.107385250328991, -5.143041507753247, -5.178823124803777, -6.036362427751427, -7.0434471146410464, -8.128386960003583, -9.29092961284477],
        "4": [-0.3823765252559399, -0.7334167262723215, -1.1450879268788876, -1.6222924702875714, -2.169139669832427, -2.788945808969634, -3.4842341412774935, -4.25673489045643, -5.036448877607722, -5.071854368596885, -5.107385250328991, -5.143041507668657, -5.178823123450339, -6.036329384839848, -7.0429184280557955, -8.125710484165749, -9.28247062748075]
    },
    "apdft_poly_coeff": [ -5.107385250328991, -3.5593572227630155, -0.6268788836916173, 0.002691743938854074, 0.008458985364020085 ],
    "hf_energies": [-0.4856903058520539, -0.7860210335026256, -1.156474513847944, -1.6355532681042448, -2.1733472483945446, -2.7893312515499726, -3.4835094158127444, -4.255927071836145, -5.035754598006551, -5.071165513635266, -5.106701825872136, -5.142363518286414, -5.178150572446452, -6.03577429156088, -7.042310250145762, -8.124131014604414, -9.277548038570767],
    "scf_converged": [true, true, true, true, true, true, true, true, true, true, true, true, true, true, true, true, true],
    "cc_converged": [true, true, true, true, true, true, true, true, true, true, true, true, true, true, true, true, true],
    "scf_spin_squared": [2.0, 2.0, 2.0, 2.0, 2.0, 2.0, 2.0, 2.0, 2.0, 2.0, 2.0, 2.0, 2.0, 2.0, 2.0, 2.0, 2.0],
    "cc_spin_squared": [2.000000000000001, 2.000000000000008, 2.000000000000014, 2.000000000000009, 2.000000000000029, 2.000000000000019, 2.000000000000017, 2.0000000000000044, 2.0000000000000133, 2.000000000000009, 2.0000000000000124, 2.000000000000009, 2.000000000000014, 2.0000000000000284, 2.000000000000048, 2.000000000000137, 2.0000000000002034]
}