{
    "schema_name": "pyscf_apdft_output",
    "provenance": {
        "creator": "PySCF",
        "version": "1.7.6"
    },
    "molecule": {
        "geometry": [[0.0, 0.0, 0.0]],
        "symbols": [ "P" ]
    },
    "molecular_charge": -2,
    "molecular_multiplicity": 2,
    "name": "p.chrg-2.mult2-pyscf-uccsdt.augccpvqz",
    "atomic_numbers": [ 15 ],
    "n_electrons": 17,
    "model": {
        "method": "UCCSD(T)",
        "basis": "aug-cc-pVQZ",
        "scf_conv_tol": 1e-09,
        "scf_conv_tol_grad": 1e-06,
        "cc_conv_tol": 1e-05,
        "cc_conv_tol_normt": 1e-07
    },
    "broken_symmetry": false,
    "finite_diff_delta": 0.01,
    "finite_diff_acc": 2,
    "apdft_lambdas": [-0.02, -0.01, 0.0, 0.01, 0.02, 0.25, 0.5, 0.75, 1.0, 1.25, 1.5, 1.75, 2.0, 2.25, 2.5, 2.75, 3.0],
    "electronic_energies": [-339.6649045006757, -340.2099506765386, -340.7552142659457, -341.30069468071645, -341.84639131567025, -354.45501937581315, -368.2852411580743, -382.233658571233, -396.29142528177476, -410.4482927177839, -424.69505743730485, -439.0237481471453, -453.4272956350061, -467.8993119167771, -482.4339845862916, -497.02602059684534, -511.6706051276846],
    "apdft_energies": {
        "0": [-340.7552142659459, -340.7552142659459, -340.7552142659459, -340.7552142659459, -340.7552142659459, -340.7552142659459, -340.7552142659459, -340.7552142659459, -340.7552142659459, -340.7552142659459, -340.7552142659459, -340.7552142659459, -340.7552142659459, -340.7552142659459, -340.7552142659459, -340.7552142659459, -340.7552142659459],
        "1": [-339.66447026176803, -340.20984226385696, -340.7552142659459, -341.3005862680348, -341.84595827012373, -354.389514318169, -368.02381437039213, -381.65811442261526, -395.2924144748384, -408.9267145270615, -422.56101457928463, -436.19531463150776, -449.8296146837309, -463.463914735954, -477.09821478817713, -490.73251484040026, -504.3668148926234],
        "2": [-339.6649039124946, -340.2099506765386, -340.7552142659459, -341.30069468071645, -341.8463919208503, -354.45727224419454, -368.2948460744943, -382.2679357568451, -396.37654129124695, -410.6206626776999, -425.0002999162039, -439.515453006759, -454.16612194936516, -468.9523067440224, -483.8740073907307, -498.93122388949007, -514.1239562403005],
        "3": [-339.66490470806866, -340.20995077598536, -340.7552142659459, -341.3006945812697, -341.8463911252762, -354.4557183885578, -368.28241522940027, -382.22598165465274, -396.27709453049476, -410.4264307231058, -424.66466709866535, -438.9824805233529, -453.37054786334784, -467.81954598482974, -482.32015175397805, -496.86304203697233, -511.438893699992],
        "4": [-339.6649046967361, -340.2099507752771, -340.7552142659459, -341.3006945805614, -341.8463911139436, -354.4554417135786, -368.27798842973266, -382.20357098133564, -396.2062657358136, -410.2535088610912, -424.3060963255918, -438.3181838982374, -452.2372871484487, -466.0042814461449, -479.5534019617439, -492.8122436661622, -505.70176133081515]
    },
    "apdft_poly_coeff": [ -340.7552142659459, -54.5372002088925, -1.0841268164085704, 0.09944676075216798, 0.07082879468119548 ],
    "hf_energies": [-339.41469749303184, -339.9599932304516, -340.5055083138466, -341.05124210376545, -341.5971939501343, -354.22057319233716, -368.0508467993737, -382.0042991349782, -396.0660256329626, -410.2257797623075, -424.47473477285297, -438.80514795108394, -453.2100871451761, -467.6832560053858, -482.2189061076455, -496.8117886342708, -511.4571193358743],
    "triples_corrections": [-0.016753072659440107, -0.016702064827931108, -0.016649511968141857, -0.016595403041287354, -0.016539724344104886, -0.013011947305322978, -0.012416559747418704, -0.010755386915101934, -0.009543566915941859, -0.008707639926832033, -0.008079518067309041, -0.0075777564756547055, -0.007163284334260002, -0.006813073785172586, -0.006511465819889369, -0.006247497369157394, -0.006013527795823552],
    "scf_converged": [true, true, true, true, true, true, true, true, true, true, true, true, true, true, true, true, true],
    "cc_converged": [true, true, true, true, true, true, true, true, true, true, true, true, true, true, true, true, true],
    "scf_spin_squared": [0.7944118574747296, 0.7956510154547338, 0.7970064362121407, 0.7984940779988063, 0.8001338790218089, 1.381494290063138, 0.8312248741199983, 0.7696974222581412, 0.7642358356524319, 0.7627914258364976, 0.7621016881683653, 0.761637734264113, 0.7612692742972289, 0.7609535082264252, 0.7606719095122774, 0.76041437319771, 0.7601745322836884],
    "cc_spin_squared": [0.7627285061728366, 0.7623658491301297, 0.7619933394530753, 0.7616108604076928, 0.7612180829963826, 0.7972721381291401, 0.7571102179005802, 0.751953869020979, 0.750870725481461, 0.7505512101084753, 0.7504250905949239, 0.7503580627140822, 0.7503142756346586, 0.7502823261796463, 0.7502574962127411, 0.7502374087681085, 0.7502206558609164]
}