{
    "schema_name": "pyscf_qa_output",
    "provenance": {
        "creator": "PySCF",
        "version": "1.7.6"
    },
    "molecule": {
        "geometry": [[0.0, 0.0, 0.0]],
        "symbols": [ "Li" ]
    },
    "molecular_charge": -2,
    "molecular_multiplicity": 4,
    "name": "li.chrg-2.mult4-pyscf-uccsdt.augccpvqz",
    "atomic_numbers": [ 3 ],
    "n_electrons": 5,
    "model": {
        "method": "UCCSD(T)",
        "basis": "aug-cc-pVQZ",
        "scf_conv_tol": 1e-09,
        "scf_conv_tol_grad": 1e-06,
        "cc_conv_tol": 1e-07,
        "cc_conv_tol_normt": 1e-05
    },
    "broken_symmetry": false,
    "finite_diff_delta": 0.01,
    "finite_diff_acc": 2,
    "qa_lambdas": [-0.02, -0.01, 0.0, 0.01, 0.02, 0.25, 0.5, 0.75, 1.0, 1.25, 1.5, 1.75, 2.0, 2.25, 2.5, 2.75, 3.0, 3.25, 3.5, 3.75, 4.0],
    "electronic_energies": [-7.257706296052578, -7.31591918066277, -7.374369948207968, -7.433058687020186, -7.491985517609305, -8.913482148789024, -10.600284859928772, -12.423706713766506, -14.378480926347907, -16.45482491439672, -18.635796280679646, -20.908517643561357, -23.26227661633386, -25.68737021800532, -28.1742444460683, -30.713112590798698, -33.29424044523482, -35.90864969345371, -38.54872361382965, -41.208419335409005, -43.88314253870567],
    "qats_energies": {
        "0": [-7.3743699482079705, -7.3743699482079705, -7.3743699482079705, -7.3743699482079705, -7.3743699482079705, -7.3743699482079705, -7.3743699482079705, -7.3743699482079705, -7.3743699482079705, -7.3743699482079705, -7.3743699482079705, -7.3743699482079705, -7.3743699482079705, -7.3743699482079705, -7.3743699482079705, -7.3743699482079705, -7.3743699482079705, -7.3743699482079705, -7.3743699482079705, -7.3743699482079705, -7.3743699482079705],
        "1": [-7.257230441850555, -7.315800195029263, -7.3743699482079705, -7.432939701386678, -7.491509454565386, -8.838613777675663, -10.302857607143356, -11.76710143661105, -13.231345266078742, -14.695589095546435, -16.15983292501413, -17.62407675448182, -19.088320583949514, -20.55256441341721, -22.0168082428849, -23.481052072352593, -24.945295901820288, -26.40953973128798, -27.873783560755673, -29.338027390223363, -30.802271219691058],
        "2": [-7.257706384384584, -7.31591918066277, -7.3743699482079705, -7.433058687020186, -7.491985397099415, -8.912979798617737, -10.600321690911652, -12.436395625089713, -14.421201601151923, -16.554739619098278, -18.837009678928784, -21.268011780643437, -23.847745924242236, -26.576212109725184, -29.45341033709228, -32.47934060634352, -35.65400291747891, -38.97739727049845, -42.44952366540213, -46.07038210218997, -49.83997258086195],
        "3": [-7.257706245156653, -7.315919163259279, -7.3743699482079705, -7.433058704423677, -7.491985536327347, -8.913251728170687, -10.602497127335246, -12.443737723019343, -14.438605092540676, -16.58873081321694, -18.895746462365825, -21.361283617305034, -23.98697385535226, -26.774448753825197, -29.725339890041546, -32.841278841318996, -36.12389718497524, -39.57482649832798, -43.19569835869492, -46.988144343393735, -50.953796029742136],
        "4": [-7.257706266608576, -7.3159191646000234, -7.3743699482079705, -7.433058705764422, -7.491985557779269, -8.913775456742771, -10.6108767844886, -12.486159737358193, -14.572679606994324, -16.916061170769794, -19.574498691787422, -22.618755918880076, -26.132166086610642, -30.210631915272035, -34.9626256108872, -40.509188865209126, -46.9839328557208, -54.533038245635275, -63.3152551838956, -73.50190330517489, -85.27687172987626]
    },
    "qats_poly_coeffs": [ -7.3743699482079705, -5.856975317870772, -1.1898563350731806, -0.01740349138875293, -0.1340745144536489 ],
    "hf_energies": [-7.233534437782326, -7.291822677334171, -7.350342192726411, -7.4090926242387045, -7.468073645536021, -8.887957331137763, -10.569690866719498, -12.39521354327614, -14.355660341916657, -16.43476137203565, -18.617518905629083, -20.891815580013986, -23.247273251801005, -25.67422512605761, -28.162942714151782, -30.70343413944371, -33.285867713816245, -35.90128232265648, -38.542128711489994, -41.20243094677053, -43.877644192815325],
    "triples_corrections": [-0.0003118504776731786, -0.00031860427302287075, -0.00032609044898955557, -0.0003343514501319447, -0.0003434310436999192, -0.0008037539848150964, -0.0011068114894734248, -0.00102864676419435, -0.0004279617384131466, -0.00024850967904669176, -0.00016346026467947412, -0.00011098292607463937, -7.854756169059522e-05, -5.794012603452809e-05, -4.2526377206891054e-05, -3.0078195961163995e-05, -2.0869817860194838e-05, -1.4730431442281721e-05, -1.0799013018271685e-05, -8.234635687239055e-06, -6.485367055214718e-06],
    "scf_converged": [true, true, true, true, true, true, true, true, true, true, true, true, true, true, true, true, true, true, true, true, true],
    "cc_converged": [true, true, true, true, true, true, true, true, true, true, true, true, true, true, true, true, true, true, true, true, true],
    "scf_spin_squared": [3.7500110111557774, 3.7500111821115616, 3.750011343823204, 3.750011496351809, 3.750011639725069, 3.7500123092006215, 3.7500085930802776, 3.7500048777667514, 3.7500031131124603, 3.750002309928582, 3.7500019422795234, 3.7500019737505284, 3.750002365832107, 3.7500029757291666, 3.7500035847379243, 3.750003995316943, 3.750004121107635, 3.7500039950339765, 3.7500037082887125, 3.750003349824801, 3.7500029805631305],
    "cc_spin_squared": [3.750000687230747, 3.7500006854211136, 3.7500006828726247, 3.7500006796322545, 3.7500006757431477, 3.7500004928986783, 3.750000430304504, 3.750000494665972, 3.750000313852738, 3.750000203261097, 3.7500001393695332, 3.7500000981854598, 3.7500000687693356, 3.750000046175865, 3.7500000301177363, 3.750000020439312, 3.750000015155501, 3.7500000120585533, 3.7500000099263353, 3.7500000083002667, 3.750000007015586]
}