{
    "schema_name": "pyscf_apdft_output",
    "provenance": {
        "creator": "PySCF",
        "version": "1.7.6"
    },
    "molecule": {
        "geometry": [[0.0, 0.0, 0.0]],
        "symbols": [ "S" ]
    },
    "molecular_charge": 0,
    "molecular_multiplicity": 1,
    "name": "s.chrg0.mult1-pyscf-ccsdt.augccpvtz",
    "atomic_numbers": [ 16 ],
    "n_electrons": 16,
    "model": {
        "method": "CCSD(T)",
        "basis": "aug-cc-pVTZ",
        "scf_conv_tol": 1e-09,
        "scf_conv_tol_grad": 1e-06,
        "cc_conv_tol": 1e-07,
        "cc_conv_tol_normt": 1e-05
    },
    "broken_symmetry": false,
    "finite_diff_delta": 0.01,
    "finite_diff_acc": 2,
    "apdft_lambdas": [-2.0, -1.75, -1.5, -1.25, -1.0, -0.75, -0.5, -0.25, -0.02, -0.01, 0.0, 0.01, 0.02, 0.25, 0.5, 0.75, 1.0, 1.25, 1.5, 1.75, 2.0],
    "electronic_energies": [-284.59086544839397, -298.0469460404793, -311.71990333857747, -325.59823858366696, -339.67026303775486, -353.9235926535949, -368.3451183657066, -382.9216638948853, -396.4581721319735, -397.0493066389752, -397.64065086742704, -398.232204091198, -398.82396558553523, -412.49032581651244, -427.4597279172277, -442.538619872521, -457.7174500339259, -472.9873383738523, -488.34006620207447, -503.7680570637459, -519.2643459764392],
    "apdft_energies": {
        "0": [-397.64065086752754, -397.64065086752754, -397.64065086752754, -397.64065086752754, -397.64065086752754, -397.64065086752754, -397.64065086752754, -397.64065086752754, -397.64065086752754, -397.64065086752754, -397.64065086752754, -397.64065086752754, -397.64065086752754, -397.64065086752754, -397.64065086752754, -397.64065086752754, -397.64065086752754, -397.64065086752754, -397.64065086752754, -397.64065086752754, -397.64065086752754],
        "1": [-279.3509056452486, -294.1371237980335, -308.9233419508183, -323.70956010360317, -338.49577825638806, -353.28199640917296, -368.0682145619578, -382.85443271474264, -396.45775341530475, -397.0492021414161, -397.64065086752754, -398.23209959363896, -398.82354831975033, -412.42686902031244, -427.2130871730973, -441.9993053258821, -456.785523478667, -471.5717416314519, -486.35795978423675, -501.1441779370216, -515.9303960898064],
        "2": [-283.53080800839695, -297.3373615448189, -311.2745370300893, -325.342334464208, -339.54075384717515, -353.86979517899067, -368.3294584596546, -382.91974368916686, -396.45817140554107, -397.0493066389752, -397.64065086752754, -398.232204091198, -398.82396630998664, -412.4921799947366, -427.47433107079405, -442.5871040956999, -457.8304990694541, -473.2045159920567, -488.7091548635077, -504.3444156838071, -520.1102984529548],
        "3": [-284.4980639228716, -297.98534744064864, -311.6825981190083, -325.5784809277028, -339.6616608364845, -353.92080281510556, -368.34457183331824, -382.9216328608748, -396.458172372797, -397.0493067598822, -397.64065086752754, -398.23220397029104, -398.82396534273073, -412.49029082302866, -427.4592176971304, -442.536096459585, -457.7095920801448, -472.96836952856194, -488.3010937745887, -503.69642978797737, -519.1430425384801],
        "4": [-284.6301339222528, -298.06276444956325, -311.72438589225, -325.5986332103232, -339.6699152114458, -353.92341455093316, -368.3450877317533, -382.921665104527, -396.4581723741177, -397.04930675996474, -397.64065086752754, -398.2322039703736, -398.82396534405143, -412.49032306668084, -427.45973359556547, -442.5387081954126, -457.7178464551061, -472.98852181118235, -488.3428815478304, -503.77384679689203, -519.2751125378613]
    },
    "apdft_poly_coeff": [ -397.64065086752754, -59.144872611139476, -1.0449755907870895, 0.12090698930933284, -0.008254374961325084 ],
    "hf_energies": [-284.3179894624971, -297.78139910197876, -311.4629883388741, -325.35046979677827, -339.43127190930124, -353.69237220779877, -368.12044469569787, -382.7023432384433, -396.24280049442046, -396.8340868770907, -397.4255813979871, -398.0172833393811, -398.60919198567694, -412.27852663623315, -427.25037477493163, -442.3310712027528, -457.5112535014396, -472.78221886822615, -488.1359008881051, -503.56484396594135, -519.0621715522377],
    "triples_corrections": [-0.011788660745730949, -0.012157359857517435, -0.01221720725460174, -0.011968571843527611, -0.011557947441050535, -0.011162998789231111, -0.010852579226256508, -0.01061255103690291, -0.010433366336453205, -0.01042628370213705, -0.010419254261561343, -0.010412277628080705, -0.010405353100871208, -0.010259364746900064, -0.010125700886266433, -0.010013115115840356, -0.0099168157499054, -0.009831907286143866, -0.009753456339717631, -0.009676771485549747, -0.009597743836990549],
    "scf_converged": [true, true, true, true, true, true, true, true, true, true, true, true, true, true, true, true, true, true, true, true, true],
    "cc_converged": [true, true, true, true, true, true, true, true, true, true, true, true, true, true, true, true, true, true, true, true, true],
    "t1_diagnostic": [0.013139102422939274, 0.010532966995018132, 0.009000779309280237, 0.008290712235904862, 0.007947892982072432, 0.007719934217099212, 0.007473634329043189, 0.007193244143323216, 0.006940188062174628, 0.0069296753450003665, 0.006919211568158603, 0.006908797327130104, 0.006898433123659613, 0.006674310560383743, 0.0064600231932722876, 0.006270034909634742, 0.006097341119222307, 0.0059363548731047105, 0.005782930932644551, 0.005633839113709141, 0.005486400983401518]
}