{
    "schema_name": "pyscf_qa_output",
    "provenance": {
        "creator": "PySCF",
        "version": "1.7.6"
    },
    "molecule": {
        "geometry": [[0.0, 0.0, 0.0]],
        "symbols": [ "O" ]
    },
    "molecular_charge": 0,
    "molecular_multiplicity": 1,
    "name": "o.chrg0.mult1-pyscf-ccsdt.augccpvqz",
    "atomic_numbers": [ 8 ],
    "n_electrons": 8,
    "model": {
        "method": "CCSD(T)",
        "basis": "aug-cc-pVQZ",
        "scf_conv_tol": 1e-09,
        "scf_conv_tol_grad": 1e-06,
        "cc_conv_tol": 1e-07,
        "cc_conv_tol_normt": 1e-05
    },
    "broken_symmetry": false,
    "finite_diff_delta": 0.01,
    "finite_diff_acc": 2,
    "qa_lambdas": [-2.0, -1.75, -1.5, -1.25, -1.0, -0.75, -0.5, -0.25, -0.02, -0.01, 0.0, 0.01, 0.02, 0.25, 0.5, 0.75, 1.0, 1.25, 1.5, 1.75, 2.0],
    "electronic_energies": [-37.55195269694798, -41.46489205103155, -45.58855881528513, -49.92770591663756, -54.486620926217405, -59.26796081244193, -64.27202413679163, -69.49783143301116, -74.50056521348199, -74.72230420391284, -74.94439519599231, -75.16683814046799, -75.38963298845091, -80.61092086783076, -86.4965222552822, -92.60000182356532, -98.91976262864446, -105.45379244033892, -112.19966346797226, -119.15452585797573, -126.3151031552929],
    "qats_energies": {
        "0": [-74.94439519597763, -74.94439519597763, -74.94439519597763, -74.94439519597763, -74.94439519597763, -74.94439519597763, -74.94439519597763, -74.94439519597763, -74.94439519597763, -74.94439519597763, -74.94439519597763, -74.94439519597763, -74.94439519597763, -74.94439519597763, -74.94439519597763, -74.94439519597763, -74.94439519597763, -74.94439519597763, -74.94439519597763, -74.94439519597763, -74.94439519597763],
        "1": [-30.491001540463017, -36.047675747402344, -41.60434995434167, -47.161024161281, -52.717698368220326, -58.27437257515965, -63.83104678209898, -69.38772098903831, -74.49986125942249, -74.72212822770007, -74.94439519597763, -75.1666621642552, -75.38892913253278, -80.50106940291695, -86.05774360985629, -91.61441781679562, -97.17109202373494, -102.72776623067426, -108.2844404376136, -113.84111464455293, -119.39778885149225],
        "2": [-37.53005005168008, -41.43694726380291, -45.56381474190127, -49.91065248597516, -54.47746049602459, -59.26423877204955, -64.27098731405005, -69.49770612202607, -74.50056516427361, -74.72230420391284, -74.94439519597763, -75.16683814046799, -75.3896330373839, -80.61105453590473, -86.49768414180735, -92.60428401368551, -98.93085415153921, -105.47739455536843, -112.2439052251732, -119.23038616095349, -126.43683736270931],
        "3": [-37.59547763207063, -41.48077863113486, -45.591417002378535, -49.926626016343945, -54.485638943573406, -59.26768905460921, -64.27200961999365, -69.49783391026902, -74.5005652297012, -74.72230421209129, -74.94439519597763, -75.16683813228954, -75.38963297195632, -80.61092674766178, -86.49666183586375, -92.60083373112586, -98.9226757039904, -105.46142102499965, -112.21630296469593, -119.18655479362153, -126.37140978231875],
        "4": [-37.61383426680142, -41.49153895339771, -45.59722515633632, -49.9294270165165, -54.48678623324409, -59.26805206423157, -64.27208132559807, -69.4978383918693, -74.50056522988476, -74.72230421210276, -74.94439519597763, -75.16683813230101, -75.38963297213989, -80.61093122926205, -86.49673354146817, -92.60119674074822, -98.92382299366106, -105.46422202517219, -112.22211111865371, -119.19731511588438, -126.38976641704954]
    },
    "qats_poly_coeffs": [ -74.94439519597763, -22.22669682775731, -1.7597621278042652, 0.008178447548819651, -0.001147289670673975 ],
    "hf_energies": [-37.313412921510775, -41.218545525768874, -45.338027055903936, -49.675883654118095, -54.234885149185516, -59.01619902328923, -64.01963890060293, -69.24446879975174, -74.24624577845543, -74.46794430321441, -74.6899949916679, -74.9123978016753, -75.13515269061493, -80.35558185010444, -86.24042320584496, -92.34336716721486, -98.6628442455583, -105.19685201607129, -111.94295430724216, -118.89827982411256, -126.0595231341565],
    "triples_corrections": [-0.013073190225709264, -0.01377968723205221, -0.013954774730657121, -0.01343934743038219, -0.012571289839284908, -0.011903841327600521, -0.011611778252951115, -0.011570510321375564, -0.011649387381728828, -0.011654478451952291, -0.011659684770444316, -0.01166500361155353, -0.01167043315072339, -0.011821948130538386, -0.012029918184163886, -0.012266562228179703, -0.012517209739429193, -0.012768827033328897, -0.013010749229422847, -0.013234411487323475, -0.013433240139752438],
    "scf_converged": [true, true, true, true, true, true, true, true, true, true, true, true, true, true, true, true, true, true, true, true, true],
    "cc_converged": [true, true, true, true, true, true, true, true, true, true, true, true, true, true, true, true, true, true, true, true, true],
    "t1_diagnostic": [0.014525145502755335, 0.0127566216132795, 0.014359579312390645, 0.014879642886322146, 0.012882106771548165, 0.009712651445466453, 0.00709174676978426, 0.0054812262708664, 0.004614609563794311, 0.00458541468148318, 0.004556764071711715, 0.004528640965156739, 0.004501029977819595, 0.003977900404046066, 0.0035690569147885315, 0.0032569658697181817, 0.0030096842640546673, 0.0028095583615400338, 0.0026445960243844306, 0.002505827957054932, 0.0023864544305961305]
}