{
    "schema_name": "pyscf_apdft_output",
    "provenance": {
        "creator": "PySCF",
        "version": "1.7.6"
    },
    "molecule": {
        "geometry": [[0.0, 0.0, 0.0]],
        "symbols": [ "Be" ]
    },
    "molecular_charge": -1,
    "molecular_multiplicity": 2,
    "name": "be.chrg-1.mult2-pyscf-uccsdt.augccpvtz",
    "atomic_numbers": [ 4 ],
    "n_electrons": 5,
    "model": {
        "method": "UCCSD(T)",
        "basis": "aug-cc-pVTZ",
        "scf_conv_tol": 1e-09,
        "scf_conv_tol_grad": 1e-06,
        "cc_conv_tol": 1e-07,
        "cc_conv_tol_normt": 1e-05
    },
    "broken_symmetry": false,
    "finite_diff_delta": 0.01,
    "finite_diff_acc": 2,
    "apdft_lambdas": [-1.0, -0.75, -0.5, -0.25, -0.02, -0.01, 0.0, 0.01, 0.02, 0.25, 0.5, 0.75, 1.0, 1.25, 1.5, 1.75, 2.0, 2.25, 2.5, 2.75, 3.0],
    "electronic_energies": [-7.243541150947944, -8.845148800236192, -10.617760084284443, -12.54645915585875, -14.44351459884172, -14.528525597020218, -14.613750625226919, -14.699191173169401, -14.784848906049497, -16.816643154024064, -19.14232124059321, -21.566691893411157, -24.076286854048398, -26.65985480972401, -29.30693064650464, -32.007474265633775, -34.75184666592365, -37.53114433285707, -40.337637719753644, -43.16501654214192, -46.00836424490195],
    "apdft_energies": {
        "0": [-14.613750625226917, -14.613750625226917, -14.613750625226917, -14.613750625226917, -14.613750625226917, -14.613750625226917, -14.613750625226917, -14.613750625226917, -14.613750625226917, -14.613750625226917, -14.613750625226917, -14.613750625226917, -14.613750625226917, -14.613750625226917, -14.613750625226917, -14.613750625226917, -14.613750625226917, -14.613750625226917, -14.613750625226917, -14.613750625226917, -14.613750625226917],
        "1": [-6.080471817767762, -8.21379151963255, -10.34711122149734, -12.480430923362128, -14.443085049077734, -14.528417837152325, -14.613750625226917, -14.699083413301508, -14.7844162013761, -16.747070327091706, -18.880390028956494, -21.013709730821283, -23.14702943268607, -25.28034913455086, -27.41366883641565, -29.546988538280438, -31.680308240145227, -33.813627942010015, -35.94694764387481, -38.08026734573959, -40.21358704760438],
        "2": [-7.158070496696855, -8.819940776530165, -10.616510891229613, -12.547780840795197, -14.443516088549305, -14.528525597020218, -14.613750625226917, -14.699191173169401, -14.784847240847672, -16.814420244524776, -19.149789698688767, -21.6198589877189, -24.224628111615164, -26.96409707037757, -29.838265864006107, -32.847134492500786, -35.99070295586159, -39.26897125408854, -42.68193938718163, -46.22960735514086, -49.91197515796621],
        "3": [-6.895161379109215, -8.709025992547879, -10.583647251531158, -12.54367288583289, -14.443513985276365, -14.528525334111102, -14.613750625226917, -14.699191436078518, -14.784849344120612, -16.81852819948708, -19.182653338387222, -21.730773771701184, -24.487537229202804, -27.477591440665925, -30.72558413586439, -34.25616304457204, -38.09397589656271, -42.26367042161026, -46.789894349488506, -51.697295409971304, -57.01052133283248],
        "4": [-7.626387414386858, -8.940390480272447, -10.62934887873601, -12.546529237533193, -14.44351410227253, -14.52852534142336, -14.613750625226917, -14.699191443390779, -14.784849461116778, -16.821384551187386, -19.228354965592075, -21.96213825942575, -25.218763264480447, -29.262811253355483, -34.42741593945746, -41.11426347700025, -49.793592461005005, -61.004193927300165, -75.35341135252145, -93.51714065411183, -116.2398301903216]
    },
    "apdft_poly_coeff": [ -14.613750625226917, -8.533278807459155, -1.0775986789290926, -0.26290911758763963, -0.7312260352776434 ],
    "hf_energies": [-7.194467365909038, -8.794081973926623, -10.565843219781755, -12.494117163957691, -14.388831339842953, -14.473616887371877, -14.558598111291829, -14.643775189407803, -14.729148543131664, -16.75481993410557, -19.07894648613096, -21.50163882424681, -24.009784618140014, -26.592328202318654, -29.238959455549736, -31.93968569127422, -34.68482074237956, -37.4653582321929, -40.273437231791036, -43.10261293161976, -45.94785338070589],
    "triples_corrections": [-0.000635706240248453, -0.000710169046075433, -0.0006873116698334161, -0.0006605939821661335, -0.0008974480465493564, -0.0009253383405158805, -0.0009557835692165504, -0.0009889301137720233, -0.0010248952964762462, -0.0017789052994170828, -0.0016021840728985125, -0.0014355439429560514, -0.0012570278963275954, -0.0010750398680053122, -0.0009001200223279763, -0.0007443282783686702, -0.000615329750076499, -0.000513205914864192, -0.00043341600070985264, -0.0003706515664221321, -0.0003205708822181787],
    "scf_converged": [true, true, true, true, true, true, true, true, true, true, true, true, true, true, true, true, true, true, true, true, true],
    "cc_converged": [true, true, true, true, true, true, true, true, true, true, true, true, true, true, true, true, true, true, true, true, true],
    "scf_spin_squared": [0.9002449901930505, 0.8060436745726263, 0.7551696714658684, 0.7510059198113916, 0.7508698785710788, 0.7509095770445084, 0.7509569918819885, 0.7510139186628366, 0.751082203190085, 0.7636952355793625, 0.7642020528530771, 0.7629222133113294, 0.7614237262951695, 0.759811978025279, 0.7582623155932957, 0.7568820046381979, 0.7557151816078549, 0.7547662942149693, 0.7540128508295743, 0.75341939823736, 0.7529499280129675],
    "cc_spin_squared": [0.750598757157954, 0.7502081886677603, 0.7500597631001396, 0.7500273643569815, 0.7500431632216527, 0.7500455500785498, 0.7500481960339769, 0.7500511313323242, 0.750054389997708, 0.7502340707057527, 0.7501614632621656, 0.7501187475819105, 0.7500884748740592, 0.7500667750518175, 0.7500508909729975, 0.7500389011161157, 0.7500297561165863, 0.7500228430981182, 0.7500176887936507, 0.7500138716927568, 0.750011038014931]
}