{
    "schema_name": "pyscf_apdft_output",
    "provenance": {
        "creator": "PySCF",
        "version": "1.7.6"
    },
    "molecule": {
        "geometry": [[0.0, 0.0, 0.0]],
        "symbols": [ "B" ]
    },
    "molecular_charge": 1,
    "molecular_multiplicity": 3,
    "name": "b.chrg1.mult3-pyscf-uccsdt.augccpvqz",
    "atomic_numbers": [ 5 ],
    "n_electrons": 4,
    "model": {
        "method": "UCCSD(T)",
        "basis": "aug-cc-pVQZ",
        "scf_conv_tol": 1e-09,
        "scf_conv_tol_grad": 1e-06,
        "cc_conv_tol": 1e-07,
        "cc_conv_tol_normt": 1e-05
    },
    "broken_symmetry": false,
    "finite_diff_delta": 0.01,
    "finite_diff_acc": 2,
    "apdft_lambdas": [-3.0, -2.75, -2.5, -2.25, -2.0, -1.75, -1.5, -1.25, -1.0, -0.75, -0.5, -0.25, -0.02, -0.01, 0.0, 0.01, 0.02, 0.25, 0.5, 0.75, 1.0],
    "electronic_energies": [-2.7130788868869566, -3.680133247018958, -4.77652706031995, -6.006541010607821, -7.376805174275093, -8.984414521885745, -10.680803039680216, -12.534592780506848, -14.545058395541638, -16.711685535689018, -19.03465907086605, -21.51421836386484, -23.933590000916823, -24.041775820729004, -24.15021069834007, -24.258894545583775, -24.367827271407855, -26.941715729553188, -29.88671290915154, -32.98189444458894, -36.22266667258867],
    "apdft_energies": {
        "0": [-24.15021069834006, -24.15021069834006, -24.15021069834006, -24.15021069834006, -24.15021069834006, -24.15021069834006, -24.15021069834006, -24.15021069834006, -24.15021069834006, -24.15021069834006, -24.15021069834006, -24.15021069834006, -24.15021069834006, -24.15021069834006, -24.15021069834006, -24.15021069834006, -24.15021069834006, -24.15021069834006, -24.15021069834006, -24.15021069834006, -24.15021069834006],
        "1": [8.417598029875592, 5.703613969190954, 2.9896299085063163, 0.27564584782167856, -2.438338212862959, -5.152322273547597, -7.866306334232235, -10.580290394916872, -13.29427445560151, -16.008258516286148, -18.722242576970785, -21.436226637655423, -23.93309197348529, -24.041651335912675, -24.15021069834006, -24.258770060767446, -24.367329423194832, -26.8641947590247, -29.578178819709336, -32.292162880393974, -35.00614694107861],
        "2": [-2.7860354397230367, -3.7105502656801157, -4.790671112048287, -6.02639797882755, -7.417730866017905, -8.964669773619352, -10.667214701631892, -12.525365650055523, -14.539122618890246, -16.708485608136062, -19.03345461779297, -21.51402964786097, -23.933589912750605, -24.041775820729004, -24.15021069834006, -24.258894545583775, -24.367827362460147, -26.941997769230245, -29.88939086053152, -32.992389972243885, -36.25099510436735],
        "3": [-3.189277087795631, -4.021149011967516, -5.024028547275481, -6.196515549108177, -7.5372098728542305, -9.044711373902278, -10.717619907640966, -12.554535329458924, -14.554057494744788, -16.714786258887194, -19.03532147727479, -21.514263005296197, -23.933590032229613, -24.04177583566388, -24.15021069834006, -24.2588945306489, -24.36782724298114, -26.941764411795017, -29.8875240010497, -32.986089321492756, -36.236060228512805],
        "4": [-2.215225448449246, -3.333403542654704, -4.554289137868469, -5.888319522596234, -7.344804610761116, -8.931926941703654, -10.656741680181817, -12.525176616370985, -14.542032165863967, -16.710981369671, -19.034569894219736, -21.514216031355254, -23.93359003030556, -24.04177583554363, -24.15021069834006, -24.258894530528647, -24.36782724105709, -26.941717437854077, -29.886772417994653, -32.98228443227656, -36.22403489963199]
    },
    "apdft_poly_coeff": [ -24.15021069834006, -10.85593624273855, -1.2448481632887365, 0.014934875854540524, 0.012025328880819567 ],
    "hf_energies": [-2.671216964021842, -3.6382962957719998, -4.735000863511182, -5.96523962964545, -7.335040890830269, -8.946007126015743, -10.64405183960553, -12.499415918611227, -14.511269938847818, -16.679221820566276, -19.003561360780203, -21.484614346602868, -23.9055273475877, -24.01378424535915, -24.12229054461782, -24.23104615695639, -24.340050990949273, -26.915689844865582, -29.86276337348709, -32.96013667050165, -36.203130242531685],
    "triples_corrections": [-4.045536060722236e-05, -2.9680955559874778e-05, -3.078620830814391e-05, -4.7137021856548634e-05, -8.876217943585918e-05, -8.880650924512402e-05, -8.295256170682218e-05, -7.394756905720141e-05, -6.658603732966941e-05, -6.028719796879949e-05, -5.457468738971635e-05, -4.9166997976507724e-05, -4.4281799569213477e-05, -4.4069911267763235e-05, -4.3858045721008765e-05, -4.364620307277337e-05, -4.343438382997746e-05, -3.857505838864222e-05, -3.337641134433266e-05, -2.8387468796369364e-05, -2.3736208835475535e-05],
    "scf_converged": [true, true, true, true, true, true, true, true, true, true, true, true, true, true, true, true, true, true, true, true, true],
    "cc_converged": [true, true, true, true, true, true, true, true, true, true, true, true, true, true, true, true, true, true, true, true, true],
    "scf_spin_squared": [2.0000031551790123, 2.000001772346473, 2.000001892616798, 2.0000032424198975, 2.000007122258892, 2.000008021573084, 2.000008803003463, 2.000009643652799, 2.0000104666113625, 2.0000112536258037, 2.0000119849752007, 2.0000125750815183, 2.0000128979238716, 2.0000129058715315, 2.0000129132659885, 2.000012920102617, 2.0000129263769586, 2.000012907771568, 2.0000125235905926, 2.000011795648498, 2.0000108118198408],
    "cc_spin_squared": [2.0000001895681185, 2.0000000906167763, 2.0000000958390887, 2.0000001937984897, 2.0000005406088377, 2.000000474855759, 2.0000004324999123, 2.000000367659525, 2.00000031657905, 2.000000275425386, 2.000000241980101, 2.000000214216624, 2.0000001914796175, 2.0000001905229214, 2.00000018956795, 2.000000188614581, 2.0000001876627516, 2.0000001660456332, 2.0000001429225684, 2.000000120514331, 2.0000000995734384]
}