{
    "schema_name": "pyscf_qa_output",
    "provenance": {
        "creator": "PySCF",
        "version": "1.7.6"
    },
    "molecule": {
        "geometry": [[0.0, 0.0, 0.0]],
        "symbols": [ "Cl" ]
    },
    "molecular_charge": 1,
    "molecular_multiplicity": 1,
    "name": "cl.chrg1.mult1-pyscf-ccsdt.augccpvtz",
    "atomic_numbers": [ 17 ],
    "n_electrons": 16,
    "model": {
        "method": "CCSD(T)",
        "basis": "aug-cc-pVTZ",
        "scf_conv_tol": 1e-09,
        "scf_conv_tol_grad": 1e-06,
        "cc_conv_tol": 1e-07,
        "cc_conv_tol_normt": 1e-05
    },
    "broken_symmetry": false,
    "finite_diff_delta": 0.01,
    "finite_diff_acc": 2,
    "qa_lambdas": [-3.0, -2.75, -2.5, -2.25, -2.0, -1.75, -1.5, -1.25, -1.0, -0.75, -0.5, -0.25, -0.02, -0.01, 0.0, 0.01, 0.02, 0.25, 0.5, 0.75, 1.0],
    "electronic_energies": [-280.15897923967606, -293.8519727305711, -307.8117836853868, -322.0254591123693, -336.4800704516129, -351.1624142687159, -366.05883173068537, -381.1554062254301, -396.4384053681373, -411.8946030126305, -427.5113723643496, -443.2766665922753, -457.90202521142, -458.540407877665, -459.1789929014752, -459.81777960022055, -460.4567672927057, -475.2074141293862, -491.35157185417575, -507.6017149902932, -523.9487176778366],
    "qats_energies": {
        "0": [-459.17899290151115, -459.17899290151115, -459.17899290151115, -459.17899290151115, -459.17899290151115, -459.17899290151115, -459.17899290151115, -459.17899290151115, -459.17899290151115, -459.17899290151115, -459.17899290151115, -459.17899290151115, -459.17899290151115, -459.17899290151115, -459.17899290151115, -459.17899290151115, -459.17899290151115, -459.17899290151115, -459.17899290151115, -459.17899290151115, -459.17899290151115],
        "1": [-267.57323451818183, -283.5403810501259, -299.50752758207005, -315.4746741140142, -331.4418206459583, -347.40896717790235, -363.3761137098465, -379.34326024179063, -395.3104067737347, -411.2775533056788, -427.24469983762293, -443.21184636956707, -457.9016211789556, -458.5403070402334, -459.17899290151115, -459.8176787627889, -460.4563646240667, -475.14613943345523, -491.11328596539937, -507.0804324973435, -523.0475790292876],
        "2": [-276.6486033650044, -291.1662118172477, -305.8098670590302, -320.57956909035187, -335.47531791121276, -350.49711352161285, -365.64495592155214, -380.91884511103063, -396.31878109004833, -411.84476385860523, -427.49679341670134, -443.27486976433664, -457.90202452868215, -458.540407877665, -459.17899290151115, -459.81777960022055, -460.4567679737932, -475.20916282822486, -491.3653795444778, -507.6476430502699, -524.0559533456012],
        "3": [-279.7172103655048, -293.529820565897, -307.58568129543085, -321.874137668688, -336.3845348002499, -351.1062178046983, -366.0285317966147, -381.1408218905807, -396.43243320117796, -411.89271084298804, -427.51099993059256, -443.27664557857304, -457.90202543789906, -458.5404079913171, -459.17899290151115, -459.81777948656844, -460.4567670645763, -475.20738701398847, -491.35117303058655, -507.5996960658871, -523.9423012344715],
        "4": [-280.2742176058364, -293.9231048543661, -307.8542997562389, -322.0503782408241, -336.4945609217969, -351.17071309713833, -366.0633447491354, -381.1576105443812, -396.43930983377464, -411.8948866525206, -427.51142972012985, -443.27667244041913, -457.9020254389993, -458.5404079913859, -459.17899290151115, -459.8177794866372, -460.45676706567656, -475.20741387583456, -491.35160282012384, -507.60187187541965, -523.9491778670682]
    },
    "qats_poly_coeffs": [ -459.17899290151115, -63.86858612777644, -1.0083743163136205, 0.11365211112964363, -0.00687663259668625 ],
    "hf_energies": [-279.84826810941695, -293.54516041775884, -307.5112134989797, -321.73293088021717, -336.196636313769, -350.8883777519252, -365.79394082553847, -380.89906759793354, -396.1898032393557, -411.65276746166126, -427.27525324895436, -443.0452139344052, -457.6739981369842, -458.3125122715354, -458.9512273782289, -459.5901427833978, -460.2292578149284, -474.9824778497882, -491.12875730272805, -507.3804741294777, -523.728658126095],
    "triples_corrections": [-0.010822767806764744, -0.011426559141235113, -0.01184370421675178, -0.012025738794970079, -0.012006596509275314, -0.011881104937989412, -0.011726926302149181, -0.011570830788301881, -0.01141573863277159, -0.01126431801251288, -0.011121722189829084, -0.010992595460139264, -0.01088794793837593, -0.010883717299505283, -0.010879513199826127, -0.010875335599369314, -0.010871184488227834, -0.010782839599880786, -0.01070113411307154, -0.010631721118381513, -0.010571026529436773],
    "scf_converged": [true, true, true, true, true, true, true, true, true, true, true, true, true, true, true, true, true, true, true, true, true],
    "cc_converged": [true, true, true, true, true, true, true, true, true, true, true, true, true, true, true, true, true, true, true, true, true],
    "t1_diagnostic": [0.014614006149890123, 0.012277940318254467, 0.0105076873951841, 0.009399280971716746, 0.008763935103404653, 0.008356568772541482, 0.00800562210224562, 0.00764470536931375, 0.007285548729854561, 0.0069539219295284335, 0.006660477985801058, 0.00640416968413592, 0.006196695249373773, 0.006188217827902805, 0.006179782696893252, 0.006171389501718836, 0.006163037912681386, 0.0059816779759093745, 0.005804926551204105, 0.005645410256764397, 0.005499346049028846]
}