{
    "schema_name": "pyscf_qa_output",
    "provenance": {
        "creator": "PySCF",
        "version": "1.7.6"
    },
    "molecule": {
        "geometry": [[0.0, 0.0, 0.0]],
        "symbols": [ "He" ]
    },
    "molecular_charge": -1,
    "molecular_multiplicity": 4,
    "name": "he.chrg-1.mult4-pyscf-uccsd.augccpv5z",
    "atomic_numbers": [ 2 ],
    "n_electrons": 3,
    "model": {
        "method": "UCCSD",
        "basis": "aug-cc-pV5Z",
        "scf_conv_tol": 1e-09,
        "scf_conv_tol_grad": 1e-06,
        "cc_conv_tol": 1e-07,
        "cc_conv_tol_normt": 1e-05
    },
    "broken_symmetry": false,
    "finite_diff_delta": 0.01,
    "finite_diff_acc": 2,
    "qa_lambdas": [-1.0, -0.75, -0.5, -0.25, -0.02, -0.01, 0.0, 0.01, 0.02, 0.25, 0.5, 0.75, 1.0, 1.25, 1.5, 1.75, 2.0, 2.25, 2.5, 2.75, 3.0],
    "electronic_energies": [0.07756965856174633, -0.35292835901563024, -0.847274215294445, -1.409858973277389, -1.9900151677974312, -2.0166334632040845, -2.043369556876922, -2.070223658945136, -2.0971959820396537, -2.750714469925263, -3.535636044306279, -4.402366670622539, -5.354641745327879, -6.395015119036113, -7.525127750390418, -8.74618452902062, -10.058967197083792, -11.463610560206464, -12.959508933612415, -14.545417852875847, -16.219632397105194],
    "qats_energies": {
        "0": [-2.043369556876925, -2.043369556876925, -2.043369556876925, -2.043369556876925, -2.043369556876925, -2.043369556876925, -2.043369556876925, -2.043369556876925, -2.043369556876925, -2.043369556876925, -2.043369556876925, -2.043369556876925, -2.043369556876925, -2.043369556876925, -2.043369556876925, -2.043369556876925, -2.043369556876925, -2.043369556876925, -2.043369556876925, -2.043369556876925, -2.043369556876925],
        "1": [0.636140230175656, -0.03373721658748918, -0.7036146633506344, -1.3734921101137796, -1.9897793611358732, -2.016574459006399, -2.043369556876925, -2.0701646547474506, -2.0969597526179764, -2.71324700364007, -3.383124450403215, -4.053001897166361, -4.722879343929506, -5.392756790692651, -6.062634237455796, -6.732511684218942, -7.402389130982087, -8.072266577745232, -8.742144024508377, -9.412021471271522, -10.081898918034668],
        "2": [0.04609825332001849, -0.3656358285687853, -0.8511251575645438, -1.410369733667257, -1.9900153779266154, -2.0166334632040845, -2.043369556876925, -2.070223658945136, -2.0971957694087187, -2.7501246271935473, -3.5306349446171246, -4.3849005091476565, -5.312921320785144, -6.314697379529585, -7.390228685380981, -8.539515238339332, -9.762557038404637, -11.059354085576897, -12.429906379856112, -13.874213921242282, -15.392276709735405],
        "3": [0.0813282632663741, -0.35077316812266646, -0.8467214063212494, -1.409819264761845, -1.990015096086536, -2.0166334279740745, -2.043369556876925, -2.070223694175146, -2.0971960512487984, -2.750675096098959, -3.535038695860419, -4.399763169593776, -5.348151330731499, -6.383505992706061, -7.509129968949932, -8.728326072895582, -10.044397117975484, -11.460645917622106, -12.980375285267918, -14.606888034345399, -16.34348697828701],
        "4": [0.07090430897404376, -0.35407137241047426, -0.8473729034645199, -1.4098599833332996, -1.9900150977543685, -2.0166334280783142, -2.043369556876925, -2.0702236942793855, -2.097196052916631, -2.7507158146704134, -3.5356901930036897, -4.403061373881583, -5.3585752850238295, -6.40895509986507, -7.561901237554855, -8.826091362957635, -10.21118038665277, -11.72780046493453, -13.387560999812079, -15.203048639009502, -17.18782727596578]
    },
    "qats_poly_coeffs": [ -2.043369556876925, -2.679509787052581, -0.5900419768556375, -0.03523000994635576, -0.010423954292330487 ],
    "hf_energies": [0.08392339787499425, -0.3465171492922786, -0.8411426060972677, -1.4040739379449612, -1.9844191246969243, -2.0110413653163537, -2.0377810203295086, -2.064638298221214, -2.0916134102142054, -2.7450892562772675, -3.529755487446124, -4.396087445283783, -5.347905879802027, -6.38781429850054, -7.517482024597365, -8.738146853952593, -10.050616846372078, -11.455028248371207, -12.950755568475515, -14.536530195952821, -16.210630422410485],
    "scf_converged": [true, true, true, true, true, true, true, true, true, true, true, true, true, true, true, true, true, true, true, true, true],
    "cc_converged": [true, true, true, true, true, true, true, true, true, true, true, true, true, true, true, true, true, true, true, true, true],
    "scf_spin_squared": [3.75, 3.75, 3.75, 3.75, 3.75, 3.75, 3.75, 3.75, 3.75, 3.75, 3.75, 3.75, 3.75, 3.75, 3.75, 3.75, 3.75, 3.75, 3.75, 3.75, 3.75],
    "cc_spin_squared": [3.7499999999999956, 3.7499999999999982, 3.7500000000000036, 3.750000000000002, 3.7499999999999982, 3.7500000000000044, 3.749999999999999, 3.749999999999998, 3.7500000000000027, 3.7500000000000004, 3.7499999999999996, 3.7499999999999987, 3.7500000000000044, 3.7500000000000036, 3.7500000000000124, 3.7500000000000178, 3.750000000000014, 3.7500000000000133, 3.7500000000000386, 3.7500000000000453, 3.750000000000029]
}