{
    "schema_name": "pyscf_apdft_output",
    "provenance": {
        "creator": "PySCF",
        "version": "1.7.6"
    },
    "molecule": {
        "geometry": [[0.0, 0.0, 0.0]],
        "symbols": [ "Ar" ]
    },
    "molecular_charge": 0,
    "molecular_multiplicity": 3,
    "name": "ar.chrg0.mult3-pyscf-uccsdt.augccpvqz",
    "atomic_numbers": [ 18 ],
    "n_electrons": 18,
    "model": {
        "method": "UCCSD(T)",
        "basis": "aug-cc-pVQZ",
        "scf_conv_tol": 1e-09,
        "scf_conv_tol_grad": 1e-06,
        "cc_conv_tol": 1e-07,
        "cc_conv_tol_normt": 1e-05
    },
    "broken_symmetry": false,
    "finite_diff_delta": 0.01,
    "finite_diff_acc": 2,
    "apdft_lambdas": [-2.0, -1.75, -1.5, -1.25, -1.0, -0.75, -0.5, -0.25, -0.02, -0.01, 0.0, 0.01, 0.02],
    "electronic_energies": [-393.15145243942874, -409.171525506618, -425.3976127523943, -441.84298681753216, -458.4616793850048, -475.26604654203817, -492.23748142655046, -509.3730198720104, -525.2545192682369, -525.9480510478852, -526.6418049978369, -527.3432750232702, -528.0299771981269],
    "apdft_energies": {
        "0": [-526.6418049979318, -526.6418049979318, -526.6418049979318, -526.6418049979318, -526.6418049979318, -526.6418049979318, -526.6418049979318, -526.6418049979318, -526.6418049979318, -526.6418049979318, -526.6418049979318, -526.6418049979318, -526.6418049979318],
        "1": [-387.11940745943525, -404.5597071517473, -422.0000068440594, -439.44030653637145, -456.8806062286835, -474.3209059209956, -491.76120561330765, -509.2015053056197, -525.2465810225468, -525.9441930102394, -526.6418049979318, -527.3394169856242, -528.0370289733168],
        "2": [-541.440913295359, -522.7121100573764, -508.8058538767665, -499.72214475352916, -495.46098268766445, -496.02236767917236, -501.4062997280529, -511.612778834306, -525.2620131731304, -525.9480510478852, -526.6418049979318, -527.3432750232702, -528.0524611239003],
        "3": [-10534.788166604421, -7217.474039520283, -4724.749226366528, -2939.5041890184366, -1744.6293893512973, -1023.0152892403925, -657.552350561007, -531.1310351884252, -525.2720065203837, -525.9493002162918, -526.6418049979318, -527.3420258548636, -528.0424677766471],
        "4": [1987987.2562778424, 1164279.4567981546, 627620.1163986343, 302010.7589403222, 123162.99838842665, 38498.538812322164, 7149.174385550115, -43.210614181480196, -525.2520212999393, -525.9480511400141, -526.6418049979318, -527.3407767785857, -528.0224825562026]
    },
    "apdft_poly_coeff": [ -526.6418049979318, -69.76119876924827, -38.580376458980936, 1249.1684066636328, 124907.62777777795 ],
    "hf_energies": [-392.8039922707778, -408.8343653761225, -425.0692005067913, -441.5246315909686, -458.15105504645504, -474.9632116512281, -491.9416338062056, -509.08357245825414, -524.9697477382676, -525.6634771709931, -526.3574274226171, -527.0591931643538, -527.7459881732715],
    "triples_corrections": [-0.012980579957162315, -0.011949361524383806, -0.010984993973380383, -0.010461292138797379, -0.009811316363419753, -0.009323024686172453, -0.008887088053390224, -0.008612646489560604, -0.008189003964151254, -0.008176382941967191, -0.008163840572057737, -0.008291357702325327, -0.008138990958987343],
    "scf_converged": [true, true, true, true, true, true, true, true, true, true, true, true, true],
    "cc_converged": [true, true, true, true, true, true, true, true, true, true, true, true, true],
    "scf_spin_squared": [2.015416878190819, 2.01382592859642, 2.0118774304101894, 2.0118748387339815, 2.0106353705496396, 2.010140556458623, 2.009703950611401, 2.0097139485321627, 2.0090016655061014, 2.0089887094774515, 2.0089758321877635, 2.0093559541929036, 2.0089502597911304],
    "cc_spin_squared": [2.0013210058876747, 2.0008350162373327, 2.000454749769734, 2.000461207978753, 2.000329251722868, 2.0002916720673665, 2.000262546182973, 2.0002747191341648, 2.000222462169651, 2.0002218035150783, 2.000221151324924, 2.000256380350016, 2.0002198660414328]
}