{
    "schema_name": "pyscf_qa_output",
    "provenance": {
        "creator": "PySCF",
        "version": "1.7.6"
    },
    "molecule": {
        "geometry": [[0.0, 0.0, 0.0]],
        "symbols": [ "C" ]
    },
    "molecular_charge": -2,
    "molecular_multiplicity": 1,
    "name": "c.chrg-2.mult1-pyscf-ccsdt.augccpvqz",
    "atomic_numbers": [ 6 ],
    "n_electrons": 8,
    "model": {
        "method": "CCSD(T)",
        "basis": "aug-cc-pVQZ",
        "scf_conv_tol": 1e-09,
        "scf_conv_tol_grad": 1e-06,
        "cc_conv_tol": 1e-07,
        "cc_conv_tol_normt": 1e-05
    },
    "broken_symmetry": false,
    "finite_diff_delta": 0.01,
    "finite_diff_acc": 2,
    "qa_lambdas": [-0.02, -0.01, 0.0, 0.01, 0.02, 0.25, 0.5, 0.75, 1.0, 1.25, 1.5, 1.75, 2.0, 2.25, 2.5, 2.75, 3.0, 3.25, 3.5, 3.75, 4.0],
    "electronic_energies": [-37.32069837689926, -37.471318835509464, -37.62227396895545, -37.77356406350293, -37.925189486755336, -41.50585529118823, -45.603462477325685, -49.919002652806505, -54.45461003009912, -59.20696904413416, -64.16901472038609, -69.33363688030136, -74.6939460265709, -80.24294792033388, -85.97352508256313, -91.87852734772399, -97.95083023631514, -104.1833726252887, -110.56918558883535, -117.10141624931002, -123.77333923281421],
    "qats_energies": {
        "0": [-37.62227396446277, -37.62227396446277, -37.62227396446277, -37.62227396446277, -37.62227396446277, -37.62227396446277, -37.62227396446277, -37.62227396446277, -37.62227396446277, -37.62227396446277, -37.62227396446277, -37.62227396446277, -37.62227396446277, -37.62227396446277, -37.62227396446277, -37.62227396446277, -37.62227396446277, -37.62227396446277, -37.62227396446277, -37.62227396446277, -37.62227396446277],
        "1": [-37.320028736469304, -37.47115135046604, -37.62227396446277, -37.773396578459504, -37.92451919245624, -41.40033931438111, -45.17840466429944, -48.95647001421778, -52.734535364136114, -56.51260071405445, -60.290666063972786, -64.06873141389113, -67.84679676380946, -71.6248621137278, -75.40292746364614, -79.18099281356447, -82.95905816348281, -86.73712351340114, -90.51518886331948, -94.29325421323782, -98.07131956315615],
        "2": [-37.32069867664301, -37.471318835509464, -37.62227396446277, -37.77356406350293, -37.925189132629946, -41.505017466522986, -45.59711727286696, -49.89857338349469, -54.409385798406184, -59.129554517601434, -64.05907954108045, -69.19796086884321, -74.54619850088974, -80.10379243722002, -85.87074267783407, -91.84704922273187, -98.03271207191344, -104.42773122537875, -111.03210668312784, -117.84583844516067, -124.86892651147727],
        "3": [-37.32069824073025, -37.47131878102037, -37.62227396446277, -37.773564117992024, -37.925189568542706, -41.5058688586372, -45.60392840978069, -49.92156097057855, -54.46387489371607, -59.235978531878544, -64.24298023775128, -69.4899883640196, -74.98211126336878, -80.72445728848413, -86.72213479205095, -92.98025212675454, -99.50391764528021, -106.29823970031325, -113.36832664453894, -120.71928683064266, -128.3562286113096],
        "4": [-37.32069827698466, -37.47131878328627, -37.62227396446277, -37.77356412025793, -37.92518960479712, -41.50675397607951, -45.61809028885754, -49.993255483405065, -54.69046495894554, -59.7891769333177, -65.39009244297552, -71.61515534298826, -78.60755230704044, -86.5317128274318, -95.57330921507744, -105.93925659950762, -117.85771292886793, -131.57807896991918, -147.37099830803749, -165.5283573472142, -186.363285310056]
    },
    "qats_poly_coeffs": [ -37.62227396446277, -15.112261399673343, -1.6748504342700699, -0.054489095309880504, -0.22659006522947797 ],
    "hf_energies": [-37.0767944201315, -37.22713959734364, -37.37782917724827, -37.52886348663213, -37.68024284843583, -41.25788229304126, -45.35740549789496, -49.678173619672506, -54.218649297214725, -58.97407652590418, -63.938227745482564, -69.10465114918412, -74.466716402498, -80.0175356727241, -85.75004771647563, -91.65713127812433, -97.73168245182617, -103.96666133755032, -110.35512303814427, -116.89023766743155, -123.56529697136743],
    "triples_corrections": [-0.018262172231676137, -0.018287243399629054, -0.01831148704073489, -0.0183348004479912, -0.01835718085904272, -0.018481222944299866, -0.017212354271156607, -0.014610462168927842, -0.012452378696571181, -0.011447902778589604, -0.011066451707424166, -0.010958769556305207, -0.010986164167596372, -0.011080671053484701, -0.011199069212536383, -0.011314336897793228, -0.011407997362550598, -0.01146619187531611, -0.011477714496114459, -0.011433458912129794, -0.011326631726515301],
    "scf_converged": [true, true, true, true, true, true, true, true, true, true, true, true, true, true, true, true, true, true, true, true, true],
    "cc_converged": [true, true, true, true, true, true, true, true, true, true, true, true, true, true, true, true, true, true, true, true, true],
    "t1_diagnostic": [0.021550700975848585, 0.02168710586645796, 0.02183929023178582, 0.022006151151402358, 0.022186854245167916, 0.027953239409408828, 0.031165317686762353, 0.026666084928891408, 0.017637166921888863, 0.010870384649180791, 0.007463267540754862, 0.005738151240752522, 0.004733423448896611, 0.0040924075764618055, 0.003661122623510683, 0.0033556126963439066, 0.0031277649218480383, 0.0029506946831488333, 0.0028086409804225494, 0.002691157202448184, 0.0025898090086670655]
}