{
    "schema_name": "pyscf_apdft_output",
    "provenance": {
        "creator": "PySCF",
        "version": "1.7.6"
    },
    "molecule": {
        "geometry": [[0.0, 0.0, 0.0]],
        "symbols": [ "S" ]
    },
    "molecular_charge": 1,
    "molecular_multiplicity": 4,
    "name": "s.chrg1.mult4-pyscf-uccsdt.augccpv5z",
    "atomic_numbers": [ 16 ],
    "n_electrons": 15,
    "model": {
        "method": "UCCSD(T)",
        "basis": "aug-cc-pV5Z",
        "scf_conv_tol": 1e-09,
        "scf_conv_tol_grad": 1e-06,
        "cc_conv_tol": 1e-07,
        "cc_conv_tol_normt": 1e-05
    },
    "broken_symmetry": false,
    "finite_diff_delta": 0.01,
    "finite_diff_acc": 2,
    "apdft_lambdas": [-3.0, -2.75, -2.5, -2.25, -2.0, -1.75, -1.5, -1.25, -1.0, -0.75, -0.5, -0.25, -0.02, -0.01, 0.0, 0.01, 0.02, 0.25, 0.5, 0.75, 1.0],
    "electronic_energies": [-236.3443162544461, -248.44682984988665, -260.82065826550104, -273.45692330703076, -286.346372800941, -299.4791579210993, -312.8452702496974, -326.43522107130093, -340.24032739998694, -354.25268577380723, -368.4650899712707, -382.8709780595366, -396.2901545011036, -396.877131080042, -397.4643993718893, -398.05195904989404, -398.63980978880176, -412.2399817452252, -427.192888920205, -442.31877026601666, -457.61370667592865],
    "apdft_energies": {
        "0": [-397.4643993718985, -397.4643993718985, -397.4643993718985, -397.4643993718985, -397.4643993718985, -397.4643993718985, -397.4643993718985, -397.4643993718985, -397.4643993718985, -397.4643993718985, -397.4643993718985, -397.4643993718985, -397.4643993718985, -397.4643993718985, -397.4643993718985, -397.4643993718985, -397.4643993718985, -397.4643993718985, -397.4643993718985, -397.4643993718985, -397.4643993718985],
        "1": [-221.2402038940894, -235.92555351724016, -250.61090314039092, -265.2962527635417, -279.98160238669243, -294.66695200984316, -309.35230163299394, -324.0376512561447, -338.72300087929545, -353.4083505024462, -368.09370012559697, -382.77904974874775, -396.2895714020464, -396.8769853869725, -397.4643993718985, -398.0518133568245, -398.63922734175054, -412.1497489950492, -426.8350986182, -441.5204482413508, -456.2057978645015],
        "2": [-234.3525801515142, -246.94359190021515, -259.7167199858248, -272.6719644083431, -285.8093251677701, -299.1288022641058, -312.63039569735014, -326.31410546750317, -340.1799315745649, -354.22787401853526, -368.4579327994143, -382.87010791720206, -396.2901541743245, -396.877131080042, -397.4643993718985, -398.05195904989404, -398.63981011402865, -412.2408071635036, -427.19933129201735, -442.3399717574398, -457.6627285597709],
        "3": [-235.8195935422799, -248.07356575618113, -260.5656860684438, -273.29086068257243, -286.2439958020711, -299.41999763044413, -312.81377237119585, -326.42022622783054, -340.2342654038525, -354.250796102766, -368.4647245280753, -382.8709568832847, -396.2901546089952, -396.8771311343758, -397.4643993718985, -398.0519589955602, -398.639809679358, -412.23995819742095, -427.1925395633564, -442.3170496732091, -457.6083947304833],
        "4": [-236.34344970073187, -248.4434431682131, -260.8183173176973, -273.4566120452076, -286.3474735617653, -299.4806543933899, -312.8465133810991, -326.4360156809089, -340.24073276383336, -354.2528424158849, -368.4651287380741, -382.87098214640963, -396.29015461002996, -396.8771311344405, -397.4643993718985, -398.0519589956249, -398.6398096803928, -412.2399834605459, -427.1929437733552, -442.319095986328, -457.6148620904642]
    },
    "apdft_poly_coeff": [ -397.4643993718985, -58.741398492603025, -1.4569306952694205, 0.05433382928761905, -0.006467359980888432 ],
    "hf_energies": [-236.00755620037486, -248.1104097046191, -260.4862257599034, -273.12597195478736, -286.01980285184663, -299.1573305869282, -312.52828401596855, -326.12306129827647, -339.93289995006944, -353.94982548829455, -368.1665732505548, -382.5765397958529, -395.99921371225355, -396.58633667093267, -397.17375086670353, -397.76145597296556, -398.34945166453036, -411.95282686769957, -426.9089383858943, -442.0377532762906, -457.3353798778932],
    "triples_corrections": [-0.008199693646039076, -0.008514142848724458, -0.008580756674472926, -0.00839920077874286, -0.008087956086556375, -0.00776902781280185, -0.0074831124559776125, -0.007226362177455304, -0.006989975189612492, -0.0067692931047798445, -0.006562585667759701, -0.006369245948813956, -0.0062028431082478035, -0.00619585234100386, -0.006188881656978011, -0.006181931021560869, -0.006175000399971275, -0.00602103518597766, -0.005865101075239662, -0.00572035410224758, -0.005585997141853355],
    "scf_converged": [true, true, true, true, true, true, true, true, true, true, true, true, true, true, true, true, true, true, true, true, true],
    "cc_converged": [true, true, true, true, true, true, true, true, true, true, true, true, true, true, true, true, true, true, true, true, true],
    "scf_spin_squared": [3.7650197347085284, 3.757621267338296, 3.7531420381467004, 3.7510276987466344, 3.750408940078687, 3.750410153156423, 3.7505461592157676, 3.7506707831745825, 3.750761742195465, 3.750821304442759, 3.75085687815732, 3.7508785445584856, 3.7508949506564875, 3.7508956954798016, 3.7508964466623853, 3.750897204590328, 3.750897969639963, 3.750918250745328, 3.7509480526260752, 3.750986637411456, 3.7510324560268344],
    "cc_spin_squared": [3.7518974390853104, 3.751620873855852, 3.7513634588203444, 3.7511568592262226, 3.7510035532234296, 3.750887599259635, 3.7507943298676185, 3.750716603252228, 3.7506507486004774, 3.7505942863942847, 3.750545407139555, 3.750502850564001, 3.7504684789280995, 3.7504670787996566, 3.750465686153962, 3.7504643009475966, 3.750462923137895, 3.7504331797567736, 3.7504047006105057, 3.750379694577284, 3.750357674291519]
}