{
    "schema_name": "pyscf_qa_output",
    "provenance": {
        "creator": "PySCF",
        "version": "1.7.6"
    },
    "molecule": {
        "geometry": [[0.0, 0.0, 0.0]],
        "symbols": [ "Si" ]
    },
    "molecular_charge": 1,
    "molecular_multiplicity": 4,
    "name": "si.chrg1.mult4-pyscf-uccsdt.augccpvtz",
    "atomic_numbers": [ 14 ],
    "n_electrons": 13,
    "model": {
        "method": "UCCSD(T)",
        "basis": "aug-cc-pVTZ",
        "scf_conv_tol": 1e-09,
        "scf_conv_tol_grad": 1e-06,
        "cc_conv_tol": 1e-07,
        "cc_conv_tol_normt": 1e-05
    },
    "broken_symmetry": false,
    "finite_diff_delta": 0.01,
    "finite_diff_acc": 2,
    "qa_lambdas": [-3.0, -2.75, -2.5, -2.25, -2.0, -1.75, -1.5, -1.25, -1.0, -0.75, -0.5, -0.25, -0.02, -0.01, 0.0, 0.01, 0.02, 0.25, 0.5, 0.75, 1.0],
    "electronic_energies": [-154.46807979733805, -164.44686281977945, -174.6864363371796, -185.17245577559206, -195.89124410687285, -206.82976548399424, -217.97525743644172, -229.31475387077214, -240.83545904655512, -252.5254241244687, -264.37356061041226, -276.36927559333094, -287.5267473175335, -288.0143650600808, -288.50218653523683, -288.9902110909049, -289.47843807548173, -300.7620389880764, -313.1387810102015, -325.6227003958252, -338.20454737601386],
    "qats_energies": {
        "0": [-288.5021865352368, -288.5021865352368, -288.5021865352368, -288.5021865352368, -288.5021865352368, -288.5021865352368, -288.5021865352368, -288.5021865352368, -288.5021865352368, -288.5021865352368, -288.5021865352368, -288.5021865352368, -288.5021865352368, -288.5021865352368, -288.5021865352368, -288.5021865352368, -288.5021865352368, -288.5021865352368, -288.5021865352368, -288.5021865352368, -288.5021865352368],
        "1": [-142.12528191162585, -154.32335729692676, -166.52143268222767, -178.71950806752858, -190.9175834528295, -203.1156588381304, -215.3137342234313, -227.51180960873222, -239.70988499403313, -251.90796037933404, -264.10603576463495, -276.30411114993586, -287.5263405044127, -288.01426351982474, -288.5021865352368, -288.9901095506488, -289.47803256606085, -300.7002619205377, -312.8983373058386, -325.0964126911395, -337.2944880764404],
        "2": [-151.26390495904582, -162.0023391631616, -172.86769868738043, -183.8599835317023, -194.97919369612725, -206.22532918065525, -217.5983899852863, -229.0983761100204, -240.72528755485757, -252.4791243197978, -264.35988640484106, -276.3675738099874, -287.52674666543703, -288.0143650600808, -288.5021865352368, -288.9902110909049, -289.4784387270852, -300.7637245805892, -313.1521879460447, -325.66757663160325, -338.30989063726486],
        "3": [-154.19722971014346, -164.26174613290175, -174.56522458500638, -185.09747991107162, -195.84832695571174, -206.80758056354097, -217.9650555791735, -229.31056684722364, -240.83392921230563, -252.5249575190337, -264.37346661202207, -276.369271335885, -287.5267475345703, -288.01436516872246, -288.5021865352368, -288.99021098226325, -289.4784378579519, -300.7620270546916, -313.1386077388637, -325.62174343236734, -338.2012489798168],
        "4": [-154.36359902846527, -164.37921397576196, -174.64545670225263, -185.15012020319688, -195.88119003093578, -206.82684429489177, -217.97545366156862, -229.31558135455154, -240.83598315450715, -252.5256073991834, -264.37359498340965, -276.36927935909677, -287.5267475348989, -288.01436516874304, -288.5021865352368, -288.99021098228377, -289.47843785828053, -300.7620350779033, -313.1387361102513, -325.62239331251703, -338.2033029220183]
    },
    "qats_poly_coeffs": [ -288.5021865352368, -48.79230154120364, -1.015402560824441, 0.10864165744806085, -0.002053942201503863 ],
    "hf_energies": [-154.29107986602156, -164.2719292286116, -174.51460117705417, -185.005494541002, -195.73140661057442, -206.67923584627806, -217.83559432090124, -229.1868430582739, -240.71975335604938, -252.42203133057694, -264.2822335643467, -276.28941977795114, -287.45666675605304, -287.9446897187089, -288.43291467087414, -288.92134095104984, -289.40996789851863, -300.70226506109424, -313.0873285834873, -325.5784008820431, -338.1663138076578],
    "triples_corrections": [-0.0015067691554328992, -0.0013136743855026842, -0.0012292355813255645, -0.0012247091808953122, -0.001254906482511955, -0.0012730701671700173, -0.0012727708485870967, -0.0012644151997190816, -0.0012380129011107562, -0.0011794780444273484, -0.0010852407156762903, -0.0009621152740490489, -0.0008341717715151699, -0.0008284666145973226, -0.0008227569117567146, -0.0008170435055809789, -0.0008113272315366528, -0.0006808583621142197, -0.0005476735175206714, -0.0004304227533477792, -0.000332291956322104],
    "scf_converged": [true, true, true, true, true, true, true, true, true, true, true, true, true, true, true, true, true, true, true, true, true],
    "cc_converged": [true, true, true, true, true, true, true, true, true, true, true, true, true, true, true, true, true, true, true, true, true],
    "scf_spin_squared": [3.7500069015729567, 3.750009307982616, 3.7500133297398044, 3.750019117825426, 3.75002663989199, 3.7500355977314372, 3.750045051268203, 3.750053604268391, 3.7500601191874186, 3.7500640141662496, 3.750065141904588, 3.750063671433905, 3.7500603782485653, 3.7500601997495746, 3.750060018629613, 3.7500598349284537, 3.7500596486859195, 3.750054755849642, 3.7500484968457375, 3.7500418006751097, 3.7500351216212655],
    "cc_spin_squared": [3.7500006481687933, 3.75000089677415, 3.7500012695016185, 3.750001719433146, 3.7500021529745977, 3.750002460431126, 3.7500026282191317, 3.750002725372232, 3.7500027692270232, 3.7500027382591954, 3.7500026211110526, 3.7500024270468697, 3.750002199941651, 3.7500021893391526, 3.7500021786898663, 3.7500021679954263, 3.750002157257448, 3.750001901787113, 3.750001618905402, 3.750001346897055, 3.7500010968651862]
}