{
    "schema_name": "pyscf_apdft_output",
    "provenance": {
        "creator": "PySCF",
        "version": "1.7.6"
    },
    "molecule": {
        "geometry": [[0.0, 0.0, 0.0]],
        "symbols": [ "P" ]
    },
    "molecular_charge": 1,
    "molecular_multiplicity": 3,
    "name": "p.chrg1.mult3-pyscf-uccsdt.augccpvtz",
    "atomic_numbers": [ 15 ],
    "n_electrons": 14,
    "model": {
        "method": "UCCSD(T)",
        "basis": "aug-cc-pVTZ",
        "scf_conv_tol": 1e-09,
        "scf_conv_tol_grad": 1e-06,
        "cc_conv_tol": 1e-07,
        "cc_conv_tol_normt": 1e-05
    },
    "broken_symmetry": false,
    "finite_diff_delta": 0.01,
    "finite_diff_acc": 2,
    "apdft_lambdas": [-3.0, -2.75, -2.5, -2.25, -2.0, -1.75, -1.5, -1.25, -1.0, -0.75, -0.5, -0.25, -0.02, -0.01, 0.0, 0.01, 0.02, 0.25, 0.5, 0.75, 1.0],
    "electronic_energies": [-191.70084061936853, -202.80578311704878, -214.34322894119566, -226.0477738812823, -237.9898559979655, -250.15630570425813, -262.53378389228834, -275.1085498676918, -287.86683549030926, -300.7953488103814, -313.88141665363975, -327.11288896875453, -339.4041808985524, -339.9410140941579, -340.4780437420847, -341.0152691321949, -341.5526895555606, -353.96557676369366, -367.5646602063939, -381.26502718719723, -395.0570433950934],
    "apdft_energies": {
        "0": [-340.4780437420848, -340.4780437420848, -340.4780437420848, -340.4780437420848, -340.4780437420848, -340.4780437420848, -340.4780437420848, -340.4780437420848, -340.4780437420848, -340.4780437420848, -340.4780437420848, -340.4780437420848, -340.4780437420848, -340.4780437420848, -340.4780437420848, -340.4780437420848, -340.4780437420848, -340.4780437420848, -340.4780437420848, -340.4780437420848, -340.4780437420848],
        "1": [-179.3397880365356, -192.76797601199803, -206.19616398746047, -219.6243519629229, -233.05253993838534, -246.48072791384777, -259.9089158893102, -273.33710386477264, -286.7652918402351, -300.1934798156975, -313.62166779115995, -327.0498557666224, -339.4037887040478, -339.9409162230663, -340.4780437420848, -341.0151712611033, -341.5522987801218, -353.90623171754726, -367.3344196930097, -380.7626076684721, -394.19079564393456],
        "2": [-188.14818627645678, -200.1694773108207, -212.31310720962796, -224.57907597287857, -236.96738360057253, -249.47803009270984, -262.1110154492905, -274.8663396703145, -287.7440027557819, -300.7440047056926, -313.86634552004665, -327.11102519884406, -339.40418018841405, -339.9410140941579, -340.4780437420848, -341.0152691321949, -341.55269026448804, -353.96740114976893, -367.5790974218964, -381.3131325584672, -395.16950655948136],
        "3": [-191.34108425446726, -202.62882176031835, -214.16084909505068, -225.92607980735175, -237.91342744590895, -250.11180555940985, -262.5101276965418, -275.09730740599235, -287.86225823644895, -300.793893736599, -313.88112745513, -327.11287294072946, -339.4041811344579, -339.94101421241334, -340.4780437420848, -341.0152690139394, -341.5526893184442, -353.96555340788353, -367.56431548681303, -381.2632435275608, -395.0512510788143],
        "4": [-191.74969819714903, -202.91733047631004, -214.35790443006312, -226.0553678126534, -237.99414131113008, -250.15911854534633, -262.5356660679594, -275.1096233644306, -287.86730285302525, -300.7954898848126, -313.88144274366607, -327.112892646263, -339.40418113526505, -339.9410142124638, -340.4780437420848, -341.01526901398984, -341.55268931925133, -353.965573113417, -367.56463077534903, -381.2648396757744, -395.05629569539065]
    },
    "apdft_poly_coeff": [ -340.4780437420848, -53.71275190184974, -0.9787109155467988, 0.11825548066705473, -0.005044616576318124 ],
    "hf_energies": [-191.4713024658381, -202.58404783125712, -214.12079667373837, -225.8317252494627, -237.7823195767247, -249.9590736333473, -262.34792650099513, -274.9344024624731, -287.70417300421275, -300.64352136544505, -313.7394532193697, -326.9796065956805, -339.277754574736, -339.8148610569143, -340.3521619422045, -340.88965652414856, -341.4273440977254, -353.84582442012237, -367.44986280959887, -381.1541657993653, -394.94928504186015],
    "triples_corrections": [-0.0042810323428903105, -0.007242218825679116, -0.004905376743626403, -0.005145813762556934, -0.005233011681417754, -0.0051484224261787144, -0.004947571991593913, -0.004692112402031635, -0.004408476154457473, -0.004106788983285862, -0.0037977868294442616, -0.003494210154964632, -0.003229688334386181, -0.0032186222473810796, -0.003207596050043679, -0.0031966101013349442, -0.003185664747971239, -0.0029457437340231667, -0.0027119236666404783, -0.0025055776500332184, -0.0023236882646787125],
    "scf_converged": [true, true, true, true, true, true, true, true, true, true, true, true, true, true, true, true, true, true, true, true, true],
    "cc_converged": [true, true, true, true, true, true, true, true, true, true, true, true, true, true, true, true, true, true, true, true, true],
    "scf_spin_squared": [2.0374987694711653, 2.1657766623121955, 2.0267857934380036, 2.02234709426509, 2.0198555468288824, 2.0186676250899733, 2.017850710626787, 2.016932910608112, 2.015923430556235, 2.0149564697473643, 2.014104627616171, 2.0133755794239203, 2.012796212424277, 2.0127726929089595, 2.0127492997093306, 2.012726031364446, 2.012702886428393, 2.012201521104413, 2.0117125276325627, 2.011267540791893, 2.0108545541173006],
    "cc_spin_squared": [2.0008432301145906, 2.008114697679632, 2.0009746770435064, 2.000983098946729, 2.0009439336897334, 2.0008682876273878, 2.0007752398175582, 2.0006812987906586, 2.0005963166462837, 2.000523863317837, 2.000463330802019, 2.000412536437071, 2.000372444336807, 2.000370819323208, 2.0003692032951155, 2.000367596152282, 2.00036599779578, 2.000331453395431, 2.000297997769733, 2.000267916693422, 2.000240627161015]
}