{
    "schema_name": "pyscf_apdft_output",
    "provenance": {
        "creator": "PySCF",
        "version": "1.7.6"
    },
    "molecule": {
        "geometry": [[0.0, 0.0, 0.0]],
        "symbols": [ "N" ]
    },
    "molecular_charge": 2,
    "molecular_multiplicity": 4,
    "name": "n.chrg2.mult4-pyscf-uccsdt.augccpv5z",
    "atomic_numbers": [ 7 ],
    "n_electrons": 5,
    "model": {
        "method": "UCCSD(T)",
        "basis": "aug-cc-pV5Z",
        "scf_conv_tol": 1e-09,
        "scf_conv_tol_grad": 1e-06,
        "cc_conv_tol": 1e-07,
        "cc_conv_tol_normt": 1e-05
    },
    "broken_symmetry": false,
    "finite_diff_delta": 0.01,
    "finite_diff_acc": 2,
    "apdft_lambdas": [-4.0, -3.75, -3.5, -3.25, -3.0, -2.75, -2.5, -2.25, -2.0, -1.75, -1.5, -1.25, -1.0, -0.75, -0.5, -0.25, -0.02, -0.01, 0.0, 0.01, 0.02],
    "electronic_energies": [-7.273065541919528, -8.86665414168761, -10.609094639601668, -12.507256459095895, -14.56749390925987, -16.795181101019057, -19.194193231250576, -21.766211110327355, -24.511294053603365, -27.429145042395213, -30.51959294389676, -33.78255126803185, -37.21795541116736, -40.825752045774095, -44.60588792873792, -48.55827601883061, -52.34646194048458, -52.5144665142575, -52.68274597686859, -52.85130030361502, -53.020129469305814],
    "apdft_energies": {
        "0": [-52.68274597686868, -52.68274597686868, -52.68274597686868, -52.68274597686868, -52.68274597686868, -52.68274597686868, -52.68274597686868, -52.68274597686868, -52.68274597686868, -52.68274597686868, -52.68274597686868, -52.68274597686868, -52.68274597686868, -52.68274597686868, -52.68274597686868, -52.68274597686868, -52.68274597686868, -52.68274597686868, -52.68274597686868, -52.68274597686868, -52.68274597686868],
        "1": [14.684011894635354, 10.473589527666356, 6.26316716069735, 2.052744793728344, -2.1576775732406546, -6.368099940209653, -10.578522307178659, -14.788944674147665, -18.999367041116663, -23.209789408085665, -27.420211775054668, -31.63063414202367, -35.84105650899267, -40.05147887596168, -44.261901242930676, -48.472323609899675, -52.34591218751116, -52.51432908218992, -52.68274597686868, -52.851162871547444, -53.0195797662262],
        "2": [-7.3051189179498905, -8.852794975582398, -10.572261117688228, -12.46351734426738, -14.526563655319855, -16.76140005084565, -19.16802653084477, -21.74644309531721, -24.496649744262974, -27.41864647768206, -30.512433295574468, -33.7780101979402, -37.21537718477925, -40.824534256091624, -44.60548141187732, -48.55821865213634, -52.346461915781475, -52.5144665142575, -52.68274597686868, -52.85130030361502, -53.020129494496516],
        "3": [-7.571219218855127, -9.072054867075359, -10.750527530208728, -12.606247412892579, -14.638824719764251, -16.847869655461096, -19.232992424620463, -21.793803231879693, -24.52991228187613, -27.44092977924712, -30.526465928630017, -33.78613093466216, -37.219535001980894, -40.826288335223566, -44.606001139027526, -48.55828361803012, -52.34646194904401, -52.51446651841532, -52.68274597686868, -52.8513002994572, -53.02012946123398],
        "4": [-7.051147411013822, -8.670311775156932, -10.445670984645503, -12.379596855889474, -14.474270749314464, -16.731683569361785, -19.153635764488428, -21.741737327167062, -24.497407793886048, -27.42187624514942, -30.516181305476906, -33.78117114340391, -37.217503471481514, -40.8256455462765, -44.605874168371315, -48.558275682364105, -52.34646194871897, -52.514466518395004, -52.68274597686868, -52.851300299436886, -53.02012946090893]
    },
    "apdft_poly_coeff": [ -52.68274597686868, -16.84168946787601, -1.3743206757865778, 0.00415781720164432, 0.0020315304993800964 ],
    "hf_energies": [-7.222834058601043, -8.814210922869268, -10.553917514797954, -12.449376667067394, -14.50777123911158, -16.734907676690284, -19.13423821131107, -21.70685454658404, -24.45262023019265, -27.37123368429466, -30.462524691762287, -33.72639564789869, -37.162772675596436, -40.771598875298196, -44.552821255096205, -48.5063548330425, -52.295649100854995, -52.463703085328675, -52.63203206198857, -52.80063600630933, -52.9695148932764],
    "triples_corrections": [-0.00015414103617339924, -0.0002092717808637584, -0.00028086259937783534, -0.0003536097855790729, -0.00039944390757917585, -0.0003875711375388152, -0.0003353756370814585, -0.00028445186445264046, -0.00024649056944730683, -0.00021739503927765527, -0.0001936583083804107, -0.00017369852991525893, -0.00015664718265934427, -0.00014186234104138868, -0.00012885487994450902, -0.00011727126143131304, -0.00010765422361636124, -0.00010725619767362498, -0.00010685975529794517, -0.00010646488618578865, -0.0001060715801348037],
    "scf_converged": [true, true, true, true, true, true, true, true, true, true, true, true, true, true, true, true, true, true, true, true, true],
    "cc_converged": [true, true, true, true, true, true, true, true, true, true, true, true, true, true, true, true, true, true, true, true, true],
    "scf_spin_squared": [3.7500039596026027, 3.75000393208772, 3.750004150259958, 3.7500044048537293, 3.7500047643855954, 3.750005395047195, 3.7500062650426798, 3.7500071861923687, 3.7500080156840694, 3.750008696178443, 3.7500092149365423, 3.750009583212683, 3.750009826207033, 3.7500099726787637, 3.7500100471018003, 3.7500100661342737, 3.7500100423830682, 3.750010040501596, 3.7500100385499913, 3.750010036528253, 3.750010034436358],
    "cc_spin_squared": [3.7500002027555484, 3.7500002390461136, 3.7500003032251503, 3.7500003808270166, 3.750000444184359, 3.7500004591384863, 3.750000430205628, 3.7500003891174583, 3.750000350219241, 3.750000314383829, 3.750000281190058, 3.750000250788117, 3.750000223332062, 3.7500001987415934, 3.7500001767992437, 3.750000157244496, 3.7500001411398944, 3.7500001404775594, 3.7500001398182716, 3.750000139162001, 3.7500001385086987]
}