{
    "schema_name": "pyscf_qa_output",
    "provenance": {
        "creator": "PySCF",
        "version": "1.7.6"
    },
    "molecule": {
        "geometry": [[0.0, 0.0, 0.0]],
        "symbols": [ "Mg" ]
    },
    "molecular_charge": 1,
    "molecular_multiplicity": 2,
    "name": "mg.chrg1.mult2-pyscf-uccsdt.augccpvqz",
    "atomic_numbers": [ 12 ],
    "n_electrons": 11,
    "model": {
        "method": "UCCSD(T)",
        "basis": "aug-cc-pVQZ",
        "scf_conv_tol": 1e-09,
        "scf_conv_tol_grad": 1e-06,
        "cc_conv_tol": 1e-07,
        "cc_conv_tol_normt": 1e-05
    },
    "broken_symmetry": false,
    "finite_diff_delta": 0.01,
    "finite_diff_acc": 2,
    "qa_lambdas": [-3.0, -2.75, -2.5, -2.25, -2.0, -1.75, -1.5, -1.25, -1.0, -0.75, -0.5, -0.25, -0.02, -0.01, 0.0, 0.01, 0.02, 0.25, 0.5, 0.75, 1.0],
    "electronic_energies": [-92.1982664068719, -99.89542114546299, -107.86222114560675, -116.11858935749342, -124.61827279525059, -133.34643869455033, -142.28616503393695, -151.4224129319415, -160.73646108720692, -170.20967290291802, -179.82367849560458, -189.56021681502418, -198.61082319856754, -199.0061375261227, -199.4015940687162, -199.79719182513057, -200.19292979905143, -209.3313884095605, -219.33503995254875, -229.40014782197477, -239.51647183643766],
    "qats_energies": {
        "0": [-199.40159406871615, -199.40159406871615, -199.40159406871615, -199.40159406871615, -199.40159406871615, -199.40159406871615, -199.40159406871615, -199.40159406871615, -199.40159406871615, -199.40159406871615, -199.40159406871615, -199.40159406871615, -199.40159406871615, -199.40159406871615, -199.40159406871615, -199.40159406871615, -199.40159406871615, -199.40159406871615, -199.40159406871615, -199.40159406871615, -199.40159406871615],
        "1": [-80.74344921753593, -90.63162795513428, -100.51980669273263, -110.40798543033098, -120.29616416792933, -130.18434290552767, -140.07252164312604, -149.9607003807244, -159.84887911832274, -169.73705785592108, -179.62523659351945, -189.5134153311178, -198.61053976970828, -199.00606691921223, -199.40159406871615, -199.79712121822007, -200.19264836772402, -209.2897728063145, -219.17795154391285, -229.06613028151122, -238.95430901910956],
        "2": [-87.09807116106546, -95.97127556046118, -104.93273859796147, -113.98246027356635, -123.1204405872758, -132.34667953908982, -141.66117712900842, -151.0639333570316, -160.55494822315936, -170.1342217273917, -179.8017538697286, -189.5575446501701, -198.61082219735022, -199.0061375261227, -199.40159406871615, -199.79719182513057, -200.19293079536595, -209.3339021253668, -219.354468820122, -229.4632941529818, -239.66037812394617],
        "3": [-91.59251783189845, -99.43314391629376, -107.5336915324713, -115.87855496282401, -124.45212848974482, -133.23880639562668, -142.22298296286255, -151.3890524738453, -160.72140921096798, -170.20444745662346, -179.8225614932047, -189.5601456031046, -198.61082352903813, -199.00613769258368, -199.40159406871615, -199.7971916586696, -200.19292946367804, -209.3313011724323, -219.33366119664592, -229.39306842375004, -239.49391713613755],
        "4": [-93.24723259710751, -100.60148298252766, -108.33168283513771, -116.40211705650344, -124.77898572731699, -133.4304041073969, -142.3264026356881, -151.43892693026197, -160.74183778831625, -170.21091118617505, -179.82383827928894, -189.56022540223486, -198.61082353230668, -199.00613769278797, -199.40159406871615, -199.79719165887386, -200.19292946694662, -209.33138097156254, -219.3349379827302, -229.39953215330164, -239.5143457134858]
    },
    "qats_poly_coeffs": [ -199.40159406871615, -39.55271495039341, -0.7060691048366152, 0.16646098780862909, -0.020428577348260053 ],
    "hf_energies": [-91.91613056956882, -99.62864465940841, -107.61345233749877, -115.89194411441431, -124.4179956403714, -133.1719108052026, -142.1389687824745, -151.30220790287734, -160.6416378406182, -170.13707298182328, -179.7692378401713, -189.519772073424, -198.58000178609774, -198.9756731095996, -199.37148196114273, -199.76742739145112, -200.16350845607099, -209.30870985266085, -219.31765448739037, -229.38653796090603, -239.50558199737367],
    "triples_corrections": [-0.007075594052624752, -0.006123361187010398, -0.00586996353375742, -0.00587840399480337, -0.005849612784532299, -0.0060023636189927305, -0.00564370397204002, -0.004827854141723578, -0.0037237164501039755, -0.002605171426249349, -0.001677103376845315, -0.0010150377226589486, -0.0006188548300545522, -0.0006054429216562592, -0.0005923096574799437, -0.000579450369033983, -0.0005668604102829737, -0.00034145318105125913, -0.0001983566967337323, -0.00011771650972820292, -7.19249782599554e-05],
    "scf_converged": [true, true, true, true, true, true, true, true, true, true, true, true, true, true, true, true, true, true, true, true, true],
    "cc_converged": [true, true, true, true, true, true, true, true, true, true, true, true, true, true, true, true, true, true, true, true, true],
    "scf_spin_squared": [0.7500001490102113, 0.7500000654698056, 0.7500025826920762, 0.750002983796997, 0.7500000144726773, 0.750015952672074, 0.7500441896504153, 0.7500770997094977, 0.7500935261946902, 0.7500939655550942, 0.750085381158148, 0.7500735563617207, 0.7500627761263567, 0.750062333493247, 0.7500618936368078, 0.7500614566092079, 0.750061022459855, 0.7500519099190921, 0.7500440192299322, 0.7500380946566532, 0.7500338079457407],
    "cc_spin_squared": [0.7500000272217986, 0.7500000080923797, 0.7500009123952451, 0.7500007430050695, 0.750000002891074, 0.7500022228804855, 0.7500043650683001, 0.7500054385009887, 0.7500049421798862, 0.750003815489976, 0.7500026853597124, 0.7500017906606469, 0.7500012035377295, 0.7500011826097084, 0.750001162031658, 0.7500011417992982, 0.7500011219083369, 0.7500007486375191, 0.7500004864567016, 0.7500003221726983, 0.750000218804487]
}