{
    "schema_name": "pyscf_apdft_output",
    "provenance": {
        "creator": "PySCF",
        "version": "1.7.6"
    },
    "molecule": {
        "geometry": [[0.0, 0.0, 0.0]],
        "symbols": [ "H" ]
    },
    "molecular_charge": -2,
    "molecular_multiplicity": 2,
    "name": "h.chrg-2.mult2-pyscf-uccsd.augccpv5z",
    "atomic_numbers": [ 1 ],
    "n_electrons": 3,
    "model": {
        "method": "UCCSD",
        "basis": "aug-cc-pV5Z",
        "scf_conv_tol": 1e-09,
        "scf_conv_tol_grad": 1e-06,
        "cc_conv_tol": 1e-07,
        "cc_conv_tol_normt": 1e-05
    },
    "broken_symmetry": false,
    "finite_diff_delta": 0.01,
    "finite_diff_acc": 2,
    "apdft_lambdas": [-0.02, -0.01, 0.0, 0.01, 0.02, 0.25, 0.5, 0.75, 1.0, 1.25, 1.5, 1.75, 2.0, 2.25, 2.5, 2.75, 3.0, 3.25, 3.5, 3.75, 4.0],
    "electronic_energies": [-0.30729001384288973, -0.322108419342812, -0.33713678243048384, -0.3523772407065112, -0.36783146060220445, -0.7814286991972086, -1.3516714346643446, -2.0464900744046504, -2.8669267962473595, -3.8138482863990655, -4.888867683533327, -6.094771545097662, -7.433085281946835, -8.900889304133193, -10.49248299303922, -12.201330353668597, -14.02005894378486, -15.940424193365255, -17.95364916530122, -20.050842732417024, -22.223334601050574],
    "apdft_energies": {
        "0": [-0.3371367824304836, -0.3371367824304836, -0.3371367824304836, -0.3371367824304836, -0.3371367824304836, -0.3371367824304836, -0.3371367824304836, -0.3371367824304836, -0.3371367824304836, -0.3371367824304836, -0.3371367824304836, -0.3371367824304836, -0.3371367824304836, -0.3371367824304836, -0.3371367824304836, -0.3371367824304836, -0.3371367824304836, -0.3371367824304836, -0.3371367824304836, -0.3371367824304836, -0.3371367824304836],
        "1": [-0.3068679610667844, -0.322002371748634, -0.3371367824304836, -0.35227119311233324, -0.36740560379418286, -0.7154970494767241, -1.0938573165229646, -1.472217583569205, -1.8505778506154456, -2.228938117661686, -2.6072983847079265, -2.985658651754167, -3.3640189188004075, -3.742379185846648, -4.120739452892888, -4.49909971993913, -4.87745998698537, -5.25582025403161, -5.63418052107785, -6.012540788124092, -6.390901055170332],
        "2": [-0.3072921514434963, -0.322108419342812, -0.3371367824304836, -0.3523772407065112, -0.3678297941708948, -0.7817767958379632, -1.358976301967921, -2.0687353008203573, -2.9110537923952715, -3.885931776692664, -4.993369253712535, -6.233366223454883, -7.605922685919712, -9.111038641107017, -10.7487140890168, -12.518949029649061, -14.421743463003803, -16.457097389081024, -18.62501080788072, -20.92548371940289, -23.358516123647547],
        "3": [-0.30728961542221883, -0.3221081023401523, -0.3371367824304836, -0.3523775577091709, -0.36783233019217226, -0.786729962395572, -1.3986016344287915, -2.202470797875795, -3.2280564520822352, -4.505077596393765, -6.063253230156038, -7.932302352714705, -10.141943963415422, -12.72189706160384, -15.701880646625611, -19.111613717826387, -22.98081527455183, -27.339204316147573, -32.21649984195929, -37.64242085133262, -43.64668634361323],
        "4": [-0.3072893013093542, -0.32210808270809826, -0.3371367824304836, -0.35237753807711686, -0.36783201607930766, -0.7790611912869829, -1.2759012966913668, -1.5813003380800823, -1.2648510482834396, 0.28790434647438823, 3.8754741265753654, 10.480417079007593, 21.269342497365308, 37.59291018184887, 60.98583043926485, 93.16686408302583, 136.03882243315059, 191.68856731626414, 262.38701106559745, 350.5891165209878, 458.93389702887845]
    },
    "apdft_poly_coeff": [ -0.3371367824304836, -1.513441068184962, -1.060475941779826, -0.31700265968696384, 1.9632054037987956 ],
    "hf_energies": [-0.28411136511343354, -0.29781027117071723, -0.3116774069780863, -0.325721696443919, -0.3399534615371107, -0.7408501597814571, -1.3103745543168988, -2.0048585053220918, -2.8251262257308243, -3.772046070018166, -4.847244895641504, -6.0535745717885145, -7.392743105347798, -8.861947375833013, -10.455407273331215, -12.166423627018155, -13.987445640175398, -15.91006761509431, -17.925393841574124, -20.02446602980162, -22.198591490955714],
    "scf_converged": [true, true, true, true, true, true, true, true, true, true, true, true, true, true, true, true, true, true, true, true, true],
    "cc_converged": [true, true, true, true, true, true, true, true, true, true, true, true, true, true, true, true, true, true, true, true, true],
    "scf_spin_squared": [0.7796443658010146, 0.7821021726037315, 0.784753554635245, 0.7875867262204841, 0.7905719273436922, 0.7541258381507868, 0.7501821900500221, 0.7500244508043584, 0.7500082044434869, 0.7500059164567547, 0.7500074707467307, 0.7500117543044889, 0.7500163969526075, 0.7500191001808569, 0.7500202072930677, 0.7500203861389843, 0.7500199075958557, 0.7500189107587281, 0.7500175112567062, 0.7500158114584424, 0.7500139105585811],
    "cc_spin_squared": [0.7500142749151175, 0.7500150814756937, 0.750015807918625, 0.7500164244081545, 0.7500168985917415, 0.7500044842936912, 0.7500009168115247, 0.7500002728894778, 0.7500001195788866, 0.7500000786547245, 0.7500000766693287, 0.7500000928126931, 0.7500001052738194, 0.7500001030165733, 0.7500000924873751, 0.7500000795063477, 0.750000066331037, 0.7500000539433753, 0.7500000429402818, 0.7500000336520557, 0.7500000261934989]
}