{
    "schema_name": "pyscf_apdft_output",
    "provenance": {
        "creator": "PySCF",
        "version": "1.7.6"
    },
    "molecule": {
        "geometry": [[0.0, 0.0, 0.0]],
        "symbols": [ "Mg" ]
    },
    "molecular_charge": -1,
    "molecular_multiplicity": 2,
    "name": "mg.chrg-1.mult2-pyscf-uccsdt.augccpv5z",
    "atomic_numbers": [ 12 ],
    "n_electrons": 13,
    "model": {
        "method": "UCCSD(T)",
        "basis": "aug-cc-pV5Z",
        "scf_conv_tol": 1e-09,
        "scf_conv_tol_grad": 1e-06,
        "cc_conv_tol": 1e-07,
        "cc_conv_tol_normt": 1e-05
    },
    "broken_symmetry": false,
    "finite_diff_delta": 0.01,
    "finite_diff_acc": 2,
    "apdft_lambdas": [-1.0, -0.75, -0.5, -0.25, -0.02, -0.01, 0.0, 0.01, 0.02, 0.25, 0.5, 0.75, 1.0, 1.25, 1.5, 1.75, 2.0, 2.25, 2.5, 2.75, 3.0],
    "electronic_energies": [-160.7775188885693, -170.28215648561317, -179.9517482975761, -189.76526160337102, -198.9060205383574, -199.3057753339825, -199.70572457157715, -200.10586829324953, -200.50620643449378, -209.7654179029063, -219.92774085907286, -230.17475361380346, -240.49334033674202, -250.87296037254123, -261.30495863390206, -271.7821730731656, -282.298644654616, -292.84938349404666, -303.43017453236405, -314.03741940984276, -324.66801351684904],
    "apdft_energies": {
        "0": [-199.70572457157633, -199.70572457157633, -199.70572457157633, -199.70572457157633, -199.70572457157633, -199.70572457157633, -199.70572457157633, -199.70572457157633, -199.70572457157633, -199.70572457157633, -199.70572457157633, -199.70572457157633, -199.70572457157633, -199.70572457157633, -199.70572457157633, -199.70572457157633, -199.70572457157633, -199.70572457157633, -199.70572457157633, -199.70572457157633, -199.70572457157633],
        "1": [-159.70107660822467, -169.70223859906258, -179.7034005899005, -189.7045625807384, -198.9056316123093, -199.3056780919428, -199.70572457157633, -200.10577105120984, -200.50581753084336, -209.70688656241424, -219.70804855325215, -229.70921054409007, -239.71037253492798, -249.7115345257659, -259.71269651660384, -269.7138585074417, -279.7150204982796, -289.71618248911756, -299.7173444799555, -309.7185064707934, -319.7196684616313],
        "2": [-160.67349700508774, -170.24922507229806, -179.94650568911626, -189.76533885554235, -198.90602058046804, -199.3057753339825, -199.70572457157633, -200.10586829324953, -200.5062064990021, -209.76766283721818, -219.95115365246792, -230.25619701732555, -240.68279293179106, -251.23094139586445, -261.90064240954575, -272.6918959728349, -283.6047020857319, -294.63906074823683, -305.7949719603497, -317.0724357220704, -328.4714520333989],
        "3": [-160.67536348006232, -170.25001249142795, -179.9467389984881, -189.76536801921384, -198.90602059539984, -199.30577533584898, -199.70572457157633, -200.10586829138305, -200.5062064840703, -209.7676336735467, -219.9509203430961, -230.25540959819566, -240.68092645681648, -251.22729593692972, -261.8943430565065, -272.681892833518, -283.5897702859353, -294.61780043172956, -305.7658082888719, -317.03361887533345, -328.42105720908535],
        "4": [-160.23111806923418, -170.10945046690813, -179.91897366031134, -189.7636326855778, -198.90602052432058, -199.30577533140652, -199.70572457157633, -200.1058682869406, -200.50620641299105, -209.76589833991065, -219.92315500491935, -230.1148475736758, -240.23668104598835, -250.14271241440008, -259.6453506641891, -268.5153567733681, -276.4818437126851, -283.2322764456224, -288.4124719283976, -291.62659910996314, -292.43717893200596]
    },
    "apdft_poly_coeff": [ -199.70572457157633, -40.00464796335166, -0.9724203968630718, 0.0018664749745767038, 0.44424541082814056 ],
    "hf_energies": [-160.6225810122212, -170.14492343424234, -179.8303730749186, -189.65564647282358, -198.80226921655094, -199.20211491119645, -199.60213910025237, -200.0023423066637, -200.40272525606605, -209.66310747430887, -219.828017649523, -230.07679366073197, -240.39662902067934, -250.77732780897975, -261.2104669816192, -271.6890131769671, -282.20705487848807, -292.759593359179, -303.34237151531136, -313.95173409690983, -324.5845175370723],
    "triples_corrections": [-0.005440067965001112, -0.0041357036332143144, -0.003114299728601784, -0.0024490178448704327, -0.002362853254100103, -0.0023779887288297367, -0.0023947263095559926, -0.002412918480467506, -0.0024323657337714942, -0.002582496708818577, -0.0023455537956093087, -0.002156118312102176, -0.002004183613262724, -0.0018711854546294342, -0.0017471000332834944, -0.0016275767695559528, -0.0015114141310950593, -0.0013989930079960971, -0.001291304565210777, -0.001189396439597597, -0.001094096052342192],
    "scf_converged": [true, true, true, true, true, true, true, true, true, true, true, true, true, true, true, true, true, true, true, true, true],
    "cc_converged": [true, true, true, true, true, true, true, true, true, true, true, true, true, true, true, true, true, true, true, true, true],
    "scf_spin_squared": [1.155321125176263, 0.7767945302738148, 0.7519241700246155, 0.7507720317110733, 0.7517710970533038, 0.7519367055185899, 0.7521299712070242, 0.7523563166526079, 0.7526222218539509, 0.7697869648791205, 0.7721216977640566, 0.7711302955177874, 0.7697549382048745, 0.7683522303605166, 0.7670075529935572, 0.7657485055787463, 0.7645838003098486, 0.7635143550043804, 0.7625376633423464, 0.761649616900101, 0.7608453549292573],
    "cc_spin_squared": [0.7529867111995636, 0.750292421967083, 0.7500479806728912, 0.7500291531328549, 0.750081847117352, 0.7500884469084368, 0.7500957614517532, 0.7501038556007518, 0.7501127923742859, 0.7503301558852713, 0.7502847382044204, 0.7502301583866813, 0.7501886295420976, 0.7501570722351896, 0.7501323096916237, 0.7501123404774783, 0.7500958974062084, 0.7500821779252953, 0.7500706172967928, 0.7500608237890911, 0.7500525136220766]
}