{
    "schema_name": "pyscf_qa_output",
    "provenance": {
        "creator": "PySCF",
        "version": "1.7.6"
    },
    "molecule": {
        "geometry": [[0.0, 0.0, 0.0]],
        "symbols": [ "Cl" ]
    },
    "molecular_charge": 2,
    "molecular_multiplicity": 2,
    "name": "cl.chrg2.mult2-pyscf-uccsdt.augccpvtz",
    "atomic_numbers": [ 17 ],
    "n_electrons": 15,
    "model": {
        "method": "UCCSD(T)",
        "basis": "aug-cc-pVTZ",
        "scf_conv_tol": 1e-09,
        "scf_conv_tol_grad": 1e-06,
        "cc_conv_tol": 1e-07,
        "cc_conv_tol_normt": 1e-05
    },
    "broken_symmetry": false,
    "finite_diff_delta": 0.01,
    "finite_diff_acc": 2,
    "qa_lambdas": [-4.0, -3.75, -3.5, -3.25, -3.0, -2.75, -2.5, -2.25, -2.0, -1.75, -1.5, -1.25, -1.0, -0.75, -0.5, -0.25, -0.02, -0.01, 0.0, 0.01, 0.02],
    "electronic_energies": [-228.6678446766481, -241.1184782507373, -253.88851097830116, -266.9872107446272, -280.33188706850154, -293.9770526360211, -307.9177161762788, -322.04170062558313, -336.43131860450904, -351.03939746385936, -365.85170401764424, -380.85454951423134, -396.0347320065599, -411.3794807871239, -426.8764430706952, -442.5137099732618, -457.0140926086015, -457.6468861275001, -458.27986909569063, -458.9130408359853, -459.54640067274454],
    "qats_energies": {
        "0": [-458.2798690956903, -458.2798690956903, -458.2798690956903, -458.2798690956903, -458.2798690956903, -458.2798690956903, -458.2798690956903, -458.2798690956903, -458.2798690956903, -458.2798690956903, -458.2798690956903, -458.2798690956903, -458.2798690956903, -458.2798690956903, -458.2798690956903, -458.2798690956903, -458.2798690956903, -458.2798690956903, -458.2798690956903, -458.2798690956903, -458.2798690956903],
        "1": [-205.04892739864965, -220.8758612547147, -236.70279511077973, -252.52972896684477, -268.3566628229098, -284.1835966789748, -300.0105305350399, -315.83746439110496, -331.66439824716997, -347.491332103235, -363.31826595930005, -379.1451998153651, -394.97213367143013, -410.79906752749514, -426.6260013835602, -442.4529352396253, -457.0137143872051, -457.6467917414477, -458.2798690956903, -458.91294644993286, -459.5460238041755],
        "2": [-220.15069578884516, -234.14889987890996, -248.26508653452316, -262.49925575568477, -276.8514075423948, -291.3215418946532, -305.90965881246, -320.6157582958152, -335.43984034471885, -350.38190495917087, -365.4419521391713, -380.6199818847201, -395.91599419581735, -411.329989072463, -426.861966514657, -442.51192652239945, -457.01409193141484, -457.6468861275001, -458.2798690956903, -458.9130408359853, -459.54640134838525],
        "3": [-227.3657751625058, -240.09394208743163, -253.09862603679971, -266.3692580466839, -279.89526915315787, -293.66609039229536, -307.67115280017015, -321.8998874128559, -336.3417252664264, -350.9860973969554, -365.8224348405167, -380.8401686331839, -396.0287298110308, -411.37754941013117, -426.8760584665587, -442.51368801638716, -457.01409283329974, -457.64688624023574, -458.2798690956903, -458.9130407232497, -459.54640044650034],
        "4": [-229.0149315887406, -241.36787617065514, -254.0653312563773, -267.0879707647273, -280.4170725536462, -294.03451842019615, -307.92279410055994, -322.0649892700417, -336.4447975430661, -351.04651647317905, -365.8550475530472, -380.85589621445826, -396.03517182832076, -411.3795877046643, -426.8764610926393, -442.5137131805172, -457.0140928343305, -457.64688624030015, -458.2798690956903, -458.9130407233141, -459.546400447531]
    },
    "qats_poly_coeffs": [ -458.2798690956903, -63.30773542426016, -0.9438605243872189, 0.11273561521344767, -0.006442017289979655 ],
    "hf_energies": [-228.37747351119498, -240.82662839427468, -253.5972791408835, -266.71542282037615, -280.0490198854117, -293.7014852282347, -307.67069235450015, -321.78456228395623, -336.1843916653172, -350.80277879466007, -365.6250756904642, -380.6372320773817, -395.8257738759187, -411.1777611213182, -426.68077045226426, -442.3229083796657, -456.82680252234564, -457.45972910132315, -458.0928435675614, -458.7261452530617, -459.3596334914388],
    "triples_corrections": [-0.007015537924475377, -0.007459455663637894, -0.007905891497197743, -0.008596362443051913, -0.008683837007613812, -0.008993972569696935, -0.00990125586312006, -0.009505562624628133, -0.009698610461455606, -0.009843640542433535, -0.00995245935977124, -0.01004363934013567, -0.010135200912369932, -0.010241342407659414, -0.010372439976238433, -0.010534226258975229, -0.010712624644824581, -0.010721029322313294, -0.010729487494559787, -0.010737999052537296, -0.01074656388024345],
    "scf_converged": [true, true, true, true, true, true, true, true, true, true, true, true, true, true, true, true, true, true, true, true, true],
    "cc_converged": [true, true, true, true, true, true, true, true, true, true, true, true, true, true, true, true, true, true, true, true, true],
    "scf_spin_squared": [0.7667438139704075, 0.7669977814726385, 0.7674318786384369, 1.8139264414874354, 0.7684370921376935, 0.7680219087287767, 1.8107980372075412, 0.7661551616705813, 0.7651329524313297, 0.7641627468392738, 0.7632756373223657, 0.7624811566819751, 0.7617762047107437, 0.7611523203129229, 0.7605998468542854, 0.7601095523258152, 0.7597059992251101, 0.7596893830701879, 0.7596728400777577, 0.7596563697351275, 0.7596399715302953],
    "cc_spin_squared": [0.75044415199805, 0.7505246187023196, 0.7506154990453298, 2.332233168821492, 0.7507151478415124, 0.7506714777062644, 2.434943812730053, 0.7505218483110672, 0.7504605905406083, 0.7504117481192085, 0.7503722698736079, 0.7503395930089369, 0.750312005667904, 0.7502883931737663, 0.7502679788877313, 0.7502502502687212, 0.7502359469102022, 0.7502353640800905, 0.7502347843220112, 0.7502342076144624, 0.7502336339362485]
}