{
    "schema_name": "pyscf_apdft_output",
    "provenance": {
        "creator": "PySCF",
        "version": "1.7.6"
    },
    "molecule": {
        "geometry": [[0.0, 0.0, 0.0]],
        "symbols": [ "N" ]
    },
    "molecular_charge": -2,
    "molecular_multiplicity": 2,
    "name": "n.chrg-2.mult2-pyscf-uccsdt.augccpvtz",
    "atomic_numbers": [ 7 ],
    "n_electrons": 9,
    "model": {
        "method": "UCCSD(T)",
        "basis": "aug-cc-pVTZ",
        "scf_conv_tol": 1e-09,
        "scf_conv_tol_grad": 1e-06,
        "cc_conv_tol": 1e-05,
        "cc_conv_tol_normt": 1e-07
    },
    "broken_symmetry": false,
    "finite_diff_delta": 0.01,
    "finite_diff_acc": 2,
    "apdft_lambdas": [-0.02, -0.01, 0.0, 0.01, 0.02, 0.25, 0.5, 0.75, 1.0, 1.25, 1.5, 1.75, 2.0, 2.25, 2.5, 2.75, 3.0, 3.25, 3.5, 3.75, 4.0],
    "electronic_energies": [-53.90516315021065, -54.093382503876214, -54.281903360943964, -54.47072537172185, -54.6598481385051, -59.09178938659549, -64.08243535728438, -69.25679300434388, -74.60125732712034, -80.10880288453737, -85.7694341425518, -91.57383743797169, -97.51408867166647, -103.5830477778733, -109.77386157515957, -116.07970477886974, -122.49366014248905, -129.00866003549544, -135.61746163125187, -142.31265190425387, -149.08669849200174],
    "apdft_energies": {
        "0": [-54.28190336094396, -54.28190336094396, -54.28190336094396, -54.28190336094396, -54.28190336094396, -54.28190336094396, -54.28190336094396, -54.28190336094396, -54.28190336094396, -54.28190336094396, -54.28190336094396, -54.28190336094396, -54.28190336094396, -54.28190336094396, -54.28190336094396, -54.28190336094396, -54.28190336094396, -54.28190336094396, -54.28190336094396, -54.28190336094396, -54.28190336094396],
        "1": [-53.90456049309832, -54.09323192702114, -54.28190336094396, -54.47057479486678, -54.65924622878959, -58.99868920901439, -63.71547505708481, -68.43226090515523, -73.14904675322566, -77.86583260129609, -82.58261844936652, -87.29940429743694, -92.01619014550737, -96.7329759935778, -101.44976184164821, -106.16654768971864, -110.88333353778907, -115.6001193858595, -120.31690523392992, -125.03369108200035, -129.75047693007076],
        "2": [-53.90516280051862, -54.093382503876214, -54.28190336094396, -54.47072537172185, -54.659848536209886, -59.09279974343537, -64.09191719476877, -69.27925571494413, -74.65481530396147, -80.2185959618208, -85.97059768852208, -91.91082048406535, -98.0392643484506, -104.35592928167782, -110.86081528374703, -117.5539223546582, -124.43525049441135, -131.50479970300648, -138.76256998044357, -146.20856132672264, -153.8427737418437],
        "3": [-53.905163298783165, -54.093382566159285, -54.28190336094396, -54.47072530943878, -54.65984803794534, -59.09182657049499, -64.08413181124571, -69.25298004555384, -74.59253223577709, -80.09694934427317, -85.7603923333998, -91.57702216551469, -97.54099980297556, -103.64648620814012, -109.88764234336608, -116.25862917101117, -122.75360765343308, -129.36673875298953, -136.09218343203827, -142.924102652937, -149.8566573780434],
        "4": [-53.90516326677468, -54.09338256415875, -54.28190336094396, -54.47072530743825, -54.65984800593685, -59.09104511330437, -64.07162849619573, -69.1896820131133, -74.39247919497735, -79.6085386001332, -84.74762381435116, -89.7007434508266, -94.34015115017988, -98.5193455804564, -102.0730704371266, -104.81731444308596, -106.54931134865492, -107.047539931579, -106.07172399702876, -103.36283237759969, -98.64307893331241]
    },
    "apdft_poly_coeff": [ -54.28190336094396, -18.867143392281704, -1.5057685507358087, 0.06228306818438037, 0.2000530407997303 ],
    "hf_energies": [-53.630634458728274, -53.81886392503946, -54.00740388541283, -54.19625396898771, -54.385413800449385, -58.82061011189731, -63.84061343294445, -69.0113487693329, -74.36466972953586, -79.88173705419175, -85.55164497218878, -91.36571310902228, -97.31632065397989, -103.39633485939072, -109.59875904797123, -115.91654932040478, -122.34252701099548, -128.86934295478827, -135.48947836735167, -142.1952825639412, -148.97905010891964],
    "triples_corrections": [-0.018689776428229103, -0.01868588629827412, -0.018680123747279766, -0.018672450740482308, -0.018662766609274174, -0.01773352190959787, -0.010894374370184489, -0.010933117744542548, -0.008480007321573642, -0.006537681640514895, -0.005221329570758321, -0.004245125998316342, -0.003481034850408475, -0.0028774933512307186, -0.0024013477796227, -0.00202121733039083, -0.0017085879793730476, -0.0014421917654799978, -0.0012097371547805365, -0.001006281774668359, -0.0008308631084389664],
    "scf_converged": [true, true, true, true, true, true, true, true, true, true, true, true, true, true, true, true, true, true, true, true, true],
    "cc_converged": [true, true, true, true, true, true, true, true, true, true, true, true, true, true, true, true, true, true, true, true, true],
    "scf_spin_squared": [0.7865790491567983, 0.787106149189448, 0.7876652969231888, 0.7882577033760372, 0.7888878128162373, 0.827549948508211, 1.4247458704634148, 0.8799509815487983, 0.7726236570619469, 0.7603161822409614, 0.7570220540774395, 0.7555751326158662, 0.7547042269167772, 0.7540784520030579, 0.7535870378693224, 0.7531829022853307, 0.7528411403558399, 0.7525465976143377, 0.7522894694945967, 0.7520632713808242, 0.7518636189618797],
    "cc_spin_squared": [0.767661912310142, 0.7675242918509799, 0.7673734889465442, 0.7672095865063784, 0.7670323204933966, 0.7591165385778362, 0.7954792014921375, 0.757561017193785, 0.7518119746712797, 0.7506115054689242, 0.7502774800697329, 0.7501613551908395, 0.7501082852858558, 0.7500776722975084, 0.7500573736534184, 0.75004297961314, 0.7500325161735035, 0.7500248000836174, 0.7500190640875701, 0.7500147797570835, 0.7500115575791171]
}