{
    "schema_name": "pyscf_qa_output",
    "provenance": {
        "creator": "PySCF",
        "version": "1.7.6"
    },
    "molecule": {
        "geometry": [[0.0, 0.0, 0.0]],
        "symbols": [ "O" ]
    },
    "molecular_charge": -1,
    "molecular_multiplicity": 4,
    "name": "o.chrg-1.mult4-pyscf-uccsdt.augccpvtz",
    "atomic_numbers": [ 8 ],
    "n_electrons": 9,
    "model": {
        "method": "UCCSD(T)",
        "basis": "aug-cc-pVTZ",
        "scf_conv_tol": 1e-09,
        "scf_conv_tol_grad": 1e-06,
        "cc_conv_tol": 1e-05,
        "cc_conv_tol_normt": 1e-07
    },
    "broken_symmetry": false,
    "finite_diff_delta": 0.01,
    "finite_diff_acc": 2,
    "qa_lambdas": [-1.0, -0.75, -0.5, -0.25, -0.02, -0.01, 0.0, 0.01, 0.02, 0.25, 0.5, 0.75, 1.0, 1.25, 1.5, 1.75, 2.0, 2.25, 2.5, 2.75, 3.0],
    "electronic_energies": [-53.941861630689154, -58.84208774989204, -63.972581793901426, -69.31870854546383, -74.40130759001255, -74.62598986433494, -74.85096626738395, -75.07623611634203, -75.30179873141887, -80.56902557856893, -86.46051739192059, -92.51634565000775, -98.72812838059777, -105.08804539563626, -111.58876787672689, -118.22340796646267, -124.98544347404278, -131.86859567050243, -138.86665104344044, -145.97325143924104, -153.18172049886059],
    "qats_energies": {
        "0": [-74.85096626738394, -74.85096626738394, -74.85096626738394, -74.85096626738394, -74.85096626738394, -74.85096626738394, -74.85096626738394, -74.85096626738394, -74.85096626738394, -74.85096626738394, -74.85096626738394, -74.85096626738394, -74.85096626738394, -74.85096626738394, -74.85096626738394, -74.85096626738394, -74.85096626738394, -74.85096626738394, -74.85096626738394, -74.85096626738394, -74.85096626738394],
        "1": [-52.338653667029405, -57.96673181711804, -63.59480996720667, -69.2228881172953, -74.40072001537685, -74.62584314138039, -74.85096626738394, -75.07608939338749, -75.30121251939103, -80.47904441747258, -86.1071225675612, -91.73520071764983, -97.36327886773847, -102.99135701782711, -108.61943516791574, -114.24751331800437, -119.875591468093, -125.50366961818165, -131.13174776827026, -136.7598259183589, -142.38790406844754],
        "2": [-53.805883212498145, -58.792048436444205, -63.96161735357386, -69.3145899638871, -74.40130690719504, -74.62598986433494, -74.85096626738394, -75.07623611634203, -75.30179941120922, -80.57074626406437, -86.47392995392839, -92.560517336976, -98.83050841320721, -105.28390318262201, -111.9207016452204, -118.74090380100239, -125.74450964996797, -132.93151919211715, -140.3019324274499, -147.85574935596625, -155.5929699776662],
        "3": [-53.919433867599025, -58.83995261906489, -63.97581118546147, -69.31636419287305, -74.40130781560028, -74.6259899778856, -74.85096626738394, -75.07623600279138, -75.30179850280398, -80.56897203507842, -86.45973612204078, -92.51261315435532, -98.71695775810633, -105.0621245593781, -111.53746818425493, -118.13234325882111, -124.83610440916092, -131.63810626135867, -138.52770344149866, -145.49425057566515, -152.52710228994243],
        "4": [-53.93204700776097, -58.84394349544426, -63.97659950672159, -69.31641346295181, -74.40130781761837, -74.62598997801173, -74.85096626738394, -75.07623600291751, -75.30179850482207, -80.56902130515718, -86.4605244433009, -92.5166040307347, -98.72957089826828, -105.09291835860162, -111.60132220632481, -118.25064071791815, -125.03791465175215, -131.9613672480874, -139.02040422907487, -146.21561379875544, -153.54876664306045]
    },
    "qats_poly_coeffs": [ -74.85096626738394, -22.512312600354534, -1.46722954546874, 0.11355065510088024, -0.012613140161950772 ],
    "hf_energies": [-53.74263640297962, -58.62786085630211, -63.78100690408917, -69.13175080901576, -74.20912861036595, -74.43404266979773, -74.65924944590499, -74.88474829096793, -75.11053855996798, -80.38270279920059, -86.2791556039433, -92.33978685865242, -98.55638867559489, -104.92125599684344, -111.4271269307154, -118.06713032444992, -124.8347132828076, -131.72353069951305, -138.72728657505, -145.83954109204834, -153.05354296703945],
    "triples_corrections": [-0.008997392580727398, -0.00898847310700238, -0.005679983832505147, -0.004912527263391879, -0.004861618765392732, -0.0048275356631426675, -0.004793868904916972, -0.004760608568598041, -0.00472774533853619, -0.004062915857873421, -0.003484493920516995, -0.0030109341958737524, -0.0026212900861469924, -0.00230273026806419, -0.0020437114171087314, -0.0018325092193778925, -0.0016575896962698093, -0.00150843213792922, -0.0013763399488056329, -0.0012551417167612753, -0.0011415580240626976],
    "scf_converged": [true, true, true, true, true, true, true, true, true, true, true, true, true, true, true, true, true, true, true, true, true],
    "cc_converged": [true, true, true, true, true, true, true, true, true, true, true, true, true, true, true, true, true, true, true, true, true],
    "scf_spin_squared": [4.112111762886343, 3.775801274312591, 3.7631692889579793, 3.763147586265262, 3.7562720043836073, 3.7562555734033065, 3.7562394533323338, 3.7562236239773035, 3.7562080729557628, 3.755894171570356, 3.755578545997208, 3.755251542380154, 3.7549115483436406, 3.7545658594054494, 3.7542212243628157, 3.7538817136066442, 3.7535493478468855, 3.753225629116668, 3.7529129887130352, 3.752615410653706, 3.752337779933548],
    "cc_spin_squared": [3.76843965560293, 3.752673731820675, 3.7503887709086876, 3.750732830637128, 3.7502679327787636, 3.750263221248519, 3.7502586640442233, 3.7502542544341404, 3.750249986071357, 3.750179808121343, 3.750137007291083, 3.7501094236075367, 3.7500896327295967, 3.750074508314463, 3.750062538053916, 3.750052885959652, 3.750044995481764, 3.750038483577204, 3.7500330532953616, 3.7500284692825216, 3.750024562963798]
}