{
    "schema_name": "pyscf_qa_output",
    "provenance": {
        "creator": "PySCF",
        "version": "1.7.6"
    },
    "molecule": {
        "geometry": [[0.0, 0.0, 0.0]],
        "symbols": [ "Ne" ]
    },
    "molecular_charge": -2,
    "molecular_multiplicity": 1,
    "name": "ne.chrg-2.mult1-pyscf-ccsdt.augccpvtz",
    "atomic_numbers": [ 10 ],
    "n_electrons": 12,
    "model": {
        "method": "CCSD(T)",
        "basis": "aug-cc-pVTZ",
        "scf_conv_tol": 1e-09,
        "scf_conv_tol_grad": 1e-06,
        "cc_conv_tol": 1e-07,
        "cc_conv_tol_normt": 1e-05
    },
    "broken_symmetry": false,
    "finite_diff_delta": 0.01,
    "finite_diff_acc": 2,
    "qa_lambdas": [-0.02, -0.01, 0.0, 0.01, 0.02, 0.25, 0.5, 0.75, 1.0, 1.25, 1.5, 1.75, 2.0, 2.25, 2.5, 2.75, 3.0, 3.25, 3.5, 3.75, 4.0],
    "electronic_energies": [-127.54440185558006, -127.86259641581097, -128.1811574129935, -128.50008299720943, -128.81937182222717, -136.1988449329626, -144.4434004622675, -152.8891186940334, -161.52827708793532, -170.3536693773838, -179.35855166947985, -188.5365946192526, -197.88184267466136, -207.38867569506746, -217.0517521596305, -226.86593386696032, -236.82618237029286, -246.92743193011583, -257.16445280789964, -267.53172891136364, -278.0233770620978],
    "qats_energies": {
        "0": [-128.18115741255332, -128.18115741255332, -128.18115741255332, -128.18115741255332, -128.18115741255332, -128.18115741255332, -128.18115741255332, -128.18115741255332, -128.18115741255332, -128.18115741255332, -128.18115741255332, -128.18115741255332, -128.18115741255332, -128.18115741255332, -128.18115741255332, -128.18115741255332, -128.18115741255332, -128.18115741255332, -128.18115741255332, -128.18115741255332, -128.18115741255332],
        "1": [-127.54367083115486, -127.86241412185409, -128.18115741255332, -128.49990070325254, -128.81864399395178, -136.1497396800341, -144.1183219475149, -152.08690421499568, -160.05548648247645, -168.02406874995722, -175.99265101743802, -183.96123328491882, -191.9298155523996, -199.89839781988036, -207.86698008736116, -215.83556235484195, -223.80414462232272, -231.7727268898035, -239.7413091572843, -247.7098914247651, -255.67847369224586],
        "2": [-127.54440000698239, -127.86259641581097, -128.18115741255332, -128.50008299720943, -128.8193731697793, -136.26367340308568, -144.57405683972118, -153.11230772245983, -161.87842605130163, -170.87241182624658, -180.09426504729467, -189.5439857144459, -199.2215738277003, -209.12702938705783, -219.2603523925185, -229.62154284408234, -240.21060074174932, -251.02752608551944, -262.07231887539274, -273.3449791113691, -284.8455067934487],
        "3": [-127.54440213774895, -127.86259668215679, -128.18115741255332, -128.50008273086362, -128.81937103901276, -136.2595117496564, -144.54076361228698, -152.99994307986938, -161.61208023182795, -170.35220514758706, -179.19534790657102, -188.11653858820418, -197.09080727191088, -206.0931840371155, -215.09869896324233, -224.08238212971574, -233.01926361596009, -241.8843735013997, -250.6527418654589, -259.29939878756204, -267.7993743471335],
        "4": [-127.54440247177929, -127.86259670303369, -128.18115741255332, -128.5000827517405, -128.8193713730431, -136.2676667874126, -144.67124421638613, -153.6605011381213, -163.6997698974143, -175.44910374521, -189.764276838602, -207.69678424083259, -230.49384192129276, -259.59838675552237, -296.6490765252098, -343.48028991819234, -402.12212652845585, -474.800406856135, -563.9366723075132, -672.1481851950225, -802.2479287372435]
    },
    "qats_poly_coeffs": [ -128.18115741255332, -31.874329069923135, -1.822939568825177, 0.26634581947367525, -2.0876896655863675 ],
    "hf_energies": [-127.16395844204712, -127.48017436717069, -127.79672931525158, -128.11362278282965, -128.43085426830766, -135.81659020468584, -144.07897220585596, -152.54030295332112, -161.19336301227253, -170.03140686975223, -179.04805299185395, -188.2372273999952, -197.59313160254436, -207.1102144510055, -216.7831354676282, -226.60671181435777, -236.5758438114778, -246.68541754131974, -256.93018992741213, -267.3046717065158, -277.8030332846906],
    "triples_corrections": [-0.04728135444828785, -0.04875629683786419, -0.050248133674278404, -0.05175575711371926, -0.05327851257465745, -0.015363675135592267, -0.011498815006174657, -0.008945747991857926, -0.007202227114562738, -0.005970829541531881, -0.0050786021030892635, -0.004421336205163795, -0.003932104721292117, -0.0035651668802615145, -0.003287368492460299, -0.003073735928767799, -0.0029048066789742807, -0.0027649864232888294, -0.002641672341334099, -0.002525090706051463, -0.0024086362696950627],
    "scf_converged": [true, true, true, true, true, true, true, true, true, true, true, true, true, true, true, true, true, true, true, true, true],
    "cc_converged": [true, true, true, true, true, true, true, true, true, true, true, true, true, true, true, true, true, true, true, true, true],
    "t1_diagnostic": [0.010499014102358395, 0.010530368572790058, 0.010563773989125398, 0.010599194148649137, 0.010636550188461184, 0.005199211694455191, 0.004932252539548107, 0.004699704314263195, 0.0044884008976526744, 0.0043077599039551065, 0.004175977527535212, 0.004112311216837201, 0.004130846267211599, 0.004235706086808351, 0.00441709562619662, 0.004650342251165219, 0.004898085804001466, 0.005116141019643333, 0.005262828395239052, 0.005309114466515658, 0.0052451164100334605]
}