{
    "schema_name": "pyscf_qa_output",
    "provenance": {
        "creator": "PySCF",
        "version": "1.7.6"
    },
    "molecule": {
        "geometry": [[0.0, 0.0, 0.0]],
        "symbols": [ "Si" ]
    },
    "molecular_charge": 0,
    "molecular_multiplicity": 1,
    "name": "si.chrg0.mult1-pyscf-ccsdt.augccpvqz",
    "atomic_numbers": [ 14 ],
    "n_electrons": 14,
    "model": {
        "method": "CCSD(T)",
        "basis": "aug-cc-pVQZ",
        "scf_conv_tol": 1e-09,
        "scf_conv_tol_grad": 1e-06,
        "cc_conv_tol": 1e-07,
        "cc_conv_tol_normt": 1e-05
    },
    "broken_symmetry": false,
    "finite_diff_delta": 0.01,
    "finite_diff_acc": 2,
    "qa_lambdas": [-2.0, -1.75, -1.5, -1.25, -1.0, -0.75, -0.5, -0.25, -0.02, -0.01, 0.0, 0.01, 0.02, 0.25, 0.5, 0.75, 1.0, 1.25, 1.5, 1.75, 2.0],
    "electronic_energies": [-195.25599274822622, -206.33080926550855, -217.6166153522383, -229.09846730524333, -240.76235986567903, -252.5947543733905, -264.5806860062385, -276.70413072454676, -287.9661648718351, -288.45800118991343, -288.95001233651215, -289.44219748738084, -289.93455582164984, -301.304758085576, -313.75615211594436, -326.29321747378714, -338.9061517087703, -351.58625692831987, -364.3258543638029, -377.1181944571925, -389.957371887919],
    "qats_energies": {
        "0": [-288.9500123365085, -288.9500123365085, -288.9500123365085, -288.9500123365085, -288.9500123365085, -288.9500123365085, -288.9500123365085, -288.9500123365085, -288.9500123365085, -288.9500123365085, -288.9500123365085, -288.9500123365085, -288.9500123365085, -288.9500123365085, -288.9500123365085, -288.9500123365085, -288.9500123365085, -288.9500123365085, -288.9500123365085, -288.9500123365085, -288.9500123365085],
        "1": [-190.5303825897679, -202.83283630811047, -215.13529002645305, -227.43774374479563, -239.7401974631382, -252.04265118148078, -264.34510489982335, -276.64755861816593, -287.9658160390411, -288.4579141877748, -288.9500123365085, -289.4421104852422, -289.9342086339759, -301.2524660548511, -313.55491977319366, -325.85737349153624, -338.1598272098788, -350.4622809282214, -362.76473464656397, -375.06718836490654, -387.3696420832491],
        "2": [-194.0104681348746, -205.4972768035828, -217.09283814557557, -228.79715216085293, -240.61021884941488, -252.5320382112614, -264.5626102463925, -276.7019349548082, -287.9661640475956, -288.45800118991343, -288.9500123365085, -289.44219748738084, -289.9345566425304, -301.3068423914934, -313.77242511976283, -326.34676052131687, -339.0298485961555, -351.8216893442787, -364.7222827656865, -377.73162886037886, -390.8497276283558],
        "3": [-195.10721483544307, -206.2320114096277, -217.5555281598779, -229.0649125857964, -240.74731218698594, -252.5898744630492, -264.5797469135889, -276.70407703820774, -287.9661651443423, -288.45800132700674, -288.9500123365085, -289.44219735028753, -289.9345555457837, -301.30470030809386, -313.75528845256645, -326.28892426952905, -338.89275525858443, -351.55392891933525, -364.25959275138416, -376.99689425433394, -389.75298092778735],
        "4": [-195.33113622058085, -206.36327001453876, -217.62637828564414, -229.0990802776204, -240.76130727355704, -252.5943025959096, -264.5806216064996, -276.7041317065147, -287.96616514658155, -288.45800132714675, -288.9500123365085, -289.4421973504275, -289.93455554802296, -301.3047549764008, -313.75616314547716, -326.2933524023895, -338.90675034515556, -351.58809661115924, -364.3304428771504, -377.128152859245, -389.9769023129251]
    },
    "qats_poly_coeffs": [ -288.9500123365085, -49.209814873370306, -0.8700213862766759, 0.1370933375710592, -0.01399508657110952 ],
    "hf_energies": [-195.0250813265102, -206.11494146193405, -217.4147614764858, -228.90931069123565, -240.58444787107447, -252.42605462035954, -264.4191163059603, -276.5479675452591, -287.81355629024415, -288.3055175318153, -288.7976512261476, -289.2899565628635, -289.78243273537436, -301.15473468861853, -313.6072651410198, -326.1445677626794, -338.75711857068114, -351.43645370642736, -364.17508158426836, -376.9663955090822, -389.8045921123471],
    "triples_corrections": [-0.00809022415077697, -0.007954970029338359, -0.007758604562996329, -0.00750995950874459, -0.007255147817159658, -0.007099025387142066, -0.007003376280465985, -0.006910072432051606, -0.006834792484091431, -0.006831915316448754, -0.006829072776439119, -0.006826264761351989, -0.006823491100918554, -0.006768353967514311, -0.006721445191461182, -0.006677556131191028, -0.006627276317785638, -0.006564540554949769, -0.0064870753213333646, -0.006395817241439861, -0.006293840541802927],
    "scf_converged": [true, true, true, true, true, true, true, true, true, true, true, true, true, true, true, true, true, true, true, true, true],
    "cc_converged": [true, true, true, true, true, true, true, true, true, true, true, true, true, true, true, true, true, true, true, true, true],
    "t1_diagnostic": [0.02384718630489278, 0.025066624198211273, 0.024549669146765263, 0.021398555699729403, 0.018000779273044516, 0.01590638928488311, 0.013745589295784257, 0.011666411047234699, 0.01035625239505528, 0.010311066242572043, 0.010266677286293291, 0.010223062992941545, 0.010180201098334911, 0.009357044860758772, 0.008681382926602178, 0.008127589944740733, 0.0076576306733717745, 0.007252283014331702, 0.0068947628630667505, 0.00657083914943786, 0.0062711432300478175]
}