{
    "schema_name": "pyscf_apdft_output",
    "provenance": {
        "creator": "PySCF",
        "version": "1.7.6"
    },
    "molecule": {
        "geometry": [[0.0, 0.0, 0.0]],
        "symbols": [ "P" ]
    },
    "molecular_charge": -2,
    "molecular_multiplicity": 4,
    "name": "p.chrg-2.mult4-pyscf-uccsdt.augccpv5z",
    "atomic_numbers": [ 15 ],
    "n_electrons": 17,
    "model": {
        "method": "UCCSD(T)",
        "basis": "aug-cc-pV5Z",
        "scf_conv_tol": 1e-09,
        "scf_conv_tol_grad": 1e-06,
        "cc_conv_tol": 1e-07,
        "cc_conv_tol_normt": 1e-05
    },
    "broken_symmetry": false,
    "finite_diff_delta": 0.01,
    "finite_diff_acc": 2,
    "apdft_lambdas": [-0.02, -0.01, 0.0, 0.01, 0.02, 0.25, 0.5, 0.75, 1.0, 1.25, 1.5, 1.75, 2.0, 2.25, 2.5, 2.75, 3.0],
    "electronic_energies": [-339.7434091153783, -340.2881974182702, -340.83330787137857, -341.3787354364935, -341.92447279990046, -354.5615205391837, -368.48097058833025, -382.58540402887473, -396.8691242161481, -411.32742567800005, -425.9285499169642, -440.7145138536988, -455.6638739216561, -470.8322203742793, -486.1102503955121, -501.5426918338302, -517.1309674045734],
    "apdft_energies": {
        "0": [-340.83330787138584, -340.83330787138584, -340.83330787138584, -340.83330787138584, -340.83330787138584, -340.83330787138584, -340.83330787138584, -340.83330787138584, -340.83330787138584, -340.83330787138584, -340.83330787138584, -340.83330787138584, -340.83330787138584, -340.83330787138584, -340.83330787138584, -340.83330787138584, -340.83330787138584],
        "1": [-339.74276985316254, -340.2880388622742, -340.83330787138584, -341.37857688049746, -341.92384588960914, -354.46503309917705, -368.0967583269683, -381.7284835547596, -395.3602087825508, -408.991934010342, -422.62365923813326, -436.2553844659245, -449.88710969371573, -463.51883492150694, -477.1505601492982, -490.78228537708947, -504.4140106048807],
        "2": [-339.74340407714664, -340.2881974182702, -340.83330787138584, -341.3787354364935, -341.92448011359323, -354.56413059669165, -368.4931483170266, -382.62036103239075, -396.945768742784, -411.46937144820646, -426.19116914865805, -441.1111618441388, -456.2293495346487, -471.54573222018774, -487.06030990075595, -502.7730825763533, -518.6840502469798],
        "3": [-339.74341231176294, -340.28819844759727, -340.83330787138584, -341.37873440716646, -341.92447187897693, -354.5480473617256, -368.36448243729825, -382.1861136883075, -395.91644170495704, -409.4589670774506, -422.71719039599196, -435.5946122507848, -447.9947332320328, -459.8210539299397, -470.97707493470926, -481.3662968365452, -490.89222022565116],
        "4": [-339.7434107947887, -340.28819835278637, -340.83330787138584, -341.37873431235556, -341.9244703620027, -354.5110118574326, -367.7719143686106, -379.18623784057627, -386.43535260595473, -386.31177689433946, -374.7191768322927, -346.672366443345, -296.2973076479956, -216.83111026371222, -100.62203200493093, 60.8705215169432, 277.075996793537]
    },
    "apdft_poly_coeff": [ -340.83330787138584, -54.526900911164944, -1.5855599602332404, 1.0293270378269879, 9.481089099002324 ],
    "hf_energies": [-339.4098743220879, -339.95460776697115, -340.4996954538919, -341.04513855763855, -341.59093436228346, -354.2331181563609, -368.15821251570276, -382.2675219012578, -396.55553350995854, -411.01766731327996, -425.62870065217317, -440.4177576169331, -455.3699166764085, -470.5344099868737, -485.81491757974385, -501.24982911385285, -516.8398678932706],
    "triples_corrections": [-0.012912984053112798, -0.012833457419734002, -0.012760435805251604, -0.012694488640092531, -0.012634056193538806, -0.011305783960387714, -0.01024726485704576, -0.009528156210167707, -0.00901143902449378, -0.00862500710461416, -0.007648717184405847, -0.0074709038792912285, -0.007347355765303626, -0.007807338481544294, -0.007701383516563602, -0.0076061970181124155, -0.008793736976587377],
    "scf_converged": [true, true, true, true, true, true, true, true, true, true, true, true, true, true, true, true, true],
    "cc_converged": [true, true, true, true, true, true, true, true, true, true, true, true, true, true, true, true, true],
    "scf_spin_squared": [4.058440981040917, 4.016096142983031, 3.972006699958504, 3.929570130178985, 3.8927141874099593, 3.7676622330844225, 3.764273079374833, 3.763567906498391, 3.763170409704066, 3.7628442566911655, 3.7631703335064177, 3.7628632756934275, 3.762633907801458, 3.761892739787357, 3.7617299757976523, 3.761592590903457, 3.7669349128362217],
    "cc_spin_squared": [3.7484469469454345, 3.7488812023517406, 3.749325908532671, 3.7497520740286197, 3.7501274488058782, 3.7511759903680173, 3.7508570940953723, 3.750705064414413, 3.750615266356528, 3.7505527883014373, 3.7505123265236806, 3.7504748920966686, 3.7504496145238515, 3.7504217952930072, 3.750404549652754, 3.7503904993987343, 3.750701757057351]
}