{
    "schema_name": "pyscf_qa_output",
    "provenance": {
        "creator": "PySCF",
        "version": "1.7.6"
    },
    "molecule": {
        "geometry": [[0.0, 0.0, 0.0]],
        "symbols": [ "Al" ]
    },
    "molecular_charge": -2,
    "molecular_multiplicity": 4,
    "name": "al.chrg-2.mult4-pyscf-uccsdt.augccpv5z",
    "atomic_numbers": [ 13 ],
    "n_electrons": 15,
    "model": {
        "method": "UCCSD(T)",
        "basis": "aug-cc-pV5Z",
        "scf_conv_tol": 1e-09,
        "scf_conv_tol_grad": 1e-06,
        "cc_conv_tol": 1e-07,
        "cc_conv_tol_normt": 1e-05
    },
    "broken_symmetry": false,
    "finite_diff_delta": 0.01,
    "finite_diff_acc": 2,
    "qa_lambdas": [-0.02, -0.01, 0.0, 0.01, 0.02, 0.25, 0.5, 0.75, 1.0, 1.25, 1.5, 1.75, 2.0, 2.25, 2.5, 2.75, 3.0, 3.25, 3.5, 3.75, 4.0],
    "electronic_energies": [-241.10833097501444, -241.55531578482726, -242.00258705193662, -242.45014459359803, -242.89798822760127, -253.2769558805003, -264.7279487930519, -276.3540649850771, -288.14975413537513, -300.10655483058594, -312.2177978825271, -324.47786617095034, -336.8815329095749, -349.4237672816966, -362.099632191192, -374.9042234712005, -387.83264611986425, -400.8800114145649, -414.04144155227607, -427.3120740160134, -440.6870656592489],
    "qats_energies": {
        "0": [-242.00258705198215, -242.00258705198215, -242.00258705198215, -242.00258705198215, -242.00258705198215, -242.00258705198215, -242.00258705198215, -242.00258705198215, -242.00258705198215, -242.00258705198215, -242.00258705198215, -242.00258705198215, -242.00258705198215, -242.00258705198215, -242.00258705198215, -242.00258705198215, -242.00258705198215, -242.00258705198215, -242.00258705198215, -242.00258705198215, -242.00258705198215],
        "1": [-241.10775824321138, -241.55517264759675, -242.00258705198215, -242.45000145636754, -242.89741586075291, -253.18794716161676, -264.37330727125135, -275.55866738088594, -286.7440274905206, -297.92938760015517, -309.11474770978975, -320.30010781942434, -331.4854679290589, -342.67082803869357, -353.85618814832816, -365.04154825796275, -376.2269083675974, -387.4122684772319, -398.59762858686656, -409.7829886965012, -420.96834880613574],
        "2": [-241.10833079213336, -241.55531578482726, -242.00258705198215, -242.45014459359803, -242.8979884096749, -253.2774079306761, -264.7311503474888, -276.36381430242017, -288.1753997954703, -300.1659068266391, -312.3353353959266, -324.68368550333287, -337.2109571488578, -349.9171503325015, -362.8022650542639, -375.866301314145, -389.10925911214485, -402.5311384482634, -416.1319393225006, -429.9116617348566, -443.87030568533123],
        "3": [-241.1083310354365, -241.55531581524014, -242.00258705198215, -242.45014456318512, -242.89798816637176, -253.27693272924233, -264.7273487360187, -276.3509838637087, -288.14498690370976, -300.1065066474193, -312.2326918862348, -324.52069141155374, -336.96765401477353, -349.57072848729166, -362.32706362050556, -375.2338082058127, -388.28811103461044, -401.4871208982963, -414.8279865882677, -428.3078568959222, -441.92388061265706],
        "4": [-241.10833103597486, -241.5553158152738, -242.00258705198215, -242.45014456321877, -242.89798816691012, -253.27694587289517, -264.72755903446404, -276.35204849958814, -288.14835167883496, -300.1147214304398, -312.2497260603061, -324.55224932200525, -337.0214904167766, -349.65696399352754, -362.45850014883337, -375.4262444269374, -388.560657819751, -401.86251676685333, -415.33291315549184, -428.9732543205817, -442.7852630447062]
    },
    "qats_poly_coeffs": [ -242.00258705198215, -44.741440438538405, -1.4313723049497185, 0.030412891760533963, -0.0033647751251919544 ],
    "hf_energies": [-240.87378629724458, -241.3207048441484, -241.76791558953292, -242.21541847216966, -242.66321342779113, -253.0429106581557, -264.49858221899103, -276.13057759463027, -287.9313031516301, -299.8928463266353, -312.00879002635304, -324.273530664747, -336.6818119098157, -349.2285585690021, -361.9087834868921, -374.7175344578875, -387.6498746735969, -400.700882284224, -413.8656556939514, -427.13931811014066, -440.51702146169504],
    "triples_corrections": [-0.008965151369624726, -0.008987904599309614, -0.009010055574341253, -0.009031595878383371, -0.009052513256087054, -0.009283367001537448, -0.008613905072206319, -0.007595602289609743, -0.007036418872724831, -0.006673721963163835, -0.0063811756280587415, -0.0061281094807960354, -0.005899976824524578, -0.005688256902465108, -0.005488072605781631, -0.005296412611465087, -0.005111170798445634, -0.004930764828038951, -0.004754096632731048, -0.004580567654285075, -0.00441005854082287],
    "scf_converged": [true, true, true, true, true, true, true, true, true, true, true, true, true, true, true, true, true, true, true, true, true],
    "cc_converged": [true, true, true, true, true, true, true, true, true, true, true, true, true, true, true, true, true, true, true, true, true],
    "scf_spin_squared": [3.7601850833874018, 3.7601368353811324, 3.7600858640957853, 3.7600321568602197, 3.7599757039404293, 3.7579393554267826, 3.7546093620353895, 3.7517483924003754, 3.7505596143201156, 3.750458232412204, 3.7507547135291395, 3.7511556587013795, 3.751562709195726, 3.751942268887798, 3.752279896401709, 3.752570608473981, 3.752817152346534, 3.753027017723168, 3.7532086910772033, 3.7533687224045824, 3.753510396280019],
    "cc_spin_squared": [3.7518548279372896, 3.751853840953341, 3.7518524153609216, 3.751850560921119, 3.7518482879153994, 3.751706723850785, 3.7514444665075533, 3.7511671129380204, 3.7509934993147205, 3.7508895047456385, 3.750813250425541, 3.7507505290700016, 3.7506964459164664, 3.7506488357308982, 3.7506063128626477, 3.750567823019849, 3.750532590153473, 3.750499971672818, 3.750469420424552, 3.750440466074667, 3.750412713148213]
}