{
    "schema_name": "pyscf_apdft_output",
    "provenance": {
        "creator": "PySCF",
        "version": "1.7.6"
    },
    "molecule": {
        "geometry": [[0.0, 0.0, 0.0]],
        "symbols": [ "Li" ]
    },
    "molecular_charge": 2,
    "molecular_multiplicity": 2,
    "name": "li.chrg2.mult2-pyscf-uhf.augccpvtz",
    "atomic_numbers": [ 3 ],
    "n_electrons": 1,
    "model": {
        "method": "UHF",
        "basis": "aug-cc-pVTZ",
        "scf_conv_tol": 1e-09,
        "scf_conv_tol_grad": 1e-06,
        "cc_conv_tol": 1e-07,
        "cc_conv_tol_normt": 1e-05
    },
    "broken_symmetry": false,
    "finite_diff_delta": 0.01,
    "finite_diff_acc": 2,
    "apdft_lambdas": [-2.0, -1.75, -1.5, -1.25, -1.0, -0.75, -0.5, -0.25, -0.02, -0.01, 0.0, 0.01, 0.02],
    "electronic_energies": [-0.48720259318057946, -0.7716099974849708, -1.1212221916044045, -1.5292861492786702, -1.9952723647887933, -2.5229720407544676, -3.1163710780760434, -3.776278554560121, -4.438924067676255, -4.468855600282219, -4.498876019614328, -4.528984746537223, -4.559181197580085],
    "apdft_energies": {
        "0": [-4.498876019614328, -4.498876019614328, -4.498876019614328, -4.498876019614328, -4.498876019614328, -4.498876019614328, -4.498876019614328, -4.498876019614328, -4.498876019614328, -4.498876019614328, -4.498876019614328, -4.498876019614328, -4.498876019614328],
        "1": [1.514038605886026, 0.7624242776984813, 0.0108099495109375, -0.7408043786766068, -1.492418706864151, -2.2440330350516953, -2.9956473632392395, -3.747261691426784, -4.4387468733593245, -4.468811446486827, -4.498876019614328, -4.528940592741829, -4.559005165869332],
        "2": [-0.25211320982591, -0.5897857062059693, -0.9826504468270265, -1.4307074316890818, -1.933956660792135, -2.4923981341361863, -3.1060318517212355, -3.774857813547283, -4.438923488540896, -4.468855600282219, -4.498876019614328, -4.528984746537223, -4.559181781050903],
        "3": [-1.0271839942681877, -1.1090225793772608, -1.3096334340136124, -1.6199336974220597, -2.0308405088474197, -2.5332710075345095, -3.118142332728146, -3.7763716236731466, -4.43892426361168, -4.468855697166067, -4.498876019614328, -4.528984649653374, -4.559181005980118],
        "4": [-0.7381532097769514, -0.939598039933057, -1.2181822873581822, -1.5758310996908529, -2.0127760848167173, -2.527555310868545, -3.1170133062262275, -3.7763010595167765, -4.438924260721373, -4.468855696985423, -4.498876019614328, -4.52898464947273, -4.559181003089811]
    },
    "apdft_poly_coeff": [ -4.498876019614328, -3.006457312750177, -0.441537953927984, 0.0968838480552847, 0.01806442403070226 ],
    "scf_converged": [true, true, true, true, true, true, true, true, true, true, true, true, true],
    "scf_spin_squared": [0.75, 0.75, 0.75, 0.75, 0.75, 0.75, 0.75, 0.75, 0.75, 0.75, 0.75, 0.75, 0.75]
}