{
    "schema_name": "pyscf_apdft_output",
    "provenance": {
        "creator": "PySCF",
        "version": "1.7.6"
    },
    "molecule": {
        "geometry": [[0.0, 0.0, 0.0]],
        "symbols": [ "Li" ]
    },
    "molecular_charge": 0,
    "molecular_multiplicity": 2,
    "name": "li.chrg0.mult2-pyscf-uccsd.augccpv5z",
    "atomic_numbers": [ 3 ],
    "n_electrons": 3,
    "model": {
        "method": "UCCSD",
        "basis": "aug-cc-pV5Z",
        "scf_conv_tol": 1e-09,
        "scf_conv_tol_grad": 1e-06,
        "cc_conv_tol": 1e-07,
        "cc_conv_tol_normt": 1e-05
    },
    "broken_symmetry": false,
    "finite_diff_delta": 0.01,
    "finite_diff_acc": 2,
    "apdft_lambdas": [-2.0, -1.75, -1.5, -1.25, -1.0, -0.75, -0.5, -0.25, -0.02, -0.01, 0.0, 0.01, 0.02, 0.25, 0.5, 0.75, 1.0, 1.25, 1.5, 1.75, 2.0],
    "electronic_energies": [-0.4512108475009526, -0.8703341752283011, -1.4153443032097606, -2.0855095852943086, -2.881220369802624, -3.803789902251963, -4.886643066961281, -6.100408927571591, -7.342603006867021, -7.399327144046723, -7.456276943177327, -7.513452315520298, -7.570853170418414, -8.953066086145798, -10.588926488771119, -12.361014742163045, -14.26528200822432, -16.296193808067514, -18.44652105352613, -20.707454367257288, -23.06910353665655],
    "apdft_energies": {
        "0": [-7.456276943176496, -7.456276943176496, -7.456276943176496, -7.456276943176496, -7.456276943176496, -7.456276943176496, -7.456276943176496, -7.456276943176496, -7.456276943176496, -7.456276943176496, -7.456276943176496, -7.456276943176496, -7.456276943176496, -7.456276943176496, -7.456276943176496, -7.456276943176496, -7.456276943176496, -7.456276943176496, -7.456276943176496, -7.456276943176496, -7.456276943176496],
        "1": [3.9562402041809523, 2.5296755607612713, 1.1031109173415903, -0.32345372607809075, -1.7500183694977718, -3.176583012917453, -4.603147656337134, -6.029712299756815, -7.342151771702921, -7.399214357439709, -7.456276943176496, -7.513339528913283, -7.57040211465007, -8.882841586596177, -10.309406230015858, -11.735970873435539, -13.16253551685522, -14.589100160274901, -16.015664803694584, -17.442229447114265, -18.868794090533946],
        "2": [-0.5552240764089529, -0.9244142790653749, -1.4345877404902314, -2.0857444606835225, -2.877884439645248, -3.8110076773754082, -4.885114173874003, -6.100203929141032, -7.34260291813098, -7.399327144046723, -7.456276943176496, -7.513452315520298, -7.570853261078129, -8.953333215980393, -10.591372747552727, -12.370395537893494, -14.290401587002696, -16.351390894880332, -18.553363461526402, -20.89631928694091, -23.38025837112385],
        "3": [-0.6748212470943526, -1.004535039895634, -1.4850427968731346, -2.1149429886828877, -2.8928340859809234, -3.817314559423271, -4.886982879665963, -6.100437517365027, -7.342603037728151, -7.399327158996369, -7.456276943176496, -7.513452300570652, -7.570853141480959, -8.9530996277564, -10.589504041760767, -12.36408865584563, -14.275451940667022, -16.32219236688097, -18.5029084051435, -20.81619852611065, -23.26066120043845],
        "4": [-0.5465763361073268, -0.9293602275714505, -1.4444653055061458, -2.0953743682319868, -2.8848187790442337, -3.814778466212834, -4.886481922982419, -6.100406207572306, -7.342603036445702, -7.399327158916217, -7.456276943176496, -7.513452300490498, -7.570853140198509, -8.953068317963679, -10.589003085077225, -12.361552562635195, -14.267436633730332, -16.302623746430065, -18.462330913776512, -20.74102371378647, -23.13241628945142]
    },
    "apdft_poly_coeff": [ -7.456276943176496, -5.706258573678724, -1.1278660701474763, 0.014949646335675006, 0.008015306936689134 ],
    "hf_energies": [-0.41145293219825585, -0.8314162818350663, -1.377033127214219, -2.048726521246797, -2.846948410265511, -3.7726162937576504, -4.858077778244761, -6.074481589297483, -7.318887060543438, -7.375703833966201, -7.432746062578309, -7.490013668825821, -7.547506573268381, -8.931811060291098, -10.56997972931674, -12.344483761456647, -14.251242368259597, -16.28461027937118, -18.437223422819596, -20.700164094371367, -23.06348694487449],
    "scf_converged": [true, true, true, true, true, true, true, true, true, true, true, true, true, true, true, true, true, true, true, true, true],
    "cc_converged": [true, true, true, true, true, true, true, true, true, true, true, true, true, true, true, true, true, true, true, true, true],
    "scf_spin_squared": [0.7501918150741905, 0.7500001974252688, 0.7500000186514598, 0.7500000072245339, 0.7500000126768427, 0.750000073958478, 0.7500057007207174, 0.7500112687940561, 0.7500151190385376, 0.7500152511113078, 0.7500153802621379, 0.750015506486228, 0.7500156297819547, 0.750017753762462, 0.7500189514607991, 0.7500195998263732, 0.7500199828962023, 0.7500200433038499, 0.7500195937804683, 0.7500185213879383, 0.7500168687892913],
    "cc_spin_squared": [0.7511995760505328, 0.7500001463243872, 0.750000001517761, 0.7500000004807837, 0.7500000005992665, 0.7500000021178355, 0.7500000553755262, 0.7500000816472836, 0.7500000983672501, 0.7500000989435358, 0.7500000995044088, 0.7500001000494901, 0.7500001005783524, 0.7500001074836065, 0.7500001024226056, 0.750000087351683, 0.7500000681662704, 0.7500000495335853, 0.7500000339332278, 0.7500000221554601, 0.7500000139413328]
}