{
    "schema_name": "pyscf_qa_output",
    "provenance": {
        "creator": "PySCF",
        "version": "1.7.6"
    },
    "molecule": {
        "geometry": [[0.0, 0.0, 0.0]],
        "symbols": [ "Cl" ]
    },
    "molecular_charge": 2,
    "molecular_multiplicity": 2,
    "name": "cl.chrg2.mult2-pyscf-uccsdt.augccpv5z",
    "atomic_numbers": [ 17 ],
    "n_electrons": 15,
    "model": {
        "method": "UCCSD(T)",
        "basis": "aug-cc-pV5Z",
        "scf_conv_tol": 1e-09,
        "scf_conv_tol_grad": 1e-06,
        "cc_conv_tol": 1e-07,
        "cc_conv_tol_normt": 1e-05
    },
    "broken_symmetry": false,
    "finite_diff_delta": 0.01,
    "finite_diff_acc": 2,
    "qa_lambdas": [-4.0, -3.75, -3.5, -3.25, -3.0, -2.75, -2.5, -2.25, -2.0, -1.75, -1.5, -1.25, -1.0, -0.75, -0.5, -0.25, -0.02, -0.01, 0.0, 0.01, 0.02],
    "electronic_energies": [-233.30140214786354, -245.39538069087928, -257.81372052160066, -270.5149639731726, -283.4824427996888, -296.75011908636867, -310.2875632407692, -324.0844210560029, -338.1305747687281, -352.41640543703636, -366.9328237177697, -381.67124138359634, -396.6235606387492, -411.78218438133683, -427.14003111619866, -442.69054228987386, -457.1619729877183, -457.7946805568261, -458.42767814390123, -459.06096540961113, -459.6945420164742],
    "qats_energies": {
        "0": [-458.4276781438142, -458.4276781438142, -458.4276781438142, -458.4276781438142, -458.4276781438142, -458.4276781438142, -458.4276781438142, -458.4276781438142, -458.4276781438142, -458.4276781438142, -458.4276781438142, -458.4276781438142, -458.4276781438142, -458.4276781438142, -458.4276781438142, -458.4276781438142, -458.4276781438142, -458.4276781438142, -458.4276781438142, -458.4276781438142, -458.4276781438142],
        "1": [-205.17070758681018, -220.99926824662293, -236.82782890643568, -252.65638956624844, -268.4849502260612, -284.31351088587394, -300.1420715456867, -315.97063220549944, -331.7991928653122, -347.62775352512494, -363.4563141849377, -379.28487484475045, -395.1134355045632, -410.94199616437595, -426.7705568241887, -442.59911748400145, -457.1613932910292, -457.7945357174217, -458.4276781438142, -459.0608205702067, -459.6939629965992],
        "2": [-228.34501229292744, -241.3673094922338, -254.5706559470567, -267.95505165739615, -281.52049662325214, -295.2669908446247, -309.19453432151374, -323.30312705391935, -337.5927690418415, -352.0634602852802, -366.71520078423544, -381.5479905387072, -396.5618295486955, -411.7567178142004, -427.1326553352218, -442.6896421117597, -457.16197264864684, -457.7946805568261, -458.4276781438142, -459.06096540961113, -459.6945423542169],
        "3": [-231.95468762489998, -244.34159031386645, -256.988856413593, -269.89119831373006, -283.04332840392806, -296.43995907383743, -310.0758027131086, -323.945571711392, -338.0439784583381, -352.36573534359724, -366.9055547568199, -381.65814908765657, -396.6182307257576, -411.78051206077345, -427.13970548235454, -442.6905233801513, -457.16197309985625, -457.7946806132273, -458.4276781438142, -459.06096535320995, -459.69454190300746],
        "4": [-233.37210480112302, -245.43651134271002, -257.8197203394015, -270.5089176125903, -283.4918080573424, -296.7566156423964, -310.2920834101641, -324.0874734767301, -338.13256703185203, -352.41766433896026, -366.9335847351583, -381.67166663122254, -396.62376751160224, -411.7822639344196, -427.14005153146985, -442.690545008221, -457.16197310074216, -457.79468061328265, -458.4276781438142, -459.0609653532653, -459.69454190389337]
    },
    "qats_poly_coeffs": [ -458.4276781438142, -63.314242639251006, -1.4483940441323284, 0.05640117706207092, -0.005536785844621288 ],
    "hf_energies": [-232.92447819228227, -245.0170597103521, -257.4511898213708, -270.1551243265608, -283.1071640139385, -296.3777121230191, -309.91858973494226, -323.71932647258075, -337.76967870807243, -352.0598857977152, -366.58072229870436, -381.3234779154894, -396.2799464832623, -411.4424360112753, -426.8037856676607, -442.357376096305, -456.8312305797187, -457.46403432147605, -458.09712730574563, -458.73050919289244, -459.3641796445733],
    "triples_corrections": [-0.00893615260781414, -0.009309909558167101, -0.009304372924227599, -0.00950944214059673, -0.009920949859802242, -0.01004405722914788, -0.010189733289124743, -0.01035439276857966, -0.01053022367658941, -0.010713926273059894, -0.010903967745260099, -0.011099339289343492, -0.011300077489479652, -0.011507585475755611, -0.011724252035919746, -0.011952679033733059, -0.012175040098535657, -0.01218499180812008, -0.012194967679905843, -0.012204967755795326, -0.01221499207648523],
    "scf_converged": [true, true, true, true, true, true, true, true, true, true, true, true, true, true, true, true, true, true, true, true, true],
    "cc_converged": [true, true, true, true, true, true, true, true, true, true, true, true, true, true, true, true, true, true, true, true, true],
    "scf_spin_squared": [0.7700717389106213, 0.7680705961600207, 1.8126197095144523, 1.8132223562838021, 0.769747369717483, 0.7681224122797126, 0.7668939025684516, 0.7658652622929907, 0.7649603208983429, 0.7641529095702122, 0.7634281953535655, 0.7627756649071102, 0.7621884561001995, 0.7616623386175281, 0.7611941510274729, 0.7607808402825889, 0.7604461450855275, 0.760432537276774, 0.7604190061085667, 0.7604055513326404, 0.7603921727003389],
    "cc_spin_squared": [0.7507251898663774, 0.7508614287588329, 2.235853542898442, 2.260899717413883, 0.75096864922785, 0.7507821565595818, 0.7506399625650833, 0.7505430162859548, 0.7504748756301969, 0.7504236119107799, 0.7503827540045882, 0.7503489783803365, 0.7503204854092989, 0.750296194637389, 0.7502753702895357, 0.7502574559110724, 0.75024315770971, 0.750242578606461, 0.75024200285988, 0.7502414304480154, 0.7502408613492588]
}