{
    "schema_name": "pyscf_qa_output",
    "provenance": {
        "creator": "PySCF",
        "version": "1.7.6"
    },
    "molecule": {
        "geometry": [[0.0, 0.0, 0.0]],
        "symbols": [ "Cl" ]
    },
    "molecular_charge": -1,
    "molecular_multiplicity": 1,
    "name": "cl.chrg-1.mult1-pyscf-ccsdt.augccpvtz",
    "atomic_numbers": [ 17 ],
    "n_electrons": 18,
    "model": {
        "method": "CCSD(T)",
        "basis": "aug-cc-pVTZ",
        "scf_conv_tol": 1e-09,
        "scf_conv_tol_grad": 1e-06,
        "cc_conv_tol": 1e-07,
        "cc_conv_tol_normt": 1e-05
    },
    "broken_symmetry": false,
    "finite_diff_delta": 0.01,
    "finite_diff_acc": 2,
    "qa_lambdas": [-1.0, -0.75, -0.5, -0.25, -0.02, -0.01, 0.0, 0.01, 0.02, 0.25, 0.5, 0.75, 1.0],
    "electronic_energies": [-396.4047276844827, -412.0042582402046, -427.7835802822511, -443.73184310332584, -458.5434520762628, -459.19031028402986, -459.837401659245, -460.4847254357939, -461.1322808495005, -476.08825550099016, -492.4728664009334, -508.98062370501634, -525.6018728347141],
    "qats_energies": {
        "0": [-459.8374016597452, -459.8374016597452, -459.8374016597452, -459.8374016597452, -459.8374016597452, -459.8374016597452, -459.8374016597452, -459.8374016597452, -459.8374016597452, -459.8374016597452, -459.8374016597452, -459.8374016597452, -459.8374016597452],
        "1": [-395.1166440715431, -411.2968334685936, -427.47702286564413, -443.65721226269466, -458.54298650798114, -459.19019408386316, -459.8374016597452, -460.4846092356272, -461.1318168115092, -476.0175910567957, -492.19778045384624, -508.37796985089676, -524.5581592479473],
        "2": [-396.27864573855527, -411.95045940628796, -427.7675232823972, -443.7298373668829, -458.54345130864795, -459.19031028402986, -459.8374016597452, -460.4847254357939, -461.13228161217603, -476.09021616098397, -492.4882808705993, -509.0315957885911, -525.7201609149595],
        "3": [-396.40616993657153, -412.00425867732605, -427.7834638071492, -443.7318299324769, -458.5434523288415, -459.19031041155404, -459.8374016597452, -460.48472530826973, -461.13228059198246, -476.08822359539, -492.4723403458473, -508.97779651755303, -525.5926367169433],
        "4": [-396.4267503332176, -412.0107704434524, -427.7847500819396, -443.7319103246513, -458.5434523321344, -459.19031041175987, -459.8374016597452, -460.4847253084755, -461.1322805952753, -476.08830398756436, -492.4736266206376, -508.98430828367935, -525.6132171135894]
    },
    "qats_poly_coeffs": [ -459.8374016597452, -64.7207575882021, -1.1620016670121913, 0.1275241980162415, -0.02058039664613413 ],
    "hf_energies": [-396.10429630813314, -411.7142156682835, -427.50352863475723, -443.46059324914495, -458.2789966147624, -458.92612344189405, -459.5734813735852, -460.2210696677198, -460.8688875839167, -475.8304014871268, -492.2201873941116, -508.7325471752838, -525.3580536537763],
    "triples_corrections": [-0.01630465756302974, -0.014814062432224884, -0.013082228435831563, -0.011489244627683248, -0.010303314689613135, -0.010257785657502318, -0.010212713999527568, -0.010168093106862359, -0.010123916152841299, -0.009214470126459493, -0.008397268958872, -0.0076921422503676675, -0.007063472660349717],
    "scf_converged": [true, true, true, true, true, true, true, true, true, true, true, true, true],
    "cc_converged": [true, true, true, true, true, true, true, true, true, true, true, true, true],
    "t1_diagnostic": [0.00924184909615292, 0.009102752964585752, 0.007862457048971474, 0.006063801017427954, 0.004494556420202671, 0.004433876364836459, 0.004373938036105972, 0.004314751046098295, 0.004256316555100089, 0.00312071297192371, 0.0022777516082374038, 0.001706748371880612, 0.0012967851369858159]
}