{
    "schema_name": "pyscf_qa_output",
    "provenance": {
        "creator": "PySCF",
        "version": "1.7.6"
    },
    "molecule": {
        "geometry": [[0.0, 0.0, 0.0]],
        "symbols": [ "Si" ]
    },
    "molecular_charge": 0,
    "molecular_multiplicity": 3,
    "name": "si.chrg0.mult3-pyscf-uccsdt.augccpvqz",
    "atomic_numbers": [ 14 ],
    "n_electrons": 14,
    "model": {
        "method": "UCCSD(T)",
        "basis": "aug-cc-pVQZ",
        "scf_conv_tol": 1e-09,
        "scf_conv_tol_grad": 1e-06,
        "cc_conv_tol": 1e-07,
        "cc_conv_tol_normt": 1e-05
    },
    "broken_symmetry": false,
    "finite_diff_delta": 0.01,
    "finite_diff_acc": 2,
    "qa_lambdas": [-2.0, -1.75, -1.5, -1.25, -1.0, -0.75, -0.5, -0.25, -0.02, -0.01, 0.0, 0.01, 0.02, 0.25, 0.5, 0.75, 1.0, 1.25, 1.5, 1.75, 2.0],
    "electronic_energies": [-195.21368290181925, -206.3411005726079, -217.62719915580504, -229.1109963904142, -240.77855689469075, -252.61529826933307, -264.6051837000037, -276.73212944682643, -287.99719943025866, -288.4891658249772, -288.98130694057687, -289.47362195726146, -289.9661100584303, -301.33927667114006, -313.7938627313737, -326.33408758119117, -338.9501267146552, -351.63324664980627, -364.3757281412104, -377.1707860483373, -390.01249107295644],
    "qats_energies": {
        "0": [-288.9813069405763, -288.9813069405763, -288.9813069405763, -288.9813069405763, -288.9813069405763, -288.9813069405763, -288.9813069405763, -288.9813069405763, -288.9813069405763, -288.9813069405763, -288.9813069405763, -288.9813069405763, -288.9813069405763, -288.9813069405763, -288.9813069405763, -288.9813069405763, -288.9813069405763, -288.9813069405763, -288.9813069405763, -288.9813069405763, -288.9813069405763],
        "1": [-190.5356937121498, -202.8413953657031, -215.14709701925642, -227.45279867280973, -239.75850032636305, -252.06420197991636, -264.3699036334697, -276.675605287023, -287.99685080829204, -288.4890788744342, -288.9813069405763, -289.4735350067184, -289.96576307286057, -301.2870085941296, -313.59271024768293, -325.8984119012363, -338.20411355478956, -350.50981520834284, -362.8155168618962, -375.1212185154495, -387.4269201690028],
        "2": [-194.0137154330161, -205.50425574574137, -217.10348423724372, -228.81140090752314, -240.62800575657963, -252.5532987844132, -264.5872799910238, -276.7299493764115, -287.9971986104641, -288.4891658249772, -288.9813069405763, -289.47362195726146, -289.96611087503265, -301.34135268351815, -313.8100866052371, -326.38750870573307, -339.07361898500614, -351.8684174430563, -364.7719040798835, -377.78407889548777, -390.9049418898691],
        "3": [-195.1046467107746, -206.2350944728335, -217.5637208700481, -229.07774155150713, -240.76437216629944, -252.61082836351375, -264.6043257922388, -276.7320801015634, -287.9971997013954, -288.4891659613436, -288.9813069405763, -289.47362182089506, -289.9661097841014, -301.3392219583663, -313.7930408040221, -326.3299791266325, -338.9372525752863, -351.6020767990723, -364.3116674470791, -377.05324016839563, -389.8140106121106],
        "4": [-195.31744573362192, -206.35983335316953, -217.63105181087087, -229.11021210553048, -240.7776721052274, -252.61503654731516, -264.6051570384218, -276.73213205444983, -287.9971997035234, -288.4891659614766, -288.9813069405763, -289.473621821028, -289.96610978622937, -301.3392739112527, -313.7938720502051, -326.33418731043395, -338.9505525142143, -351.6345473530956, -364.3789983879019, -377.1779790487317, -390.02680963495794]
    },
    "qats_poly_coeffs": [ -288.9813069405763, -49.222806614213255, -0.8695054302165772, 0.13636640971981248, -0.013299938927957555 ],
    "hf_energies": [-194.9975937241552, -206.13944626481913, -217.44021942661115, -228.93810457917053, -240.61913450620932, -252.46794460894674, -264.46793382455917, -276.6029794970603, -287.87388415966063, -288.3660722463071, -288.8584325396969, -289.3509642389399, -289.84366654642196, -301.2211209448284, -313.679169331995, -326.22189198949764, -338.83972124842046, -351.52413480954385, -364.2675790732979, -377.0633940997661, -389.9057419520109],
    "triples_corrections": [-0.015260952655298574, -0.006678583272829051, -0.006594856585201468, -0.006290441495034572, -0.0057513003745858484, -0.005154086660453285, -0.0046316027589845266, -0.004201909214764691, -0.003879268201984879, -0.0038666624072450336, -0.003854168178679092, -0.0038417846622702855, -0.0038295110005282782, -0.003575518721269667, -0.0033521867394958995, -0.003170570505321264, -0.0030188909112352494, -0.0028880478377625567, -0.002771570117552228, -0.0026650989438303124, -0.002565794697709203],
    "scf_converged": [true, true, true, true, true, true, true, true, true, true, true, true, true, true, true, true, true, true, true, true, true],
    "cc_converged": [true, true, true, true, true, true, true, true, true, true, true, true, true, true, true, true, true, true, true, true, true],
    "scf_spin_squared": [3.000036331132952, 2.036010561665039, 2.025960045569411, 2.021178808378818, 2.0189365736689497, 2.017788075695006, 2.016901288498813, 2.0161014172381453, 2.0154691443491846, 2.015443884625654, 2.0154187954012857, 2.0153938742870654, 2.01536911885448, 2.0148397212517697, 2.014328071867719, 2.013855850679988, 2.0134060953132336, 2.0129691040654185, 2.012540077583969, 2.0121179333979313, 2.011704047483942],
    "cc_spin_squared": [5.284893658754995, 2.0016466405036715, 2.0014687971270124, 2.0012840913782663, 2.001064597785852, 2.0008803925269016, 2.0007472437403773, 2.0006465174812353, 2.0005730995823585, 2.0005702458747185, 2.000567417740102, 2.000564614896991, 2.0005618370681137, 2.000504269169244, 2.000453318160904, 2.0004117709093694, 2.0003774212669643, 2.000348513446414, 2.0003236736514083, 2.0003019114972407, 2.0002825127378334]
}