{
    "schema_name": "pyscf_apdft_output",
    "provenance": {
        "creator": "PySCF",
        "version": "1.7.6"
    },
    "molecule": {
        "geometry": [[0.0, 0.0, 0.0]],
        "symbols": [ "Na" ]
    },
    "molecular_charge": -2,
    "molecular_multiplicity": 4,
    "name": "na.chrg-2.mult4-pyscf-uccsdt.augccpv5z",
    "atomic_numbers": [ 11 ],
    "n_electrons": 13,
    "model": {
        "method": "UCCSD(T)",
        "basis": "aug-cc-pV5Z",
        "scf_conv_tol": 1e-09,
        "scf_conv_tol_grad": 1e-06,
        "cc_conv_tol": 1e-07,
        "cc_conv_tol_normt": 1e-05
    },
    "broken_symmetry": false,
    "finite_diff_delta": 0.01,
    "finite_diff_acc": 2,
    "apdft_lambdas": [-0.02, -0.01, 0.0, 0.01, 0.02, 0.25, 0.5, 0.75, 1.0, 1.25, 1.5, 1.75, 2.0, 2.25, 2.5, 2.75, 3.0, 3.25, 3.5, 3.75, 4.0],
    "electronic_energies": [-161.20619162144948, -161.5608668978463, -161.9157763864185, -162.2709201847715, -162.626298444143, -170.86543555116367, -179.96185485536262, -189.19760737891121, -198.57259581671852, -208.07738077441, -217.69961528669663, -227.42900452351523, -237.25593689954596, -247.17137396531461, -257.16690179291095, -267.23474332950485, -277.3676993442062, -287.5590401158044, -297.80239514539596, -308.0916967673161, -318.42119794107344],
    "apdft_energies": {
        "0": [-161.9157763865125, -161.9157763865125, -161.9157763865125, -161.9157763865125, -161.9157763865125, -161.9157763865125, -161.9157763865125, -161.9157763865125, -161.9157763865125, -161.9157763865125, -161.9157763865125, -161.9157763865125, -161.9157763865125, -161.9157763865125, -161.9157763865125, -161.9157763865125, -161.9157763865125, -161.9157763865125, -161.9157763865125, -161.9157763865125, -161.9157763865125],
        "1": [-161.2057230995873, -161.56074974304988, -161.9157763865125, -162.27080302997513, -162.62582967343772, -170.79144247307772, -179.6671085596429, -188.5427746462081, -197.41844073277332, -206.29410681933854, -215.16977290590373, -224.04543899246892, -232.92110507903413, -241.79677116559935, -250.67243725216454, -259.54810333872973, -268.42376942529495, -277.29943551186017, -286.1751015984254, -295.05076768499055, -303.92643377155576],
        "2": [-161.20619171877289, -161.5608668978463, -161.9157763865125, -162.2709201847715, -162.62629829262332, -170.8646642208272, -179.95999555064085, -189.2017703759535, -198.5899886967651, -208.12465051307566, -217.8057558248852, -227.63330463219373, -237.60729693500122, -247.72773273330768, -257.99461202711313, -268.40793481641754, -278.9677011012209, -289.6739108815232, -300.5265641573245, -311.5256609286248, -322.6712011954241],
        "3": [-161.2061915528775, -161.56086687710936, -161.9157763865125, -162.27092020550845, -162.6262984585187, -170.8649882352721, -179.96258766620008, -189.2105187659659, -198.61072562123897, -208.16515231868868, -217.87574294498452, -227.7444415867959, -237.7731923307922, -247.96393926364286, -258.31862647201734, -268.83919804258505, -279.5275980620154, -290.3857706169778, -301.4156597941418, -312.6192096801766, -323.9983643617518],
        "4": [-161.20619158900826, -161.56086687936755, -161.9157763865125, -162.2709202077666, -162.62629849464946, -170.86587033383296, -179.97670124317386, -189.28196874939567, -198.83654285281952, -208.71646391922715, -219.01894267986106, -229.8623602314244, -241.386268036081, -253.75138792145532, -267.13961208063256, -281.7540030721586, -297.8187938200399, -315.57938761374373, -335.30235810819795, -357.2754493237911, -381.80757564637247]
    },
    "apdft_poly_coeff": [ -161.9157763865125, -35.502664346260815, -1.1715479639917703, -0.020736924473870506, -0.22581723158054956 ],
    "hf_energies": [-161.08301572407908, -161.43818271007524, -161.79357891195565, -162.1492040371343, -162.50505781683762, -170.75259919871607, -179.85581815531248, -189.1052228960888, -198.49449359126396, -208.0109277640128, -217.6430283705796, -227.3806179810371, -237.21419783071408, -247.13491070790167, -257.1345739501699, -267.20565686728514, -277.34118752846257, -287.5346194679207, -297.7797119562666, -308.0704803747609, -318.40123029889037],
    "triples_corrections": [-0.0018644625610492911, -0.0018647233306248773, -0.0018655973929640364, -0.0018671548565069977, -0.0018694640896560998, -0.002299916373155568, -0.002621865532657962, -0.002134293450111072, -0.0014978088988662056, -0.00116323052008861, -0.0009028197468181015, -0.0006931729297881723, -0.000529132916870969, -0.00040482712140406255, -0.0003127290265426619, -0.0002451061552012171, -0.0001952441051834061, -0.00015796621262338087, -0.0001296069868949275, -0.00010771675747921932, -9.067839370306265e-05],
    "scf_converged": [true, true, true, true, true, true, true, true, true, true, true, true, true, true, true, true, true, true, true, true, true],
    "cc_converged": [true, true, true, true, true, true, true, true, true, true, true, true, true, true, true, true, true, true, true, true, true],
    "scf_spin_squared": [3.7500513764274084, 3.750051634009999, 3.7500518672085406, 3.7500520750583792, 3.750052258793133, 3.750049326862479, 3.7500357334845544, 3.7500257419879315, 3.750023028181838, 3.7500229159268352, 3.7500229649093466, 3.7500224814117082, 3.750021215402093, 3.7500191562776912, 3.7500165091391944, 3.7500136538551736, 3.7500110447295407, 3.7500090711051373, 3.7500079357422784, 3.7500076120691492, 3.750007897571595],
    "cc_spin_squared": [3.7500030232590382, 3.7500030055924696, 3.7500029864164044, 3.7500029656686666, 3.750002943254733, 3.750002003201135, 3.750001947779289, 3.7500026330059657, 3.7500021088394306, 3.750001836133571, 3.750001634384042, 3.7500014383964726, 3.7500012413493065, 3.7500010502360417, 3.750000874323536, 3.7500007207362347, 3.7500005921524324, 3.7500004870830224, 3.750000402223481, 3.7500003343639468, 3.750000280798728]
}