{
    "schema_name": "pyscf_apdft_output",
    "provenance": {
        "creator": "PySCF",
        "version": "1.7.6"
    },
    "molecule": {
        "geometry": [[0.0, 0.0, 0.0]],
        "symbols": [ "Si" ]
    },
    "molecular_charge": -1,
    "molecular_multiplicity": 4,
    "name": "si.chrg-1.mult4-pyscf-uccsdt.augccpvtz",
    "atomic_numbers": [ 14 ],
    "n_electrons": 15,
    "model": {
        "method": "UCCSD(T)",
        "basis": "aug-cc-pVTZ",
        "scf_conv_tol": 1e-09,
        "scf_conv_tol_grad": 1e-06,
        "cc_conv_tol": 1e-07,
        "cc_conv_tol_normt": 1e-05
    },
    "broken_symmetry": false,
    "finite_diff_delta": 0.01,
    "finite_diff_acc": 2,
    "apdft_lambdas": [-1.0, -0.75, -0.5, -0.25, -0.02, -0.01, 0.0, 0.01, 0.02, 0.25, 0.5, 0.75, 1.0, 1.25, 1.5, 1.75, 2.0, 2.25, 2.5, 2.75, 3.0],
    "electronic_energies": [-240.84907339293954, -252.64479536153783, -264.6141170242516, -276.74892788997266, -288.05148099823106, -288.5457816512507, -289.0403169231894, -289.5350860942092, -290.0300884422937, -301.47782330965356, -314.0502112148711, -326.7467300202638, -339.557413123906, -352.4729104778046, -365.4843868396371, -378.58353908053874, -391.76264872790966, -405.01460449360223, -418.3328765219802, -431.71145648856356, -445.14478710726],
    "apdft_energies": {
        "0": [-289.0403169231894, -289.0403169231894, -289.0403169231894, -289.0403169231894, -289.0403169231894, -289.0403169231894, -289.0403169231894, -289.0403169231894, -289.0403169231894, -289.0403169231894, -289.0403169231894, -289.0403169231894, -289.0403169231894, -289.0403169231894, -289.0403169231894, -289.0403169231894, -289.0403169231894, -289.0403169231894, -289.0403169231894, -289.0403169231894, -289.0403169231894],
        "1": [-239.57509477526514, -251.9414003122462, -264.30770584922726, -276.67401138620835, -288.0510124802309, -288.54566470171017, -289.0403169231894, -289.5349691446686, -290.02962136614786, -301.4066224601704, -313.7729279971515, -326.1392335341326, -338.5055390711136, -350.87184460809465, -363.23815014507574, -375.6044556820568, -387.97076121903785, -400.3370667560189, -412.703372293, -425.06967782998106, -437.4359833669621],
        "2": [-240.7445901809558, -252.5992414779472, -264.6000797006499, -276.747104849064, -288.05148027839317, -288.5457816512507, -289.0403169231894, -289.5350860942092, -290.03008916431014, -301.4797159230261, -314.06530184857417, -326.79707469983356, -339.6750344768043, -352.69918117948635, -365.86951480787974, -379.18603536198447, -392.6487428418005, -406.2576372473279, -420.01271857856665, -433.9139868355167, -447.9614420181781],
        "3": [-240.86474471024493, -252.64993166999105, -264.6150990168111, -276.74898226358414, -288.0514812396294, -288.54578177140525, -289.0403169231894, -289.53508597405465, -290.0300882030739, -301.47783850850595, -314.050282532413, -326.7463845077897, -339.5548799475152, -352.46450436446855, -365.463993271529, -378.5420821815756, -391.6875066074876, -404.8890020621441, -418.13530405842425, -431.41514810920717, -444.717269727372],
        "4": [-240.85566681625286, -252.64705936759512, -264.6145316484366, -276.74894680306073, -288.05148123817696, -288.54578177131447, -289.0403169231894, -289.5350859739639, -290.0300882016214, -301.47780304798255, -314.0497151640385, -326.7435122053938, -339.5458020535231, -352.4423415373395, -365.4180364331941, -378.45694146487654, -391.54226030361446, -404.6563455680739, -417.780698824359, -430.89597058601214, -443.98196031401426]
    },
    "apdft_poly_coeff": [ -289.0403169231894, -49.46522214792424, -1.1694954056906681, 0.12015452928911446, 0.00907789399207104 ],
    "hf_energies": [-240.66552182706033, -252.46755263904703, -264.4446042662418, -276.5880944064075, -287.8985537837175, -288.3931846739533, -288.88804875478377, -289.38314528401753, -289.87847351918583, -301.3332730634875, -313.91240278598565, -326.61476848868494, -339.43050757868696, -352.35039122626347, -365.36573218013, -378.4683929044129, -391.6508166628093, -404.90602873876327, -418.22759701653206, -431.609567475851, -445.04639689513226],
    "triples_corrections": [-0.006653680062855596, -0.006912869421460306, -0.006825704361230078, -0.006398403659258546, -0.005887226315739971, -0.005865423941081417, -0.005843731002800315, -0.005822152173795701, -0.005800691379408925, -0.005342136185508697, -0.004903927091595395, -0.004497695766066223, -0.0041104895514467886, -0.003742405610982163, -0.003396274618156, -0.003073091914015979, -0.0027718249480308695, -0.002490742066932206, -0.002228468007653123, -0.0019843523398962028, -0.0017583698064909978],
    "scf_converged": [true, true, true, true, true, true, true, true, true, true, true, true, true, true, true, true, true, true, true, true, true],
    "cc_converged": [true, true, true, true, true, true, true, true, true, true, true, true, true, true, true, true, true, true, true, true, true],
    "scf_spin_squared": [3.7691726682598095, 3.7607638273964694, 3.755281090440149, 3.7521518283612405, 3.7508587089617755, 3.7508266422526138, 3.7507961263035376, 3.7507671066688246, 3.7507395339839826, 3.7504067493341067, 3.7504284385645317, 3.7506449320925617, 3.7509564353032268, 3.7512876092764644, 3.7515879502034863, 3.7518365640267746, 3.7520338628748213, 3.7521884679782787, 3.7523078244303214, 3.752394532979162, 3.7524469655087636],
    "cc_spin_squared": [3.7522023234170594, 3.7517936171582114, 3.751450422865904, 3.7511935876066285, 3.751033384338419, 3.7510277130737784, 3.75102212733982, 3.7510166245136607, 3.7510112019672825, 3.750903493218059, 3.750809168189969, 3.7507279567945786, 3.7506549738729738, 3.7505871598944007, 3.750522854774425, 3.7504616707775598, 3.750403951574342, 3.750350247320396, 3.7503010493941638, 3.750256690805353, 3.7502172954484982]
}