{
    "schema_name": "pyscf_apdft_output",
    "provenance": {
        "creator": "PySCF",
        "version": "1.7.6"
    },
    "molecule": {
        "geometry": [[0.0, 0.0, 0.0]],
        "symbols": [ "H" ]
    },
    "molecular_charge": -1,
    "molecular_multiplicity": 3,
    "name": "h.chrg-1.mult3-pyscf-uccsd.augccpv5z",
    "atomic_numbers": [ 1 ],
    "n_electrons": 2,
    "model": {
        "method": "UCCSD",
        "basis": "aug-cc-pV5Z",
        "scf_conv_tol": 1e-09,
        "scf_conv_tol_grad": 1e-06,
        "cc_conv_tol": 1e-07,
        "cc_conv_tol_normt": 1e-05
    },
    "broken_symmetry": false,
    "finite_diff_delta": 0.01,
    "finite_diff_acc": 2,
    "apdft_lambdas": [-0.02, -0.01, 0.0, 0.01, 0.02, 0.25, 0.5, 0.75, 1.0, 1.25, 1.5, 1.75, 2.0, 2.25, 2.5, 2.75, 3.0],
    "electronic_energies": [-0.43617897234880393, -0.44772602560393077, -0.4593736127110798, -0.4711219832254109, -0.48297138109549104, -0.7839048134109866, -1.1749391901201085, -1.6367542929264294, -2.1741951163943116, -2.7895227182411633, -3.4817923695352238, -4.249217828861238, -5.08964523329134, -6.000083781591851, -6.976640334843485, -8.014765365919109, -9.109538479921591],
    "apdft_energies": {
        "0": [-0.45937361271107946, -0.45937361271107946, -0.45937361271107946, -0.45937361271107946, -0.45937361271107946, -0.45937361271107946, -0.45937361271107946, -0.45937361271107946, -0.45937361271107946, -0.45937361271107946, -0.45937361271107946, -0.45937361271107946, -0.45937361271107946, -0.45937361271107946, -0.45937361271107946, -0.45937361271107946, -0.45937361271107946],
        "1": [-0.43597765508959935, -0.4476756339003394, -0.45937361271107946, -0.47107159152181954, -0.48276957033255957, -0.7518230829795809, -1.0442725532480823, -1.3367220235165835, -1.629171493785085, -1.9216209640535864, -2.2140704343220876, -2.506519904590589, -2.7989693748590905, -3.091418845127592, -3.3838683153960933, -3.6763177856645948, -3.9687672559330958],
        "2": [-0.4361792219039648, -0.44772602560393077, -0.45937361271107946, -0.4711219832254109, -0.482971137146925, -0.7833178977241825, -1.1702518122264887, -1.620175356217998, -2.1330885296987105, -2.708991332668627, -3.3478837651277455, -4.049765827076068, -4.814637518513594, -5.6424988394403215, -6.5333497898562545, -7.48719036976139, -8.504020579155728],
        "3": [-0.4361788929014802, -0.4477259844786202, -0.45937361271107946, -0.4711220243507215, -0.4829714661494096, -0.7839604807018958, -1.1753924760481953, -1.637525096616258, -2.1742138402723636, -2.789314204882793, -3.486681688313825, -4.270171788431741, -5.143640003102819, -6.11094183019334, -7.175932767569584, -8.342468313097832, -9.61440396464436],
        "4": [-0.43617888916375025, -0.4477259842450121, -0.45937361271107946, -0.47112202411711335, -0.48297146241167965, -0.7838692275286199, -1.173932425275782, -1.6301335895809146, -2.1508530279137483, -2.7322809715853915, -3.3684175757483334, -4.051072919396443, -4.7698670053649685, -5.5122297603305395, -6.263401034811162, -7.006430603166225, -7.722178163596497]
    },
    "apdft_poly_coeff": [ -0.45937361271107946, -1.1697978810740055, -0.5039170359136258, -0.04112531057365309, 0.023360812358615608 ],
    "hf_energies": [-0.43543653537345994, -0.44698580654341513, -0.45863563768820415, -0.4703862724652865, -0.48223794896669275, -0.7832153245052309, -1.1742372396774945, -1.6359455702418213, -2.173225965971552, -2.7884177750341985, -3.4805906530676465, -4.247941615099814, -5.088308329668601, -5.998695318208751, -6.975203539948533, -8.013277587536727, -9.107993272205078],
    "scf_converged": [true, true, true, true, true, true, true, true, true, true, true, true, true, true, true, true, true],
    "cc_converged": [true, true, true, true, true, true, true, true, true, true, true, true, true, true, true, true, true],
    "scf_spin_squared": [2.0, 2.0, 2.0, 2.0, 2.0, 2.0, 2.0, 2.0, 2.0, 2.0, 2.0, 2.0, 2.0, 2.0, 2.0, 2.0, 2.0],
    "cc_spin_squared": [1.9999999999999991, 2.0000000000000013, 2.0000000000000027, 2.000000000000001, 2.000000000000001, 2.000000000000001, 2.0, 2.0000000000000013, 2.000000000000003, 2.0000000000000018, 2.0000000000000027, 2.000000000000006, 2.0000000000000018, 2.0000000000000107, 2.0000000000000133, 2.0000000000000155, 2.000000000000023]
}