{
    "schema_name": "pyscf_qa_output",
    "provenance": {
        "creator": "PySCF",
        "version": "1.7.6"
    },
    "molecule": {
        "geometry": [[0.0, 0.0, 0.0]],
        "symbols": [ "Be" ]
    },
    "molecular_charge": -2,
    "molecular_multiplicity": 3,
    "name": "be.chrg-2.mult3-pyscf-uccsdt.augccpv5z",
    "atomic_numbers": [ 4 ],
    "n_electrons": 6,
    "model": {
        "method": "UCCSD(T)",
        "basis": "aug-cc-pV5Z",
        "scf_conv_tol": 1e-09,
        "scf_conv_tol_grad": 1e-06,
        "cc_conv_tol": 1e-07,
        "cc_conv_tol_normt": 1e-05
    },
    "broken_symmetry": false,
    "finite_diff_delta": 0.01,
    "finite_diff_acc": 2,
    "qa_lambdas": [-0.02, -0.01, 0.0, 0.01, 0.02, 0.25, 0.5, 0.75, 1.0, 1.25, 1.5, 1.75, 2.0, 2.25, 2.5, 2.75, 3.0, 3.25, 3.5, 3.75, 4.0],
    "electronic_energies": [-14.384138327527422, -14.469723703881003, -14.555576782765268, -14.641698888520212, -14.728091473695109, -16.79466152669797, -19.21871461795844, -21.82209262272882, -24.616042054246645, -27.60476573599932, -30.77399342430297, -34.11654082940253, -37.625634985666984, -41.29409955866213, -45.11435380691172, -49.07853330549758, -53.17862018068841, -57.40654899595435, -61.75428925227669, -66.21390936387355, -70.777635377931],
    "qats_energies": {
        "0": [-14.55557678276523, -14.55557678276523, -14.55557678276523, -14.55557678276523, -14.55557678276523, -14.55557678276523, -14.55557678276523, -14.55557678276523, -14.55557678276523, -14.55557678276523, -14.55557678276523, -14.55557678276523, -14.55557678276523, -14.55557678276523, -14.55557678276523, -14.55557678276523, -14.55557678276523, -14.55557678276523, -14.55557678276523, -14.55557678276523, -14.55557678276523],
        "1": [-14.383601598126022, -14.469589190445626, -14.55557678276523, -14.641564375084835, -14.72755196740444, -16.705266590755336, -18.854956398745443, -21.00464620673555, -23.154336014725658, -25.304025822715765, -27.453715630705872, -29.60340543869598, -31.753095246686087, -33.902785054676194, -36.0524748626663, -38.20216467065641, -40.351854478646516, -42.50154428663662, -44.65123409462673, -46.80092390261684, -48.950613710606945],
        "2": [-14.38413965186753, -14.469723703881003, -14.55557678276523, -14.641698888520212, -14.728090021145947, -16.789337487865936, -19.191239987187842, -21.761284280730948, -24.499470368495253, -27.405798250480757, -30.48026792668746, -33.72287939711536, -37.133632661764466, -40.71252772063477, -44.45956457372627, -48.37474322103897, -52.45806366257287, -56.70952589832797, -61.129129928304266, -65.71687575250176, -70.47276337092046],
        "3": [-14.384137800608016, -14.469723472473564, -14.55557678276523, -14.641699119927651, -14.72809187240546, -16.792953229102448, -19.220165917079928, -21.85890929411673, -24.730877807631924, -27.857765905044566, -31.261268033773725, -34.963078641238454, -38.984892174857826, -43.3484030820509, -48.075305810236735, -53.187294806834394, -58.70606451926295, -64.65330939494146, -71.05072388128897, -77.92000242572459, -85.28283947566732],
        "4": [-14.384137886080723, -14.469723477815608, -14.55557678276523, -14.641699125269696, -14.728091957878165, -16.79503996506587, -19.25355369249469, -22.02793490715398, -25.26508221426817, -29.16197588218384, -33.96567784236971, -39.97333168941667, -47.53216268103773, -57.03947773806808, -68.94266544446502, -83.73919604730804, -101.97662145679874, -124.25257524626086, -151.2147726521404, -183.5610105740053, -222.03916757454584]
    },
    "qats_poly_coeffs": [ -14.55557678276523, -8.598759231960429, -1.3451343537695948, -0.23140743913666972, -0.5342044066362442 ],
    "hf_energies": [-14.307764097347587, -14.393153126336673, -14.478800066586755, -14.564705243315524, -14.650869011424824, -16.705452880070627, -19.108438086933653, -21.706919158877746, -24.5069445362383, -27.49693932098019, -30.666938166757415, -34.01027091926895, -37.520203723528546, -41.18954598301336, -45.01069341481276, -48.975762426630844, -53.07672513845374, -57.30551842013924, -61.654127449556626, -66.11465148593652, -70.67935910671878],
    "triples_corrections": [-0.0012256447294404322, -0.0012510938342016739, -0.0012791287897791668, -0.001310067875399443, -0.0013442736622206874, -0.00444189863408555, -0.007901618020420229, -0.0071853825074089835, -0.004358665866820796, -0.003586260175287705, -0.003132731146431171, -0.0027874066269608145, -0.002506832348890233, -0.00226970384752433, -0.002062723457524075, -0.0018767610889540499, -0.0017056557753157772, -0.0015455973239404954, -0.0013947317365709626, -0.001252641656843514, -0.0011198573681448923],
    "scf_converged": [true, true, true, true, true, true, true, true, true, true, true, true, true, true, true, true, true, true, true, true, true],
    "cc_converged": [true, true, true, true, true, true, true, true, true, true, true, true, true, true, true, true, true, true, true, true, true],
    "scf_spin_squared": [2.0007041516288617, 2.0006990397246707, 2.000695666595235, 2.0006940210727535, 2.000694103761268, 2.0013195500857344, 2.003905519491238, 2.0067335222017277, 2.0094891948721045, 2.011552697534671, 2.0118866892829956, 2.011290590790022, 2.0103894523593286, 2.0094604353703827, 2.0086086863662915, 2.007860498424253, 2.0072029774976663, 2.006608293877368, 2.0060498271171054, 2.005510572717485, 2.0049848214949444],
    "cc_spin_squared": [2.000060671573222, 2.000062565777755, 2.0000647089165935, 2.000067091758509, 2.000069794065224, 2.0003494895524554, 2.001410002088546, 2.001447716639124, 2.000702681732497, 2.0004399263314516, 2.0003171469722734, 2.000238075555323, 2.00018303232875, 2.000143267772163, 2.0001136616234803, 2.0000910663839475, 2.0000734760765706, 2.000059543636257, 2.0000483582758477, 2.000039256538634, 2.000031795044033]
}