{
    "schema_name": "pyscf_apdft_output",
    "provenance": {
        "creator": "PySCF",
        "version": "1.7.6"
    },
    "molecule": {
        "geometry": [[0.0, 0.0, 0.0]],
        "symbols": [ "P" ]
    },
    "molecular_charge": -2,
    "molecular_multiplicity": 2,
    "name": "p.chrg-2.mult2-pyscf-uccsdt.augccpv5z",
    "atomic_numbers": [ 15 ],
    "n_electrons": 17,
    "model": {
        "method": "UCCSD(T)",
        "basis": "aug-cc-pV5Z",
        "scf_conv_tol": 1e-09,
        "scf_conv_tol_grad": 1e-06,
        "cc_conv_tol": 1e-05,
        "cc_conv_tol_normt": 1e-07
    },
    "broken_symmetry": false,
    "finite_diff_delta": 0.01,
    "finite_diff_acc": 2,
    "apdft_lambdas": [-0.02, -0.01, 0.0, 0.01, 0.02, 0.25, 0.5, 0.75, 1.0, 1.25, 1.5, 1.75, 2.0, 2.25, 2.5, 2.75, 3.0],
    "electronic_energies": [-339.78844576496203, -340.3333495516311, -340.87857391753784, -341.42411855051404, -341.9699832807814, -354.6114933592473, -368.5459149003241, -382.67401767517464, -396.9918305496422, -411.4934376938892, -426.17354295653877, -441.02760278989194, -456.0515184885085, -471.2414593864778, -486.59377212423783, -502.10491731559216, -517.7714177325639],
    "apdft_energies": {
        "0": [-340.8785739175764, -340.8785739175764, -340.8785739175764, -340.8785739175764, -340.8785739175764, -340.8785739175764, -340.8785739175764, -340.8785739175764, -340.8785739175764, -340.8785739175764, -340.8785739175764, -340.8785739175764, -340.8785739175764, -340.8785739175764, -340.8785739175764, -340.8785739175764, -340.8785739175764],
        "1": [-339.78780491869344, -340.3331894181349, -340.8785739175764, -341.42395841701784, -341.9693429164593, -354.5131864036131, -368.1477988896498, -381.7824113756865, -395.4170238617232, -409.0516363477599, -422.6862488337966, -436.3208613198333, -449.95547380587, -463.5900862919067, -477.2246987779434, -490.8593112639801, -504.4939237500168],
        "2": [-339.7884454526782, -340.3333495516311, -340.8785739175764, -341.42411855051404, -341.9699834504441, -354.61326983873477, -368.54813263013654, -382.6831622917817, -397.0183588236702, -411.5537222258021, -426.2892524981774, -441.22494964079607, -456.3608136536581, -471.69684453676354, -487.23304229011234, -502.9694069137045, -518.9059384075401],
        "3": [-339.7884457739759, -340.3333495917933, -340.8785739175764, -341.42411851035183, -341.9699831291464, -354.6126423041919, -368.54311235379373, -382.6662188591248, -396.97819661292795, -411.4752804079461, -426.1537050369222, -441.0097052925991, -456.0395159677198, -471.2393718550272, -486.60550774726414, -502.13415843717354, -517.8215587174984],
        "4": [-339.78844586905666, -340.33334959773583, -340.8785739175764, -341.42411851629436, -341.9699832242272, -354.61496361215256, -368.5802532811644, -382.85424480393874, -397.57245145085835, -412.9260978833622, -429.16212015394507, -446.58316570615773, -465.54759337460695, -486.4694733849555, -509.8185873539221, -536.1204282892816, -565.9562005898645]
    },
    "apdft_poly_coeff": [ -340.8785739175764, -54.538449944146805, -1.6013349619470318, 0.04016221074228572, -0.594254837930445 ],
    "hf_energies": [-339.41751693852757, -339.9626137807168, -340.5080349432736, -341.05378017880423, -341.5998492339502, -354.2579954593657, -368.18985277728154, -382.3230823663318, -396.6456006474034, -411.1512983487725, -425.8351915527591, -440.6929100909663, -455.7204519860444, -470.9140450019552, -486.2700692374923, -501.78500028026826, -517.4553615642113],
    "triples_corrections": [-0.018626416569762116, -0.01857760594081493, -0.018527016223439895, -0.01847458553799845, -0.018420327040377688, -0.014239087297317857, -0.014057936547725046, -0.012429746281840579, -0.011240677074455434, -0.01042988848196926, -0.009820516140042089, -0.009328629674744359, -0.008912571222114354, -0.008547907077273204, -0.008219032332556636, -0.007915746935397127, -0.0076313437459437335],
    "scf_converged": [true, true, true, true, true, true, true, true, true, true, true, true, true, true, true, true, true],
    "cc_converged": [true, true, true, true, true, true, true, true, true, true, true, true, true, true, true, true, true],
    "scf_spin_squared": [0.7866326026421042, 0.7873703502449203, 0.7881641110759618, 0.789024430083467, 0.7899607837273361, 1.5096000968634709, 0.8571844783270182, 0.7700631165269094, 0.7642805402717716, 0.7628697603801209, 0.7622109817758123, 0.7617790228032186, 0.7614518534832833, 0.7611900723174934, 0.7609763134008958, 0.7608006513984309, 0.7606564485543874],
    "cc_spin_squared": [0.773949368959816, 0.7732178862647174, 0.7724807427571792, 0.771739305992269, 0.7709937451226985, 0.8245657275359655, 0.7592915305705406, 0.7520600176734531, 0.7508684868702336, 0.7505480441369903, 0.7504251894286469, 0.7503605203415704, 0.7503187632716566, 0.7502886778637707, 0.7502654910593405, 0.7502467911748205, 0.7502311891961861]
}