{
    "schema_name": "pyscf_apdft_output",
    "provenance": {
        "creator": "PySCF",
        "version": "1.7.6"
    },
    "molecule": {
        "geometry": [[0.0, 0.0, 0.0]],
        "symbols": [ "Cl" ]
    },
    "molecular_charge": -1,
    "molecular_multiplicity": 3,
    "name": "cl.chrg-1.mult3-pyscf-uccsdt.augccpv5z",
    "atomic_numbers": [ 17 ],
    "n_electrons": 18,
    "model": {
        "method": "UCCSD(T)",
        "basis": "aug-cc-pV5Z",
        "scf_conv_tol": 1e-09,
        "scf_conv_tol_grad": 1e-06,
        "cc_conv_tol": 1e-07,
        "cc_conv_tol_normt": 1e-05
    },
    "broken_symmetry": false,
    "finite_diff_delta": 0.01,
    "finite_diff_acc": 2,
    "apdft_lambdas": [-1.0, -0.75, -0.5, -0.25, -0.02, -0.01, 0.0, 0.01, 0.02, 0.25, 0.5, 0.75, 1.0],
    "electronic_energies": [-396.91983831791197, -412.3162836617508, -427.93693067146074, -443.7570113803248, -458.5028268919063, -459.1475770320275, -459.7926459147093, -460.43289963790886, -461.0837385157148, -476.0375121310487, -492.47193273253936, -509.09645297711296, -525.9069788786627],
    "apdft_energies": {
        "0": [-459.792645914723, -459.792645914723, -459.792645914723, -459.792645914723, -459.792645914723, -459.792645914723, -459.792645914723, -459.792645914723, -459.792645914723, -459.792645914723, -459.792645914723, -459.792645914723, -459.792645914723],
        "1": [-395.5265156206563, -411.593048194173, -427.65958076768965, -443.7261133412063, -458.50732330884165, -459.1499846117823, -459.792645914723, -460.43530721766365, -461.0779685206043, -475.85917848823965, -491.9257110617563, -507.992243635273, -524.0587762087896],
        "2": [-371.4507180727763, -398.05041207349046, -421.64063138071964, -442.2213759944638, -458.4976929898225, -459.1475770320275, -459.792645914723, -460.43289963790886, -461.06833820158516, -474.35444114149715, -485.9067616747863, -494.44960751459047, -499.9829786609096],
        "3": [484.0836190803164, -37.12186358702945, -314.69883923658307, -428.8536519764467, -458.49084871512525, -459.14672149769035, -459.792645914723, -460.43375517224604, -461.0751824762824, -487.72216515951425, -592.8485538189229, -855.3781560010515, -1355.5173158140024],
        "4": [-85075.15060403639, -27108.598316995052, -5662.150978181377, -763.0694106604963, -458.504538192601, -459.1475770900326, -459.792645914723, -460.43461076458823, -461.0888719537581, -821.9379238435638, -5940.300692763716, -27926.854609409067, -86914.75153893071]
    },
    "apdft_poly_coeff": [ -459.792645914723, -64.26613029406667, 24.07579754788003, -855.5343371530927, -85559.2342231167 ],
    "hf_energies": [-396.517640170527, -411.9196443685321, -427.54579421974256, -443.3691653114554, -458.11859465266355, -458.7634643731452, -459.4086518764438, -460.04856233725815, -460.69997884416887, -475.64697730890236, -492.0839579872885, -508.7103433826864, -525.5220986138452],
    "triples_corrections": [-0.012774443643258294, -0.011838069429861212, -0.011154361011301087, -0.010564871233032246, -0.010160671091476418, -0.010143930657021839, -0.010127321689290468, -0.010086201341069745, -0.01009449168685176, -0.010724602835528197, -0.010292441614184307, -0.009940134573279484, -0.009651765017812317],
    "scf_converged": [true, true, true, true, true, true, true, true, true, true, true, true, true],
    "cc_converged": [true, true, true, true, true, true, true, true, true, true, true, true, true],
    "scf_spin_squared": [2.013968833804438, 2.012497298672751, 2.0122138149390336, 2.011143338367739, 2.011081491547391, 2.011062422915373, 2.0110434540836106, 2.010663906897604, 2.0110059989923723, 2.0103943846591665, 2.009988302810614, 2.009670406342373, 2.0094097645437525],
    "cc_spin_squared": [2.0008310012672528, 2.00055983821487, 2.000510217724102, 2.0003671162756804, 2.000356084934576, 2.000354165608816, 2.00035227657016, 2.0003192982356084, 2.000348587865278, 2.0002963692435194, 2.000270052224472, 2.000249396484667, 2.000232823039224]
}