{
    "schema_name": "pyscf_apdft_output",
    "provenance": {
        "creator": "PySCF",
        "version": "1.7.6"
    },
    "molecule": {
        "geometry": [[0.0, 0.0, 0.0]],
        "symbols": [ "F" ]
    },
    "molecular_charge": -2,
    "molecular_multiplicity": 4,
    "name": "f.chrg-2.mult4-pyscf-uccsdt.augccpv5z",
    "atomic_numbers": [ 9 ],
    "n_electrons": 11,
    "model": {
        "method": "UCCSD(T)",
        "basis": "aug-cc-pV5Z",
        "scf_conv_tol": 1e-09,
        "scf_conv_tol_grad": 1e-06,
        "cc_conv_tol": 1e-07,
        "cc_conv_tol_normt": 1e-05
    },
    "broken_symmetry": false,
    "finite_diff_delta": 0.01,
    "finite_diff_acc": 2,
    "apdft_lambdas": [-0.02, -0.01, 0.0, 0.01, 0.02, 0.25, 0.5, 0.75, 1.0, 1.25, 1.5, 1.75, 2.0, 2.25, 2.5, 2.75, 3.0, 3.25, 3.5, 3.75, 4.0],
    "electronic_energies": [-98.75714381871865, -99.02034748602377, -99.29480580705513, -99.56420915652288, -99.82861624226199, -106.14099326425135, -113.25400543745783, -120.59468430793132, -128.1858427716723, -136.01037078093455, -144.06677175812288, -152.36865178779385, -160.90956120201352, -169.68923104201434, -178.70683220361326, -187.97650695356182, -197.46655812433914, -207.16770189130477, -217.13634325275092, -227.28482825138536, -237.67550064497198],
    "apdft_energies": {
        "0": [-99.2893893529148, -99.2893893529148, -99.2893893529148, -99.2893893529148, -99.2893893529148, -99.2893893529148, -99.2893893529148, -99.2893893529148, -99.2893893529148, -99.2893893529148, -99.2893893529148, -99.2893893529148, -99.2893893529148, -99.2893893529148, -99.2893893529148, -99.2893893529148, -99.2893893529148, -99.2893893529148, -99.2893893529148, -99.2893893529148, -99.2893893529148],
        "1": [-98.74552768241568, -99.01745851766523, -99.2893893529148, -99.56132018816436, -99.83325102341391, -106.0876602341537, -112.8859311153926, -119.68420199663149, -126.48247287787039, -133.2807437591093, -140.0790146403482, -146.87728552158708, -153.67555640282598, -160.4738272840649, -167.2720981653038, -174.07036904654268, -180.8686399277816, -187.66691080902046, -194.46518169025939, -201.2634525714983, -208.06172345273717],
        "2": [-98.75708355584979, -99.02034748602377, -99.2893893529148, -99.56420915652288, -99.84480689684801, -107.8932654582326, -120.10835201170823, -135.9346490133417, -155.37215646313297, -178.42087436108204, -205.08080270718895, -235.35194150145367, -269.2342907438762, -306.72785043445657, -347.8326205731948, -392.5486011600908, -440.87579219514464, -492.8141936783563, -548.3638056097258, -607.5246279892531, -670.2966608169381],
        "3": [-98.7679175008197, -99.02170172914501, -99.2893893529148, -99.56285491340164, -99.8339729518781, -86.73321668885363, 49.17203814332355, 435.38666775989054, 1198.870964777121, 2466.5852218112896, 4365.4897314786695, 7022.544786395535, 10564.710679178157, 15118.947702442812, 20812.21614880578, 27771.476310883318, 36123.68848129172, 45995.81295264724, 57514.81001756617, 70807.63996866478, 86001.26309855933],
        "4": [-98.7571639063416, -99.02102962949013, -99.2893893529148, -99.56218281374676, -99.82321935739999, 175.8057109992182, 4249.794881152474, 21701.03981049371, 68408.83645292353, 166553.4150268562, 344615.9400152198, 637378.5101654561, 1085924.1584895204, 1737636.8522638823, 2646201.4930295246, 3871603.916591944, 5480130.89302115, 7544370.126651666, 10143210.256082533, 13361840.8541773, 17291752.428064037]
    },
    "apdft_poly_coeff": [ -99.2893893529148, -27.193083524955597, -28.88968358526256, 1354.2431212402541, 67209.9654881464 ],
    "hf_energies": [-98.46684047680137, -98.73026848915787, -99.00469869893226, -99.27419911243635, -99.5388311278282, -105.84679287017678, -112.96254986849833, -120.30549585369666, -127.89864218569706, -135.7248287490777, -143.78266870180406, -152.0858312377399, -160.62793381658042, -169.4088102146311, -178.42773452735878, -187.6984904115306, -197.19014023838946, -206.89388946480355, -216.8637604446668, -227.01577659695286, -237.4091708269989],
    "triples_corrections": [-0.006037037693504964, -0.005990574892058351, -0.00597736189186061, -0.005947967082793322, -0.00590325640391566, -0.0058567554822461215, -0.005321640651108327, -0.004701590877673131, -0.004394671104204522, -0.004077517892675366, -0.0036875503055578645, -0.0034726421939970894, -0.003303765530730126, -0.0031730331110099486, -0.0030726491967762145, -0.0035788470399870467, -0.0036615715009813677, -0.002893995177082455, -0.003927197966120723, -0.0028540966106840406, -0.0028580135052237417],
    "scf_converged": [true, true, true, true, true, true, true, true, true, true, true, true, true, true, true, true, true, true, true, true, true],
    "cc_converged": [true, true, true, true, true, true, true, true, true, true, true, true, true, true, true, true, true, true, true, true, true],
    "scf_spin_squared": [3.7545693265627254, 3.7546186697654083, 3.7545059069650657, 3.7544750156626856, 3.754519452833739, 3.7533041152004643, 3.7530076212808163, 3.7527873457575796, 3.7525800339989877, 3.752399294526043, 3.7522246539919557, 3.7520787023391167, 3.7519492341213843, 3.7518337563068176, 3.7517298049505383, 3.751667147244967, 3.7515832970101446, 3.751468422391323, 3.751434480817852, 3.751325707967334, 3.7512619120046162],
    "cc_spin_squared": [3.7501294162508976, 3.7501147095489418, 3.750125758080371, 3.750123995249458, 3.750110427965468, 3.7500806615116575, 3.750070858910593, 3.750052743817396, 3.7500506133728995, 3.7500450227029023, 3.7500341084470903, 3.750031065872194, 3.750029056583765, 3.750027836864436, 3.7500271687912936, 3.7500452441944923, 3.750048101111139, 3.7500267648450487, 3.75005462404293, 3.7500272474949363, 3.75002770385078]
}