{
    "schema_name": "pyscf_qa_output",
    "provenance": {
        "creator": "PySCF",
        "version": "1.7.6"
    },
    "molecule": {
        "geometry": [[0.0, 0.0, 0.0]],
        "symbols": [ "F" ]
    },
    "molecular_charge": -2,
    "molecular_multiplicity": 4,
    "name": "f.chrg-2.mult4-pyscf-uccsdt.augccpvtz",
    "atomic_numbers": [ 9 ],
    "n_electrons": 11,
    "model": {
        "method": "UCCSD(T)",
        "basis": "aug-cc-pVTZ",
        "scf_conv_tol": 1e-09,
        "scf_conv_tol_grad": 1e-06,
        "cc_conv_tol": 1e-07,
        "cc_conv_tol_normt": 1e-05
    },
    "broken_symmetry": false,
    "finite_diff_delta": 0.01,
    "finite_diff_acc": 2,
    "qa_lambdas": [-0.02, -0.01, 0.0, 0.01, 0.02, 0.25, 0.5, 0.75, 1.0, 1.25, 1.5, 1.75, 2.0, 2.25, 2.5, 2.75, 3.0, 3.25, 3.5, 3.75, 4.0],
    "electronic_energies": [-98.54482995281947, -98.81492232948392, -99.09751995423603, -99.36816471889951, -99.6391284423528, -105.95785905384592, -112.9989326610616, -120.23186732850724, -127.64736632099759, -135.21234497332287, -142.946404179264, -150.83477667871898, -158.87184370950746, -167.05238471983708, -175.37145676268847, -183.8241759543994, -192.42412138073053, -201.10956157350483, -209.93031463674743, -218.86080762545058, -227.89378258442898],
    "qats_energies": {
        "0": [-99.08533331449104, -99.08533331449104, -99.08533331449104, -99.08533331449104, -99.08533331449104, -99.08533331449104, -99.08533331449104, -99.08533331449104, -99.08533331449104, -99.08533331449104, -99.08533331449104, -99.08533331449104, -99.08533331449104, -99.08533331449104, -99.08533331449104, -99.08533331449104, -99.08533331449104, -99.08533331449104, -99.08533331449104, -99.08533331449104, -99.08533331449104],
        "1": [-98.53209092507545, -98.80871211978325, -99.08533331449104, -99.36195450919882, -99.63857570390662, -106.00086318218587, -112.91639304988071, -119.83192291757555, -126.74745278527038, -133.6629826529652, -140.57851252066007, -147.4940423883549, -154.40957225604973, -161.32510212374456, -168.2406319914394, -175.15616185913424, -182.07169172682907, -188.9872215945239, -195.90275146221876, -202.8182813299136, -209.73381119760842],
        "2": [-98.55693176387815, -98.81492232948392, -99.08533331449104, -99.36816471889951, -99.66341654270933, -109.88224424510823, -128.44191730157013, -154.7643524838767, -188.849549792028, -230.697509226024, -280.3082307858647, -337.6817144715501, -402.8179602830802, -475.716968220455, -556.3787382836745, -644.8032704727386, -740.9905647876476, -844.9406212284011, -956.6534397949995, -1076.1290204874426, -1203.3673633057301],
        "3": [-98.56505595674338, -98.81593785359208, -99.08533331449104, -99.36714919479135, -99.6552923498441, -94.01468005520698, -1.5014037823601996, 273.6598806434568, 826.6745583616514, 1752.7480145116308, 3147.085634232803, 5104.892802664574, 7721.374904946353, 11091.737326217548, 15311.185451617564, 20474.92466628581, 26678.160355361702, 34016.09790398463, 42583.942697294005, 52476.90012042924, 63790.17555852975],
        "4": [-98.54079601579988, -98.81442160728311, -99.08533331449104, -99.36563294848239, -99.6310324089006, 498.2690343858075, 9475.038027273873, 48248.64075036564, 152451.3054552614, 371930.0695401458, 770746.7795497878, 1427178.0911755406, 2433715.469255342, 3897065.1877737143, 5938148.329861763, 8692100.787797177, 12308273.26300424, 16950231.266053807, 22795755.116663307, 30036839.943696786, 38879695.685164854]
    },
    "qats_poly_coeffs": [ -99.08533331449104, -27.662119470779345, -62.10209700675762, 1015.5241081536793, 151624.63089689973 ],
    "hf_energies": [-98.29581288520455, -98.56617464475315, -98.84815371536129, -99.11908591548146, -99.39033510375926, -105.7152067596627, -112.7627558217518, -120.00157830388602, -127.42279106990948, -134.99419707897326, -142.73465662573807, -150.62967552525697, -158.67360276869627, -166.86115271884216, -175.1873029098033, -183.64709576074773, -192.25226865910622, -200.94637910193663, -209.7738197940309, -218.71070368221683, -227.74967192835572],
    "triples_corrections": [-0.005829033764205998, -0.005789847329482724, -0.006395988293629909, -0.006346161607708352, -0.0062971027437486015, -0.005340515387650841, -0.004229631150291889, -0.003667556409181446, -0.0034544229251566114, -0.002822690064375974, -0.0025230923959103048, -0.002294190446883638, -0.0021271586995871283, -0.002013827926250215, -0.0019468103549755626, -0.0019187686235225508, -0.0029949584832134387, -0.001945256713003032, -0.0019841792286402825, -0.0020355556628164997, -0.0021018008164454824],
    "scf_converged": [true, true, true, true, true, true, true, true, true, true, true, true, true, true, true, true, true, true, true, true, true],
    "cc_converged": [true, true, true, true, true, true, true, true, true, true, true, true, true, true, true, true, true, true, true, true, true],
    "scf_spin_squared": [3.753760977963344, 3.753742150865371, 3.7534987544795184, 3.7534839996264484, 3.7534695679295655, 3.7531976902031765, 3.7530582927606697, 3.7528246251419235, 3.7525978556309934, 3.752443714856298, 3.7522828412599605, 3.75213708908295, 3.7520041134461177, 3.751881818242491, 3.751768203859746, 3.7516613348462418, 3.751607585118209, 3.7514611771274664, 3.7513659197522866, 3.7512738000302317, 3.751185474983503],
    "cc_spin_squared": [3.750117454862065, 3.750115908885581, 3.750149837675555, 3.7501477551417577, 3.7501457208339133, 3.750109687913714, 3.750067431826072, 3.7500552909705513, 3.7500609078432765, 3.7500400930687467, 3.7500352616050314, 3.7500317676965165, 3.7500294678540103, 3.75002831356269, 3.7500282766434765, 3.750029276730229, 3.7500724380521455, 3.750033486864529, 3.750036108357799, 3.750038797064505, 3.750041532016568]
}