{
    "schema_name": "pyscf_apdft_output",
    "provenance": {
        "creator": "PySCF",
        "version": "1.7.6"
    },
    "molecule": {
        "geometry": [[0.0, 0.0, 0.0]],
        "symbols": [ "B" ]
    },
    "molecular_charge": -1,
    "molecular_multiplicity": 1,
    "name": "b.chrg-1.mult1-pyscf-ccsdt.augccpvtz",
    "atomic_numbers": [ 5 ],
    "n_electrons": 6,
    "model": {
        "method": "CCSD(T)",
        "basis": "aug-cc-pVTZ",
        "scf_conv_tol": 1e-09,
        "scf_conv_tol_grad": 1e-06,
        "cc_conv_tol": 1e-07,
        "cc_conv_tol_normt": 1e-05
    },
    "broken_symmetry": false,
    "finite_diff_delta": 0.01,
    "finite_diff_acc": 2,
    "apdft_lambdas": [-1.0, -0.75, -0.5, -0.25, -0.02, -0.01, 0.0, 0.01, 0.02, 0.25, 0.5, 0.75, 1.0, 1.25, 1.5, 1.75, 2.0, 2.25, 2.5, 2.75, 3.0],
    "electronic_energies": [-14.311099995219596, -16.62370161870182, -19.11410596758587, -21.77388281061416, -24.362435373742507, -24.477972406094498, -24.59375582633146, -24.709785364623094, -24.82606033491789, -27.566727495206887, -30.680739970299044, -33.919954487140366, -37.27131010593163, -40.72396442894452, -44.26820186103931, -47.894976254318124, -51.595627060741656, -55.36166979112715, -59.18473539756264, -63.05668861109286, -66.9698702651894],
    "apdft_energies": {
        "0": [-24.593755826331446, -24.593755826331446, -24.593755826331446, -24.593755826331446, -24.593755826331446, -24.593755826331446, -24.593755826331446, -24.593755826331446, -24.593755826331446, -24.593755826331446, -24.593755826331446, -24.593755826331446, -24.593755826331446, -24.593755826331446, -24.593755826331446, -24.593755826331446, -24.593755826331446, -24.593755826331446, -24.593755826331446, -24.593755826331446, -24.593755826331446],
        "1": [-13.003107899901615, -15.900769881509072, -18.79843186311653, -21.69609384472399, -24.36194286780285, -24.47784934706715, -24.593755826331446, -24.709662305595742, -24.825568784860042, -27.4914178079389, -30.38907978954636, -33.28674177115382, -36.18440375276128, -39.08206573436873, -41.979727715976196, -44.87738969758365, -47.77505167919111, -50.672713660798564, -53.57037564240602, -56.46803762401348, -59.36569960562094],
        "2": [-14.233698173405976, -16.592976910355276, -19.10607943149262, -21.77300573681801, -24.36243510391225, -24.477972406094498, -24.593755826331446, -24.709785364623094, -24.826061020969444, -27.568329700032926, -30.69672735792245, -33.978948800000026, -37.41499402626564, -41.0048630367193, -44.748555831361, -48.646072410190754, -52.697412773208555, -56.9025769204144, -61.26156485180829, -65.77437656739022, -70.44101206716019],
        "3": [-14.313354990844429, -16.62658213021212, -19.11603653367243, -21.774250374590487, -24.36243574116679, -24.477972485751316, -24.593755826331446, -24.709785284966276, -24.826060383714903, -27.56708506226045, -30.686770255742644, -33.945343580143174, -37.335337208827184, -40.84928331515982, -44.479714072506226, -48.219161654231556, -52.06015823370093, -55.995235984279525, -60.01692707933247, -64.11776369222491, -68.29027799632198],
        "4": [-12.579099599697777, -16.077852885357128, -19.00764557172576, -21.76747593946882, -24.362435463685927, -24.477972468408762, -24.593755826331446, -24.709785267623722, -24.826060106234042, -27.560310627138783, -30.57837929379598, -33.39661433528818, -35.60108181768054, -36.6152613641182, -35.70004615482631, -31.953742927110028, -24.312071975354513, -11.54816715102492, 7.727424137333593, 35.06674092409588, 72.18440868655678]
    },
    "apdft_poly_coeff": [ -24.593755826331446, -11.590647926429831, -1.2305902735043617, 0.07965681743845228, 1.7342553911466514 ],
    "hf_energies": [-14.21868591486406, -16.525014002907433, -19.007160641857617, -21.659919901940427, -24.245553911109482, -24.361020064921938, -24.47673455438491, -24.592696626190147, -24.708905513682097, -27.447872270937456, -30.559390766101902, -33.79620777549445, -37.145623085438004, -40.597004636836985, -44.140771754588556, -47.767884344295894, -51.46956789667072, -55.23716440667628, -59.06213414172488, -62.93621048198746, -66.85164373796445],
    "triples_corrections": [-0.0039081669553062606, -0.004259669678764786, -0.004806972684489654, -0.005092955432264827, -0.00507861031889763, -0.005075062289592673, -0.005071524236574949, -0.005068126100411631, -0.005064703884755627, -0.0050461473445652235, -0.005096564061589447, -0.005080385622786799, -0.0049661994871817525, -0.004748141711633416, -0.0044266779040453225, -0.004011128099797132, -0.0035276328552835056, -0.003019112565863553, -0.0025327148862206946, -0.0021036872234442773, -0.0017478529532582528],
    "scf_converged": [true, true, true, true, true, true, true, true, true, true, true, true, true, true, true, true, true, true, true, true, true],
    "cc_converged": [true, true, true, true, true, true, true, true, true, true, true, true, true, true, true, true, true, true, true, true, true],
    "t1_diagnostic": [0.04665460601268976, 0.053938191813993286, 0.048086312512745234, 0.026949377101448024, 0.014044201407943683, 0.01377710978527258, 0.013522989659800175, 0.013280201053343911, 0.013047263873656088, 0.00927940009628716, 0.007668493157601013, 0.006751643804173612, 0.006174325229338758, 0.005798240575984017, 0.005515553391727155, 0.005247727729884579, 0.004950787028821907, 0.004616308822628876, 0.004258457876351782, 0.003897914379464158, 0.0035530085564691696]
}