{
    "schema_name": "pyscf_apdft_output",
    "provenance": {
        "creator": "PySCF",
        "version": "1.7.6"
    },
    "molecule": {
        "geometry": [[0.0, 0.0, 0.0]],
        "symbols": [ "He" ]
    },
    "molecular_charge": -2,
    "molecular_multiplicity": 3,
    "name": "he.chrg-2.mult3-pyscf-uccsdt.augccpv5z",
    "atomic_numbers": [ 2 ],
    "n_electrons": 4,
    "model": {
        "method": "UCCSD(T)",
        "basis": "aug-cc-pV5Z",
        "scf_conv_tol": 1e-09,
        "scf_conv_tol_grad": 1e-06,
        "cc_conv_tol": 1e-07,
        "cc_conv_tol_normt": 1e-05
    },
    "broken_symmetry": false,
    "finite_diff_delta": 0.01,
    "finite_diff_acc": 2,
    "apdft_lambdas": [-0.02, -0.01, 0.0, 0.01, 0.02, 0.25, 0.5, 0.75, 1.0, 1.25, 1.5, 1.75, 2.0, 2.25, 2.5, 2.75, 3.0, 3.25, 3.5, 3.75, 4.0],
    "electronic_energies": [-2.255727834241258, -2.2948769590630977, -2.334234610525256, -2.373800809901489, -2.4135755803324774, -3.3860335729309226, -4.568810065347052, -5.883743050681891, -7.332836496468167, -8.919045815740208, -10.646028333579874, -12.517229126650994, -14.534859370897006, -16.69983557023192, -19.012390918853527, -21.472315609635118, -24.078692193088056, -26.829582685662597, -29.72197393076036, -32.751969629155404, -35.91505934810665],
    "apdft_energies": {
        "0": [-2.334234610525254, -2.334234610525254, -2.334234610525254, -2.334234610525254, -2.334234610525254, -2.334234610525254, -2.334234610525254, -2.334234610525254, -2.334234610525254, -2.334234610525254, -2.334234610525254, -2.334234610525254, -2.334234610525254, -2.334234610525254, -2.334234610525254, -2.334234610525254, -2.334234610525254, -2.334234610525254, -2.334234610525254, -2.334234610525254, -2.334234610525254],
        "1": [-2.2553107596868625, -2.294772685106058, -2.334234610525254, -2.3736965359444495, -2.413158461363645, -3.320782746005146, -4.307330881485038, -5.29387901696493, -6.2804271524448225, -7.266975287924715, -8.253523423404607, -9.240071558884498, -10.226619694364391, -11.213167829844284, -12.199715965324176, -13.186264100804067, -14.17281223628396, -15.159360371763853, -16.145908507243746, -17.132456642723636, -18.11900477820353],
        "2": [-2.255727855515021, -2.2948769590630977, -2.334234610525254, -2.373800809901489, -2.4135755571918036, -3.3859539691548974, -4.568015774084044, -5.880420025312693, -7.3231667228408455, -8.8962558666685, -10.599687456795658, -12.43346149322232, -14.397577975948483, -16.49203690497415, -18.716838280299317, -21.07198210192399, -23.557468369848166, -26.173297084071844, -28.919468244595027, -31.79598185141771, -34.8028379045399],
        "3": [-2.2557278259053963, -2.294876955361895, -2.334234610525254, -2.373800813602692, -2.413575586801428, -3.3860118004525184, -4.568478424465013, -5.881981470348462, -7.326867925888595, -8.903484778871135, -10.612179017081813, -12.453297628306352, -14.427187600330477, -16.534195920939922, -18.774669577920402, -21.14895555905765, -23.6574008521374, -26.300352444945368, -29.078157325267277, -31.991162480888867, -35.039714899595864],
        "4": [-2.2557278271500034, -2.2948769554396824, -2.334234610525254, -2.37380081368048, -2.413575588046035, -3.3860421863604286, -4.568964598991576, -5.884442728889188, -7.334646718313604, -8.922475971315007, -10.651559153733425, -12.526254193198728, -14.551648279130635, -16.733557862738706, -19.07852865702235, -21.593835636770812, -24.287483038563195, -27.168204360768435, -30.245462363545318, -33.529449068842474, -37.03108576039837]
    },
    "apdft_poly_coeff": [ -2.334234610525254, -3.9461925419195687, -1.042739570396023, -0.0037012030477493827, -0.007778792425009821 ],
    "hf_energies": [-2.204762507556035, -2.243968569076073, -2.283382382381631, -2.323003975951832, -2.3628333796927916, -3.336349658024424, -4.519885502621527, -5.835229231346299, -7.284439327129176, -8.870525744175053, -10.59722674099064, -12.468105646671901, -14.48548835167087, -16.650371923094397, -18.96305334619826, -21.423378396654808, -24.03045704969312, -26.782336096860316, -29.675954173520587, -32.70735392964505, -35.871964919678966],
    "triples_corrections": [-0.00032507990851391203, -0.00032053920153514274, -0.0003160621732260666, -0.00031164837857206826, -0.00030729736118798685, -0.00022339190049207173, -0.00016199136666841154, -0.0001234928127839483, -0.00010090905610724281, -8.893588166692952e-05, -8.338890991137495e-05, -8.090075298782582e-05, -7.935352694222469e-05, -7.783295823119365e-05, -7.586238089540938e-05, -7.307315508025248e-05, -6.936773859570204e-05, -6.497727423282606e-05, -6.027137885299002e-05, -5.555761587580274e-05, -5.101728366340428e-05],
    "scf_converged": [true, true, true, true, true, true, true, true, true, true, true, true, true, true, true, true, true, true, true, true, true],
    "cc_converged": [true, true, true, true, true, true, true, true, true, true, true, true, true, true, true, true, true, true, true, true, true],
    "scf_spin_squared": [2.0006059582082742, 2.0005895966219933, 2.000573511705735, 2.000557713905957, 2.0005422121381193, 2.0002718910248385, 2.000127099417405, 2.000062806535963, 2.000033899413531, 2.000020760484859, 2.0000152428281774, 2.0000134821980344, 2.0000132438048706, 2.00001342788795, 2.0000137098356, 2.000014030123769, 2.000014335853188, 2.0000145543764436, 2.000014635840261, 2.0000145705564094, 2.0000143750179924],
    "cc_spin_squared": [2.0000119801547482, 2.0000116406835553, 2.000011309104835, 2.0000109853634487, 2.0000106693961053, 2.0000053213052085, 2.000002504467076, 2.0000012675420002, 2.00000072395706, 2.0000004785147345, 2.000000365811371, 2.000000312922494, 2.0000002847634715, 2.0000002654606295, 2.0000002485143002, 2.000000230825291, 2.0000002111685307, 2.000000190073318, 2.0000001690065528, 2.0000001492717745, 2.0000001315113436]
}