{
    "schema_name": "pyscf_qa_output",
    "provenance": {
        "creator": "PySCF",
        "version": "1.7.6"
    },
    "molecule": {
        "geometry": [[0.0, 0.0, 0.0]],
        "symbols": [ "B" ]
    },
    "molecular_charge": 2,
    "molecular_multiplicity": 4,
    "name": "b.chrg2.mult4-pyscf-uccsd.augccpv5z",
    "atomic_numbers": [ 5 ],
    "n_electrons": 3,
    "model": {
        "method": "UCCSD",
        "basis": "aug-cc-pV5Z",
        "scf_conv_tol": 1e-09,
        "scf_conv_tol_grad": 1e-06,
        "cc_conv_tol": 1e-07,
        "cc_conv_tol_normt": 1e-05
    },
    "broken_symmetry": false,
    "finite_diff_delta": 0.01,
    "finite_diff_acc": 2,
    "qa_lambdas": [-4.0, -3.75, -3.5, -3.25, -3.0, -2.75, -2.5, -2.25, -2.0, -1.75, -1.5, -1.25, -1.0, -0.75, -0.5, -0.25, -0.02, -0.01, 0.0, 0.01, 0.02],
    "electronic_energies": [-0.34906881753975605, -0.6872857917797064, -1.092923680927763, -1.5700918995026438, -2.1736737235533945, -2.8321999468736103, -3.582992027926152, -4.428108234022731, -5.36745225930479, -6.400793572324273, -7.528018988641594, -8.749090055226036, -10.064049246301217, -11.473007112047735, -12.976090153323613, -14.573361507782923, -16.125964018522396, -16.195272098457668, -16.26473027054886, -16.334338504376113, -16.404096759579623],
    "qats_energies": {
        "0": [-16.264730270548842, -16.264730270548842, -16.264730270548842, -16.264730270548842, -16.264730270548842, -16.264730270548842, -16.264730270548842, -16.264730270548842, -16.264730270548842, -16.264730270548842, -16.264730270548842, -16.264730270548842, -16.264730270548842, -16.264730270548842, -16.264730270548842, -16.264730270548842, -16.264730270548842, -16.264730270548842, -16.264730270548842, -16.264730270548842, -16.264730270548842],
        "1": [11.5485509131402, 9.810220839159637, 8.07189076517907, 6.333560691198503, 4.59523061721794, 2.8569005432373764, 1.1185704692568095, -0.6197596047237557, -2.358089678704321, -4.096419752684886, -5.834749826665451, -7.573079900646016, -9.311409974626581, -11.049740048607147, -12.788070122587712, -14.526400196568277, -16.125663864630397, -16.195197067589618, -16.264730270548842, -16.334263473508067, -16.403796676467287],
        "2": [-0.4563879746017001, -0.7409949801447695, -1.1193905707483225, -1.591574746412359, -2.1575475071368793, -2.817308852921883, -3.5708587837673704, -4.418197299673341, -5.359324400639796, -6.394240086666734, -7.522944357754156, -8.745437213902061, -10.06171865511045, -11.471788681379323, -12.975647292708679, -14.573294489098519, -16.12596398810259, -16.195272098457668, -16.264730270548842, -16.334338504376113, -16.40409679993948],
        "3": [-0.8338795107056658, -1.0520384211484028, -1.3722804084117204, -1.7940525063782822, -2.3168017489307395, -2.93997516995176, -3.663019803324005, -4.485382682930126, -5.406510842652791, -6.42585131637466, -7.5428511379783885, -8.75695734134664, -10.067616960362074, -11.474277028907352, -12.976384580865131, -14.573386650118076, -16.125964035289034, -16.195272104355972, -16.264730270548842, -16.33433849847781, -16.404096752753038],
        "4": [9.768854350551578, 7.138321102260839, 4.842847521490292, 2.8266854363000675, 1.0379695118576855, -0.5712827495619397, -2.0451710085764994, -3.423912088696289, -4.743839976324214, -6.037405820755783, -7.333177934179112, -8.655841791674922, -10.02620003121654, -11.461172453669898, -12.973796022793536, -14.5732248652386, -16.125964028662324, -16.195272103941804, -16.264730270548842, -16.334338498063637, -16.40409674612633]
    },
    "qats_poly_coeffs": [ -16.264730270548842, -6.953320295922261, -0.7503086804838688, 0.005898305251624453, 0.04141692914553611 ],
    "hf_energies": [-0.3468890169037126, -0.6849713821845962, -1.0897253937339966, -1.5648379494621687, -2.168567026979389, -2.826195258780963, -3.576477909657448, -4.421188825115894, -5.360174976612096, -6.393217392651949, -7.520208438275387, -8.741112644819227, -10.055974217115034, -11.464902449517114, -12.96801911325169, -14.565380539530505, -16.118109529557362, -16.187423969275635, -16.256888569328837, -16.326503298884365, -16.39626812625735],
    "scf_converged": [true, true, true, true, true, true, true, true, true, true, true, true, true, true, true, true, true, true, true, true, true],
    "cc_converged": [true, true, true, true, true, true, true, true, true, true, true, true, true, true, true, true, true, true, true, true, true],
    "scf_spin_squared": [3.75, 3.75, 3.75, 3.75, 3.75, 3.75, 3.75, 3.75, 3.75, 3.75, 3.75, 3.75, 3.75, 3.75, 3.75, 3.75, 3.75, 3.75, 3.75, 3.75, 3.75],
    "cc_spin_squared": [3.75, 3.7500000000000018, 3.7500000000000058, 3.750000000000001, 3.7500000000000044, 3.7500000000000004, 3.7500000000000053, 3.7500000000000075, 3.75, 3.7500000000000027, 3.75, 3.750000000000003, 3.7500000000000044, 3.7500000000000027, 3.749999999999999, 3.7500000000000036, 3.7500000000000124, 3.750000000000003, 3.7500000000000036, 3.749999999999994, 3.7500000000000018]
}