{
    "schema_name": "pyscf_qa_output",
    "provenance": {
        "creator": "PySCF",
        "version": "1.7.6"
    },
    "molecule": {
        "geometry": [[0.0, 0.0, 0.0]],
        "symbols": [ "Si" ]
    },
    "molecular_charge": -2,
    "molecular_multiplicity": 1,
    "name": "si.chrg-2.mult1-pyscf-ccsdt.augccpvtz",
    "atomic_numbers": [ 14 ],
    "n_electrons": 16,
    "model": {
        "method": "CCSD(T)",
        "basis": "aug-cc-pVTZ",
        "scf_conv_tol": 1e-09,
        "scf_conv_tol_grad": 1e-06,
        "cc_conv_tol": 1e-07,
        "cc_conv_tol_normt": 1e-05
    },
    "broken_symmetry": false,
    "finite_diff_delta": 0.01,
    "finite_diff_acc": 2,
    "qa_lambdas": [-0.02, -0.01, 0.0, 0.01, 0.02, 0.25, 0.5, 0.75, 1.0, 1.25, 1.5, 1.75, 2.0, 2.25, 2.5, 2.75, 3.0, 3.25, 3.5, 3.75, 4.0],
    "electronic_energies": [-287.8712474522897, -288.36652936256286, -288.8620504384547, -289.3578102277882, -289.8538082822186, -301.3265065647661, -313.9332650071025, -326.67526252159126, -339.5442322719359, -352.53008145461496, -365.6224438380007, -378.81205176352074, -392.0907180901025, -405.4510105228844, -418.88608211620635, -432.38961962273993, -445.95582044348936, -459.579354978289, -473.25530967641436, -486.97912326880754, -500.74653012518354],
    "qats_energies": {
        "0": [-288.8620504373606, -288.8620504373606, -288.8620504373606, -288.8620504373606, -288.8620504373606, -288.8620504373606, -288.8620504373606, -288.8620504373606, -288.8620504373606, -288.8620504373606, -288.8620504373606, -288.8620504373606, -288.8620504373606, -288.8620504373606, -288.8620504373606, -288.8620504373606, -288.8620504373606, -288.8620504373606, -288.8620504373606, -288.8620504373606, -288.8620504373606],
        "1": [-287.87076957213526, -288.36641000474793, -288.8620504373606, -289.3576908699733, -289.85333130258596, -301.25306125267747, -313.64407206799433, -326.0350828833112, -338.42609369862805, -350.8171045139449, -363.2081153292618, -375.59912614457863, -387.9901369598955, -400.38114777521236, -412.7721585905292, -425.1631694058461, -437.55418022116294, -449.9451910364798, -462.33620185179666, -474.7272126671135, -487.1182234824304],
        "2": [-287.87124700339496, -288.36652936256286, -288.8620504373606, -289.3578102277882, -289.85380873384565, -301.32765988700504, -313.9424666053046, -326.70647059225934, -339.6196718478692, -352.6820703721342, -365.89366616505436, -379.25445922662965, -392.7644495568601, -406.42363715574567, -420.2320220232864, -434.18960415948226, -448.29638356433327, -462.5523602378394, -476.9575341800007, -491.51190539081716, -506.21547387028875],
        "3": [-287.8712476037428, -288.36652943760635, -288.8620504373606, -289.3578101527447, -289.8538081334978, -301.3264873325811, -313.9330861699132, -326.6748116228133, -339.5446283647379, -352.5355010691434, -365.64039440948625, -378.8522730592229, -392.1641016918098, -405.5688449807033, -419.05946759936, -432.6289342212362, -446.2702095197884, -459.97625816847307, -473.74004484074663, -487.55453421006547, -501.41269094988616],
        "4": [-287.87124760192125, -288.3665294374925, -288.8620504373606, -289.35781015263086, -289.8538081316762, -301.3264428607475, -313.9323746205752, -326.67120940428987, -339.5332435753304, -352.507706173129, -365.58275891311075, -378.7454961866939, -391.98194506128965, -405.27706528030234, -418.6147492631293, -431.97782210516084, -445.34804157778046, -458.7060981283646, -472.0316148802828, -485.30314763289766, -498.4981848615647]
    },
    "qats_poly_coeffs": [ -288.8620504373606, -49.56404326126744, -1.193578149241148, 0.07504348313129108, 0.0113847894075055 ],
    "hf_energies": [-287.6623484682643, -288.1578038388672, -288.6535003364864, -289.1494375020169, -289.64561487570745, -301.12292213740903, -313.73534621072577, -326.4827200162906, -339.35593886333993, -352.3450030055637, -365.4400137117233, -378.63200040701804, -391.9129570108256, -405.2755974309148, -418.71319609870864, -432.21952412960223, -445.78881771484475, -459.4157416211442, -473.09534081883896, -486.82298866333156, -500.5943425637156],
    "triples_corrections": [-0.012658640828784304, -0.012661596947549755, -0.012663850215506112, -0.012665391262503971, -0.012666205649501387, -0.012455482750001662, -0.011694622679231097, -0.010667096373006554, -0.009858913630921147, -0.009354777379362028, -0.009003311548189272, -0.008716332997862099, -0.00846703998749309, -0.008247344845260875, -0.00805016058887476, -0.007865681968727344, -0.0076823907636704835, -0.00748900148858837, -0.00727621302690637, -0.007038077439210255, -0.006772797038214081],
    "scf_converged": [true, true, true, true, true, true, true, true, true, true, true, true, true, true, true, true, true, true, true, true, true],
    "cc_converged": [true, true, true, true, true, true, true, true, true, true, true, true, true, true, true, true, true, true, true, true, true],
    "t1_diagnostic": [0.01047250942686731, 0.010333617680767652, 0.010200016356818688, 0.01007177045734378, 0.009948942755111476, 0.008512451626738202, 0.008282593826187425, 0.0076577411490673965, 0.007188558372670921, 0.00702157759863679, 0.006870736205792429, 0.006705803212237221, 0.006538084183633087, 0.006367478975160143, 0.0061920078613933085, 0.006010946568436268, 0.005823596472222264, 0.005628216415547847, 0.0054224795165223934, 0.005204727134641202, 0.00497500754646984]
}