{
    "schema_name": "pyscf_apdft_output",
    "provenance": {
        "creator": "PySCF",
        "version": "1.7.6"
    },
    "molecule": {
        "geometry": [[0.0, 0.0, 0.0]],
        "symbols": [ "Mg" ]
    },
    "molecular_charge": 0,
    "molecular_multiplicity": 3,
    "name": "mg.chrg0.mult3-pyscf-uccsdt.augccpv5z",
    "atomic_numbers": [ 12 ],
    "n_electrons": 12,
    "model": {
        "method": "UCCSD(T)",
        "basis": "aug-cc-pV5Z",
        "scf_conv_tol": 1e-09,
        "scf_conv_tol_grad": 1e-06,
        "cc_conv_tol": 1e-07,
        "cc_conv_tol_normt": 1e-05
    },
    "broken_symmetry": false,
    "finite_diff_delta": 0.01,
    "finite_diff_acc": 2,
    "apdft_lambdas": [-2.0, -1.75, -1.5, -1.25, -1.0, -0.75, -0.5, -0.25, -0.02, -0.01, 0.0, 0.01, 0.02, 0.25, 0.5, 0.75, 1.0, 1.25, 1.5, 1.75, 2.0],
    "electronic_energies": [-124.90609816419123, -133.56077677843226, -142.44374942979022, -151.53912643059817, -160.82970156294016, -170.30089886083414, -179.9362300702716, -189.71435903972446, -198.81869904340255, -199.21665567571574, -199.61477883846285, -200.01306739314444, -200.4115202069552, -209.6187526377932, -219.70970729405096, -229.8734244002088, -240.0979732874698, -250.3735024779971, -260.6919600534815, -271.04678895112204, -281.4326361018133],
    "apdft_energies": {
        "0": [-199.61477883846229, -199.61477883846229, -199.61477883846229, -199.61477883846229, -199.61477883846229, -199.61477883846229, -199.61477883846229, -199.61477883846229, -199.61477883846229, -199.61477883846229, -199.61477883846229, -199.61477883846229, -199.61477883846229, -199.61477883846229, -199.61477883846229, -199.61477883846229, -199.61477883846229, -199.61477883846229, -199.61477883846229, -199.61477883846229, -199.61477883846229],
        "1": [-119.9736070955926, -129.92875356345132, -139.88390003131002, -149.83904649916872, -159.79419296702744, -169.74933943488617, -179.70448590274486, -189.65963237060356, -198.8183671210336, -199.21657297974792, -199.61477883846229, -200.01298469717665, -200.41119055589098, -209.569925306321, -219.5250717741797, -229.4802182420384, -239.43536470989713, -249.39051117775585, -259.34565764561455, -269.30080411347325, -279.25595058133194],
        "2": [-123.28144580779579, -132.46131757748188, -141.74455930692432, -151.1311709961231, -160.62115264507824, -170.21450425378973, -179.91122582225756, -189.71131735048175, -198.8186979049048, -199.21665567571574, -199.61477883846229, -200.01306739314444, -200.4115213397622, -209.62161028619917, -219.7318116936924, -229.945383060942, -240.26232438794793, -250.6826356747102, -261.20631692122885, -271.83336812750383, -282.56378929353514],
        "3": [-124.79564896591451, -133.47571539629968, -142.38336376425565, -151.5008495015232, -160.8104280398431, -170.29435481095615, -179.93488524660316, -189.71427477852495, -198.81869941910796, -199.21665586499114, -199.61477883846229, -200.01306720386904, -200.41151982555905, -209.61865285815597, -219.7081522693468, -229.86553250377557, -240.07304899318308, -250.31295716931012, -260.5675124638975, -270.818970308686, -281.04958613541646],
        "4": [-125.17503710163656, -133.6981057561309, -142.50340454157396, -151.55873953688115, -160.8341397983257, -170.30185735953853, -179.93636723150834, -189.71436740258153, -198.81869942290186, -199.21665586522826, -199.61477883846229, -200.01306720410616, -200.41151982935293, -209.61874548221255, -219.70963425425197, -229.87303505235798, -240.09676075166573, -250.3708472046681, -260.6875532412158, -271.04136066851726, -281.4289742711385]
    },
    "apdft_poly_coeff": [ -199.61477883846229, -39.820585871434844, -0.8269596780507982, 0.18927539476483915, -0.02371175848262889 ],
    "hf_energies": [-124.66332702641589, -133.34414656521332, -142.25472223839893, -151.37774640916146, -160.69461783410156, -170.18934240233602, -179.84421481010276, -189.63733840080084, -198.75198321865292, -199.15032269405708, -199.54882375065932, -199.94748530784767, -200.3463062905622, -209.560801742838, -219.65753785470207, -229.82549399147217, -240.05323984025932, -250.33127102385646, -260.6517678730098, -271.0083255349166, -281.3956887712559],
    "triples_corrections": [-0.006751640508808493, -0.006860470718212903, -0.006455822512612773, -0.005501696360369833, -0.004252634605089197, -0.0030268286600507997, -0.002008058879429624, -0.00129313691446845, -0.0008646054966803319, -0.0008499823355461898, -0.0008356498828443138, -0.0008216030895701331, -0.000807836945327332, -0.0005578662972460108, -0.0003919156669785197, -0.0002913596706234603, -0.000228128179334104, -0.00018626593171011682, -0.00015692130224033516, -0.0001351863064605749, -0.00011830276047084085],
    "scf_converged": [true, true, true, true, true, true, true, true, true, true, true, true, true, true, true, true, true, true, true, true, true],
    "cc_converged": [true, true, true, true, true, true, true, true, true, true, true, true, true, true, true, true, true, true, true, true, true],
    "scf_spin_squared": [2.000000116257813, 2.0000068973619394, 2.0000290810222525, 2.000068144689161, 2.0000745952840964, 2.000056978110834, 2.000050420605522, 2.000045805763447, 2.0000419096452218, 2.0000417523825265, 2.000041596403178, 2.000041441737384, 2.0000412884147076, 2.0000381884993086, 2.0000358754446026, 2.000034639181366, 2.0000342554054793, 2.0000344359312283, 2.000034915136366, 2.000035482293569, 2.000035983047204],
    "cc_spin_squared": [2.0000000168069154, 2.0000015723471556, 2.000004845056489, 2.000007257663633, 2.0000067749052928, 2.000005372542661, 2.0000039040859625, 2.0000029146873497, 2.0000022399928334, 2.000002214706456, 2.000002189730139, 2.0000021650613067, 2.0000021406971418, 2.0000016585141327, 2.0000012803015426, 2.00000101766229, 2.0000008366514286, 2.0000007101002955, 2.000000618572256, 2.0000005491893753, 2.0000004938045057]
}