{
    "schema_name": "pyscf_qa_output",
    "provenance": {
        "creator": "PySCF",
        "version": "1.7.6"
    },
    "molecule": {
        "geometry": [[0.0, 0.0, 0.0]],
        "symbols": [ "Ne" ]
    },
    "molecular_charge": 0,
    "molecular_multiplicity": 3,
    "name": "ne.chrg0.mult3-pyscf-uccsdt.augccpv5z",
    "atomic_numbers": [ 10 ],
    "n_electrons": 10,
    "model": {
        "method": "UCCSD(T)",
        "basis": "aug-cc-pV5Z",
        "scf_conv_tol": 1e-09,
        "scf_conv_tol_grad": 1e-06,
        "cc_conv_tol": 1e-07,
        "cc_conv_tol_normt": 1e-05
    },
    "broken_symmetry": false,
    "finite_diff_delta": 0.01,
    "finite_diff_acc": 2,
    "qa_lambdas": [-2.0, -1.75, -1.5, -1.25, -1.0, -0.75, -0.5, -0.25, -0.02, -0.01, 0.0, 0.01, 0.02, 0.25, 0.5, 0.75, 1.0, 1.25, 1.5, 1.75, 2.0],
    "electronic_energies": [-74.66165835678386, -80.51310790042535, -86.60970689966426, -92.95006123962068, -99.53211012483958, -106.35967870912238, -113.40174480528317, -120.67455406046484, -127.59012277385997, -127.88731066172771, -128.20037490123656, -128.50607360262092, -128.80433805276252, -135.94893401294806, -144.05167189632465, -152.30762964109587, -160.8024855451548, -169.5361273191198, -178.50820139805649, -187.7180149249097, -197.1644743782177],
    "qats_energies": {
        "0": [-128.19260522425122, -128.19260522425122, -128.19260522425122, -128.19260522425122, -128.19260522425122, -128.19260522425122, -128.19260522425122, -128.19260522425122, -128.19260522425122, -128.19260522425122, -128.19260522425122, -128.19260522425122, -128.19260522425122, -128.19260522425122, -128.19260522425122, -128.19260522425122, -128.19260522425122, -128.19260522425122, -128.19260522425122, -128.19260522425122, -128.19260522425122],
        "1": [-66.31631113493069, -74.05084789609575, -81.78538465726082, -89.5199214184259, -97.25445817959096, -104.98899494075602, -112.72353170192109, -120.45806846308616, -127.57384228335802, -127.88322375380463, -128.19260522425122, -128.50198669469782, -128.81136816514442, -135.92714198541628, -143.66167874658134, -151.39621550774643, -159.1307522689115, -166.86528903007655, -174.59982579124164, -182.3343625524067, -190.06889931357176],
        "2": [-229.7926280587647, -199.21240304090617, -173.74081292691744, -153.37785771679856, -138.12353741054946, -127.97785200817017, -122.94080150966072, -123.01238591502107, -127.5901899150504, -127.88731066172772, -128.19260522425122, -128.50607360262092, -128.8277157968368, -138.4814594373512, -153.87894855432097, -174.3850725751606, -199.99983149987, -230.72322532844922, -266.5552540608983, -307.4959176972171, -353.5452162374058],
        "3": [-15770.1945506372, -10610.067597268257, -6729.847874014696, -3947.4212958462995, -2080.673777732854, -947.4912346441423, -365.7595815499488, -153.36473342005706, -127.60573031697298, -127.88925321196804, -128.19260522425122, -128.50413105238061, -128.81217539491422, -108.1291119323152, 88.93983148596709, 645.1283100608116, 1742.5504088224343, 3563.3202128010516, 6289.551807026878, 10103.359276530135, 15186.85670634103],
        "4": [1547222.1564233387, 905587.3529809831, 487810.70067634486, 234546.2846022823, 95606.34815814062, 29961.293049753327, 5739.679289442144, 228.22519601694881, -127.59010039346325, -127.88827634174868, -128.19260522425122, -128.50315418216124, -128.7965454714045, 273.4608175046906, 6194.37870247806, 31553.91259445828, 99429.57234469593, 242057.02611092967, 500830.10035738646, 926300.7798547815, 1578179.207680317]
    },
    "qats_poly_coeffs": [ -128.19260522425122, -30.93814704466027, -40.869079230958505, 1942.5502403223045, 97687.02193587349 ],
    "hf_energies": [-74.32972684443027, -80.19015470201691, -86.29445260752782, -92.64065626165598, -99.22715950901976, -106.06754287091468, -113.11125800967696, -120.38626405222281, -127.3021856265667, -127.6003369771911, -127.9125281465472, -128.21827157257195, -128.5175204047386, -135.66325310488364, -143.7611124271059, -152.0185608087382, -160.51481108541333, -169.24980446729427, -178.22324742961658, -187.43450916438405, -196.8825512379658],
    "triples_corrections": [-0.015690823236878836, -0.012457130755753248, -0.009929034617062427, -0.008190320344864563, -0.006969015755586612, -0.005449123988032874, -0.004930365716054819, -0.004283840272732242, -0.004225290849989188, -0.003948747745078204, -0.004202989044452223, -0.004192038229957179, -0.0039109579256418675, -0.0036485518719626435, -0.003664287894169425, -0.003396986972814331, -0.003167163140620429, -0.0029669034686513746, -0.0027896126129605143, -0.00262985791100968, -0.002483438658019453],
    "scf_converged": [true, true, true, true, true, true, true, true, true, true, true, true, true, true, true, true, true, true, true, true, true],
    "cc_converged": [true, true, true, true, true, true, true, true, true, true, true, true, true, true, true, true, true, true, true, true, true],
    "scf_spin_squared": [2.013823736937237, 2.0046666724369806, 2.0037290048837235, 2.0034254451198734, 2.003214258739213, 2.0037716582034664, 2.0033440980142228, 2.0030256371947965, 2.002756733803233, 2.00275500936591, 2.00273680245843, 2.0027269447077245, 2.0027246108171095, 2.002512064897335, 2.002136049036448, 2.001995892990622, 2.0018679892503046, 2.0017515057590805, 2.001645509867396, 2.0015490422382305, 2.0014611532433406],
    "cc_spin_squared": [2.0003163494648244, 2.0002571101629227, 2.0001828297361146, 2.0001325401882264, 2.000099665218408, 2.0001093929221545, 2.0000851596877784, 2.000051093520258, 2.000061295867123, 2.000042761216688, 2.000060702722245, 2.000060415518972, 2.000041899586879, 2.0000363027546144, 2.0000302457848114, 2.000026214272316, 2.000022976444536, 2.000020337593479, 2.000018152342542, 2.000016311570521, 2.0000147348932673]
}