{
    "schema_name": "pyscf_apdft_output",
    "provenance": {
        "creator": "PySCF",
        "version": "1.7.6"
    },
    "molecule": {
        "geometry": [[0.0, 0.0, 0.0]],
        "symbols": [ "Mg" ]
    },
    "molecular_charge": 1,
    "molecular_multiplicity": 4,
    "name": "mg.chrg1.mult4-pyscf-uccsdt.augccpv5z",
    "atomic_numbers": [ 12 ],
    "n_electrons": 11,
    "model": {
        "method": "UCCSD(T)",
        "basis": "aug-cc-pV5Z",
        "scf_conv_tol": 1e-09,
        "scf_conv_tol_grad": 1e-06,
        "cc_conv_tol": 1e-07,
        "cc_conv_tol_normt": 1e-05
    },
    "broken_symmetry": false,
    "finite_diff_delta": 0.01,
    "finite_diff_acc": 2,
    "apdft_lambdas": [-3.0, -2.75, -2.5, -2.25, -2.0, -1.75, -1.5, -1.25, -1.0, -0.75, -0.5, -0.25, -0.02, -0.01, 0.0, 0.01, 0.02, 0.25, 0.5, 0.75, 1.0],
    "electronic_energies": [-92.80594014894054, -100.30383667413834, -108.08738101145143, -116.13988103516694, -124.4401717662864, -132.97761963918717, -141.7264734803114, -150.66605105208833, -159.7739819947918, -169.0283181772627, -178.4080726393453, -187.89391268150774, -196.69978687468733, -197.08417270677293, -197.4686777833811, -197.85330123847402, -198.23804221269168, -207.0986780425002, -216.80850986429203, -226.57022360342728, -236.37550888292773],
    "apdft_energies": {
        "0": [-197.46867778408614, -197.46867778408614, -197.46867778408614, -197.46867778408614, -197.46867778408614, -197.46867778408614, -197.46867778408614, -197.46867778408614, -197.46867778408614, -197.46867778408614, -197.46867778408614, -197.46867778408614, -197.46867778408614, -197.46867778408614, -197.46867778408614, -197.46867778408614, -197.46867778408614, -197.46867778408614, -197.46867778408614, -197.46867778408614, -197.46867778408614],
        "1": [-82.09939802892336, -91.71350467518693, -101.32761132145049, -110.94171796771406, -120.55582461397762, -130.16993126024119, -139.78403790650475, -149.39814455276831, -159.01225119903188, -168.62635784529544, -178.240464491559, -187.85457113782257, -196.69954925238505, -197.0841135182356, -197.46867778408614, -197.85324204993668, -198.23780631578722, -207.0827844303497, -216.69689107661327, -226.31099772287683, -235.9251043691404],
        "2": [-87.42636638910312, -96.18963781117131, -105.02689490490866, -113.93813767031517, -122.92336610739085, -131.9825802161357, -141.1157799965497, -150.32296544863286, -159.6041365723852, -168.95929336780668, -178.38843583489734, -187.89156397365716, -196.6997860065344, -197.08417270677293, -197.46867778408614, -197.85330123847402, -198.23804306993657, -207.1197772661843, -216.8448624199516, -226.64393324538807, -236.5169897424937],
        "3": [-91.30851149048908, -99.17987804840784, -107.27350665339591, -115.57591763496237, -124.07363132261632, -132.7531680458668, -141.60104813422294, -150.60379191719377, -159.74791972428838, -169.01995188501584, -178.40640872888522, -187.89381058540565, -196.6997871567996, -197.0841728505561, -197.46867778408614, -197.85330109469086, -198.23804191967136, -207.1175306544358, -216.8268895259637, -226.5832747281789, -236.3732065905905],
        "4": [-94.98996982866743, -101.77923334978075, -109.04890129950815, -116.74075406227661, -124.80083296966389, -133.17944030039837, -141.83113928035908, -150.71475408257578, -159.79336982722884, -169.03433258164935, -178.40924936031902, -187.89398812487025, -196.69978716407164, -197.08417285101058, -197.46867778408614, -197.85330109514535, -198.23804192694337, -207.1177081939004, -216.82973015739748, -226.59765542481242, -236.418656693531]
    },
    "apdft_poly_coeff": [ -197.46867778408614, -38.45642658505426, -0.5918853733533069, 0.14378315190318364, -0.04545010294047339 ],
    "hf_energies": [-92.56989589020144, -100.0825934269927, -107.88233602634868, -115.9531643655154, -124.27427841856354, -132.83331323865968, -141.60264736760413, -150.56015520591853, -159.68282743544015, -168.94865091417233, -178.33701837308618, -187.8291815939981, -196.6393624030739, -197.02390930396461, -197.40857351846253, -197.79335420741424, -198.17825053757747, -207.0443551004338, -216.7568804651832, -226.52068819067188, -236.32766315474015],
    "triples_corrections": [-0.004552516644839507, -0.004602650372934387, -0.004824093822540531, -0.004834158127632171, -0.004450860996943076, -0.003955929711242112, -0.003319165668872834, -0.002780003087304307, -0.002437088626966796, -0.002307384197028826, -0.002346180789462648, -0.00248977852254453, -0.0026671903494707707, -0.002675380627827288, -0.0026835947754855066, -0.0026918318648966925, -0.0027000909215383903, -0.0013756716220962736, -0.0014825650827441912, -0.0016051110272241702, -0.00173273051424264],
    "scf_converged": [true, true, true, true, true, true, true, true, true, true, true, true, true, true, true, true, true, true, true, true, true],
    "cc_converged": [true, true, true, true, true, true, true, true, true, true, true, true, true, true, true, true, true, true, true, true, true],
    "scf_spin_squared": [3.754731620234701, 3.7543437963751023, 3.753812578314214, 3.753244870760394, 3.7527833045839536, 3.752437878159931, 3.7520957416931138, 3.7517963536110086, 3.751537750642412, 3.7513154888084737, 3.7511259391687033, 3.7509660158734177, 3.7508423999039118, 3.750837495930968, 3.7508326292959664, 3.750827800235329, 3.750823007225565, 3.750668242338485, 3.750582412537189, 3.750513791863206, 3.7504585435068636],
    "cc_spin_squared": [3.750120192785552, 3.7500986464853536, 3.750081239139752, 3.750068197323806, 3.750055596500062, 3.750058440301918, 3.750062944218046, 3.7500712421683753, 3.750081830604086, 3.7500924864842107, 3.7501012881515483, 3.750107305456674, 3.750110352780194, 3.7501104369157248, 3.7501105173726885, 3.7501105942286284, 3.750110667542861, 3.750051367138575, 3.750054093067708, 3.7500563171558055, 3.7500580275226323]
}