{
    "schema_name": "pyscf_qa_output",
    "provenance": {
        "creator": "PySCF",
        "version": "1.7.6"
    },
    "molecule": {
        "geometry": [[0.0, 0.0, 0.0]],
        "symbols": [ "N" ]
    },
    "molecular_charge": 0,
    "molecular_multiplicity": 4,
    "name": "n.chrg0.mult4-pyscf-uccsdt.augccpvtz",
    "atomic_numbers": [ 7 ],
    "n_electrons": 7,
    "model": {
        "method": "UCCSD(T)",
        "basis": "aug-cc-pVTZ",
        "scf_conv_tol": 1e-09,
        "scf_conv_tol_grad": 1e-06,
        "cc_conv_tol": 1e-07,
        "cc_conv_tol_normt": 1e-05
    },
    "broken_symmetry": false,
    "finite_diff_delta": 0.01,
    "finite_diff_acc": 2,
    "qa_lambdas": [-2.0, -1.75, -1.5, -1.25, -1.0, -0.75, -0.5, -0.25, -0.02, -0.01, 0.0, 0.01, 0.02, 0.25, 0.5, 0.75, 1.0, 1.25, 1.5, 1.75, 2.0],
    "electronic_energies": [-23.993728548595616, -27.086804773443344, -30.392002623885087, -33.91032916033694, -37.64003709986739, -41.57612562526417, -45.71004426481621, -50.03095095671963, -54.16160344459487, -54.34443699403761, -54.52753479376989, -54.71089616390592, -54.89452042603341, -59.18889784182326, -64.0047023285428, -68.96513717014811, -74.0608872566355, -79.28310041623027, -84.62332628302639, -90.0734260408218, -95.62547278297592],
    "qats_energies": {
        "0": [-54.527534793769874, -54.527534793769874, -54.527534793769874, -54.527534793769874, -54.527534793769874, -54.527534793769874, -54.527534793769874, -54.527534793769874, -54.527534793769874, -54.527534793769874, -54.527534793769874, -54.527534793769874, -54.527534793769874, -54.527534793769874, -54.527534793769874, -54.527534793769874, -54.527534793769874, -54.527534793769874, -54.527534793769874, -54.527534793769874, -54.527534793769874],
        "1": [-17.88161780693848, -22.4623574302924, -27.043097053646328, -31.623836677000252, -36.20457630035418, -40.7853159237081, -45.366055547062025, -49.94679517041595, -54.16107562390156, -54.34430520883572, -54.527534793769874, -54.71076437870403, -54.89399396363819, -59.108274417123795, -63.68901404047772, -68.26975366383165, -72.85049328718557, -77.43123291053949, -82.01197253389341, -86.59271215724735, -91.17345178060127],
        "2": [-23.15302588256735, -26.498279238195757, -30.008264096187567, -33.68298045654278, -37.522428319261394, -41.52660768434341, -45.69551855178883, -50.02916092159765, -54.16160276470912, -54.34443699403761, -54.527534793769874, -54.71089616390592, -54.89452110444575, -59.1906401683055, -64.01847704520452, -69.01104542446696, -74.16834530609279, -79.49037669008203, -84.97713957643467, -90.6286339651507, -96.44485985623014],
        "3": [-24.058557939609408, -27.10491497172198, -30.390285432752187, -33.90405761890656, -37.63561982639165, -41.574360351413986, -45.70966749018011, -50.03092953889656, -54.16160367024118, -54.34443710722911, -54.527534793769874, -54.71089605071442, -54.894520198913696, -59.18887155100659, -64.00432810681325, -68.96329275739637, -74.05515379896254, -79.26929952771823, -84.59511823987003, -90.02199823162448, -95.53932779918807],
        "4": [-24.156786683266986, -27.16249485783571, -30.42136562117509, -33.919046135700015, -37.641759122870255, -41.57630286319042, -45.710051196210024, -50.03095352052343, -54.16160367122347, -54.34443710729051, -54.527534793769874, -54.71089605077581, -54.89452019989598, -59.18889553263346, -64.00471181284315, -68.96523526917281, -74.06129309544113, -79.2842880445117, -84.62619842829295, -90.07957811773821, -95.63755654284566]
    },
    "qats_poly_coeffs": [ -54.527534793769874, -18.322958493415697, -1.3178520189072174, 0.11319150713025766, -0.006139296478598529 ],
    "hf_energies": [-23.860459392774267, -26.946689550219496, -30.248704656502817, -33.767634156155445, -37.500522255446626, -41.44052213524213, -45.577967431838566, -49.90188320600721, -54.035022212725885, -54.21796021230639, -54.40116224025206, -54.5846276254122, -54.76835569795105, -59.06508212721616, -63.883423098029226, -68.84647501947684, -73.94502241956424, -79.17030099086642, -84.51391715129705, -89.96774346520652, -95.52381580656152],
    "triples_corrections": [-0.005415291760180343, -0.005927749562628369, -0.006098952400228686, -0.00576988916186844, -0.005006632362470068, -0.004172506177693599, -0.0035170836413944244, -0.003034689446401172, -0.0026804755949103387, -0.002666331233044821, -0.002652272008234368, -0.002638296103551127, -0.002624401773219658, -0.002324244383727089, -0.002032395050479865, -0.0017714195107553067, -0.0015397901758232109, -0.0013359234309827958, -0.0011572862274617003, -0.0010007025892961804, -0.0008630047191852745],
    "scf_converged": [true, true, true, true, true, true, true, true, true, true, true, true, true, true, true, true, true, true, true, true, true],
    "cc_converged": [true, true, true, true, true, true, true, true, true, true, true, true, true, true, true, true, true, true, true, true, true],
    "scf_spin_squared": [3.7522943549389356, 3.750038192914146, 3.7517184489128876, 3.7553672910081786, 3.7582986426448137, 3.759198180129034, 3.7587687527723475, 3.758092649552058, 3.757644791314333, 3.7576297262593523, 3.75761497933848, 3.757600542409821, 3.7575864071423175, 3.757324138403138, 3.757094171100769, 3.7568321214827107, 3.7565008700739044, 3.75610065366484, 3.7556468034367536, 3.755156292019303, 3.754643161181259],
    "cc_spin_squared": [3.7512229473693397, 3.750974777671114, 3.7507332903985873, 3.7505731743275517, 3.7504726444333096, 3.7503864950704235, 3.7503023687503196, 3.750231642194993, 3.750182997345864, 3.750181214846927, 3.750179457651523, 3.7501777254338697, 3.750176017865309, 3.7501427641931024, 3.750116662552622, 3.7500970792430235, 3.7500813754981257, 3.7500680885719504, 3.7500565435010973, 3.75004646852049, 3.750037783671102]
}