{
    "schema_name": "pyscf_qa_output",
    "provenance": {
        "creator": "PySCF",
        "version": "1.7.6"
    },
    "molecule": {
        "geometry": [[0.0, 0.0, 0.0]],
        "symbols": [ "Ne" ]
    },
    "molecular_charge": 1,
    "molecular_multiplicity": 4,
    "name": "ne.chrg1.mult4-pyscf-uccsdt.augccpv5z",
    "atomic_numbers": [ 10 ],
    "n_electrons": 9,
    "model": {
        "method": "UCCSD(T)",
        "basis": "aug-cc-pV5Z",
        "scf_conv_tol": 1e-09,
        "scf_conv_tol_grad": 1e-06,
        "cc_conv_tol": 1e-05,
        "cc_conv_tol_normt": 1e-07
    },
    "broken_symmetry": false,
    "finite_diff_delta": 0.01,
    "finite_diff_acc": 2,
    "qa_lambdas": [-3.0, -2.75, -2.5, -2.25, -2.0, -1.75, -1.5, -1.25, -1.0, -0.75, -0.5, -0.25, -0.02, -0.01, 0.0, 0.01, 0.02, 0.25, 0.5, 0.75, 1.0],
    "electronic_energies": [-54.194233599730914, -58.9683033603445, -64.03989891925467, -69.33864339844523, -74.8633947834674, -80.61261903019889, -86.58531440695815, -92.78100846751495, -99.19957826201411, -105.77313766501189, -112.60803593190107, -119.6865363959105, -126.38880592091748, -126.68454292479075, -126.98064143841, -127.26465159515057, -127.57392313322067, -134.64413386086852, -142.4062007500976, -150.3933167611152, -158.6053037616153],
    "qats_energies": {
        "0": [-126.98064143841685, -126.98064143841685, -126.98064143841685, -126.98064143841685, -126.98064143841685, -126.98064143841685, -126.98064143841685, -126.98064143841685, -126.98064143841685, -126.98064143841685, -126.98064143841685, -126.98064143841685, -126.98064143841685, -126.98064143841685, -126.98064143841685, -126.98064143841685, -126.98064143841685, -126.98064143841685, -126.98064143841685, -126.98064143841685, -126.98064143841685],
        "1": [-39.96434088444383, -47.21569926394159, -54.46705764343933, -61.71841602293708, -68.96977440243484, -76.2211327819326, -83.47249116143034, -90.72384954092809, -97.97520792042585, -105.2265662999236, -112.47792467942135, -119.7292830589191, -126.40053276805703, -126.69058710323694, -126.98064143841685, -127.27069577359677, -127.56075010877667, -134.2319998179146, -141.48335819741237, -148.7347165769101, -155.98607495640786],
        "2": [504.0117192731744, 409.8752957296127, 323.29409524379554, 244.2681178157232, 172.7973634453955, 108.88183213281252, 52.52152387797423, 3.7164386808806285, -37.53342345846826, -71.22806254007246, -97.36747856393195, -115.95167153004675, -126.37635605427225, -126.68454292479075, -126.98064143841685, -127.26465159515057, -127.53657339499189, -130.45438828904224, -126.37291208192296, -114.73621281705897, -95.54429049445028],
        "3": [56528.72278227618, 43563.16836567, 32745.00188633348, 23879.693097520107, 16772.711752483316, 11229.527604476578, 7055.610406753349, 4056.429912567092, 2037.4558751712723, 804.1580478193493, 162.00618376478565, -83.52996373895706, -126.35975613988322, -126.68246793549211, -126.98064143841685, -127.2667265844492, -127.55317330938092, -162.87609608013196, -385.7465744106405, -990.1223231764807, -2170.5335891241907],
        "4": [-16750837.922196295, -11823559.470963577, -8072659.437242991, -5294076.159415231, -3303200.9465148887, -1934878.0782304748, -1043404.8049044072, -502531.3475330157, -205460.89776653945, -64849.617909128174, -12806.640918842135, -894.0704076518896, -126.39295587646589, -126.68454291902853, -126.98064143841685, -127.26880156798562, -127.5863730459636, -973.4165399930646, -13354.39367701756, -66643.89828012402, -209668.88723083495]
    },
    "qats_poly_coeffs": [ -126.98064143841685, -29.00543351799101, 60.44178446195758, -2074.9892986297405, -207498.35364171074 ],
    "hf_energies": [-53.958430644208136, -58.70983583753889, -63.786158232683135, -69.08945144958113, -74.61778509043225, -80.36977470466731, -86.34465045091972, -92.54209903553382, -98.9620981579777, -105.5431308362952, -112.37892604908627, -119.45664766388144, -126.15875977984004, -126.45448757426094, -126.75057671744422, -127.03573666317583, -127.34383920847198, -134.41081404809856, -142.17340552916167, -150.16105897619664, -158.37365424259718],
    "triples_corrections": [-0.009323617420002924, -0.010282069047348658, -0.008612779361067585, -0.007146635444250097, -0.006067875401714227, -0.005272368247625163, -0.0046637282668383715, -0.004183696540454191, -0.003797133721901031, -0.0032576680653245223, -0.003046467040802256, -0.0030260228442778587, -0.002993985138625293, -0.0029936069076669917, -0.0029933098783805263, -0.0028937379546493435, -0.0029929576598806133, -0.0026612143489273565, -0.002525996705572311, -0.0024067594942105454, -0.0022990680196522885],
    "scf_converged": [true, true, true, true, true, true, true, true, true, true, true, true, true, true, true, true, true, true, true, true, true],
    "cc_converged": [true, true, true, true, true, true, true, true, true, true, true, true, true, true, true, true, true, true, true, true, true],
    "scf_spin_squared": [4.045200044011654, 3.7852072906786502, 3.7593304420126366, 3.756839767924191, 3.756062812517498, 3.7555980734135925, 3.755202844595987, 3.7548284276587167, 3.754469657412312, 3.7549136142920645, 3.754381354789733, 3.754077748176996, 3.753772807424806, 3.7537604381937455, 3.7537481348491255, 3.753664026639921, 3.7537237379137425, 3.7530085506275412, 3.752787055668421, 3.7525869751597085, 3.752406962878889],
    "cc_spin_squared": [3.76388294775821, 3.752881629853504, 3.7510475762257207, 3.7504920152550687, 3.750288254015203, 3.7501966400818993, 3.7501459762226705, 3.750113735308249, 3.7500914369846057, 3.750099950591512, 3.750066987566587, 3.750082092643936, 3.750078396963707, 3.7500782834364177, 3.750078169927784, 3.750056002503462, 3.750077948820502, 3.750040302797085, 3.750035516232725, 3.750031563651614, 3.7500282430330434]
}