{
    "schema_name": "pyscf_qa_output",
    "provenance": {
        "creator": "PySCF",
        "version": "1.7.6"
    },
    "molecule": {
        "geometry": [[0.0, 0.0, 0.0]],
        "symbols": [ "P" ]
    },
    "molecular_charge": -2,
    "molecular_multiplicity": 4,
    "name": "p.chrg-2.mult4-pyscf-uccsdt.augccpvtz",
    "atomic_numbers": [ 15 ],
    "n_electrons": 17,
    "model": {
        "method": "UCCSD(T)",
        "basis": "aug-cc-pVTZ",
        "scf_conv_tol": 1e-09,
        "scf_conv_tol_grad": 1e-06,
        "cc_conv_tol": 1e-07,
        "cc_conv_tol_normt": 1e-05
    },
    "broken_symmetry": false,
    "finite_diff_delta": 0.01,
    "finite_diff_acc": 2,
    "qa_lambdas": [-0.02, -0.01, 0.0, 0.01, 0.02, 0.25, 0.5, 0.75, 1.0, 1.25, 1.5, 1.75, 2.0, 2.25, 2.5, 2.75, 3.0],
    "electronic_energies": [-339.56955876485983, -340.1144982678615, -340.65966845396304, -341.2050685533262, -341.7506981725499, -354.3622095308956, -368.19888057935214, -382.15831143503715, -396.2293275516344, -410.4019325226167, -424.6672793322385, -439.0174577574392, -453.39672987516786, -467.8514662652528, -482.5091917974411, -497.06845930789757, -511.74994727476263],
    "qats_energies": {
        "0": [-340.6596684539633, -340.6596684539633, -340.6596684539633, -340.6596684539633, -340.6596684539633, -340.6596684539633, -340.6596684539633, -340.6596684539633, -340.6596684539633, -340.6596684539633, -340.6596684539633, -340.6596684539633, -340.6596684539633, -340.6596684539633, -340.6596684539633, -340.6596684539633, -340.6596684539633],
        "1": [-339.5690981684986, -340.114383311231, -340.6596684539633, -341.20495359669565, -341.750238739428, -354.29179702227214, -367.923925590581, -381.5560541588899, -395.1881827271987, -408.8203112955075, -422.4524398638164, -436.08456843212525, -449.71669700043407, -463.3488255687429, -476.98095413705175, -490.6130827053606, -504.24521127366944],
        "2": [-339.5695579950208, -340.1144982678615, -340.6596684539633, -341.2050685533262, -341.7506985659502, -354.3636449163597, -368.21131716693117, -382.2026852056777, -396.33774903259933, -410.61650864769604, -425.0389640509678, -439.6051152424147, -454.3149622220366, -469.16850498983365, -484.16574354580575, -499.30667788995294, -514.5913080222751],
        "3": [-339.56955877051365, -340.1144983647981, -340.6596684539633, -341.2050684563896, -341.7506977904573, -354.3621302817938, -368.19920009040385, -382.16179007239793, -396.2408124203806, -410.42717932695643, -424.71180298472973, -439.08559558630515, -453.5394693242871, -468.0643363912801, -482.6511089798887, -497.2906992827173, -511.9740194923705],
        "4": [-339.5695590214729, -340.11449838048304, -340.6596684539633, -341.2050684720746, -341.7506980414165, -354.368257215939, -368.29723103672734, -382.65807173816074, -397.8093075615568, -414.2565131677185, -432.652309636934, -453.7963644689767, -478.63539158310545, -508.2631513180641, -543.9204504320819, -586.9951421028735, -639.0221259276384]
    },
    "qats_poly_coeffs": [ -340.6596684539633, -54.52851427323537, -1.14956630540064, 0.09693661221869355, -1.5684951411761479 ],
    "hf_energies": [-339.36971206526, -339.91490215648014, -340.4603309141678, -341.0059972562676, -341.5519000513548, -354.17048695855095, -368.0143265501067, -381.9796458079953, -396.05547607638255, -410.232115851505, -424.50095457952244, -438.85425762982237, -453.243431512925, -467.6951002412327, -482.3542357027968, -496.9173182537047, -511.5891963120472],
    "triples_corrections": [-0.010638414616785824, -0.010591239061520874, -0.01054356487170545, -0.01049532999004927, -0.010446452130777535, -0.009230512495454495, -0.008050206778967136, -0.007145368296341807, -0.006438026994980464, -0.005857572888252325, -0.005366761465404477, -0.004946571357404697, -0.004090157274570905, -0.004751682405422493, -0.0040056121845136365, -0.004827656428306772, -0.010313598518390773],
    "scf_converged": [true, true, true, true, true, true, true, true, true, true, true, true, true, true, true, true, true],
    "cc_converged": [true, true, true, true, true, true, true, true, true, true, true, true, true, true, true, true, true],
    "scf_spin_squared": [3.8666453431922516, 3.8558078907656625, 3.8458716982668077, 3.8368578249093295, 3.828746364090259, 3.7698246198231216, 3.7640882289694986, 3.762833845870367, 3.7622628880267674, 3.7618476234453535, 3.7614652353286093, 3.76107737913385, 3.761401804964888, 3.7624266015437584, 3.7598040114195905, 3.7622365483483584, 3.7588123298704437],
    "cc_spin_squared": [3.750394457118763, 3.7504704882931206, 3.7505423182189603, 3.750609129811903, 3.7506707791587277, 3.751020994963395, 3.750814044137813, 3.7506672613487546, 3.7505749512432422, 3.7505084708777052, 3.7504552023766897, 3.7504100571140317, 3.7503951654156977, 3.7505044822700353, 3.7503057461422493, 3.7505604073787944, 3.751510495573897]
}