{
    "schema_name": "pyscf_qa_output",
    "provenance": {
        "creator": "PySCF",
        "version": "1.7.6"
    },
    "molecule": {
        "geometry": [[0.0, 0.0, 0.0]],
        "symbols": [ "Si" ]
    },
    "molecular_charge": 1,
    "molecular_multiplicity": 2,
    "name": "si.chrg1.mult2-pyscf-uccsdt.augccpvqz",
    "atomic_numbers": [ 14 ],
    "n_electrons": 13,
    "model": {
        "method": "UCCSD(T)",
        "basis": "aug-cc-pVQZ",
        "scf_conv_tol": 1e-09,
        "scf_conv_tol_grad": 1e-06,
        "cc_conv_tol": 1e-07,
        "cc_conv_tol_normt": 1e-05
    },
    "broken_symmetry": false,
    "finite_diff_delta": 0.01,
    "finite_diff_acc": 2,
    "qa_lambdas": [-3.0, -2.75, -2.5, -2.25, -2.0, -1.75, -1.5, -1.25, -1.0, -0.75, -0.5, -0.25, -0.02, -0.01, 0.0, 0.01, 0.02, 0.25, 0.5, 0.75, 1.0],
    "electronic_energies": [-153.63187371803753, -163.58138758295468, -173.99094133746095, -184.568701793686, -195.38892152184613, -206.43505269219233, -217.69092554542533, -229.13946206752044, -240.76307268677908, -252.5447868728552, -264.46856056672675, -276.5192747363291, -287.70588580323124, -288.19426577580595, -288.68280607353347, -289.17150589948045, -289.6603644597986, -300.94614271439497, -313.2974684057582, -325.7261894116315, -338.2229141671391],
    "qats_energies": {
        "0": [-288.68280607353375, -288.68280607353375, -288.68280607353375, -288.68280607353375, -288.68280607353375, -288.68280607353375, -288.68280607353375, -288.68280607353375, -288.68280607353375, -288.68280607353375, -288.68280607353375, -288.68280607353375, -288.68280607353375, -288.68280607353375, -288.68280607353375, -288.68280607353375, -288.68280607353375, -288.68280607353375, -288.68280607353375, -288.68280607353375, -288.68280607353375],
        "1": [-142.09678752235794, -154.31228906828926, -166.52779061422058, -178.7432921601519, -190.9587937060832, -203.17429525201453, -215.38979679794585, -227.60529834387717, -239.82079988980848, -252.0363014357398, -264.2518029816711, -276.46730452760244, -287.70556594985925, -288.1941860116965, -288.68280607353375, -289.171426135371, -289.66004619720826, -300.8983076194651, -313.1138091653964, -325.3293107113277, -337.544812257259],
        "2": [-149.2755573722872, -160.34444984496594, -171.51304745444924, -182.7813502007371, -194.14935808382955, -205.61707110372657, -217.18448926042817, -228.85161255393433, -240.61844098424507, -252.48497455136038, -264.45121325528027, -276.5171570960047, -287.705885006297, -288.19426577580595, -288.68280607353375, -289.17150589948045, -289.66036525364603, -300.94816018786736, -313.31321943900554, -325.7779838269483, -338.3424533516956],
        "3": [-152.854816117677, -163.10139046424476, -173.58437774692018, -184.2913499839484, -195.2098791935747, -206.3275373940441, -217.6318966036019, -229.1105288404932, -240.75100612296322, -252.5409004692571, -264.46778389762005, -276.5192284262972, -287.70588606681815, -288.1942659083711, -288.68280607353375, -289.1715057669153, -289.6603641931249, -300.94608885757486, -313.29664879666575, -325.72205790905156, -338.2098882129775],
        "4": [-153.89661956119033, -163.83697322931414, -174.0867906729972, -184.62098310474755, -195.4156675280958, -206.44816673759522, -217.69700931882147, -229.141929648373, -240.76386789387078, -252.54497001395833, -264.46858775830174, -276.5192786675898, -287.705886068876, -288.1942659084997, -288.68280607353375, -289.1715057670439, -289.6603641951828, -300.9461390988675, -313.2974526573475, -325.7261274537528, -338.222749983885]
    },
    "qats_poly_coeffs": [ -288.68280607353375, -48.86200618372527, -0.7976410944365853, 0.13256513871813996, -0.01286177090757216 ],
    "hf_energies": [-153.36248095394777, -163.32826079751806, -173.74831266759423, -184.34127202645627, -195.17796802076748, -206.24135641663128, -217.514581052886, -228.9797307005535, -240.618456413547, -252.41328876697344, -264.34797495644784, -276.4074383101022, -287.60037295985734, -288.08899407820996, -288.57777288086834, -289.0667085925164, -289.555800440981, -300.84627767201937, -313.2014736265312, -325.63308521166584, -338.13199415042834],
    "triples_corrections": [-0.00514131713679071, -0.007327369961047738, -0.0055182775013740614, -0.0056635124122856395, -0.0056246594673680685, -0.005364094920007847, -0.004920048530729685, -0.004387564267911178, -0.0038425491491006483, -0.0033338955386137156, -0.0028916143078434506, -0.0025273352065734132, -0.0022587631733314204, -0.0022484099655243573, -0.002238160322499766, -0.0022280133780015546, -0.0022179682600321094, -0.002012977753821574, -0.0018380308722501266, -0.0017003547597952103, -0.0015893505107483375],
    "scf_converged": [true, true, true, true, true, true, true, true, true, true, true, true, true, true, true, true, true, true, true, true, true],
    "cc_converged": [true, true, true, true, true, true, true, true, true, true, true, true, true, true, true, true, true, true, true, true, true],
    "scf_spin_squared": [0.810692974776952, 1.7500032832538768, 0.795636267976926, 0.785178508456883, 0.7776844446654065, 0.7748710761351418, 0.7740009697023567, 0.7727769448558801, 0.7711838571638383, 0.7696371652984819, 0.76828899753591, 0.7671515922175418, 0.7662711444154624, 0.766236091824001, 0.766201290428576, 0.7661667380359578, 0.7661324324433068, 0.7654063481690772, 0.7647317137785077, 0.7641437318925473, 0.7636146565504145],
    "cc_spin_squared": [0.7506955050549768, 1.2034117242754347, 0.750614823967696, 0.750533571038043, 0.750456813907896, 0.7503943297002444, 0.7503328054562468, 0.7502746228116206, 0.750227042992361, 0.7501900381773146, 0.7501611223018245, 0.7501383254061031, 0.7501215601420879, 0.7501209087321725, 0.7501202632513269, 0.7501196236390064, 0.7501189898350913, 0.7501058754288219, 0.7500943163370595, 0.7500848887928382, 0.7500769916119983]
}