{
    "schema_name": "pyscf_apdft_output",
    "provenance": {
        "creator": "PySCF",
        "version": "1.7.6"
    },
    "molecule": {
        "geometry": [[0.0, 0.0, 0.0]],
        "symbols": [ "Si" ]
    },
    "molecular_charge": -1,
    "molecular_multiplicity": 4,
    "name": "si.chrg-1.mult4-pyscf-uccsdt.augccpvqz",
    "atomic_numbers": [ 14 ],
    "n_electrons": 15,
    "model": {
        "method": "UCCSD(T)",
        "basis": "aug-cc-pVQZ",
        "scf_conv_tol": 1e-09,
        "scf_conv_tol_grad": 1e-06,
        "cc_conv_tol": 1e-07,
        "cc_conv_tol_normt": 1e-05
    },
    "broken_symmetry": false,
    "finite_diff_delta": 0.01,
    "finite_diff_acc": 2,
    "apdft_lambdas": [-1.0, -0.75, -0.5, -0.25, -0.02, -0.01, 0.0, 0.01, 0.02, 0.25, 0.5, 0.75, 1.0, 1.25, 1.5, 1.75, 2.0, 2.25, 2.5, 2.75, 3.0],
    "electronic_energies": [-240.66241051963115, -252.52798357556784, -264.553076890454, -276.72560900734726, -288.0434550553568, -288.537948117963, -289.03263452687577, -289.527513363349, -290.0225837114113, -301.46000845816695, -313.9942614948219, -326.62360186139375, -339.3376946895489, -352.1273623493463, -364.98442200760803, -377.90158512077295, -390.87237589985637, -403.89106039372996, -416.9525849116576, -430.0525204865548, -443.18700907302485],
    "apdft_energies": {
        "0": [-289.0326345268757, -289.0326345268757, -289.0326345268757, -289.0326345268757, -289.0326345268757, -289.0326345268757, -289.0326345268757, -289.0326345268757, -289.0326345268757, -289.0326345268757, -289.0326345268757, -289.0326345268757, -289.0326345268757, -289.0326345268757, -289.0326345268757, -289.0326345268757, -289.0326345268757, -289.0326345268757, -289.0326345268757, -289.0326345268757, -289.0326345268757],
        "1": [-239.55437225757765, -251.92393782490217, -264.2935033922267, -276.6630689595512, -288.04306928148975, -288.53785190418273, -289.0326345268757, -289.5274171495687, -290.0221997722617, -301.4022000942002, -313.77176566152474, -326.14133122884925, -338.51089679617377, -350.8804623634983, -363.2500279308228, -375.6195934981473, -387.9891590654718, -400.35872463279634, -412.72829020012085, -425.09785576744537, -437.4674213347699],
        "2": [-240.5165100605355, -252.46514033906595, -264.53403784296614, -276.72320257223606, -288.04345413661093, -288.537948117963, -289.0326345268757, -289.527513363349, -290.02258462738286, -301.4623337068851, -314.0123001122642, -326.68253374301304, -339.4730345991316, -352.3838026806199, -365.41483798747794, -378.5661405197057, -391.8377102773032, -405.2295472602704, -418.74165146860736, -432.37402290231404, -446.12666156139045],
        "3": [-240.66940317796136, -252.52964212298, -264.55314948264436, -276.72559152719583, -288.04345535975585, -288.53794827085613, -289.0326345268757, -289.5275132104559, -290.02258340423793, -301.4599447519253, -313.993188472586, -326.61803195909897, -339.3201414817057, -352.0851833106475, -364.8988237161656, -377.74672896850143, -390.61456533789624, -403.4879990945914, -416.3526965088281, -429.1943238508479, -441.99854739089193],
        "4": [-240.6809622871867, -252.53329949738333, -264.55387192697094, -276.72563667996627, -288.0434553616053, -288.53794827097175, -289.0326345268757, -289.52751321057144, -290.0225834060874, -301.4599899046957, -313.99391091691257, -326.62168933350233, -339.33170059093106, -352.1134037921547, -364.95734170661893, -377.8551407702595, -390.79951108550176, -403.78424642126123, -416.80422421294315, -429.85540556244274, -442.9348352381449]
    },
    "apdft_poly_coeff": [ -289.0326345268757, -49.47826226929806, -0.9621378029578409, 0.1528931174258711, -0.01155910922534531 ],
    "hf_energies": [-240.4891671383547, -252.36310376020424, -264.39641300278646, -276.5765364711001, -287.9000498114376, -288.3947566210314, -288.8896541505656, -289.38474150259697, -289.88001778331125, -301.3215228430395, -313.85901958580945, -326.49066601262643, -339.20636828590466, -351.997142800908, -364.8549618324192, -377.77265643788047, -390.7438403038009, -403.7628452388644, -416.8246651780678, -429.9249048057162, -443.059728889814],
    "triples_corrections": [-0.00805161843353543, -0.007977823437226448, -0.007558334067057121, -0.006887039296428523, -0.006315257528499849, -0.006293563340850885, -0.00627213368554107, -0.006250965234540738, -0.006230054379282883, -0.005810324810302623, -0.005449921131903986, -0.0051534405116235365, -0.004902513811902692, -0.004685163109516152, -0.00449230193257599, -0.004317392888779396, -0.004156116566337174, -0.00400572371187367, -0.0038644097518981827, -0.0037308899331728387, -0.003604173700755087],
    "scf_converged": [true, true, true, true, true, true, true, true, true, true, true, true, true, true, true, true, true, true, true, true, true],
    "cc_converged": [true, true, true, true, true, true, true, true, true, true, true, true, true, true, true, true, true, true, true, true, true],
    "scf_spin_squared": [3.7666474649361774, 3.760254987006329, 3.7553393309350653, 3.752172607328422, 3.7508151801434604, 3.7507824976105937, 3.7507515646800913, 3.7507223289522376, 3.7506947381074127, 3.7504075457265476, 3.750512255278105, 3.750731682498225, 3.7509115750717106, 3.750998973559752, 3.750995765767552, 3.750926020104272, 3.7508172278419893, 3.750692410167801, 3.750568070246537, 3.7504545590751235, 3.750357255796251],
    "cc_spin_squared": [3.75217816348264, 3.7517975525527034, 3.751452560101009, 3.7511809498935036, 3.751014464604455, 3.7510087079272743, 3.7510030501512763, 3.7509974883729194, 3.7509920623622452, 3.750886532360416, 3.750800701093111, 3.750732564856126, 3.7506760867721693, 3.7506278324358364, 3.7505856603979018, 3.7505481179232736, 3.750514156891724, 3.7504830251984846, 3.750454172576791, 3.7504272602447597, 3.750402026469933]
}