{
    "schema_name": "pyscf_qa_output",
    "provenance": {
        "creator": "PySCF",
        "version": "1.7.6"
    },
    "molecule": {
        "geometry": [[0.0, 0.0, 0.0]],
        "symbols": [ "Be" ]
    },
    "molecular_charge": 2,
    "molecular_multiplicity": 1,
    "name": "be.chrg2.mult1-pyscf-ccsd.augccpvtz",
    "atomic_numbers": [ 4 ],
    "n_electrons": 2,
    "model": {
        "method": "CCSD",
        "basis": "aug-cc-pVTZ",
        "scf_conv_tol": 1e-09,
        "scf_conv_tol_grad": 1e-06,
        "cc_conv_tol": 1e-07,
        "cc_conv_tol_normt": 1e-05
    },
    "broken_symmetry": false,
    "finite_diff_delta": 0.01,
    "finite_diff_acc": 2,
    "qa_lambdas": [-3.0, -2.75, -2.5, -2.25, -2.0, -1.75, -1.5, -1.25, -1.0, -0.75, -0.5, -0.25, -0.02, -0.01, 0.0, 0.01, 0.02],
    "electronic_energies": [-0.5142635904151645, -0.9042553891325708, -1.4136367897807642, -2.044753133384745, -2.7962138540695625, -3.670893918641284, -4.676540171486433, -5.8220730975709305, -7.113399108249232, -8.550140613084332, -10.123970175271275, -11.819292542664114, -13.469249337844404, -13.542688764052098, -13.616259232611577, -13.689959481614297, -13.7637882557002],
    "qats_energies": {
        "0": [-13.616259232611588, -13.616259232611588, -13.616259232611588, -13.616259232611588, -13.616259232611588, -13.616259232611588, -13.616259232611588, -13.616259232611588, -13.616259232611588, -13.616259232611588, -13.616259232611588, -13.616259232611588, -13.616259232611588, -13.616259232611588, -13.616259232611588, -13.616259232611588, -13.616259232611588],
        "1": [8.47434840171823, 6.633464432190744, 4.7925804626632615, 2.951696493135776, 1.1108125236082902, -0.7300714459191955, -2.5709554154466794, -4.411839384974163, -6.252723354501649, -8.093607324029133, -9.934491293556619, -11.775375263084104, -13.46898851504939, -13.54262387383049, -13.616259232611588, -13.689894591392687, -13.763529950173787],
        "2": [2.634228456873883, 1.726141422981259, 0.7369416120769081, -0.33337097583916986, -1.4847963407669749, -2.717334482706507, -4.030985401657766, -5.425749097620752, -6.901625570595465, -8.458614820581905, -10.096716847580073, -11.815931651589967, -13.469248075935827, -13.542688764052098, -13.616259232611588, -13.689959481614297, -13.763789511060224],
        "3": [-3.029625896647575, -2.636468614366576, -2.540751879544306, -2.722809531231034, -3.1629754084770365, -3.8415833503325825, -4.738967195847948, -5.835460784073404, -7.111397954059223, -8.547112544855679, -10.122938395513042, -11.819209345081589, -13.469249754114895, -13.542688973824482, -13.616259232611588, -13.689959271841914, -13.763787832881157],
        "4": [-5.23976516824432, -4.196974453267423, -3.60659836468934, -3.4221114101346917, -3.5995461287924417, -4.097493091415906, -4.877100900322745, -5.902076189394968, -7.1386836240789355, -8.555745901385354, -10.124643749889275, -11.819315929730102, -13.469249758480602, -13.542688974097338, -13.616259232611588, -13.68995927211477, -13.763787837246864]
    },
    "qats_poly_coeffs": [ -13.616259232611588, -7.363535878109939, -0.6489022160938163, 0.20977238346375768, -0.0272856700197129 ],
    "hf_energies": [-0.47765089580066333, -0.8693084666410512, -1.3808991086065183, -2.0137137197748536, -2.766402325808815, -3.6419890354772093, -4.648764716499821, -5.796512323673699, -7.09162667345161, -8.53327373687963, -10.112020804493048, -11.811359409795722, -13.46396301189249, -13.537496057846925, -13.61115849947062, -13.684949094604438, -13.758866607888052],
    "scf_converged": [true, true, true, true, true, true, true, true, true, true, true, true, true, true, true, true, true],
    "cc_converged": [true, true, true, true, true, true, true, true, true, true, true, true, true, true, true, true, true],
    "t1_diagnostic": [0.03545770284015403, 0.010178239664688966, 0.003908970722360921, 0.003277942948720267, 0.0033361352908799946, 0.0032452412130835493, 0.003015819043743058, 0.0027487437949858446, 0.0025328489691629603, 0.0022849366372735187, 0.001899156328807848, 0.0014283501774742305, 0.0010236416208629622, 0.0010077693146409022, 0.0009920663818165107, 0.0009765349292622601, 0.0009611766867686424]
}