{
    "schema_name": "pyscf_qa_output",
    "provenance": {
        "creator": "PySCF",
        "version": "1.7.6"
    },
    "molecule": {
        "geometry": [[0.0, 0.0, 0.0]],
        "symbols": [ "Al" ]
    },
    "molecular_charge": 0,
    "molecular_multiplicity": 4,
    "name": "al.chrg0.mult4-pyscf-uccsdt.augccpvtz",
    "atomic_numbers": [ 13 ],
    "n_electrons": 13,
    "model": {
        "method": "UCCSD(T)",
        "basis": "aug-cc-pVTZ",
        "scf_conv_tol": 1e-09,
        "scf_conv_tol_grad": 1e-06,
        "cc_conv_tol": 1e-07,
        "cc_conv_tol_normt": 1e-05
    },
    "broken_symmetry": false,
    "finite_diff_delta": 0.01,
    "finite_diff_acc": 2,
    "qa_lambdas": [-2.0, -1.75, -1.5, -1.25, -1.0, -0.75, -0.5, -0.25, -0.02, -0.01, 0.0, 0.01, 0.02, 0.25, 0.5, 0.75, 1.0, 1.25, 1.5, 1.75, 2.0],
    "electronic_energies": [-158.21066945255274, -168.0222853410413, -178.03828417605703, -188.2481510333486, -198.64249543083494, -209.21237073515735, -219.94745589095726, -230.83647035497128, -240.98125756464714, -241.424968941354, -241.86889456724813, -242.31303381619693, -242.7573860619131, -253.0348297779217, -264.3244163036458, -275.7277124165872, -287.23493890088525, -298.8367967350648, -310.5246662132668, -322.29065192487093, -334.12751816161597],
    "qats_energies": {
        "0": [-241.8688945672482, -241.8688945672482, -241.8688945672482, -241.8688945672482, -241.8688945672482, -241.8688945672482, -241.8688945672482, -241.8688945672482, -241.8688945672482, -241.8688945672482, -241.8688945672482, -241.8688945672482, -241.8688945672482, -241.8688945672482, -241.8688945672482, -241.8688945672482, -241.8688945672482, -241.8688945672482, -241.8688945672482, -241.8688945672482, -241.8688945672482],
        "1": [-153.06240708295425, -164.163218018491, -175.26402895402774, -186.36483988956448, -197.46565082510122, -208.56646176063796, -219.6672726961747, -230.76808363171145, -240.98082969240525, -241.42486212982672, -241.8688945672482, -242.31292700466966, -242.75695944209113, -252.96970550278493, -264.07051643832165, -275.1713273738584, -286.27213830939513, -297.3729492449319, -308.4737601804686, -319.57457111600536, -330.6753820515421],
        "2": [-157.33486817393148, -167.43432104127044, -177.66728831770243, -188.03377000322746, -198.53376609784553, -209.16727660155664, -219.93430151436078, -230.83484083625797, -240.98125693851435, -241.424968941354, -241.8688945672482, -242.31303381619693, -242.75738668820023, -253.03646270733145, -264.3375452565077, -275.7721422147771, -287.34025358213944, -299.0418793585949, -310.8770195441433, -322.84567413878483, -334.94784314251933],
        "3": [-158.16981477823154, -167.993670035948, -178.01953141639152, -188.2376143890429, -198.63813442338304, -209.21130698889277, -219.94734755505297, -230.8364715913445, -240.98125777346095, -241.42496904572232, -241.8688945672482, -242.3130337118286, -242.75738585325362, -253.03483195224493, -264.32449921581554, -275.72811182744096, -287.23588525660193, -298.83803497277944, -310.5247764454542, -322.28632514410725, -334.1128965382193],
        "4": [-158.1595242246371, -167.9876379023591, -178.01627542091828, -188.23604417517657, -198.63749126378337, -209.21110348917568, -219.94730735757798, -230.8364690790023, -240.98125777335804, -241.4249690457159, -241.8688945672482, -242.3130337118222, -242.7573858531507, -253.03482943990275, -264.3244590183406, -275.72790832772387, -287.2352420970023, -298.8364647589131, -310.52152044998104, -322.28029301051833, -334.10260598462486]
    },
    "qats_poly_coeffs": [ -241.8688945672482, -44.40324374214697, -1.0681152727443077, 0.10436832553750718, 0.0006431595996521841 ],
    "hf_energies": [-158.05085835483817, -167.8677325803255, -177.89077150304158, -188.10970412868252, -198.51526439125033, -209.09753693208214, -219.84511861807403, -230.74639794833902, -240.90205987644123, -241.34623121143076, -241.79061554133813, -242.23521221823194, -242.68002059412294, -252.96754973740718, -264.26704883959474, -275.6790053194535, -287.1936184069707, -298.80167721650474, -310.494713928624, -322.26500932709905, -334.1054975815366],
    "triples_corrections": [-0.0010606267053711305, -0.0011234916174233008, -0.0012481584408456923, -0.00137541792287113, -0.0014034079443633293, -0.0013426823962726358, -0.0012692657414326446, -0.001175725562353869, -0.0010601138430124293, -0.0010544921482336935, -0.0010488275792279863, -0.00104312113322435, -0.0010373738295362802, -0.0008964841174778381, -0.0007359414969848016, -0.0005835309403062711, -0.0004498427020746486, -0.00033933898205163376, -0.00025197953480160886, -0.00018515754494956757, -0.0001352495479998656],
    "scf_converged": [true, true, true, true, true, true, true, true, true, true, true, true, true, true, true, true, true, true, true, true, true],
    "cc_converged": [true, true, true, true, true, true, true, true, true, true, true, true, true, true, true, true, true, true, true, true, true],
    "scf_spin_squared": [3.75000890541901, 3.750015093294399, 3.7500216186594955, 3.7500270423105126, 3.7500322939007056, 3.750037996617536, 3.7500431423259055, 3.7500465628336572, 3.7500477927086706, 3.750047803737166, 3.7500478112821636, 3.7500478153561616, 3.7500478159720876, 3.7500469128770257, 3.750044167535332, 3.750040066986579, 3.7500351673723724, 3.7500299610668337, 3.7500248198542483, 3.7500200086483026, 3.750015718904727],
    "cc_spin_squared": [3.7500009847790534, 3.750001556800346, 3.75000204275725, 3.7500024387010575, 3.750002674407734, 3.7500026664053885, 3.7500026044727686, 3.750002510234804, 3.7500023564824407, 3.7500023482667797, 3.7500023399336633, 3.750002331484913, 3.750002322922415, 3.7500020995731553, 3.7500018220524347, 3.7500015391590527, 3.750001271047371, 3.7500010282462886, 3.7500008151814384, 3.7500006328727253, 3.750000480407061]
}