{
    "schema_name": "pyscf_qa_output",
    "provenance": {
        "creator": "PySCF",
        "version": "1.7.6"
    },
    "molecule": {
        "geometry": [[0.0, 0.0, 0.0]],
        "symbols": [ "Ne" ]
    },
    "molecular_charge": -1,
    "molecular_multiplicity": 4,
    "name": "ne.chrg-1.mult4-pyscf-uccsdt.augccpv5z",
    "atomic_numbers": [ 10 ],
    "n_electrons": 11,
    "model": {
        "method": "UCCSD(T)",
        "basis": "aug-cc-pV5Z",
        "scf_conv_tol": 1e-09,
        "scf_conv_tol_grad": 1e-06,
        "cc_conv_tol": 1e-07,
        "cc_conv_tol_normt": 1e-05
    },
    "broken_symmetry": false,
    "finite_diff_delta": 0.01,
    "finite_diff_acc": 2,
    "qa_lambdas": [-1.0, -0.75, -0.5, -0.25, -0.02, -0.01, 0.0, 0.01, 0.02, 0.25, 0.5, 0.75, 1.0, 1.25, 1.5, 1.75, 2.0, 2.25, 2.5, 2.75, 3.0],
    "electronic_energies": [-99.20682325623842, -106.09110361541472, -113.19018644201192, -120.52197900086102, -127.49064347236036, -127.79796144246322, -128.1056634607755, -128.41374957734226, -128.72221984276754, -135.91637913319855, -144.07941482377782, -152.4027878827282, -160.9688918008142, -169.778538555852, -178.8459289632267, -188.13028777557108, -197.67199451821796, -207.4562629962631, -217.48137623367506, -227.74519971811648, -238.24531023558117],
    "qats_energies": {
        "0": [-128.10566346078588, -128.10566346078588, -128.10566346078588, -128.10566346078588, -128.10566346078588, -128.10566346078588, -128.10566346078588, -128.10566346078588, -128.10566346078588, -128.10566346078588, -128.10566346078588, -128.10566346078588, -128.10566346078588, -128.10566346078588, -128.10566346078588, -128.10566346078588, -128.10566346078588, -128.10566346078588, -128.10566346078588, -128.10566346078588, -128.10566346078588],
        "1": [-97.31625671683389, -105.01360840282189, -112.71096008880988, -120.40831177479788, -127.48987532590684, -127.79776939334636, -128.10566346078588, -128.4135575282254, -128.72145159566492, -135.80301514677387, -143.50036683276187, -151.19771851874987, -158.89507020473786, -166.59242189072586, -174.28977357671386, -181.98712526270185, -189.68447694868985, -197.38182863467785, -205.07918032066584, -212.77653200665384, -220.47388369264183],
        "2": [-99.2367478854527, -106.09388468516997, -113.19108288096459, -120.52834247283656, -127.49064352237428, -127.79796144246322, -128.10566346078588, -128.41374957734226, -128.72221979213236, -135.92304584481255, -143.98048962491657, -152.27799480109795, -160.81556137335667, -169.59318934169275, -178.61087870610618, -187.86862946659696, -197.3664416231651, -207.10431517581057, -217.0822501245334, -227.3002464693336, -237.75830421021112],
        "3": [-99.2283604613641, -106.09034624063258, -113.19003445295351, -120.52821141933518, -127.49064345527489, -127.7979614340758, -128.10566346078588, -128.41374958572968, -128.72221985923176, -135.92317689831393, -143.98153805292765, -152.28153324563533, -160.82394879744527, -169.60957102936578, -178.6391862624052, -187.91358081757178, -197.43354101587386, -207.19985317831973, -217.21330362591772, -227.47467867967612, -237.98476466060322],
        "4": [-99.23094896855048, -106.09116526048453, -113.19019623465266, -120.52822153069137, -127.49064345568905, -127.79796143410168, -128.10566346078588, -128.41374958575557, -128.72221985964592, -135.92318700967013, -143.9816998346268, -152.28235226548725, -160.82653730463164, -169.61589062698877, -178.6522905800362, -187.93785818380024, -197.47495713085584, -207.26619378632677, -217.31441718788545, -227.62271904575306, -238.19443374269952]
    },
    "qats_poly_coeffs": [ -128.10566346078588, -30.789406743951986, -1.9204911686188098, -0.008387424088596161, -0.002588507186374045 ],
    "hf_energies": [-98.90082334680753, -105.79613430733099, -112.89680400456743, -120.23019340270854, -127.19946050832384, -127.50681236173475, -127.81454774896272, -128.1226667175623, -128.43116931562872, -135.62644223536262, -143.7860770060538, -152.11039511253617, -160.67725958072668, -169.487549937863, -178.55523119314498, -187.84059093420515, -197.38311485156828, -207.16839019638115, -217.19472386853116, -227.45998651956378, -237.9617489422484],
    "triples_corrections": [-0.007280643635240951, -0.005472976716712036, -0.004941985539570452, -0.004490907559016577, -0.004189324867987688, -0.004176701836781601, -0.004164191161437088, -0.004151792151030948, -0.0041395044687542685, -0.0038493324093912262, -0.0038134881088058054, -0.003584201129035171, -0.003403316462827554, -0.0032645930302824437, -0.0036141215701183237, -0.003086912983181899, -0.003034138110188489, -0.0029978616428883113, -0.002975084404073347, -0.0029648850443932903, -0.0029675898584799695],
    "scf_converged": [true, true, true, true, true, true, true, true, true, true, true, true, true, true, true, true, true, true, true, true, true],
    "cc_converged": [true, true, true, true, true, true, true, true, true, true, true, true, true, true, true, true, true, true, true, true, true],
    "scf_spin_squared": [3.753492309885207, 3.753946795767957, 3.753459364283371, 3.7531130893828797, 3.752817942274626, 3.7528072749650594, 3.7527966868227693, 3.7527861830367075, 3.7527757652200293, 3.7525627313205945, 3.7522236831125277, 3.752077800610286, 3.7519474239669828, 3.7518305511776675, 3.7517542967399957, 3.7516295272688565, 3.7515419105016754, 3.7514611846592243, 3.751386541508101, 3.7513173904268253, 3.751253251010244],
    "cc_spin_squared": [3.750125754610713, 3.7500979347399057, 3.7500755646036175, 3.7500555534895557, 3.750051710872056, 3.7500513772644832, 3.750051048646603, 3.7500507249477635, 3.7500504061283286, 3.750039605864915, 3.7500346242652163, 3.750031197804056, 3.750028830714206, 3.7500273136456594, 3.7500416383675503, 3.750026029724256, 3.750025883225967, 3.7500258866086877, 3.7500259821515085, 3.7500261601819314, 3.7500264278607505]
}