{
    "schema_name": "pyscf_qa_output",
    "provenance": {
        "creator": "PySCF",
        "version": "1.7.6"
    },
    "molecule": {
        "geometry": [[0.0, 0.0, 0.0]],
        "symbols": [ "Cl" ]
    },
    "molecular_charge": 0,
    "molecular_multiplicity": 4,
    "name": "cl.chrg0.mult4-pyscf-uccsdt.augccpvqz",
    "atomic_numbers": [ 17 ],
    "n_electrons": 17,
    "model": {
        "method": "UCCSD(T)",
        "basis": "aug-cc-pVQZ",
        "scf_conv_tol": 1e-09,
        "scf_conv_tol_grad": 1e-06,
        "cc_conv_tol": 1e-07,
        "cc_conv_tol_normt": 1e-05
    },
    "broken_symmetry": false,
    "finite_diff_delta": 0.01,
    "finite_diff_acc": 2,
    "qa_lambdas": [-2.0, -1.75, -1.5, -1.25, -1.0, -0.75, -0.5, -0.25, -0.02, -0.01, 0.0, 0.01, 0.02, 0.25, 0.5, 0.75, 1.0],
    "electronic_energies": [-336.2993689829115, -351.03312781810575, -365.97986963152175, -381.13210906693456, -396.45621987433617, -411.9530331735193, -427.6049755922863, -443.4203154311514, -458.0893523230397, -458.72310209874007, -459.37031742635196, -460.0111162287501, -460.64544812887016, -475.5132313841931, -491.7303483479293, -508.0620421334123, -524.5004879780156],
    "qats_energies": {
        "0": [-459.37031742644615, -459.37031742644615, -459.37031742644615, -459.37031742644615, -459.37031742644615, -459.37031742644615, -459.37031742644615, -459.37031742644615, -459.37031742644615, -459.37031742644615, -459.37031742644615, -459.37031742644615, -459.37031742644615, -459.37031742644615, -459.37031742644615, -459.37031742644615, -459.37031742644615],
        "1": [-330.5689044254435, -346.6690810505688, -362.7692576756942, -378.86943430081953, -394.96961092594483, -411.06978755107014, -427.1699641761955, -443.27014080132085, -458.0823032964361, -458.72631036144116, -459.37031742644615, -460.01432449145113, -460.6583315564562, -475.47049405157145, -491.5706706766968, -507.67084730182216, -523.7710239269475],
        "2": [-202.2383963828346, -248.4160358304464, -290.58334690172666, -328.7403295966754, -362.8869839152926, -393.0233098575783, -419.14930742353243, -441.26497661315506, -458.06947024563186, -458.72310209874007, -459.37031742644615, -460.0111162287501, -460.6454985056519, -473.4653298634057, -483.55001392403375, -489.62436960833026, -491.68839691629523],
        "3": [-13490.541189440315, -9150.540758523251, -5896.5860877228515, -3572.954878682974, -2023.9248330474775, -1093.7736524602187, -626.7790385650555, -467.21869300584547, -458.0827585484249, -458.7247631365892, -459.37031742644615, -460.00945519090095, -460.63221020285886, -447.5116134707153, -275.92028278251064, 211.12597299431025, 1169.3494522158899],
        "4": [-1335603.9162759897, -784149.1280590127, -424221.5211737014, -205311.44595023897, -84656.01077595683, -27239.082095333873, -5791.28440999689, -790.0002787203351, -458.09597968217577, -458.7255894574486, -459.37031742644615, -460.0102815117604, -460.6454313366097, -770.2931991852049, -5440.425654214345, -25934.182469879346, -81462.73649069345]
    },
    "qats_poly_coeffs": [ -459.37031742644615, -64.40070650050131, 32.08262701065223, 1661.037849132185, -82632.08594290934 ],
    "hf_energies": [-335.984634390202, -350.7294693204077, -365.68761840234293, -380.86303830113843, -396.19634312073475, -411.7015411288628, -427.3599390604236, -443.1828695775163, -457.8570741762485, -458.49023568152097, -459.1384493937373, -459.7794508967298, -460.41320044681606, -475.2776471639834, -491.4988608800074, -507.8337765157263, -524.2746724741255],
    "triples_corrections": [-0.013185653582745213, -0.012223861573875108, -0.01123228479477377, -0.008814344640284459, -0.008323706062780456, -0.007895183271541576, -0.007630279214512004, -0.0071927485910577744, -0.00693797299014761, -0.007009684416373056, -0.006917919350426513, -0.0069080205980970024, -0.006978687349829634, -0.007361554298635785, -0.007095847682029021, -0.006874861619023267, -0.006689996796274615],
    "scf_converged": [true, true, true, true, true, true, true, true, true, true, true, true, true, true, true, true, true],
    "cc_converged": [true, true, true, true, true, true, true, true, true, true, true, true, true, true, true, true, true],
    "scf_spin_squared": [3.792743015284616, 3.7702755687995397, 3.7656129791604442, 3.7652039586997654, 3.7640718444053887, 3.7632018800593414, 3.7616005033798725, 3.7619170306503484, 3.7614677409654425, 3.760687278617586, 3.761432124077725, 3.7614144819753497, 3.7606367328825296, 3.7604490151052916, 3.7601268851255583, 3.7598397711912694, 3.7595804689006114],
    "cc_spin_squared": [3.751025528209505, 3.7510203064880256, 3.7508649061527413, 3.750896770182812, 3.7506997348741438, 3.7505884858392733, 3.7504864580068444, 3.7504648252822466, 3.7504295173918147, 3.7504113060405717, 3.7504268768385076, 3.7504255800493485, 3.750407752895455, 3.7503887522818204, 3.7503636368480207, 3.750342764752746, 3.750325223863349]
}