{
    "schema_name": "pyscf_qa_output",
    "provenance": {
        "creator": "PySCF",
        "version": "1.7.6"
    },
    "molecule": {
        "geometry": [[0.0, 0.0, 0.0]],
        "symbols": [ "N" ]
    },
    "molecular_charge": 2,
    "molecular_multiplicity": 4,
    "name": "n.chrg2.mult4-pyscf-uccsdt.augccpvtz",
    "atomic_numbers": [ 7 ],
    "n_electrons": 5,
    "model": {
        "method": "UCCSD(T)",
        "basis": "aug-cc-pVTZ",
        "scf_conv_tol": 1e-09,
        "scf_conv_tol_grad": 1e-06,
        "cc_conv_tol": 1e-07,
        "cc_conv_tol_normt": 1e-05
    },
    "broken_symmetry": false,
    "finite_diff_delta": 0.01,
    "finite_diff_acc": 2,
    "qa_lambdas": [-4.0, -3.75, -3.5, -3.25, -3.0, -2.75, -2.5, -2.25, -2.0, -1.75, -1.5, -1.25, -1.0, -0.75, -0.5, -0.25, -0.02, -0.01, 0.0, 0.01, 0.02],
    "electronic_energies": [-6.995506347797106, -8.563089224727372, -10.272899373917625, -12.134483553759628, -14.158611939421034, -16.355758996085243, -18.73501465099734, -21.302999931192158, -24.0629151086912, -27.014798223630077, -30.156487559659716, -33.48402556399315, -36.99162156750501, -40.671723994671126, -44.51536291196384, -48.51265518571156, -52.31702505210713, -52.48506043490257, -52.65330932499245, -52.82177106662658, -52.990445004668025],
    "qats_energies": {
        "0": [-52.653309324992456, -52.653309324992456, -52.653309324992456, -52.653309324992456, -52.653309324992456, -52.653309324992456, -52.653309324992456, -52.653309324992456, -52.653309324992456, -52.653309324992456, -52.653309324992456, -52.653309324992456, -52.653309324992456, -52.653309324992456, -52.653309324992456, -52.653309324992456, -52.653309324992456, -52.653309324992456, -52.653309324992456, -52.653309324992456, -52.653309324992456],
        "1": [14.688817019809555, 10.479934123259433, 6.271051226709304, 2.0621683301591744, -2.1467145663909477, -6.35559746294107, -10.5644803594912, -14.773363256041328, -18.98224615259145, -23.191129049141576, -27.400011945691702, -31.608894842241828, -35.81777773879195, -40.02666063534208, -44.235543531892205, -48.44442642844233, -52.316598693268446, -52.48495400913045, -52.653309324992456, -52.821664640854465, -52.990019956716466],
        "2": [-2.3393065194526415, -4.4861900811702355, -6.7661058580383155, -9.179053850056881, -11.725034057225933, -14.404046479545471, -17.216091117015495, -20.161167969636004, -23.239277037407, -26.45041832032848, -29.79459181840045, -33.2717975316229, -36.88203545999584, -40.625305603519266, -44.50160796219318, -48.51094253601757, -52.31702439635693, -52.48506043490257, -52.653309324992456, -52.82177106662658, -52.99044565980495],
        "3": [-9.330704500889972, -10.246924501910222, -11.449796302634027, -12.929078597424514, -14.674530080644807, -16.67590944665804, -18.922975389827343, -21.405486604515843, -24.113201785086666, -27.035879625902943, -30.163278821327808, -33.485158065724384, -36.9912760534558, -40.671391478885184, -44.51526303637567, -48.51264942029039, -52.317025270281675, -52.48506054414317, -52.653309324992456, -52.821770957385986, -52.9904447858802],
        "4": [-9.984888881630205, -10.752266364016158, -11.833267176207585, -13.214176255174785, -14.881518107363398, -16.82205680869444, -19.022796004564313, -21.47097890984477, -24.15408830888293, -27.05984655550129, -30.17621557299772, -33.49139685414544, -36.99383146119307, -40.672200025864555, -44.51542274935925, -48.51265940235186, -52.31702527069054, -52.48506054416872, -52.653309324992456, -52.821770957411545, -52.99044478628907]
    },
    "qats_poly_coeffs": [ -52.653309324992456, -16.835531586200503, -1.0642577212038873, 0.10924059345995828, -0.002555407737266554 ],
    "hf_energies": [-6.954186442521349, -8.520769192205071, -10.228648722243229, -12.087612923306736, -14.109225124923046, -16.30493531010779, -18.684246863858704, -21.25341854027215, -24.01515751069659, -26.96931919413175, -30.113692528556648, -33.44421414803885, -36.954921470388385, -40.63808480930224, -44.48460238544136, -48.484526323241326, -52.29109423761135, -52.4592206697628, -52.627560254235846, -52.79611233814648, -52.964876269253516],
    "triples_corrections": [-9.297655925732724e-05, -0.00011653990089053378, -0.00015947317666109177, -0.00021335729224412477, -0.00026483141269345687, -0.0002989598484375896, -0.00029456054236182334, -0.00025705232879601474, -0.000216151994165017, -0.00018455083205178735, -0.00016000025760358453, -0.0001389464696699738, -0.00011967662426055629, -0.00010178887785332394, -8.544683703445357e-05, -7.091370256079638e-05, -5.9291702275655975e-05, -5.882540413827926e-05, -5.8362363098121267e-05, -5.790257770041596e-05, -5.74460461427864e-05],
    "scf_converged": [true, true, true, true, true, true, true, true, true, true, true, true, true, true, true, true, true, true, true, true, true],
    "cc_converged": [true, true, true, true, true, true, true, true, true, true, true, true, true, true, true, true, true, true, true, true, true],
    "scf_spin_squared": [3.7500046764531385, 3.750004559979346, 3.7500046397729867, 3.7500048030792996, 3.7500049961060844, 3.7500053442809365, 3.750006074412075, 3.7500072213583326, 3.7500085335263575, 3.7500096635116074, 3.750010360931283, 3.7500105412877707, 3.750010268485921, 3.7500096914574215, 3.750008973063151, 3.7500082417109075, 3.7500076245728495, 3.750007599478491, 3.75000757454037, 3.75000754975928, 3.7500075251359375],
    "cc_spin_squared": [3.7500002803271997, 3.750000270297844, 3.7500002986294887, 3.7500003489544635, 3.750000400380899, 3.750000431709867, 3.7500004280654102, 3.750000396882294, 3.750000358312163, 3.7500003206059502, 3.750000282419852, 3.7500002427750445, 3.7500002031748387, 3.7500001660173883, 3.7500001332033537, 3.7500001056233496, 3.750000084860319, 3.7500000840514125, 3.7500000832499447, 3.75000008245585, 3.750000081669084]
}