{
    "schema_name": "pyscf_apdft_output",
    "provenance": {
        "creator": "PySCF",
        "version": "1.7.6"
    },
    "molecule": {
        "geometry": [[0.0, 0.0, 0.0]],
        "symbols": [ "Cl" ]
    },
    "molecular_charge": 0,
    "molecular_multiplicity": 4,
    "name": "cl.chrg0.mult4-pyscf-uccsdt.augccpv5z",
    "atomic_numbers": [ 17 ],
    "n_electrons": 17,
    "model": {
        "method": "UCCSD(T)",
        "basis": "aug-cc-pV5Z",
        "scf_conv_tol": 1e-09,
        "scf_conv_tol_grad": 1e-06,
        "cc_conv_tol": 1e-07,
        "cc_conv_tol_normt": 1e-05
    },
    "broken_symmetry": false,
    "finite_diff_delta": 0.01,
    "finite_diff_acc": 2,
    "apdft_lambdas": [-2.0, -1.75, -1.5, -1.25, -1.0, -0.75, -0.5, -0.25, -0.02, -0.01, 0.0, 0.01, 0.02, 0.25, 0.5, 0.75, 1.0],
    "electronic_energies": [-337.9726793557744, -352.37568059021976, -367.02190892491853, -381.9023301707408, -397.0008379923089, -412.3145107181078, -427.83145577296466, -443.56216171369385, -458.19708233463405, -458.83734727956363, -459.47791896695287, -460.11879709304736, -460.7662183826112, -475.65986983158933, -491.9729747024042, -508.4691207927049, -525.1444188267644],
    "apdft_energies": {
        "0": [-459.4779189670331, -459.4779189670331, -459.4779189670331, -459.4779189670331, -459.4779189670331, -459.4779189670331, -459.4779189670331, -459.4779189670331, -459.4779189670331, -459.4779189670331, -459.4779189670331, -459.4779189670331, -459.4779189670331, -459.4779189670331, -459.4779189670331, -459.4779189670331, -459.4779189670331],
        "1": [-331.33293761865986, -347.3510602872065, -363.36918295575316, -379.3873056242998, -395.40542829284647, -411.4235509613931, -427.44167362993977, -443.4597962984864, -458.19646915354934, -458.8371940602912, -459.4779189670331, -460.11864387377494, -460.7593687805168, -475.49604163557973, -491.5141643041264, -507.53228697267303, -523.5504096412196],
        "2": [-337.4617085154537, -352.0434005050643, -366.8166165851997, -381.7813567558599, -396.93762101704493, -412.28540936875476, -427.8247218109894, -443.5555583437488, -458.197082030639, -458.83734727956363, -459.4779189670331, -460.11879709304736, -460.7599816576065, -475.59180368084213, -491.897212485176, -508.3941453800347, -525.0826023654181],
        "3": [3820.152297953218, 2433.2331702346905, 1387.176792393771, 633.2611252921556, 122.764129791539, -193.0362332463834, -362.86200295991637, -435.4352184873647, -458.19292441663254, -458.8368275778128, -459.4779189670331, -460.1193167947982, -460.764139271613, -483.71214353722627, -556.859931336249, -727.643321502406, -1044.784353174002],
        "4": [-411981.78103000694, -241302.22628299586, -130175.15367465612, -62813.078799018156, -25864.856703205973, -8415.681887437002, -1987.0883050222606, -536.9493623662612, -458.19708243596585, -458.8370874540212, -459.4779189670331, -460.1195766710065, -460.76829729094624, -585.2262874161228, -2181.0862333985933, -8950.288975693025, -27032.405186171512]
    },
    "apdft_poly_coeff": [ -459.4779189670331, -64.07249067418661, -1.5321927241984667, -519.7017508085839, -25987.62083299751 ],
    "hf_energies": [-337.57970723170047, -351.98884290476053, -366.6417476110002, -381.52857791476697, -396.6433822028158, -411.96164337504774, -427.4817981177124, -443.2169030049627, -457.8538012235914, -458.4941724434728, -459.13484927037155, -459.7758313984322, -460.42405228831575, -475.31180625868683, -491.6267960538986, -508.1242199945754, -524.8002857090235],
    "triples_corrections": [-0.013319375129525444, -0.012384444465868097, -0.011487534138131365, -0.010748526043674902, -0.008900279522110584, -0.008585630993126037, -0.008418980614773159, -0.008099456983945088, -0.008015127814286305, -0.008008645260010053, -0.008002243882253724, -0.007995922279930897, -0.007911617365537976, -0.00846870518785214, -0.008296715762374425, -0.008158146349593113, -0.008041585633287236],
    "scf_converged": [true, true, true, true, true, true, true, true, true, true, true, true, true, true, true, true, true],
    "cc_converged": [true, true, true, true, true, true, true, true, true, true, true, true, true, true, true, true, true],
    "scf_spin_squared": [3.8153898544598635, 3.7714972745310265, 3.7656559388557262, 3.763974936484633, 3.7641682203684788, 3.7633828273061214, 3.7619171402668456, 3.7621760775091158, 3.7610173686985533, 3.7610003043670357, 3.760983252386323, 3.7609662915250315, 3.761676987380387, 3.7607674796276447, 3.7604513440418827, 3.7601735513579797, 3.759926609605867],
    "cc_spin_squared": [3.7508398989537577, 3.750954971587093, 3.750824372048263, 3.750708805502007, 3.750680020841315, 3.7505799921940595, 3.7504853083904304, 3.7504650682662497, 3.7504145317336626, 3.750413368497801, 3.7504122255372665, 3.7504110944840354, 3.750426703057239, 3.7503942486019124, 3.75037032205335, 3.7503504983808424, 3.750333838489902]
}