{
    "schema_name": "pyscf_qa_output",
    "provenance": {
        "creator": "PySCF",
        "version": "1.7.6"
    },
    "molecule": {
        "geometry": [[0.0, 0.0, 0.0]],
        "symbols": [ "C" ]
    },
    "molecular_charge": -2,
    "molecular_multiplicity": 1,
    "name": "c.chrg-2.mult1-pyscf-ccsdt.augccpvtz",
    "atomic_numbers": [ 6 ],
    "n_electrons": 8,
    "model": {
        "method": "CCSD(T)",
        "basis": "aug-cc-pVTZ",
        "scf_conv_tol": 1e-09,
        "scf_conv_tol_grad": 1e-06,
        "cc_conv_tol": 1e-07,
        "cc_conv_tol_normt": 1e-05
    },
    "broken_symmetry": false,
    "finite_diff_delta": 0.01,
    "finite_diff_acc": 2,
    "qa_lambdas": [-0.02, -0.01, 0.0, 0.01, 0.02, 0.25, 0.5, 0.75, 1.0, 1.25, 1.5, 1.75, 2.0, 2.25, 2.5, 2.75, 3.0, 3.25, 3.5, 3.75, 4.0],
    "electronic_energies": [-37.28621021806329, -37.43702997840841, -37.58812267168668, -37.739488083875166, -37.89112544375839, -41.452976196680105, -45.4820848271843, -49.6698540554607, -54.01047676909579, -58.49499481840905, -63.11228935879966, -67.8526049276238, -72.707788555767, -77.6703756026853, -82.7330451722158, -87.8883944986488, -93.1288501598639, -98.44664881104147, -103.83388643045892, -109.28265277182787, -114.78523128016008],
    "qats_energies": {
        "0": [-37.58812268277631, -37.58812268277631, -37.58812268277631, -37.58812268277631, -37.58812268277631, -37.58812268277631, -37.58812268277631, -37.58812268277631, -37.58812268277631, -37.58812268277631, -37.58812268277631, -37.58812268277631, -37.58812268277631, -37.58812268277631, -37.58812268277631, -37.58812268277631, -37.58812268277631, -37.58812268277631, -37.58812268277631, -37.58812268277631, -37.58812268277631],
        "1": [-37.285664577309554, -37.43689363004293, -37.58812268277631, -37.739351735509686, -37.890580788243064, -41.368849001110746, -45.149575319445184, -48.93030163777962, -52.71102795611406, -56.491754274448496, -60.272480592782934, -64.05320691111737, -67.83393322945182, -71.61465954778625, -75.39538586612068, -79.17611218445512, -82.95683850278957, -86.737564821124, -90.51829113945843, -94.29901745779287, -98.07974377612732],
        "2": [-37.28620997077147, -37.43702997840841, -37.58812268277631, -37.739488083875166, -37.89112618170498, -41.454066729535704, -45.490446233145015, -49.69726119360424, -54.07451161091338, -58.62219748507244, -63.340318816081414, -68.22887560394031, -73.28786784864911, -78.51729555020782, -83.91715870861645, -89.48745732387502, -95.22819139598349, -101.13936092494185, -107.22096591075015, -113.47300635340838, -119.89548225291651],
        "3": [-37.28621062759708, -37.43703006051161, -37.58812268277631, -37.73948800177197, -37.89112552487938, -41.45278386702504, -45.48018333305969, -49.662623905816275, -53.9924084102308, -58.461839671239275, -63.0632205137777, -67.78885376278208, -72.63104224318846, -77.5820887799328, -82.63429619795113, -87.77996732217944, -93.01140497755378, -98.32091198901011, -103.70079118148448, -109.14334537991286, -114.64087740923128],
        "4": [-37.28621030049388, -37.43703004006766, -37.58812268277631, -37.73948798132802, -37.89112519777618, -41.44479794907959, -45.35240864593251, -49.01576455223495, -51.94801341619598, -53.47064095533395, -52.71347085647641, -48.61466477576018, -39.92072233863129, -25.18648113984502, -2.7751167434658583, 29.141857317132413, 72.58458953926683, 129.76489045094522, 203.08623261086606, 295.1437506084187, 408.7242410636833]
    },
    "qats_poly_coeffs": [ -37.58812268277631, -15.12290527333775, -1.3634836547993245, 0.08210320068258169, 2.0443949940348225 ],
    "hf_energies": [-37.068338858066994, -37.21891474127759, -37.36977178054311, -37.52090958838987, -37.67232777649432, -41.23142334345804, -45.26221908566111, -49.45501233363737, -53.80104720596679, -58.28995138878159, -62.91137758676433, -67.65630532907377, -72.51678570289033, -77.48529364514496, -82.55433489865142, -87.7162745290146, -92.96328343009806, -98.28736020534222, -103.68042238560955, -109.1344619029432, -114.64174201787759],
    "triples_corrections": [-0.01567393145319115, -0.015703686459041327, -0.015732735560565543, -0.015761055604565855, -0.015788583819352903, -0.016099520912136317, -0.015274479837976526, -0.013228634707961057, -0.01133215791681192, -0.010365225352589841, -0.009944180735093743, -0.00973377407366615, -0.00959603715557887, -0.009452417222497232, -0.00924328648240396, -0.008931766366809837, -0.008511657397198367, -0.008005609284496003, -0.007453154858966218, -0.006896197049073263, -0.00636765331435602],
    "scf_converged": [true, true, true, true, true, true, true, true, true, true, true, true, true, true, true, true, true, true, true, true, true],
    "cc_converged": [true, true, true, true, true, true, true, true, true, true, true, true, true, true, true, true, true, true, true, true, true],
    "t1_diagnostic": [0.018268498098027428, 0.01835693000920403, 0.01846385928575955, 0.01858856223721625, 0.018729928000945275, 0.024424049158043797, 0.029018942026760246, 0.026954872164104932, 0.01976589857642557, 0.01317650069780926, 0.009416306367333796, 0.007423908360874251, 0.006205640354127666, 0.0053718080415077465, 0.004787053548407031, 0.004362410104003168, 0.004020056979514971, 0.0037107143072000644, 0.0034167000690497576, 0.003138937405618433, 0.0028832395927596327]
}