{
    "schema_name": "pyscf_apdft_output",
    "provenance": {
        "creator": "PySCF",
        "version": "1.7.6"
    },
    "molecule": {
        "geometry": [[0.0, 0.0, 0.0]],
        "symbols": [ "Cl" ]
    },
    "molecular_charge": 2,
    "molecular_multiplicity": 4,
    "name": "cl.chrg2.mult4-pyscf-uccsdt.augccpvtz",
    "atomic_numbers": [ 17 ],
    "n_electrons": 15,
    "model": {
        "method": "UCCSD(T)",
        "basis": "aug-cc-pVTZ",
        "scf_conv_tol": 1e-09,
        "scf_conv_tol_grad": 1e-06,
        "cc_conv_tol": 1e-07,
        "cc_conv_tol_normt": 1e-05
    },
    "broken_symmetry": false,
    "finite_diff_delta": 0.01,
    "finite_diff_acc": 2,
    "apdft_lambdas": [-4.0, -3.75, -3.5, -3.25, -3.0, -2.75, -2.5, -2.25, -2.0, -1.75, -1.5, -1.25, -1.0, -0.75, -0.5, -0.25, -0.02, -0.01, 0.0, 0.01, 0.02],
    "electronic_energies": [-228.6019208906388, -241.15271078255333, -253.92491697810155, -267.00399518505446, -280.3758525607027, -294.02591594127176, -307.93918041148356, -322.10041156023374, -336.49450089497583, -351.10677193155135, -365.92309775419454, -380.929875466105, -396.11395962132633, -411.4626183007546, -426.96353129844107, -442.60482155305465, -457.1089939197983, -457.74195440869136, -458.37510453895203, -459.0084436342146, -459.6419710196236],
    "apdft_energies": {
        "0": [-458.3751045389521, -458.3751045389521, -458.3751045389521, -458.3751045389521, -458.3751045389521, -458.3751045389521, -458.3751045389521, -458.3751045389521, -458.3751045389521, -458.3751045389521, -458.3751045389521, -458.3751045389521, -458.3751045389521, -458.3751045389521, -458.3751045389521, -458.3751045389521, -458.3751045389521, -458.3751045389521, -458.3751045389521, -458.3751045389521, -458.3751045389521],
        "1": [-205.07725943430603, -220.9083747533464, -236.7394900723868, -252.57060539142716, -268.40172071046754, -284.2328360295079, -300.0639513485483, -315.8950666675887, -331.72618198662906, -347.5572973056694, -363.3884126247098, -379.2195279437502, -395.0506432627906, -410.8817585818309, -426.71287390087133, -442.54398921991174, -457.10861531342886, -457.7418599261905, -458.3751045389521, -459.0083491517137, -459.6415937644753],
        "2": [-220.19445957580945, -234.19497644021465, -248.31359643072534, -262.55031954734153, -276.9051457900632, -291.3780751588904, -305.9691076538231, -320.67824327486125, -335.5054820220049, -350.4508238952541, -365.51426889460873, -380.6958170200689, -395.99546827163454, -411.4132226493057, -426.9490801530823, -442.60304078296446, -457.1089932434324, -457.74195440869136, -458.3751045389521, -459.0084436342146, -459.64197169447885],
        "3": [-227.4009724188741, -240.13296004503476, -253.14139702676277, -266.4157269487607, -279.9453933957311, -293.71983995237645, -307.7285102033994, -321.9608477335024, -336.406296127388, -351.05429896975875, -365.8942998453172, -380.91574233876594, -396.10807003480744, -411.46072651814427, -426.9631553734789, -442.604800185514, -457.1089941442465, -457.7419545212931, -458.3751045389521, -459.00844352161283, -459.64197079366477],
        "4": [-229.01241513147536, -241.37776118220273, -254.0859951598086, -267.1180037937712, -280.4552639415151, -294.07984258841157, -307.9743968477783, -322.12217396087937, -336.50701129692555, -351.11333635307415, -365.9261667544287, -380.9311102540396, -396.11436473290354, -411.4627181999637, -426.9635487921099, -442.6048247741785, -457.10899414525363, -457.7419545213561, -458.3751045389521, -459.00844352167576, -459.6419707946719]
    },
    "apdft_poly_coeff": [ -458.3751045389521, -63.324461276161514, -0.9448250088439636, 0.11260176317288519, -0.0062946980960987275 ],
    "hf_energies": [-228.338532056657, -240.87336195205984, -253.6472149552205, -266.73061762452454, -280.10935954438605, -293.76840248335594, -307.6921367122999, -321.86475748729345, -336.2706652858064, -350.89475104338703, -365.7225068206984, -380.74001296858694, -395.9338871434866, -411.29124980562045, -426.79972162891556, -442.4474456718321, -456.9566138684915, -457.58977296241875, -458.22312021888894, -458.85665497056516, -459.4903765516775],
    "triples_corrections": [-0.005802581558171568, -0.006299570338696689, -0.006706587119064902, -0.006960254628699481, -0.00703347235649622, -0.00695439504630953, -0.006779457020397646, -0.0065510557925737, -0.006287255569625243, -0.005994965584398808, -0.005680601714656259, -0.005352939631107074, -0.005022180091660497, -0.004698111465334931, -0.004388585286551422, -0.004098710638129556, -0.0038514306017734656, -0.003841108541468643, -0.0038308220337011857, -0.003820571024529615, -0.0038103554561927213],
    "scf_converged": [true, true, true, true, true, true, true, true, true, true, true, true, true, true, true, true, true, true, true, true, true],
    "cc_converged": [true, true, true, true, true, true, true, true, true, true, true, true, true, true, true, true, true, true, true, true, true],
    "scf_spin_squared": [3.897825218087087, 3.7522432059723556, 3.7506005634137445, 3.7501628976683232, 3.7504746000004907, 3.7509419987461445, 3.751208465486231, 3.75123095174121, 3.751117180867494, 3.7509719961684285, 3.750851319829355, 3.75077367372932, 3.750738553606878, 3.750737578903994, 3.750760051560164, 3.750795579246912, 3.7508320896024516, 3.7508336646079865, 3.750835235020695, 3.7508368004445076, 3.750838360488131],
    "cc_spin_squared": [3.7530059304648185, 3.7507879013005403, 3.750846453025725, 3.750871460905213, 3.750874960377358, 3.750859821444737, 3.7508251719181973, 3.750774370708266, 3.7507145809497153, 3.7506527374880285, 3.750593333859084, 3.7505386133249643, 3.750489341495195, 3.7504454854526084, 3.750406607666849, 3.7503721539723807, 3.750343794354172, 3.7503426259636146, 3.750341462632948, 3.7503403043238506, 3.7503391509982964]
}