{
    "schema_name": "pyscf_apdft_output",
    "provenance": {
        "creator": "PySCF",
        "version": "1.7.6"
    },
    "molecule": {
        "geometry": [[0.0, 0.0, 0.0]],
        "symbols": [ "N" ]
    },
    "molecular_charge": 2,
    "molecular_multiplicity": 2,
    "name": "n.chrg2.mult2-pyscf-uccsdt.augccpvtz",
    "atomic_numbers": [ 7 ],
    "n_electrons": 5,
    "model": {
        "method": "UCCSD(T)",
        "basis": "aug-cc-pVTZ",
        "scf_conv_tol": 1e-09,
        "scf_conv_tol_grad": 1e-06,
        "cc_conv_tol": 1e-07,
        "cc_conv_tol_normt": 1e-05
    },
    "broken_symmetry": false,
    "finite_diff_delta": 0.01,
    "finite_diff_acc": 2,
    "apdft_lambdas": [-4.0, -3.75, -3.5, -3.25, -3.0, -2.75, -2.5, -2.25, -2.0, -1.75, -1.5, -1.25, -1.0, -0.75, -0.5, -0.25, -0.02, -0.01, 0.0, 0.01, 0.02],
    "electronic_energies": [-6.999596550020554, -8.444209911706913, -10.136097673117478, -12.182728029076609, -14.223036665881231, -16.43570728598347, -18.829734189256996, -21.412201017004065, -24.18705308931862, -27.154743038238696, -30.31298654163158, -33.65747957595035, -37.18214391610613, -40.87927028429624, -44.73981394840119, -48.753833158666325, -52.573367678652296, -52.742056356883424, -52.910957988417564, -53.08007191157414, -53.249397465336806],
    "apdft_energies": {
        "0": [-52.91095798841754, -52.91095798841754, -52.91095798841754, -52.91095798841754, -52.91095798841754, -52.91095798841754, -52.91095798841754, -52.91095798841754, -52.91095798841754, -52.91095798841754, -52.91095798841754, -52.91095798841754, -52.91095798841754, -52.91095798841754, -52.91095798841754, -52.91095798841754, -52.91095798841754, -52.91095798841754, -52.91095798841754, -52.91095798841754, -52.91095798841754],
        "1": [14.69215294972512, 10.466958516091204, 6.241764082457287, 2.0165696488233706, -2.208624784810546, -6.433819218444462, -10.659013652078379, -14.884208085712295, -19.10940251934621, -23.334596952980128, -27.559791386614044, -31.78498582024796, -36.01018025388188, -40.235374687515794, -44.46056912114971, -48.68576355478363, -52.57294243372683, -52.74195021107219, -52.91095798841754, -53.0799657657629, -53.24897354310826],
        "2": [-2.291176848269764, -4.459796189177737, -6.761097794132546, -9.19508166313419, -11.761747796182668, -14.461096193277982, -17.29312685442013, -20.257839779609114, -23.355234968844933, -26.585312422127586, -29.948072139457075, -33.4435141208334, -37.07163836625656, -40.83244487572655, -44.72593364924338, -48.752104686807044, -52.57336701697178, -52.742056356883424, -52.91095798841754, -53.08007191157414, -53.249398126353206],
        "3": [-9.345560407349488, -10.272429126651879, -11.486983655000408, -12.978890422728462, -14.737815860169427, -16.753426397656675, -19.01538846552358, -21.513368494103528, -24.237032913729898, -27.17604815473607, -30.32008064745542, -33.65879682222133, -37.18186310936718, -40.87894593922634, -44.73971174213221, -48.75382694841815, -52.573367898769725, -52.74205646710817, -52.91095798841754, -53.08007180134939, -53.24939724455526],
        "4": [-10.053920355825333, -10.819620325254014, -11.90221125175102, -13.287598132817863, -14.961945375116862, -16.91167679447117, -19.12347561586474, -21.584284473442366, -24.28130541050964, -27.201999879532984, -30.334088742139635, -33.665552269117654, -37.18463014041591, -40.87982144514411, -44.739884681572754, -48.753837757133184, -52.57336789921245, -52.74205646713584, -52.91095798841754, -53.080071801377066, -53.249397244997986]
    },
    "apdft_poly_coeff": [ -52.91095798841754, -16.900777734535666, -1.0614581123746802, 0.11022474311062068, -0.00276703104873377 ],
    "hf_energies": [-6.900194388572063, -8.36707840167422, -10.052306011151348, -12.101038223444544, -14.13667224757795, -16.34460268383139, -18.734953233545678, -21.315125542474092, -24.088778262034538, -27.056113908324598, -30.214699201240535, -33.56003857183505, -37.08581460004723, -40.78407932830464, -44.645587877836306, -48.66025635138495, -52.48004006751802, -52.648731554773384, -52.81763532172376, -52.986750706957864, -53.15607704985288],
    "triples_corrections": [-0.007496839702564175, -0.006990213112747212, -0.007716692143112569, -0.0015370344339621647, -0.0017477695065696306, -0.0019356848577844156, -0.00203049740850881, -0.0020097263283250194, -0.001925813758777091, -0.001828280858844606, -0.0017327287190354605, -0.0016413793798077878, -0.001554389369366709, -0.0014716473753527057, -0.0013928268163603136, -0.0013173387086783072, -0.0012500839526971247, -0.0012471943518636633, -0.0012443070274469044, -0.001241421906542861, -0.001238538916265291],
    "scf_converged": [true, true, true, true, true, true, true, true, true, true, true, true, true, true, true, true, true, true, true, true, true],
    "cc_converged": [true, true, true, true, true, true, true, true, true, true, true, true, true, true, true, true, true, true, true, true, true],
    "scf_spin_squared": [1.750011010206726, 0.7500397538804524, 0.7501079025829238, 0.7617709432935524, 0.7618168221155561, 0.7621258054714053, 0.7628269520856219, 0.7628628434440512, 0.7617476538140528, 0.7601487158492639, 0.7586767325435104, 0.7575033204335235, 0.7565849045608164, 0.7558408654709574, 0.7552137862396497, 0.7546738215132265, 0.7542423977373558, 0.7542249616491876, 0.7542076321580304, 0.7541904088453746, 0.7541732912912655],
    "cc_spin_squared": [3.743953064216461, 0.7505366438336349, 0.7508777663235242, 0.750073009659126, 0.7500800366581577, 0.750091918569037, 0.7501010923017215, 0.7500984330405301, 0.7500852751037063, 0.7500695845123126, 0.7500560192869103, 0.750045430136198, 0.7500373081354523, 0.7500310017963205, 0.7500260251015227, 0.7500220562546545, 0.7500191045129561, 0.7500189891600484, 0.7500188748046892, 0.7500187614372241, 0.7500186490480454]
}