{
    "schema_name": "pyscf_apdft_output",
    "provenance": {
        "creator": "PySCF",
        "version": "1.7.6"
    },
    "molecule": {
        "geometry": [[0.0, 0.0, 0.0]],
        "symbols": [ "Ne" ]
    },
    "molecular_charge": -2,
    "molecular_multiplicity": 1,
    "name": "ne.chrg-2.mult1-pyscf-ccsdt.augccpvqz",
    "atomic_numbers": [ 10 ],
    "n_electrons": 12,
    "model": {
        "method": "CCSD(T)",
        "basis": "aug-cc-pVQZ",
        "scf_conv_tol": 1e-09,
        "scf_conv_tol_grad": 1e-06,
        "cc_conv_tol": 1e-07,
        "cc_conv_tol_normt": 1e-05
    },
    "broken_symmetry": false,
    "finite_diff_delta": 0.01,
    "finite_diff_acc": 2,
    "apdft_lambdas": [-0.02, -0.01, 0.0, 0.01, 0.02, 0.25, 0.5, 0.75, 1.0, 1.25, 1.5, 1.75, 2.0, 2.25, 2.5, 2.75, 3.0, 3.25, 3.5, 3.75, 4.0],
    "electronic_energies": [-127.66663557279162, -127.98409643839551, -128.30199700129623, -128.62033523140187, -128.93910960207936, -136.34405247381864, -144.65047103103166, -153.21404149761364, -162.03338097058892, -171.1071806357501, -180.4342023488691, -190.01324811918215, -199.8431043169591, -209.92246828511998, -220.24984837091012, -230.82345611366068, -241.6410995520686, -252.7001002723982, -263.99725175116924, -275.52882941754325, -287.2906512509316],
    "apdft_energies": {
        "0": [-128.3019970022142, -128.3019970022142, -128.3019970022142, -128.3019970022142, -128.3019970022142, -128.3019970022142, -128.3019970022142, -128.3019970022142, -128.3019970022142, -128.3019970022142, -128.3019970022142, -128.3019970022142, -128.3019970022142, -128.3019970022142, -128.3019970022142, -128.3019970022142, -128.3019970022142, -128.3019970022142, -128.3019970022142, -128.3019970022142, -128.3019970022142],
        "1": [-127.66575820920784, -127.98387760571102, -128.3019970022142, -128.62011639871736, -128.93823579522055, -136.25498191479363, -144.2079668273731, -152.16095173995257, -160.113936652532, -168.06692156511144, -176.0199064776909, -183.97289139027038, -191.92587630284982, -199.87886121542925, -207.83184612800872, -215.7848310405882, -223.73781595316763, -231.69080086574706, -239.64378577832653, -247.596770690906, -255.54975560348544],
        "2": [-127.66663353994582, -127.98409643839551, -128.3019970022142, -128.62033523140187, -128.93911112595853, -136.39175234260355, -144.75504853861273, -153.3918855902417, -162.30226349749051, -171.48618226035913, -180.94364187884756, -190.6746423529558, -200.67918368268386, -210.95726586803173, -221.5088889089994, -232.3340528055869, -243.43275755779422, -254.80500316562134, -266.45078962906825, -278.37011694813503, -290.5629851228216],
        "3": [-127.66663591109581, -127.98409673478926, -128.3019970022142, -128.62033493500812, -128.93910875480856, -136.38712119029006, -144.7179993201048, -153.26684447777745, -162.0058697494271, -170.90728822117276, -179.94331297913354, -189.08615710942843, -198.30803369817653, -207.58115583149691, -216.87773659550857, -226.16998907633058, -235.43012636008206, -244.63036153288198, -253.74290768084944, -262.73997789010343, -271.5937852467631],
        "4": [-127.66663625040687, -127.9840967559962, -128.3019970022142, -128.62033495621506, -128.9391090941196, -136.3954051517698, -144.85054270378072, -153.93784535763683, -164.12656388824195, -176.0847641460137, -190.6793270568837, -208.97594862229738, -232.2391399192141, -261.93222710010707, -299.71735139296345, -347.4554691012844, -407.20635160408455, -481.22858535589296, -571.9795718867522, -682.1155278022189, -814.4914847833636]
    },
    "apdft_poly_coeff": [ -128.3019970022142, -31.81193965031781, -2.1883268449585103, 0.2963937480634134, -2.1206941388148457 ],
    "hf_energies": [-127.26099881808184, -127.57674653006961, -127.89289867505136, -128.20945523182246, -128.52641617956704, -135.91780891218338, -144.24061381139472, -152.8175706887605, -161.64792085655404, -170.73090233680182, -180.0657013853393, -189.65142832241452, -199.48709151330783, -209.57155544154745, -219.90347668877266, -230.48121856876756, -241.302753607834, -252.36557208050797, -263.66662024356475, -275.2022891130061, -286.96846221779583],
    "triples_corrections": [-0.03404693505775986, -0.0352766129697855, -0.03652957387983286, -0.03780414467498634, -0.039099069733244354, -0.016145436663493763, -0.012204160899445496, -0.009686222638496264, -0.008020975063193518, -0.006874327166886941, -0.006053423540996356, -0.005445459272433438, -0.004982547939883598, -0.0046223926251019115, -0.004336879159178799, -0.004105799123204422, -0.0039133826923983695, -0.0037468448791921362, -0.0035961384908652742, -0.0034541881982617165, -0.0033169832998351883],
    "scf_converged": [true, true, true, true, true, true, true, true, true, true, true, true, true, true, true, true, true, true, true, true, true],
    "cc_converged": [true, true, true, true, true, true, true, true, true, true, true, true, true, true, true, true, true, true, true, true, true],
    "t1_diagnostic": [0.011181137320492703, 0.011271783591383274, 0.01136502841886286, 0.011460775745002906, 0.011558925192599082, 0.005008367508059519, 0.004558430394538253, 0.004199515518465194, 0.003972101360576729, 0.003902365937722207, 0.003993331538454122, 0.004221901073792491, 0.004543813866035577, 0.004902825730062014, 0.005239156398398819, 0.005498722679586867, 0.005642510071753264, 0.00565341859277266, 0.005536896350170874, 0.0053157393915527085, 0.005022703817014168]
}