{
    "schema_name": "pyscf_qa_output",
    "provenance": {
        "creator": "PySCF",
        "version": "1.7.6"
    },
    "molecule": {
        "geometry": [[0.0, 0.0, 0.0]],
        "symbols": [ "Ne" ]
    },
    "molecular_charge": 0,
    "molecular_multiplicity": 3,
    "name": "ne.chrg0.mult3-pyscf-uccsdt.augccpvqz",
    "atomic_numbers": [ 10 ],
    "n_electrons": 10,
    "model": {
        "method": "UCCSD(T)",
        "basis": "aug-cc-pVQZ",
        "scf_conv_tol": 1e-09,
        "scf_conv_tol_grad": 1e-06,
        "cc_conv_tol": 1e-07,
        "cc_conv_tol_normt": 1e-05
    },
    "broken_symmetry": false,
    "finite_diff_delta": 0.01,
    "finite_diff_acc": 2,
    "qa_lambdas": [-2.0, -1.75, -1.5, -1.25, -1.0, -0.75, -0.5, -0.25, -0.02, -0.01, 0.0, 0.01, 0.02, 0.25, 0.5, 0.75, 1.0, 1.25, 1.5, 1.75, 2.0],
    "electronic_energies": [-74.55695022901301, -80.42625310252373, -86.53655048620465, -92.88790769959812, -99.47472963480331, -106.30140606984179, -113.3421073534325, -120.64019144293734, -127.55397074896344, -127.84906499514973, -128.16464285001646, -128.46048219712753, -128.76675851894836, -136.0055044901732, -144.02308540764562, -152.2777646437677, -160.76925964284266, -169.49713099609815, -178.4607019675969, -187.65895794835657, -197.09044567431894],
    "qats_energies": {
        "0": [-128.15458433802556, -128.15458433802556, -128.15458433802556, -128.15458433802556, -128.15458433802556, -128.15458433802556, -128.15458433802556, -128.15458433802556, -128.15458433802556, -128.15458433802556, -128.15458433802556, -128.15458433802556, -128.15458433802556, -128.15458433802556, -128.15458433802556, -128.15458433802556, -128.15458433802556, -128.15458433802556, -128.15458433802556, -128.15458433802556, -128.15458433802556],
        "1": [-67.01286414024545, -74.65557916496797, -82.29829418969048, -89.94100921441299, -97.5837242391355, -105.22643926385803, -112.86915428858053, -120.51186931330304, -127.54316713604776, -127.84887573703665, -128.15458433802556, -128.46029293901447, -128.76600154000334, -135.79729936274808, -143.44001438747057, -151.0827294121931, -158.7254444369156, -166.36815946163813, -174.01087448636065, -181.65358951108314, -189.29630453580566],
        "2": [-74.58318866294869, -80.45160887766264, -86.55660173371105, -92.89816723109394, -99.47630536981131, -106.29101614986317, -113.34229957124948, -120.63015563397028, -127.54392416850003, -127.84906499514972, -128.15458433802556, -128.46048219712753, -128.76675857245561, -135.91558568341532, -143.91315967013952, -152.14730629819823, -160.61802556759142, -169.32531747831908, -178.26918203038122, -187.4496192237778, -196.8666290585089],
        "3": [-6772.339169121874, -4567.424853599169, -2912.17240598982, -1728.092498397824, -936.6958029271769, -459.4929916818768, -217.9947367659202, -133.71171028330411, -127.55062192448048, -127.84990221464729, -128.15458433802556, -128.45964497762998, -128.76006081647517, -122.83403103408148, -39.260722475468825, 201.05466923381536, 676.6014719897743, 1465.8690136884104, 2647.346622225728, 4299.523625497729, 6500.889351400417],
        "4": [-676540.8029017263, -397173.401763263, -214831.10038388413, -103926.64958650274, -42797.22478621495, -13704.425990300275, -2834.277798221406, -297.229401624272, -127.55731960911781, -127.85032081993711, -128.15458433802556, -128.46006358291982, -128.7667585011125, -286.35172237504935, -2655.5437839309548, -13043.878329384585, -41183.927511297996, -100732.68807441651, -209271.58135566866, -388306.4532841662, -663267.574381204]
    },
    "qats_poly_coeffs": [ -128.15458433802556, -30.57086009889005, -1.8925811306758078, 837.2194975573657, -41860.528983287775 ],
    "hf_energies": [-74.23839299770559, -80.11461509258852, -86.23193150311518, -92.58929325936835, -99.19245229634032, -106.0205671193882, -113.06492759694967, -120.36421258485959, -127.28006044912887, -127.57652382924547, -127.89090892072088, -128.18812772480368, -128.49449742684868, -135.7288433704068, -143.74928122403725, -152.00680143382945, -160.50116695061138, -169.2319763853179, -178.1985872974548, -187.40001859435284, -196.83484912205813],
    "triples_corrections": [-0.014010280896042789, -0.011748051606538738, -0.009627796027719923, -0.007992709533733551, -0.0057709218415605895, -0.0056025079732398035, -0.004576537443036793, -0.004530535734537595, -0.004185020889680292, -0.0037598247926856703, -0.004158794854334696, -0.0037324295771194466, -0.0037188960314633126, -0.0037198933278142395, -0.0033945654837310973, -0.0031206610540469547, -0.0028861695693829436, -0.0026814897713496864, -0.002499165898854097, -0.0023335631754868706, -0.0021806018886637015],
    "scf_converged": [true, true, true, true, true, true, true, true, true, true, true, true, true, true, true, true, true, true, true, true, true],
    "cc_converged": [true, true, true, true, true, true, true, true, true, true, true, true, true, true, true, true, true, true, true, true, true],
    "scf_spin_squared": [2.010148009128616, 2.0047610359198265, 2.0037197802320366, 2.0033557706858334, 2.0045123703446084, 2.003780901599722, 2.003415338608879, 2.0030198766569542, 2.002765340185645, 2.002776158160874, 2.0027451508120953, 2.002755055354094, 2.0027446202880954, 2.0022640179854436, 2.002118102276061, 2.0019838565605994, 2.0018608493868575, 2.0017481853313646, 2.001644769608549, 2.0015495065917093, 2.001461421596442],
    "cc_spin_squared": [2.0003222106634992, 2.0002422199527112, 2.0001780365975024, 2.0001313546421597, 2.00011441004746, 2.000137637787578, 2.000066805500343, 2.0000853493698245, 2.0000734063147765, 2.0000453634836175, 2.000072578888845, 2.000044738975415, 2.000044434351327, 2.0000354862809173, 2.0000302809980472, 2.000026141208026, 2.000022813087554, 2.000020108118817, 2.000017881367472, 2.0000160197031303, 2.000014436396009]
}