{
    "schema_name": "pyscf_qa_output",
    "provenance": {
        "creator": "PySCF",
        "version": "1.7.6"
    },
    "molecule": {
        "geometry": [[0.0, 0.0, 0.0]],
        "symbols": [ "N" ]
    },
    "molecular_charge": -2,
    "molecular_multiplicity": 2,
    "name": "n.chrg-2.mult2-pyscf-uccsdt.augccpv5z",
    "atomic_numbers": [ 7 ],
    "n_electrons": 9,
    "model": {
        "method": "UCCSD(T)",
        "basis": "aug-cc-pV5Z",
        "scf_conv_tol": 1e-09,
        "scf_conv_tol_grad": 1e-06,
        "cc_conv_tol": 1e-05,
        "cc_conv_tol_normt": 1e-07
    },
    "broken_symmetry": false,
    "finite_diff_delta": 0.01,
    "finite_diff_acc": 2,
    "qa_lambdas": [-0.02, -0.01, 0.0, 0.01, 0.02, 0.25, 0.5, 0.75, 1.0, 1.25, 1.5, 1.75, 2.0, 2.25, 2.5, 2.75, 3.0, 3.25, 3.5, 3.75, 4.0],
    "electronic_energies": [-53.97641662229707, -54.16411546247447, -54.352182473441445, -54.54061800235425, -54.72942229519342, -59.17435781694854, -64.22753169206665, -69.52993322772575, -75.0733016200292, -80.85525752951462, -86.87164586071272, -93.11848021233595, -99.59214316848407, -106.28894427166047, -113.20497066208233, -120.33604357686748, -127.67771499462823, -135.22528697929044, -142.9738445229146, -150.91829285196195, -159.05339250302717],
    "qats_energies": {
        "0": [-54.35218247344126, -54.35218247344126, -54.35218247344126, -54.35218247344126, -54.35218247344126, -54.35218247344126, -54.35218247344126, -54.35218247344126, -54.35218247344126, -54.35218247344126, -54.35218247344126, -54.35218247344126, -54.35218247344126, -54.35218247344126, -54.35218247344126, -54.35218247344126, -54.35218247344126, -54.35218247344126, -54.35218247344126, -54.35218247344126, -54.35218247344126],
        "1": [-53.97567993356148, -54.16393120350137, -54.35218247344126, -54.54043374338115, -54.72868501332104, -59.058464221938515, -63.76474597043577, -68.47102771893302, -73.17730946743028, -77.88359121592754, -82.58987296442479, -87.29615471292203, -92.0024364614193, -96.70871820991655, -101.4149999584138, -106.12128170691105, -110.82756345540831, -115.53384520390557, -120.24012695240282, -124.94640870090008, -129.6526904493973],
        "2": [-53.97641696945388, -54.16411546247447, -54.35218247344126, -54.54061800235425, -54.72942204921344, -59.1736260801259, -64.22539340318531, -69.50748444261949, -75.01989919842843, -80.76263767061215, -86.73569985917064, -92.9390857641039, -99.37279538541192, -106.03682872309471, -112.93118577715228, -120.05586654758461, -127.41087103439172, -134.9961992375736, -142.81185115713023, -150.85782679306163, -159.13412614536782],
        "3": [-53.97641657402935, -54.1641154130464, -54.35218247344126, -54.54061805178232, -54.72942244463797, -59.174398393653846, -64.23157191140886, -69.528336907874, -75.06932726421692, -80.85917686160529, -86.90251958120678, -93.20398930418907, -99.7682199117198, -106.59984528496668, -113.70349930509737, -121.08381585327952, -128.74542881068083, -136.6929720584689, -144.93107947781155, -153.46438494987632, -162.2975223558309],
        "4": [-53.976416506578154, -54.1641154088307, -54.35218247344126, -54.54061804756662, -54.72942237718677, -59.17275163592367, -64.20522378772601, -69.39494953172957, -74.6477572852913, -79.82995328024391, -84.76832156289584, -89.25012399403121, -93.02310024890991, -95.79546781726755, -97.23592200331542, -96.97363592574058, -94.59826051770578, -89.65992452684952, -81.66923451528604, -70.0972748596052, -54.375607750872746]
    },
    "qats_poly_coeffs": [ -54.35218247344126, -18.825126993989016, -1.8425897309981565, -0.04942806578848527, 0.42156997892561776 ],
    "hf_energies": [-53.65123555149462, -53.8389546650854, -54.02705439280151, -54.21553502444807, -54.404396844843106, -58.85398999191611, -63.95292126832293, -69.24002390354799, -74.78854828887103, -80.57630576316078, -86.59738003787497, -92.84833854961832, -99.32586140082148, -106.02642613021123, -112.94622725399537, -120.08115928465742, -127.42682655355594, -134.97856997613982, -142.73150323246222, -150.68055123307587, -158.82048592813226],
    "triples_corrections": [-0.024714648141997097, -0.02473697356886899, -0.024757186143347445, -0.024775136209941612, -0.024790619590541973, -0.024027836907934877, -0.01142610074792249, -0.012847651312285711, -0.010286375811578942, -0.008262366321661345, -0.0069254818686192675, -0.00594700017675211, -0.0051860862312549045, -0.004571077435692351, -0.004059930497683265, -0.0036261448892376375, -0.0032520884784062124, -0.002925462136482687, -0.002637407088077196, -0.002381432985322284, -0.002152723673532657],
    "scf_converged": [true, true, true, true, true, true, true, true, true, true, true, true, true, true, true, true, true, true, true, true, true],
    "cc_converged": [true, true, true, true, true, true, true, true, true, true, true, true, true, true, true, true, true, true, true, true, true],
    "scf_spin_squared": [0.7728700649764155, 0.7730661571288655, 0.7732715314198555, 0.7734885275304766, 0.7737172717554341, 0.7853261667147313, 1.7422868238516926, 0.9699423604884663, 0.7727548621332643, 0.7596199764802058, 0.7564241880661884, 0.7550296689463001, 0.7542208335781084, 0.753673707571997, 0.7532678782242934, 0.7529484973176879, 0.7526871581888406, 0.7524675718109091, 0.7522795659469197, 0.7521162612911674, 0.7519727362273958],
    "cc_spin_squared": [1.0391902311889458, 1.0337955107219217, 1.0283125700971714, 1.022741327899113, 1.017082909531948, 0.8740822600540159, 0.9149043932044121, 0.7673638168622854, 0.7520824554030532, 0.7505768426586221, 0.7502556625649093, 0.7501489616738346, 0.7501001980531599, 0.7500732024168961, 0.7500563111917287, 0.7500448730653875, 0.7500366371716636, 0.7500304449056161, 0.7500256337475153, 0.7500218089432513, 0.7500187043813535]
}