{
    "schema_name": "pyscf_apdft_output",
    "provenance": {
        "creator": "PySCF",
        "version": "1.7.6"
    },
    "molecule": {
        "geometry": [[0.0, 0.0, 0.0]],
        "symbols": [ "B" ]
    },
    "molecular_charge": -2,
    "molecular_multiplicity": 2,
    "name": "b.chrg-2.mult2-pyscf-uccsdt.augccpv5z",
    "atomic_numbers": [ 5 ],
    "n_electrons": 7,
    "model": {
        "method": "UCCSD(T)",
        "basis": "aug-cc-pV5Z",
        "scf_conv_tol": 1e-09,
        "scf_conv_tol_grad": 1e-06,
        "cc_conv_tol": 1e-05,
        "cc_conv_tol_normt": 1e-07
    },
    "broken_symmetry": false,
    "finite_diff_delta": 0.01,
    "finite_diff_acc": 2,
    "apdft_lambdas": [-0.02, -0.01, 0.0, 0.01, 0.02, 0.25, 0.5, 0.75, 1.0, 1.25, 1.5, 1.75, 2.0, 2.25, 2.5, 2.75, 3.0, 3.25, 3.5, 3.75, 4.0],
    "electronic_energies": [-24.271540797933625, -24.3881061951484, -24.50499686168638, -24.622213850425858, -24.7397577227531, -27.533301351916144, -30.75832890875257, -34.1705180128451, -37.78858363347326, -41.62057242507893, -45.65250399447405, -49.87697187543802, -54.28802831832811, -58.87960120928695, -63.64531596656562, -68.5785116996086, -73.67231177381493, -78.91970191093237, -84.3135956813069, -89.84688825485246, -95.51249771668411],
    "apdft_energies": {
        "0": [-24.50499686168636, -24.50499686168636, -24.50499686168636, -24.50499686168636, -24.50499686168636, -24.50499686168636, -24.50499686168636, -24.50499686168636, -24.50499686168636, -24.50499686168636, -24.50499686168636, -24.50499686168636, -24.50499686168636, -24.50499686168636, -24.50499686168636, -24.50499686168636, -24.50499686168636, -24.50499686168636, -24.50499686168636, -24.50499686168636, -24.50499686168636],
        "1": [-24.270889206408903, -24.38794303404763, -24.50499686168636, -24.622050689325093, -24.73910451696382, -27.4313425526546, -30.35768824362283, -33.284033934591065, -36.2103796255593, -39.13672531652754, -42.06307100749577, -44.98941669846401, -47.915762389432246, -50.84210808040048, -53.76845377136871, -56.694799462336945, -59.62114515330518, -62.54749084427341, -65.47383653524166, -68.40018222620989, -71.32652791717813],
        "2": [-24.27154185081197, -24.3881061951484, -24.50499686168636, -24.622213850425858, -24.73975716136689, -27.533318240634024, -30.765590995540542, -34.20181512640592, -37.84199063323014, -41.686117516013226, -45.734195774755165, -49.986225409455955, -54.44220642011561, -59.10213880673412, -63.96602256931148, -69.03385770784769, -74.30564422234275, -79.78138211279668, -85.46107137920946, -91.34471202158109, -97.43230403991159],
        "3": [-24.2715407746356, -24.388106060626352, -24.50499686168636, -24.622213984947905, -24.73975823754326, -27.535420147611198, -30.78240625135793, -34.2585666147896, -37.97651267976926, -41.948855888159926, -46.18820768182467, -50.707179502626516, -55.51838279242851, -60.63442899309369, -66.0679295464851, -71.8314958944658, -77.9377394788988, -84.39927174164718, -91.22870412457394, -98.43864806954214, -106.04171501841482],
        "4": [-24.271540446974168, -24.388106040147512, -24.50499686168636, -24.622213964469065, -24.73975790988183, -27.527420600984232, -30.654413505326488, -33.61060333800542, -35.92862874326617, -36.949139246306686, -35.82079525327779, -31.5002680512831, -22.752239808379095, -8.149403573575093, 13.927536723166785, 45.28986627093154, 87.94085937785134, 144.07577947110562, 216.0818790969208, 306.53839992057055, 418.2165727263759]
    },
    "apdft_poly_coeff": [ -24.50499686168636, -11.70538276387294, -1.6316110076708412, -0.13452204653911318, 2.0478839365030885 ],
    "hf_energies": [-24.106727515319164, -24.222498495390706, -24.3385856079121, -24.45498934222888, -24.57171018351775, -27.34485927297556, -30.555418115141062, -33.98846281545403, -37.613726117929055, -41.448612864800225, -45.47976812890656, -49.703508792843564, -54.11381858187991, -58.70467802438105, -63.46973840290269, -68.40235106131577, -73.49564858702048, -78.74262801534479, -84.13621927858853, -89.66933755727112, -95.33492314473554],
    "triples_corrections": [-0.011668476125451742, -0.011670156360599992, -0.011672934966637561, -0.011677021244747551, -0.011682460400597519, -0.012329716279139643, -0.015057058755288776, -0.010026533127736215, -0.008645604604606838, -0.007733284336751607, -0.00788159950482071, -0.008238723671939627, -0.008737279919577344, -0.009333015964820337, -0.01000045891122971, -0.010721313298123538, -0.01147775438672679, -0.01224963692092203, -0.01301346567225622, -0.013744251345211603, -0.014417455593584433],
    "scf_converged": [true, true, true, true, true, true, true, true, true, true, true, true, true, true, true, true, true, true, true, true, true],
    "cc_converged": [true, true, true, true, true, true, true, true, true, true, true, true, true, true, true, true, true, true, true, true, true],
    "scf_spin_squared": [0.7524237574487049, 0.7524443347485361, 0.7524651863672078, 0.7524862912995545, 0.7525076271658717, 0.7530341792946902, 0.7535090042064327, 0.7665301466602816, 0.8094483576381628, 0.7923704744820634, 0.7612398741999531, 0.757825325011948, 0.7563890944960843, 0.7554986734874607, 0.7548491485292925, 0.7543376570014821, 0.7539178426546549, 0.7535638169521066, 0.753258908096277, 0.7529914845526005, 0.7527531163775225],
    "cc_spin_squared": [0.9571471959746103, 0.9903878224403906, 1.0264956302158887, 1.0655059716274666, 1.1074230757711425, 2.1975442482634273, 2.4470152580417004, 1.4418684983432988, 0.7605243373983406, 0.7516092761928532, 0.750460203014581, 0.7502749812055285, 0.7502022579063463, 0.7501625274216948, 0.7501369501087778, 0.7501189143086959, 0.7501054008612336, 0.7500947360323185, 0.7500859068847641, 0.750078265408483, 0.7500714054450621]
}