{
    "schema_name": "pyscf_apdft_output",
    "provenance": {
        "creator": "PySCF",
        "version": "1.7.6"
    },
    "molecule": {
        "geometry": [[0.0, 0.0, 0.0]],
        "symbols": [ "P" ]
    },
    "molecular_charge": 2,
    "molecular_multiplicity": 2,
    "name": "p.chrg2.mult2-pyscf-uccsdt.augccpvtz",
    "atomic_numbers": [ 15 ],
    "n_electrons": 13,
    "model": {
        "method": "UCCSD(T)",
        "basis": "aug-cc-pVTZ",
        "scf_conv_tol": 1e-09,
        "scf_conv_tol_grad": 1e-06,
        "cc_conv_tol": 1e-07,
        "cc_conv_tol_normt": 1e-05
    },
    "broken_symmetry": false,
    "finite_diff_delta": 0.01,
    "finite_diff_acc": 2,
    "apdft_lambdas": [-4.0, -3.75, -3.5, -3.25, -3.0, -2.75, -2.5, -2.25, -2.0, -1.75, -1.5, -1.25, -1.0, -0.75, -0.5, -0.25, -0.02, -0.01, 0.0, 0.01, 0.02],
    "electronic_energies": [-150.1095085407026, -160.12645818280404, -170.39880351742693, -180.97918953033655, -191.85264988650235, -203.0040337270534, -214.41815768784133, -226.07974251732668, -237.97328603711074, -250.0833500723565, -262.3950829255632, -274.8944464250192, -287.5681125811211, -300.4032675947237, -313.38747353521245, -326.5086252569048, -338.6909396208128, -339.2228720286503, -339.7549873534169, -340.287284888261, -340.81976392773396],
    "apdft_energies": {
        "0": [-339.75498735341694, -339.75498735341694, -339.75498735341694, -339.75498735341694, -339.75498735341694, -339.75498735341694, -339.75498735341694, -339.75498735341694, -339.75498735341694, -339.75498735341694, -339.75498735341694, -339.75498735341694, -339.75498735341694, -339.75498735341694, -339.75498735341694, -339.75498735341694, -339.75498735341694, -339.75498735341694, -339.75498735341694, -339.75498735341694, -339.75498735341694],
        "1": [-126.87241543126879, -140.17757617640305, -153.4827369215373, -166.78789766667157, -180.09305841180583, -193.3982191569401, -206.70337990207435, -220.0085406472086, -233.31370139234286, -246.61886213747712, -259.9240228826114, -273.22918362774567, -286.5343443728799, -299.83950511801413, -313.1446658631484, -326.4498266082827, -338.6905744938062, -339.2227809236116, -339.75498735341694, -340.2871937832223, -340.8194002130277],
        "2": [-141.44922162423177, -152.98922224443692, -164.6431041630246, -176.41086737999478, -188.2925118953475, -200.28803770908274, -212.3974448212005, -224.6207332317008, -236.9579029405836, -249.40895394784894, -261.9738862534968, -274.6526998575272, -287.4453947599401, -300.3519709607355, -313.37242845991346, -326.50676725747394, -338.690938913961, -339.2228720286503, -339.75498735341694, -340.287284888261, -340.8197646331825],
        "3": [-148.98149000361983, -159.19562014005086, -169.68913551874743, -180.45100254345073, -191.47018761790184, -202.73565714584188, -214.23637753101204, -225.9613151771534, -237.8994364880071, -250.0397078673143, -262.3710957188161, -274.88256644625363, -287.56308645336804, -300.40162214390045, -313.38713992159194, -326.50860619018374, -338.69093985549455, -339.22287214634196, -339.75498735341694, -340.28728477056933, -340.819763691649],
        "4": [-150.4779119529369, -160.35157047550277, -170.5663105920654, -181.10315261813403, -191.94366487530294, -203.06996369125133, -214.4647133997433, -226.11112634062798, -237.99296285983945, -250.09453130939667, -262.40068804740366, -274.8968374380493, -287.56893185160754, -300.4034716644371, -313.38750525898195, -326.5086290237706, -338.69093985642985, -339.2228721464004, -339.75498735341694, -340.28728477062776, -340.8197636925842]
    },
    "apdft_poly_coeff": [ -339.75498735341694, -53.220642980537036, -0.911050387060186, 0.11769169342793852, -0.005845398239519757 ],
    "hf_energies": [-149.87748950795824, -159.89545493047672, -170.17048776183512, -180.75312465775994, -191.6294829917086, -202.7852992438248, -214.20588555467185, -225.87598439046303, -237.77977079698906, -249.90133521017373, -262.2252957313404, -274.7370732652471, -287.42283653730715, -300.26934217596806, -313.2638213053148, -326.393952255689, -338.5832974154066, -339.11550852217295, -339.6479003131441, -340.180472084936, -340.7132231357868],
    "triples_corrections": [-0.00995523532814998, -0.0036121998095993905, -0.0034450062588432077, -0.0034173668435275827, -0.0034740677835500664, -0.003554588308152551, -0.0036083516107742633, -0.0036164498392252226, -0.003581306225683955, -0.0035014726905075403, -0.0033711013829985674, -0.003189462571677743, -0.0029645106853654086, -0.0027114034755350374, -0.002448661325300647, -0.0021938597480536588, -0.0019780669530400263, -0.0019692072608328256, -0.001960394556466585, -0.0019516291571109736, -0.0019429113657448642],
    "scf_converged": [true, true, true, true, true, true, true, true, true, true, true, true, true, true, true, true, true, true, true, true, true],
    "cc_converged": [true, true, true, true, true, true, true, true, true, true, true, true, true, true, true, true, true, true, true, true, true],
    "scf_spin_squared": [0.7501226110626558, 0.7828742158452524, 0.7825346171289134, 0.7812760503635889, 0.7794344047822541, 0.7777074108594437, 0.7763929234850231, 0.7750401817674684, 0.7733050346680077, 0.7713773760390907, 0.7695552888974735, 0.7679734852607858, 0.7666360252180064, 0.7655001606324756, 0.7645217711833929, 0.7636686337396181, 0.7629755732583039, 0.7629472220215092, 0.7629190110199389, 0.7628909392890755, 0.7628630058665129],
    "cc_spin_squared": [0.7521831880543122, 0.7502703961410955, 0.7502827124692213, 0.750293793804683, 0.7503038348801221, 0.7503084750155056, 0.7503005273378927, 0.7502767874245597, 0.750242820288983, 0.7502076143395184, 0.7501764883503612, 0.7501506907229492, 0.7501297237636084, 0.7501126194633354, 0.750098489462335, 0.7500866587984025, 0.750077392345259, 0.7500770198736681, 0.7500766497622089, 0.750076281991467, 0.7500759165419675]
}