{
    "schema_name": "pyscf_apdft_output",
    "provenance": {
        "creator": "PySCF",
        "version": "1.7.6"
    },
    "molecule": {
        "geometry": [[0.0, 0.0, 0.0]],
        "symbols": [ "Na" ]
    },
    "molecular_charge": 2,
    "molecular_multiplicity": 2,
    "name": "na.chrg2.mult2-pyscf-uccsdt.augccpvqz",
    "atomic_numbers": [ 11 ],
    "n_electrons": 9,
    "model": {
        "method": "UCCSD(T)",
        "basis": "aug-cc-pVQZ",
        "scf_conv_tol": 1e-09,
        "scf_conv_tol_grad": 1e-06,
        "cc_conv_tol": 1e-05,
        "cc_conv_tol_normt": 1e-07
    },
    "broken_symmetry": false,
    "finite_diff_delta": 0.01,
    "finite_diff_acc": 2,
    "apdft_lambdas": [-4.0, -3.75, -3.5, -3.25, -3.0, -2.75, -2.5, -2.25, -2.0, -1.75, -1.5, -1.25, -1.0, -0.75, -0.5, -0.25, -0.02, -0.01, 0.0, 0.01, 0.02],
    "electronic_energies": [-45.371499101528414, -50.41193126066543, -55.6896039006583, -61.64713874508593, -67.81635707236958, -74.30830171457505, -81.09899580012183, -88.16265506279883, -95.47402934486611, -103.01069276322407, -110.7512963705003, -118.67089560895383, -126.73881596528602, -134.9234289992193, -143.19772205030543, -151.54082453373275, -159.26373890398673, -159.60038699057043, -159.93710171001797, -160.27388241688107, -160.61072847298192],
    "apdft_energies": {
        "0": [-159.93710171001788, -159.93710171001788, -159.93710171001788, -159.93710171001788, -159.93710171001788, -159.93710171001788, -159.93710171001788, -159.93710171001788, -159.93710171001788, -159.93710171001788, -159.93710171001788, -159.93710171001788, -159.93710171001788, -159.93710171001788, -159.93710171001788, -159.93710171001788, -159.93710171001788, -159.93710171001788, -159.93710171001788, -159.93710171001788, -159.93710171001788],
        "1": [-25.238016447890402, -33.65670927677337, -42.07540210565634, -50.494094934539305, -58.91278776342227, -67.33148059230524, -75.75017342118821, -84.16886625007118, -92.58755907895414, -101.00625190783711, -109.42494473672008, -117.84363756560305, -126.26233039448601, -134.68102322336898, -143.09971605225195, -151.51840888113492, -159.26360628370725, -159.60035399686257, -159.93710171001788, -160.2738494231732, -160.61059713632852],
        "2": [-30.517009705779344, -38.29644944483982, -46.11713131872756, -53.97905532744255, -61.8822214709848, -69.82662974935431, -77.81228016255108, -85.8391727105751, -93.90730739342638, -102.01668421110492, -110.16730316361071, -118.35916425094376, -126.59226747310407, -134.86661283009164, -143.18220032190646, -151.53902994854855, -159.2637382585387, -159.60038699057043, -159.93710171001788, -160.27388241688107, -160.61072911115997],
        "3": [-37.36301552313074, -43.93738441397092, -50.703420372148514, -57.65109506882952, -64.77038017517992, -72.05124736236571, -79.48366830155288, -87.05761466390742, -94.7630581205953, -102.58997034278254, -110.5283230016351, -118.56808776831899, -126.69923631400019, -134.91174030984467, -143.19557142701848, -151.54070133668756, -159.26373911428942, -159.60038709753928, -159.93710171001788, -160.2738823099122, -160.61072825540924],
        "4": [-45.11776146481749, -49.92774106219315, -55.249110070876526, -61.030662006703594, -67.22403025829175, -73.78368808703972, -80.66694862712764, -87.83396488551702, -95.24772974195072, -102.87407594895305, -110.68167613182959, -118.64204278866741, -126.72952829033491, -134.92132488048185, -143.1974646755394, -151.54081966472012, -159.26373911913615, -159.6003870978422, -159.93710171001788, -160.27388231021516, -160.61072826025597]
    },
    "apdft_poly_coeff": [ -159.93710171001788, -33.67477131553187, -0.3299370786180589, 0.10696884089611557, -0.030291976334713883 ],
    "hf_energies": [-45.04556484859461, -50.10005382299447, -55.572731572926926, -61.40349024102703, -67.58012998033165, -74.08668068617929, -80.89801812422182, -87.99017774519163, -95.33723305450954, -102.91218213402513, -110.68675059722955, -118.63092013170177, -126.71404097668656, -134.90748703008921, -143.1869861210903, -151.53329403382648, -159.25813387211178, -159.59485003106, -159.9316317227852, -160.26847832271227, -160.60538921306824],
    "triples_corrections": [-0.057760790372466404, -0.04091174213247514, -0.01651505843885044, -0.0049798549746957535, -0.0054352367708144856, -0.006670639764712958, -0.009406787189399362, -0.011616070561432915, -0.011154746498823268, -0.008060876955372533, -0.004324428002285725, -0.001809937149838093, -0.0006684450210427072, -0.00024787559679954993, -9.925934323122478e-05, -4.369743759689642e-05, -2.2194974976711607e-05, -2.1583600959732495e-05, -2.0991585145419358e-05, -2.041824062928807e-05, -1.9862907388138792e-05],
    "scf_converged": [true, true, true, true, true, true, true, true, true, true, true, true, true, true, true, true, true, true, true, true, true],
    "cc_converged": [true, false, false, true, true, true, true, true, true, true, true, true, true, true, true, true, true, true, true, true, true],
    "scf_spin_squared": [0.7938140742447164, 0.857964210151807, 2.714210607618685, 1.606931305362668, 1.2662708542698913, 1.0501142100684326, 0.8816988126519245, 0.7981578713333422, 0.7687588002293788, 0.7582205481083353, 0.7540163628859715, 0.7521649672054274, 0.7512687758422576, 0.7507893082422239, 0.750508362636908, 0.7503331614644551, 0.7502276459664818, 0.7502239357058063, 0.7502202880430762, 0.7502167018821968, 0.7502131761486956],
    "cc_spin_squared": [4.580842215771581, null, null, 0.7515981116310084, 0.751136763902418, 0.7515914338028495, 0.7514891497330951, 0.7510325876543402, 0.7505885666342118, 0.7502690281258952, 0.7500993845068944, 0.750032469005244, 0.7500106669006672, 0.7500038665459272, 0.7500015801212345, 0.7500007147170247, 0.7500003689920254, 0.7500003589951885, 0.7500003493036758, 0.7500003399070898, 0.7500003307955141]
}