{
    "schema_name": "pyscf_qa_output",
    "provenance": {
        "creator": "PySCF",
        "version": "1.7.6"
    },
    "molecule": {
        "geometry": [[0.0, 0.0, 0.0]],
        "symbols": [ "S" ]
    },
    "molecular_charge": 1,
    "molecular_multiplicity": 4,
    "name": "s.chrg1.mult4-pyscf-uccsdt.augccpvqz",
    "atomic_numbers": [ 16 ],
    "n_electrons": 15,
    "model": {
        "method": "UCCSD(T)",
        "basis": "aug-cc-pVQZ",
        "scf_conv_tol": 1e-09,
        "scf_conv_tol_grad": 1e-06,
        "cc_conv_tol": 1e-07,
        "cc_conv_tol_normt": 1e-05
    },
    "broken_symmetry": false,
    "finite_diff_delta": 0.01,
    "finite_diff_acc": 2,
    "qa_lambdas": [-3.0, -2.75, -2.5, -2.25, -2.0, -1.75, -1.5, -1.25, -1.0, -0.75, -0.5, -0.25, -0.02, -0.01, 0.0, 0.01, 0.02, 0.25, 0.5, 0.75, 1.0],
    "electronic_energies": [-233.32473856263056, -245.78794838978322, -258.51912846293857, -271.50341592425275, -284.7259813068154, -298.17177643850147, -311.82564185383586, -325.6728352454093, -339.6994283912932, -353.89235562032894, -368.23931070700166, -382.728657674399, -396.1751453526489, -396.7621708131903, -397.3493904383003, -397.93680358247894, -398.524409601824, -412.0911245063647, -426.94409865270154, -441.89917524918167, -456.9478362662058],
    "qats_energies": {
        "0": [-397.34939043830013, -397.34939043830013, -397.34939043830013, -397.34939043830013, -397.34939043830013, -397.34939043830013, -397.34939043830013, -397.34939043830013, -397.34939043830013, -397.34939043830013, -397.34939043830013, -397.34939043830013, -397.34939043830013, -397.34939043830013, -397.34939043830013, -397.34939043830013, -397.34939043830013, -397.34939043830013, -397.34939043830013, -397.34939043830013, -397.34939043830013],
        "1": [-221.15447504500696, -235.83738466111473, -250.5202942772225, -265.2032038933303, -279.886113509438, -294.56902312554575, -309.25193274165355, -323.93484235776134, -338.6177519738691, -353.3006615899768, -367.9835712060846, -382.6664808221924, -396.1747576690115, -396.76207405365585, -397.34939043830013, -397.9367068229444, -398.52402320758875, -412.03230005440787, -426.71520967051566, -441.39811928662346, -456.0810289027312],
        "2": [-229.8628331500321, -243.15482445769834, -256.56776518348994, -270.1016553274069, -283.7564948894492, -297.53228386961683, -311.42902226790983, -325.4467100843282, -339.58534731887187, -353.8449339715409, -368.2254700423353, -382.72695553125504, -396.1751447071495, -396.7621708131903, -397.34939043830013, -397.93680358247894, -398.52441024572676, -412.0927747634706, -426.95710850676636, -441.9423916681875, -457.048624247734],
        "3": [-232.7639879224488, -245.3894523524244, -258.24667419530516, -271.3255799970202, -284.6160963034986, -298.1081496606695, -311.7916666144619, -325.6565737108051, -339.69279749562804, -353.89026451485995, -368.2389013144298, -382.7286344402669, -396.1751455667509, -396.76217092064053, -397.34939043830013, -397.9368034750288, -398.52440938612534, -412.0910958544588, -426.94367723467184, -441.8970611248685, -456.9411740709778],
        "4": [-233.30286566487746, -245.76993600534195, -258.5065496497943, -271.4960842827105, -284.72254128965733, -298.1705457572923, -311.8253464733637, -325.67281592671065, -339.69945030726296, -353.8923695060413, -368.239317115157, -382.7286604278123, -396.1751455678154, -396.76217092070704, -397.34939043830013, -397.9368034750953, -398.5244093871898, -412.0911218420042, -426.944093035399, -441.89916611604986, -456.94782688261273]
    },
    "qats_poly_coeffs": [ -397.34939043830013, -58.73163846443106, -0.9675953450027919, 0.10745017675617417, -0.006652811634921818 ],
    "hf_energies": [-233.0388730062215, -245.50781316262794, -258.2469340661353, -271.24105755425626, -284.4746304032032, -297.93183312509507, -311.5969778196037, -325.45500504982624, -339.49176296451117, -353.694017519369, -368.04935308335615, -382.54608548844857, -395.99849387836736, -396.5857582557603, -397.1732152863103, -397.7608643287124, -398.34870474332945, -411.9204066757468, -426.77797498310133, -441.73687433523145, -456.78868387668365],
    "triples_corrections": [-0.00815933756869024, -0.008450407734729333, -0.00850798693601561, -0.008312926154806593, -0.007949158974257664, -0.0075376698803631195, -0.007140285314045369, -0.006764386126641948, -0.006405742415948513, -0.006064542297771172, -0.005744360089358052, -0.005448796948914546, -0.005200232915607262, -0.005189937252650081, -0.005179683849004747, -0.005169472632428484, -0.005159303526657602, -0.004936807335315452, -0.004718407194611381, -0.004521869952939383, -0.004344319763806432],
    "scf_converged": [true, true, true, true, true, true, true, true, true, true, true, true, true, true, true, true, true, true, true, true, true],
    "cc_converged": [true, true, true, true, true, true, true, true, true, true, true, true, true, true, true, true, true, true, true, true, true],
    "scf_spin_squared": [3.7604657445536684, 3.754983253033094, 3.7519631814995957, 3.750812401247879, 3.7506280557710703, 3.7506879792667025, 3.750708477675606, 3.7506914311518385, 3.7506893058382804, 3.7507200365018942, 3.750774466990231, 3.750836753211723, 3.75089053435671, 3.7508927002714785, 3.750894849246574, 3.750896981051903, 3.7508990954679753, 3.7509425610987144, 3.7509778444445256, 3.7510006157986977, 3.7510113894830646],
    "cc_spin_squared": [3.7517992323767695, 3.751601072957947, 3.751388544507154, 3.75120413911587, 3.7510564857404733, 3.7509359623722904, 3.750833639599366, 3.750746121562813, 3.750671829556444, 3.7506089362829345, 3.7505555713827334, 3.7505101222765345, 3.750474162860892, 3.750472712237493, 3.7504712704508996, 3.7504698374357965, 3.750468413127177, 3.750437912360742, 3.750409089928903, 3.750383951131481, 3.750361796476701]
}