{
    "schema_name": "pyscf_qa_output",
    "provenance": {
        "creator": "PySCF",
        "version": "1.7.6"
    },
    "molecule": {
        "geometry": [[0.0, 0.0, 0.0]],
        "symbols": [ "Li" ]
    },
    "molecular_charge": -1,
    "molecular_multiplicity": 1,
    "name": "li.chrg-1.mult1-pyscf-ccsdt.augccpvqz",
    "atomic_numbers": [ 3 ],
    "n_electrons": 4,
    "model": {
        "method": "CCSD(T)",
        "basis": "aug-cc-pVQZ",
        "scf_conv_tol": 1e-09,
        "scf_conv_tol_grad": 1e-06,
        "cc_conv_tol": 1e-07,
        "cc_conv_tol_normt": 1e-05
    },
    "broken_symmetry": false,
    "finite_diff_delta": 0.01,
    "finite_diff_acc": 2,
    "qa_lambdas": [-1.0, -0.75, -0.5, -0.25, -0.02, -0.01, 0.0, 0.01, 0.02, 0.25, 0.5, 0.75, 1.0, 1.25, 1.5, 1.75, 2.0, 2.25, 2.5, 2.75, 3.0],
    "electronic_energies": [-2.7944890963864273, -3.764950978697682, -4.848575237048475, -6.082139130633253, -7.355480340426875, -7.413886797401571, -7.472544401633717, -7.53145256787488, -7.590610683001915, -9.018591493961916, -10.709233024088464, -12.53016332465123, -14.465694893435252, -16.50096501422706, -18.62349844992005, -20.823197371949867, -23.091221069626187, -25.41887362590793, -27.79721396488389, -30.21732435651826, -32.67084791787306],
    "qats_energies": {
        "0": [-7.472544401633715, -7.472544401633715, -7.472544401633715, -7.472544401633715, -7.472544401633715, -7.472544401633715, -7.472544401633715, -7.472544401633715, -7.472544401633715, -7.472544401633715, -7.472544401633715, -7.472544401633715, -7.472544401633715, -7.472544401633715, -7.472544401633715, -7.472544401633715, -7.472544401633715, -7.472544401633715, -7.472544401633715, -7.472544401633715, -7.472544401633715],
        "1": [-1.5942558779682612, -3.0638280088846246, -4.533400139800988, -6.002972270717351, -7.354978631160406, -7.41376151639706, -7.472544401633715, -7.531327286870369, -7.590110172107024, -8.942116532550077, -10.411688663466443, -11.881260794382804, -13.35083292529917, -14.820405056215531, -16.289977187131896, -17.759549318048258, -19.229121448964623, -20.698693579880985, -22.16826571079735, -23.637837841713715, -25.107409972630077],
        "2": [-2.847065923077504, -3.7685336592585736, -4.846602651078299, -6.081272898536679, -7.355479755178449, -7.413886797401571, -7.472544401633715, -7.53145256787488, -7.590611296125068, -9.020417160369405, -10.724891174743753, -12.585966444756753, -14.603642970408412, -16.777920751698723, -19.108799788627692, -21.596280081195314, -24.240361629401594, -27.04104443324653, -29.998328492730117, -33.112213807852356, -36.38270037861326],
        "3": [-2.9469302212417245, -3.810663910046604, -4.859085688348826, -6.082833278195495, -7.355480554092835, -7.413886897265869, -7.472544401633715, -7.531452468010582, -7.590610497210682, -9.018856780710589, -10.712408137473226, -12.543836193968723, -14.503778672244191, -16.58287329434673, -18.771757782323448, -21.061069858221444, -23.44144724408783, -25.9035276619697, -28.43794883391417, -31.035348481968338, -33.6863643281793],
        "4": [-2.830785519977786, -3.773915000662311, -4.85182664451983, -6.082379587956183, -7.355480535509683, -7.413886896104422, -7.472544401633715, -7.531452466849135, -7.59061047862753, -9.018403090471278, -10.705149093644229, -12.50708728458443, -14.387633970980252, -16.299316894776567, -18.183775232174757, -19.971759593632704, -21.583132023864806, -22.92686600184195, -23.901046440791553, -24.392869688197514, -24.278643525800245]
    },
    "qats_poly_coeffs": [ -7.472544401633715, -5.878288523665454, -1.2528100451092428, 0.09986429816422059, 0.11614470126393901 ],
    "hf_energies": [-2.758950884760295, -3.721731013805334, -4.807625413429792, -6.039805874918843, -7.3112820160822665, -7.369607083404402, -7.428184176083851, -7.487012850237499, -7.546092625155206, -8.972695138145582, -10.662340542054238, -12.48218011407004, -14.416260288854778, -16.449479538070694, -18.569200745836483, -20.765509937216045, -23.03023336309095, -25.35556211402113, -27.733171391681957, -30.15421724530629, -32.6099845003307],
    "triples_corrections": [-3.898441701970863e-05, -6.666113962661076e-05, -0.00015745904233383125, -0.00026559010215087544, -0.00029293525375146393, -0.00029366512756485633, -0.0002943601023418629, -0.000295017017096242, -0.00029563280628531455, -0.0002949143980658913, -0.00026485860778818033, -0.00021943081893599292, -0.00017181075215855936, -0.00012916862073993648, -9.406775027540618e-05, -6.667769647760486e-05, -4.629520179455729e-05, -3.180468943227778e-05, -2.184572653543394e-05, -1.5124910755068629e-05, -1.0624827654442454e-05],
    "scf_converged": [true, true, true, true, true, true, true, true, true, true, true, true, true, true, true, true, true, true, true, true, true],
    "cc_converged": [true, true, true, true, true, true, true, true, true, true, true, true, true, true, true, true, true, true, true, true, true],
    "t1_diagnostic": [0.022413415465579914, 0.004618825737444744, 0.031236991325462704, 0.040169606617145324, 0.041419601701074234, 0.04127160461500262, 0.04108717641725045, 0.040866765552258974, 0.040611364201901874, 0.0306795174009969, 0.023259431877158326, 0.018201791526646208, 0.014405575563762214, 0.011780867635712998, 0.010129647954601589, 0.00908320486640757, 0.008148048312661377, 0.006997775114459523, 0.005624592213289371, 0.004211714843617595, 0.0029471206967067983]
}