{
    "schema_name": "pyscf_apdft_output",
    "provenance": {
        "creator": "PySCF",
        "version": "1.7.6"
    },
    "molecule": {
        "geometry": [[0.0, 0.0, 0.0]],
        "symbols": [ "Cl" ]
    },
    "molecular_charge": 0,
    "molecular_multiplicity": 2,
    "name": "cl.chrg0.mult2-pyscf-uccsdt.augccpvtz",
    "atomic_numbers": [ 17 ],
    "n_electrons": 17,
    "model": {
        "method": "UCCSD(T)",
        "basis": "aug-cc-pVTZ",
        "scf_conv_tol": 1e-09,
        "scf_conv_tol_grad": 1e-06,
        "cc_conv_tol": 1e-05,
        "cc_conv_tol_normt": 1e-07
    },
    "broken_symmetry": false,
    "finite_diff_delta": 0.01,
    "finite_diff_acc": 2,
    "apdft_lambdas": [-2.0, -1.75, -1.5, -1.25, -1.0, -0.75, -0.5, -0.25, -0.02, -0.01, 0.0, 0.01, 0.02, 0.25, 0.5, 0.75, 1.0],
    "electronic_energies": [-336.3442325381146, -351.0795641699219, -366.0348598215637, -381.19855936646695, -396.55869649640897, -412.102627081695, -427.8173239580625, -443.690015713889, -458.42203063602216, -459.0652159791773, -459.7086173054651, -460.3522339159398, -460.99606511355836, -475.8618332925592, -492.1391108234511, -508.53057649208887, -525.0269944422669],
    "apdft_energies": {
        "0": [-459.7086173054647, -459.7086173054647, -459.7086173054647, -459.7086173054647, -459.7086173054647, -459.7086173054647, -459.7086173054647, -459.7086173054647, -459.7086173054647, -459.7086173054647, -459.7086173054647, -459.7086173054647, -459.7086173054647, -459.7086173054647, -459.7086173054647, -459.7086173054647, -459.7086173054647],
        "1": [-331.00682362921657, -347.0945478387476, -363.1822720482786, -379.2699962578096, -395.35772046734064, -411.44544467687166, -427.5331688864027, -443.6208930959337, -458.42159936870223, -459.0651083370835, -459.7086173054647, -460.35212627384595, -460.9956352422272, -475.79634151499573, -491.88406572452675, -507.97178993405777, -524.0595141435888],
        "2": [-335.31250738271706, -350.3910869625214, -365.60421915962263, -380.95190397402075, -396.43414140571576, -412.05093145470767, -427.80227412099646, -443.68816940458214, -458.4220299370776, -459.0652159791773, -459.7086173054647, -460.3522339159398, -460.99606581060254, -475.8636178236442, -492.15317095912053, -508.5772767118938, -525.1359350819639],
        "3": [-336.2431665567388, -351.014555901368, -365.99684099866306, -381.1791156864284, -396.5504738024685, -412.10000918458775, -427.81681567059053, -443.6899870982814, -458.42203086773674, -459.0652160955097, -459.7086173054647, -460.3522337996074, -460.9960648799434, -475.8618001299449, -492.13862940952646, -508.5281989820137, -525.0196026852112],
        "4": [-336.3698515895733, -351.08881634175754, -366.03692493483334, -381.1984462883624, -396.5583916170206, -412.1025144305984, -427.81731053400006, -443.6900180272445, -458.4220308690036, -459.0652160955889, -459.7086173054647, -460.3522337996866, -460.9960648812102, -475.861831058908, -492.13912427293593, -508.5307042280244, -525.0275204997633]
    },
    "apdft_poly_coeff": [ -459.7086173054647, -64.35089683812407, -1.0764209383751222, 0.11633239675272002, -0.007917814552153382 ],
    "hf_energies": [-336.05041632961735, -350.79546641620726, -365.7616009982736, -380.93632935514876, -396.3067865485049, -411.85982249009817, -427.5823326265288, -443.4616820210785, -458.19895900116217, -458.84235664663373, -459.48596899575205, -460.1297953606912, -460.77383505550284, -475.6440768179404, -491.92562143507723, -508.32088753189936, -524.8207831526726],
    "triples_corrections": [-0.012510992075499017, -0.012257831842118537, -0.011562762482856075, -0.01058580583720839, -0.009580608048186369, -0.00870735564547858, -0.007985255126121808, -0.007373932144234267, -0.006877025390947226, -0.006856526828497577, -0.006836110920546555, -0.006815776727202386, -0.006795523335704649, -0.006350248814363321, -0.005905652028542008, -0.005497002399965997, -0.005121138874671924],
    "scf_converged": [true, true, true, true, true, true, true, true, true, true, true, true, true, true, true, true, true],
    "cc_converged": [true, true, true, true, true, true, true, true, true, true, true, true, true, true, true, true, true],
    "scf_spin_squared": [0.8188719000074531, 0.7860030771494673, 0.7713027768166665, 0.7656584973495324, 0.7632455533021254, 0.7620006661749539, 0.7612118157323637, 0.7606237846701509, 0.7601763344896177, 0.7601583075721763, 0.7601403829207829, 0.760122558892685, 0.7601048338895264, 0.7597213653387334, 0.7593471034131447, 0.7590062941123854, 0.7586913697535724],
    "cc_spin_squared": [0.753203906401287, 0.7524856397498221, 0.7517259878395732, 0.7511187827740242, 0.7507193029383723, 0.7504927642211672, 0.7503711432647973, 0.7503026436808709, 0.750262333955722, 0.7502608818751177, 0.7502594493325887, 0.7502580358156705, 0.7502566408283786, 0.7502287360998361, 0.7502047404044392, 0.7501848427331561, 0.7501677403072877]
}