{
    "schema_name": "pyscf_apdft_output",
    "provenance": {
        "creator": "PySCF",
        "version": "1.7.6"
    },
    "molecule": {
        "geometry": [[0.0, 0.0, 0.0]],
        "symbols": [ "F" ]
    },
    "molecular_charge": 0,
    "molecular_multiplicity": 4,
    "name": "f.chrg0.mult4-pyscf-uccsdt.augccpvtz",
    "atomic_numbers": [ 9 ],
    "n_electrons": 9,
    "model": {
        "method": "UCCSD(T)",
        "basis": "aug-cc-pVTZ",
        "scf_conv_tol": 1e-09,
        "scf_conv_tol_grad": 1e-06,
        "cc_conv_tol": 1e-07,
        "cc_conv_tol_normt": 1e-05
    },
    "broken_symmetry": false,
    "finite_diff_delta": 0.01,
    "finite_diff_acc": 2,
    "apdft_lambdas": [-2.0, -1.75, -1.5, -1.25, -1.0, -0.75, -0.5, -0.25, -0.02, -0.01, 0.0, 0.01, 0.02, 0.25, 0.5, 0.75, 1.0, 1.25, 1.5, 1.75, 2.0],
    "electronic_energies": [-53.44462284440474, -58.378255797465464, -63.546988083738796, -68.94722313704426, -74.57211022754058, -80.40236204009037, -86.43448792047421, -92.66353864849839, -98.61892867672634, -98.8795639949839, -99.14048979293561, -99.40170555487467, -99.66321076578662, -105.7565446342791, -112.54594196960778, -119.50108810293862, -126.61474206455838, -133.88002442086926, -141.29037692790777, -148.83946495585153, -156.5210279044533],
    "apdft_energies": {
        "0": [-99.14048979293561, -99.14048979293561, -99.14048979293561, -99.14048979293561, -99.14048979293561, -99.14048979293561, -99.14048979293561, -99.14048979293561, -99.14048979293561, -99.14048979293561, -99.14048979293561, -99.14048979293561, -99.14048979293561, -99.14048979293561, -99.14048979293561, -99.14048979293561, -99.14048979293561, -99.14048979293561, -99.14048979293561, -99.14048979293561, -99.14048979293561],
        "1": [-46.92633380385864, -53.45310330249326, -59.97987280112788, -66.5066422997625, -73.03341179839713, -79.56018129703175, -86.08695079566637, -92.61372029430099, -98.61834823304484, -98.87941901299023, -99.14048979293561, -99.401560572881, -99.66263135282638, -105.66725929157023, -112.19402879020485, -118.72079828883948, -125.2475677874741, -131.77433728610873, -138.30110678474335, -144.82787628337798, -151.3546457820126],
        "2": [-52.72561355069733, -57.893176858666635, -63.24196765872465, -68.77198595087137, -74.4832317351068, -80.37570501143094, -86.44940577984379, -92.70433404034534, -98.61892816101953, -98.8795639949839, -99.14048979293561, -99.40170555487467, -99.66321128080106, -105.75787303761459, -112.55648377438227, -119.53632200323867, -126.69738772418377, -134.03968093721758, -141.56320164234012, -149.26794983955133, -157.1539255288513],
        "3": [-53.41276106055273, -58.353512006870545, -63.53185801444489, -68.93974657339466, -74.56912517383873, -80.41194130589597, -86.46014245968527, -92.70567612532552, -98.61892884816703, -98.87956408087733, -99.14048979293561, -99.40170546898123, -99.66321059365356, -105.7565309526344, -112.54574709454079, -119.50008570877364, -126.61149428545184, -133.8719203146943, -141.27331128661984, -148.80761469134742, -156.46677801899588],
        "4": [-53.45891602188708, -58.38056719782849, -63.54646173267959, -68.94678926158655, -74.57200985892212, -80.41285403828564, -86.46032275250299, -92.70568739362663, -98.61892884862858, -98.87956408090618, -99.14048979293561, -99.40170546901007, -99.6632105941151, -105.7565422209355, -112.54592738735849, -119.5009984411633, -126.61437897053524, -133.87896300288617, -141.28791500485454, -148.83466988230538, -156.51293298033022]
    },
    "apdft_poly_coeff": [ -99.14048979293561, -26.107077994538486, -1.4498199367096731, 0.08589343873192469, -0.0028846850833967133 ],
    "hf_energies": [-53.21404924062324, -58.152022800986, -63.32775138224993, -68.73527875324353, -74.3666316827155, -80.21188291899173, -86.24775152335623, -92.4802869581109, -98.4321873478006, -98.69298417852964, -98.95407115965827, -99.21544778179796, -99.477113536237, -105.57406684019881, -112.36729971102304, -119.32626848480261, -126.44381311318845, -133.71311480996596, -141.1276510803138, -148.6810994312304, -156.36719266453528],
    "triples_corrections": [-0.00973671782935107, -0.008832624732506178, -0.007444537280958951, -0.006124121649964496, -0.005127202159974062, -0.003997998551220871, -0.0035410944758169503, -0.0031674757811959715, -0.0030184112522727603, -0.0030038592781057305, -0.002989397899545629, -0.00297502657426826, -0.0029607447742161933, -0.0026559223079501543, -0.002372336876257467, -0.002133377621016699, -0.0019336197562011567, -0.0017670657478014108, -0.0016272154150318034, -0.0015073600647237783, -0.001401101619120367],
    "scf_converged": [true, true, true, true, true, true, true, true, true, true, true, true, true, true, true, true, true, true, true, true, true],
    "cc_converged": [true, true, true, true, true, true, true, true, true, true, true, true, true, true, true, true, true, true, true, true, true],
    "scf_spin_squared": [3.832877715798807, 3.7673274125238962, 3.7580611607721393, 3.756078457615754, 3.7554052652267753, 3.7578634324184397, 3.7567486595249755, 3.755992255591755, 3.7543778105346632, 3.754368395365891, 3.7543589679600764, 3.7543495284193438, 3.754340076860152, 3.754119802685639, 3.7538766894333295, 3.753634055018985, 3.7533953876240886, 3.753162622050513, 3.752936436400903, 3.7527170039290847, 3.7525048097508584],
    "cc_spin_squared": [3.752537946106285, 3.751495743547797, 3.750797970243431, 3.7504298708475936, 3.7502581377651714, 3.7502723299903726, 3.7501933642483225, 3.750150255184449, 3.75008567660511, 3.7500850268378887, 3.7500843851056502, 3.750083751256533, 3.750083125142705, 3.7500705682016253, 3.7500599839992868, 3.750051602986233, 3.7500448042124876, 3.750039185037152, 3.750034466702509, 3.7500304439489893, 3.750026959626305]
}