{
    "schema_name": "pyscf_qa_output",
    "provenance": {
        "creator": "PySCF",
        "version": "1.7.6"
    },
    "molecule": {
        "geometry": [[0.0, 0.0, 0.0]],
        "symbols": [ "B" ]
    },
    "molecular_charge": -2,
    "molecular_multiplicity": 4,
    "name": "b.chrg-2.mult4-pyscf-uccsdt.augccpv5z",
    "atomic_numbers": [ 5 ],
    "n_electrons": 7,
    "model": {
        "method": "UCCSD(T)",
        "basis": "aug-cc-pV5Z",
        "scf_conv_tol": 1e-09,
        "scf_conv_tol_grad": 1e-06,
        "cc_conv_tol": 1e-07,
        "cc_conv_tol_normt": 1e-05
    },
    "broken_symmetry": false,
    "finite_diff_delta": 0.01,
    "finite_diff_acc": 2,
    "qa_lambdas": [-0.02, -0.01, 0.0, 0.01, 0.02, 0.25, 0.5, 0.75, 1.0, 1.25, 1.5, 1.75, 2.0, 2.25, 2.5, 2.75, 3.0, 3.25, 3.5, 3.75, 4.0],
    "electronic_energies": [-24.283063097938303, -24.399629501886725, -24.516510015879685, -24.63370496399086, -24.75121466223391, -27.54151441628115, -30.767339621997735, -34.19921486870924, -37.84188906425559, -41.68824124871021, -45.7314132373601, -49.96605524335588, -54.386726697042256, -58.987603633453574, -63.76245802642762, -68.70471689989813, -73.8075472709337, -79.06394043865073, -84.46678571176354, -90.00893165222843, -95.6832359270916],
    "qats_energies": {
        "0": [-24.516510015879703, -24.516510015879703, -24.516510015879703, -24.516510015879703, -24.516510015879703, -24.516510015879703, -24.516510015879703, -24.516510015879703, -24.516510015879703, -24.516510015879703, -24.516510015879703, -24.516510015879703, -24.516510015879703, -24.516510015879703, -24.516510015879703, -24.516510015879703, -24.516510015879703, -24.516510015879703, -24.516510015879703, -24.516510015879703, -24.516510015879703],
        "1": [-24.28243455377557, -24.399472284827638, -24.516510015879703, -24.633547746931768, -24.750585477983837, -27.44245329218137, -30.36839656848304, -33.29433984478471, -36.220283121086375, -39.14622639738804, -42.072169673689714, -44.99811294999138, -47.92405622629305, -50.84999950259471, -53.77594277889638, -56.70188605519805, -59.62782933149972, -62.553772607801385, -65.47971588410306, -68.40565916040472, -71.33160243670639],
        "2": [-24.283063422011924, -24.399629501886725, -24.516510015879703, -24.63370496399086, -24.75121434622019, -27.540713954111787, -30.761439216204703, -34.178685802158455, -37.79245371197303, -41.602742945648444, -45.609553503184685, -49.81288538458176, -54.212738589839674, -58.809113118958415, -63.60200897193799, -68.5914261487784, -73.77736464947964, -79.1598244740417, -84.7388056224646, -90.51430809474833, -96.4863318908929],
        "3": [-24.283062995287032, -24.399629448546115, -24.516510015879703, -24.63370501733147, -24.751214772945083, -27.541547401168526, -30.76810679265862, -34.20118887269042, -37.84579432360438, -41.70692382774092, -45.7895780674405, -50.09875772504354, -54.63946348289048, -59.41669602332177, -64.43545602867785, -69.70074418129914, -75.21756116352611, -80.99090765769918, -87.02578434615876, -93.32719191124536, -99.90013103529935],
        "4": [-24.283062989913766, -24.399629448210284, -24.516510015879703, -24.63370501699564, -24.751214767571817, -27.541416217909827, -30.766007860519416, -34.1905630287357, -37.8122114093771, -41.62493429105322, -45.61956456416489, -49.783786720904075, -54.102136855253974, -58.55600266298899, -63.12362344167467, -67.78009009066778, -72.49734511111632, -77.2441826059594, -81.98624827992734, -86.68603943954176, -91.3029049931153]
    },
    "qats_poly_coeffs": [ -24.516510015879703, -11.703773105206672, -1.5721705908866568, -0.05334061163135098, 0.033582914227281435 ],
    "hf_energies": [-24.135246395759495, -24.251274633975243, -24.367627515960507, -24.4843055939953, -24.601309414429387, -27.383464538824963, -30.609496910013238, -34.048393924411215, -37.69577863610955, -41.54483969409548, -45.59025688502334, -49.82704893564759, -54.24990235463318, -58.85304884221485, -63.63028794237401, -68.5750621792344, -73.68054676839853, -78.93973496981135, -84.34551231493596, -89.89071863560807, -95.56819895701136],
    "triples_corrections": [-0.010404989605096924, -0.010431075556660488, -0.010457399069733177, -0.010484034779446792, -0.010511033237232636, -0.011221768235085439, -0.010727075540701968, -0.007496372516431351, -0.005544263260838459, -0.004581051969057731, -0.00391585968771593, -0.003402296526639161, -0.002984630682707886, -0.0026336459844991194, -0.0023318822435385955, -0.002067995948015983, -0.0018342951128757611, -0.001625494953795751, -0.001437935912734568, -0.0012690606675373856, -0.0011170586916382503],
    "scf_converged": [true, true, true, true, true, true, true, true, true, true, true, true, true, true, true, true, true, true, true, true, true],
    "cc_converged": [true, true, true, true, true, true, true, true, true, true, true, true, true, true, true, true, true, true, true, true, true],
    "scf_spin_squared": [3.752732062288813, 3.752652386254688, 3.752572310396218, 3.75249186111541, 3.7524110860601416, 3.750685947257727, 3.7503689204687602, 3.7533589920081027, 3.756863793719001, 3.7584399842086245, 3.758714049167521, 3.7583971667932454, 3.757864800647675, 3.757282953019876, 3.7567190509991355, 3.7561990857178644, 3.755729563451871, 3.7553057267131855, 3.7549164449953834, 3.754548528139539, 3.7541903600497517],
    "cc_spin_squared": [3.7513913061625073, 3.751383870303103, 3.7513763355740615, 3.7513687219744773, 3.751361045878232, 3.751193382465014, 3.7510150587042084, 3.7507058981323507, 3.7504907447788605, 3.750376705964566, 3.750294394862686, 3.7502321229189457, 3.7501850742964913, 3.7501492514158947, 3.7501215598429853, 3.750099697508406, 3.7500821481056685, 3.750067922565096, 3.750056288983376, 3.7500467210597037, 3.7500388130595086]
}