{
    "schema_name": "pyscf_qa_output",
    "provenance": {
        "creator": "PySCF",
        "version": "1.7.6"
    },
    "molecule": {
        "geometry": [[0.0, 0.0, 0.0]],
        "symbols": [ "P" ]
    },
    "molecular_charge": 2,
    "molecular_multiplicity": 2,
    "name": "p.chrg2.mult2-pyscf-uccsdt.augccpv5z",
    "atomic_numbers": [ 15 ],
    "n_electrons": 13,
    "model": {
        "method": "UCCSD(T)",
        "basis": "aug-cc-pV5Z",
        "scf_conv_tol": 1e-09,
        "scf_conv_tol_grad": 1e-06,
        "cc_conv_tol": 1e-07,
        "cc_conv_tol_normt": 1e-05
    },
    "broken_symmetry": false,
    "finite_diff_delta": 0.01,
    "finite_diff_acc": 2,
    "qa_lambdas": [-4.0, -3.75, -3.5, -3.25, -3.0, -2.75, -2.5, -2.25, -2.0, -1.75, -1.5, -1.25, -1.0, -0.75, -0.5, -0.25, -0.02, -0.01, 0.0, 0.01, 0.02],
    "electronic_energies": [-153.45184433059387, -163.23860488287042, -173.26362287148086, -183.58655908742293, -194.19631885510023, -205.0817959255692, -216.2318091892931, -227.63465204439478, -239.27832225170104, -251.15128916082253, -263.24288037141787, -275.54328994173846, -288.0435112876027, -300.7352943327021, -313.6111164761339, -326.66414384270365, -338.82409566793825, -339.35600291012906, -339.8881750179512, -340.42061164678256, -340.9533124533759],
    "qats_energies": {
        "0": [-339.88817501790834, -339.88817501790834, -339.88817501790834, -339.88817501790834, -339.88817501790834, -339.88817501790834, -339.88817501790834, -339.88817501790834, -339.88817501790834, -339.88817501790834, -339.88817501790834, -339.88817501790834, -339.88817501790834, -339.88817501790834, -339.88817501790834, -339.88817501790834, -339.88817501790834, -339.88817501790834, -339.88817501790834, -339.88817501790834, -339.88817501790834],
        "1": [-126.96642768720892, -140.27403689537763, -153.58164610354635, -166.88925531171506, -180.19686451988377, -193.5044737280525, -206.8120829362212, -220.11969214438992, -233.42730135255863, -246.73491056072734, -260.04251976889606, -273.35012897706474, -286.6577381852335, -299.9653473934022, -313.2729566015709, -326.5805658097396, -338.82356628125484, -339.35587064958156, -339.88817501790834, -340.4204793862351, -340.95278375456184],
        "2": [-148.12811528305872, -158.8731763839175, -169.78356316911885, -180.85927563866278, -192.1003137925493, -203.50667763077837, -215.07836715335003, -226.81538236026427, -238.71772325152108, -250.78538982712047, -263.01838208706243, -275.416700031347, -287.9803436599741, -300.7093129729438, -313.60360797025606, -326.6632286519109, -338.82409532344474, -339.35600291012906, -339.88817501790834, -340.42061164678256, -340.95331279675173],
        "3": [-151.79675194388759, -161.89603984346277, -172.24126311963505, -182.82704779292084, -193.64801988383647, -204.69880541289828, -215.9740304006227, -227.46832086752605, -239.17630283412467, -251.092602320935, -263.21184534847333, -275.52865793725607, -288.03766610779957, -300.7334958806201, -313.6107732762342, -326.6641243151582, -338.8240957820243, -339.3560029674515, -339.88817501790834, -340.4206115894601, -340.95331233817217],
        "4": [-152.98916013089203, -162.81714678418388, -172.940230906988, -183.34670676248007, -194.02530528675584, -204.96519408883108, -216.1559774506417, -227.5876963270435, -239.25082834581247, -251.13628780764458, -263.2354256861558, -275.54002962788223, -288.04232395228, -300.7349696517253, -313.6110643915143, -326.6641425098632, -338.8240957827696, -339.3560029674981, -339.88817501790834, -340.4206115895067, -340.9533123389174]
    },
    "qats_poly_coeffs": [ -339.88817501790834, -53.230436832674854, -1.3226054747406124, 0.05732244782545118, -0.004657844480486044 ],
    "hf_energies": [-153.1354998190398, -162.928353513051, -172.95810892517503, -183.28468827563356, -193.89771381108713, -204.78661858629937, -215.94051982927067, -227.34776264601308, -238.99628268680172, -250.87446419159866, -262.9715418358692, -275.27761626431595, -287.78359082409247, -300.48113277375126, -313.36264837551755, -326.42124726312034, -338.5861820318863, -339.1183024423324, -339.65068741599157, -340.1833366070488, -340.71624967097466],
    "triples_corrections": [-0.010841255431216064, -0.004834566489720101, -0.004780077650861618, -0.004779902158296136, -0.004769071660713807, -0.004706545821356684, -0.004594223185606232, -0.004463750342278126, -0.0043336535047548376, -0.00420480246104254, -0.0040744333532960995, -0.003941457398691846, -0.0038066934759513073, -0.0036720790419377267, -0.0035399672684853743, -0.003412666006631058, -0.0033015354564095304, -0.003296855925803113, -0.0032921899186611953, -0.0032875375293125496, -0.003282898851361999],
    "scf_converged": [true, true, true, true, true, true, true, true, true, true, true, true, true, true, true, true, true, true, true, true, true],
    "cc_converged": [true, true, true, true, true, true, true, true, true, true, true, true, true, true, true, true, true, true, true, true, true],
    "scf_spin_squared": [0.7506447842435975, 0.7894219759359773, 0.7872842548115262, 0.7829955244296487, 0.7789426277801503, 0.7767153084222391, 0.7754793301725478, 0.7740265488954989, 0.7723001531035649, 0.7706359344312066, 0.7691775291805163, 0.7679212187402573, 0.7668313921721683, 0.7658822159763616, 0.7650584219074119, 0.764348451690072, 0.7637857233601597, 0.7637630710011294, 0.7637405633162384, 0.7637181995332494, 0.7636959788818762],
    "cc_spin_squared": [0.7541841304232633, 0.7505451336559408, 0.7505061262336663, 0.7504665904212673, 0.7504280742892679, 0.7503869633543934, 0.75033846321117, 0.7502871935634254, 0.7502419302751817, 0.7502059333826829, 0.7501778495847629, 0.750155621790229, 0.7501376078077766, 0.7501227514437239, 0.7501103717275135, 0.7501000071934336, 0.7500919417220704, 0.7500916190079283, 0.7500912984753985, 0.7500909801076054, 0.7500906638878115]
}