{
    "schema_name": "pyscf_qa_output",
    "provenance": {
        "creator": "PySCF",
        "version": "1.7.6"
    },
    "molecule": {
        "geometry": [[0.0, 0.0, 0.0]],
        "symbols": [ "B" ]
    },
    "molecular_charge": 1,
    "molecular_multiplicity": 1,
    "name": "b.chrg1.mult1-pyscf-ccsdt.augccpvtz",
    "atomic_numbers": [ 5 ],
    "n_electrons": 4,
    "model": {
        "method": "CCSD(T)",
        "basis": "aug-cc-pVTZ",
        "scf_conv_tol": 1e-09,
        "scf_conv_tol_grad": 1e-06,
        "cc_conv_tol": 1e-07,
        "cc_conv_tol_normt": 1e-05
    },
    "broken_symmetry": false,
    "finite_diff_delta": 0.01,
    "finite_diff_acc": 2,
    "qa_lambdas": [-3.0, -2.75, -2.5, -2.25, -2.0, -1.75, -1.5, -1.25, -1.0, -0.75, -0.5, -0.25, -0.02, -0.01, 0.0, 0.01, 0.02, 0.25, 0.5, 0.75, 1.0],
    "electronic_energies": [-2.6026364533035045, -3.5509230259228732, -4.626403057898681, -5.834522141315349, -7.280926658538097, -8.820830678413843, -10.53127397125356, -12.417635308914209, -14.479008855980762, -16.709227690272762, -19.098567342517306, -21.63469689522402, -24.085581160216822, -24.194516910667154, -24.303642879942526, -24.412958145069958, -24.52246178455318, -27.090945353245466, -29.982639142649607, -32.96579816440494, -36.02865702639169],
    "qats_energies": {
        "0": [-24.30364287994251, -24.30364287994251, -24.30364287994251, -24.30364287994251, -24.30364287994251, -24.30364287994251, -24.30364287994251, -24.30364287994251, -24.30364287994251, -24.30364287994251, -24.30364287994251, -24.30364287994251, -24.30364287994251, -24.30364287994251, -24.30364287994251, -24.30364287994251, -24.30364287994251, -24.30364287994251, -24.30364287994251, -24.30364287994251, -24.30364287994251],
        "1": [8.46254228047798, 5.732026850442939, 3.0015114204078976, 0.2709959903728567, -2.4595194396621842, -5.190034869697225, -7.920550299732266, -10.651065729767307, -13.381581159802348, -16.11209658983739, -18.84261201987243, -21.57312744990747, -24.08520164553971, -24.19442226274111, -24.30364287994251, -24.412863497143913, -24.522084114345315, -27.034158309977553, -29.764673740012594, -32.49518917004764, -35.22570460008268],
        "2": [-0.0557710634990336, -1.4257225566488572, -2.913983957353917, -4.520555265614213, -6.245436481429746, -8.088627604800514, -10.05012863572652, -12.12993957420776, -14.328060420244238, -16.644491173835952, -19.079231834982902, -21.63228240368509, -24.085580237243885, -24.194516910667154, -24.30364287994251, -24.412958145069958, -24.52246270604949, -27.09331326375517, -30.001293555123066, -33.0275837540462, -36.17218386052457],
        "3": [-4.205826874502062, -4.622322258295288, -5.315636625758447, -6.271360060881115, -7.475082647652865, -8.91239447006327, -10.568885612101898, -12.430146157758326, -14.481766191022128, -16.709335795882875, -19.09844505633014, -21.634684056353493, -24.08558146689005, -24.194517064372924, -24.30364287994251, -24.412957991364188, -24.522461476403326, -27.090911611086767, -29.98208033377583, -32.96273913199927, -36.01847808974668],
        "4": [-4.704192623171078, -4.9742017396930045, -5.55597504621997, -6.429046098545921, -7.573525264673904, -8.97009972481608, -10.600033471393711, -12.44516730903717, -14.487918854585944, -16.711282537088614, -19.098829597802876, -21.634708090195538, -24.085581467874476, -24.19451706443445, -24.30364287994251, -24.412957991425714, -24.52246147738775, -27.090935644928813, -29.982464875248567, -32.96468587320501, -36.02463075331049]
    },
    "qats_poly_coeffs": [ -24.30364287994251, -10.922061720140164, -0.9464792604418903, 0.1537057707778899, -0.0061526635638150156 ],
    "hf_energies": [-2.5524128555383188, -3.500687491104577, -4.574788904979336, -5.7793723379629975, -7.220453784488825, -8.758718909532071, -10.466673497462228, -12.351147559745492, -14.4118521201572, -16.642348685815094, -19.032203942545227, -21.568477678535704, -24.018835678191206, -24.12773133312661, -24.236815700087483, -24.34608785048879, -24.45554685769084, -27.022580227902626, -29.911813934529178, -32.891779277964005, -35.95105493909762],
    "triples_corrections": [-0.0004603508273547813, -0.0003754890942357224, -0.00041656885081907673, -0.0006000863843177879, -0.000407169018452372, -0.0004666973448478816, -0.0005219253631636428, -0.0005429083369665303, -0.0005227158009807615, -0.00047289663321007627, -0.0004078510120061224, -0.00033814964930386105, -0.00027637432551357613, -0.00027380869380028307, -0.000271255273106986, -0.00026871427882515223, -0.0002661859191823858, -0.00021189744084056133, -0.00016216128728073405, -0.00012218963701416568, -9.109277780760622e-05],
    "scf_converged": [true, true, true, true, true, true, true, true, true, true, true, true, true, true, true, true, true, true, true, true, true],
    "cc_converged": [true, true, true, true, true, true, true, true, true, true, true, true, true, true, true, true, true, true, true, true, true],
    "t1_diagnostic": [0.011918952697547607, 0.015939877290261494, 0.022727260074541452, 0.033215549397734905, 0.015207636697653393, 0.02033978153425368, 0.02176790896155112, 0.020175771228268906, 0.016588301730713566, 0.01316848209646773, 0.010860406134566257, 0.009423811654451834, 0.008544990903982252, 0.008513169709883145, 0.008481786358464229, 0.008450831528140692, 0.00842029615019252, 0.007815917598361677, 0.007311200263020207, 0.006885556613327702, 0.0064636329228668216]
}