{
    "schema_name": "pyscf_qa_output",
    "provenance": {
        "creator": "PySCF",
        "version": "1.7.6"
    },
    "molecule": {
        "geometry": [[0.0, 0.0, 0.0]],
        "symbols": [ "He" ]
    },
    "molecular_charge": -1,
    "molecular_multiplicity": 4,
    "name": "he.chrg-1.mult4-pyscf-uccsd.augccpvtz",
    "atomic_numbers": [ 2 ],
    "n_electrons": 3,
    "model": {
        "method": "UCCSD",
        "basis": "aug-cc-pVTZ",
        "scf_conv_tol": 1e-09,
        "scf_conv_tol_grad": 1e-06,
        "cc_conv_tol": 1e-07,
        "cc_conv_tol_normt": 1e-05
    },
    "broken_symmetry": false,
    "finite_diff_delta": 0.01,
    "finite_diff_acc": 2,
    "qa_lambdas": [-1.0, -0.75, -0.5, -0.25, -0.02, -0.01, 0.0, 0.01, 0.02, 0.25, 0.5, 0.75, 1.0, 1.25, 1.5, 1.75, 2.0, 2.25, 2.5, 2.75, 3.0],
    "electronic_energies": [0.2599469571213624, -0.198653884459881, -0.716557764873288, -1.300834200360339, -1.9002126288918373, -1.9276464094737549, -1.9551956370336547, -1.982860411706686, -2.01064083128327, -2.6816954699695317, -3.4813251010034496, -4.353718834250996, -5.2966771889422155, -6.305859459448765, -7.37537940162953, -8.499317047822032, -9.672824174064694, -10.892162243210695, -12.154148296292686, -13.455616576179313, -14.79318627534283],
    "qats_energies": {
        "0": [-1.9551956370336552, -1.9551956370336552, -1.9551956370336552, -1.9551956370336552, -1.9551956370336552, -1.9551956370336552, -1.9551956370336552, -1.9551956370336552, -1.9551956370336552, -1.9551956370336552, -1.9551956370336552, -1.9551956370336552, -1.9551956370336552, -1.9551956370336552, -1.9551956370336552, -1.9551956370336552, -1.9551956370336552, -1.9551956370336552, -1.9551956370336552, -1.9551956370336552, -1.9551956370336552],
        "1": [0.8055044746128972, 0.11532944670125889, -0.574845581210379, -1.265020609122017, -1.8999816348007241, -1.9275886359171897, -1.9551956370336552, -1.9828026381501207, -2.0104096392665864, -2.6453706649452933, -3.3355456928569316, -4.025720720768569, -4.715895748680207, -5.406070776591846, -6.096245804503483, -6.786420832415121, -7.47659586032676, -8.166770888238398, -8.856945916150037, -9.547120944061675, -10.237295971973312],
        "2": [0.2277689089606818, -0.20964680897811205, -0.7192794726234328, -1.3011290819752805, -1.900212729026985, -1.9276464094737549, -1.9551956370336552, -1.982860411706686, -2.0106407334928473, -2.681479137798557, -3.4799795842699854, -4.35069697644794, -5.293631314332423, -6.3087825979234315, -7.396150827220969, -8.555736002225032, -9.787538122935622, -11.09155718935274, -12.467793201476383, -13.916246159306555, -15.43691606284325],
        "3": [0.2442627065476659, -0.20268848812110307, -0.7172177479250599, -1.3008713663879838, -1.9002125970766044, -1.9276463929799572, -1.9551956370336552, -1.9828604282004836, -2.0106408654432277, -2.6817368533858534, -3.482041308968358, -4.35765529730495, -5.310125111919407, -6.340997046335511, -7.4518173940770405, -8.644132448667776, -9.919488503631497, -11.279431852491982, -12.725508788773013, -14.259265605998367, -15.882248597691826],
        "4": [0.254032393458983, -0.19959729812181903, -0.7166071424931024, -1.3008332035484866, -1.9002125955134543, -1.9276463928822605, -1.9551956370336552, -1.9828604281027866, -2.010640863880078, -2.681698690546356, -3.481430703536401, -4.354564107305666, -5.300355425008091, -6.317145271649679, -7.402358354088498, -8.552503471034683, -9.763173513050425, -11.02904546254999, -12.343880393799694, -13.700523472917933, -15.090903957875154]
    },
    "qats_poly_coeffs": [ -1.9551956370336552, -2.7607001116465524, -0.5777355656522154, -0.01649379758698425, 0.00976968691131693 ],
    "hf_energies": [0.2648876169733655, -0.19314306903391243, -0.7107454745166416, -1.2950120766468654, -1.8945125555135705, -1.9219521802435158, -1.9495072087420806, -1.9771777317799408, -2.004963837990139, -2.6761144295107036, -3.4757243297759173, -4.347955739769875, -5.290656967210515, -6.299535258557448, -7.368713392926622, -8.492277027430253, -9.665416479719049, -10.884455055396488, -12.146260403815337, -13.447679650391775, -14.78530877036074],
    "scf_converged": [true, true, true, true, true, true, true, true, true, true, true, true, true, true, true, true, true, true, true, true, true],
    "cc_converged": [true, true, true, true, true, true, true, true, true, true, true, true, true, true, true, true, true, true, true, true, true],
    "scf_spin_squared": [3.75, 3.75, 3.75, 3.75, 3.75, 3.75, 3.75, 3.75, 3.75, 3.75, 3.75, 3.75, 3.75, 3.75, 3.75, 3.75, 3.75, 3.75, 3.75, 3.75, 3.75],
    "cc_spin_squared": [3.7500000000000044, 3.7500000000000044, 3.7500000000000036, 3.7500000000000044, 3.749999999999999, 3.7499999999999964, 3.7500000000000027, 3.7500000000000044, 3.749999999999997, 3.749999999999999, 3.749999999999999, 3.7500000000000036, 3.749999999999995, 3.75, 3.750000000000002, 3.75, 3.750000000000002, 3.7499999999999973, 3.7500000000000036, 3.750000000000002, 3.75]
}