{
    "schema_name": "pyscf_apdft_output",
    "provenance": {
        "creator": "PySCF",
        "version": "1.7.6"
    },
    "molecule": {
        "geometry": [[0.0, 0.0, 0.0]],
        "symbols": [ "N" ]
    },
    "molecular_charge": -1,
    "molecular_multiplicity": 1,
    "name": "n.chrg-1.mult1-pyscf-ccsdt.augccpv5z",
    "atomic_numbers": [ 7 ],
    "n_electrons": 8,
    "model": {
        "method": "CCSD(T)",
        "basis": "aug-cc-pV5Z",
        "scf_conv_tol": 1e-09,
        "scf_conv_tol_grad": 1e-06,
        "cc_conv_tol": 1e-07,
        "cc_conv_tol_normt": 1e-05
    },
    "broken_symmetry": false,
    "finite_diff_delta": 0.01,
    "finite_diff_acc": 2,
    "apdft_lambdas": [-1.0, -0.75, -0.5, -0.25, -0.02, -0.01, 0.0, 0.01, 0.02, 0.25, 0.5, 0.75, 1.0, 1.25, 1.5, 1.75, 2.0, 2.25, 2.5, 2.75, 3.0],
    "electronic_energies": [-37.62548830756349, -41.51492545584016, -45.61991646572943, -49.94602338522249, -54.125221215885375, -54.311278037111514, -54.49769745680072, -54.68447869472736, -54.871622142253926, -59.2754499446904, -64.27677384764094, -69.49913986323249, -74.9404788862487, -80.59876707180315, -86.47179153028955, -92.55705668508392, -98.8517296472272, -105.35261783098264, -112.05616895494587, -118.95848937905106, -126.05537439797679],
    "apdft_energies": {
        "0": [-54.49769746117674, -54.49769746117674, -54.49769746117674, -54.49769746117674, -54.49769746117674, -54.49769746117674, -54.49769746117674, -54.49769746117674, -54.49769746117674, -54.49769746117674, -54.49769746117674, -54.49769746117674, -54.49769746117674, -54.49769746117674, -54.49769746117674, -54.49769746117674, -54.49769746117674, -54.49769746117674, -54.49769746117674, -54.49769746117674, -54.49769746117674],
        "1": [-35.8376645803844, -40.50267280058249, -45.16768102078057, -49.83268924097865, -54.124496803560895, -54.311097132368815, -54.49769746117674, -54.68429778998467, -54.87089811879259, -59.16270568137483, -63.82771390157291, -68.492722121771, -73.15773034196908, -77.82273856216717, -82.48774678236526, -87.15275500256334, -91.81776322276143, -96.48277144295952, -101.14777966315759, -105.81278788335568, -110.47779610355377],
        "2": [-37.64671200733716, -41.52026197824341, -45.61994287751876, -49.9457547051632, -54.125220422531676, -54.311278037111514, -54.49769746117674, -54.68447869472736, -54.87162173776337, -59.275771145559375, -64.27997575831111, -69.51031129943192, -74.96677776892184, -80.64937516678086, -86.55810349300896, -92.69296274760617, -99.05395293057246, -105.64107404190786, -112.45432608161235, -119.49370904968593, -126.7592229461286],
        "3": [-37.67911726921842, -41.533932948099576, -45.623993535253916, -49.9462610373801, -54.12522068177377, -54.311278069516774, -54.49769746117674, -54.6844786623221, -54.87162147852128, -59.27526481334248, -64.27592510057595, -69.49664032957577, -74.93437250704058, -80.586083639669, -86.44873573415967, -92.51929079721123, -98.7947108355223, -105.27195785579151, -111.94799386471749, -118.81978086899888, -125.8842808753343],
        "4": [-42.67013509047264, -43.113122180605785, -45.935932149082305, -49.96575720074437, -54.12522148033662, -54.31127811942695, -54.49769746117674, -54.68447871223228, -54.87162227708413, -59.294760976706755, -64.58786371440434, -71.07582956208198, -79.9253903282948, -92.77118574234044, -111.71576345425916, -139.32957903483378, -178.65099597558978, -233.18628568879512, -306.90962750746036, -404.2631086853387, -530.1567243969259]
    },
    "apdft_poly_coeff": [ -54.49769746117674, -18.660032880792343, -1.809047426952759, 0.03240526188127053, -4.991017821254218 ],
    "hf_energies": [-37.37126804844797, -41.255050265801856, -45.359258213201485, -49.68756534028972, -53.86875154001664, -54.0548655132085, -54.241338944183155, -54.428171711957944, -54.61536369315081, -59.01961802609675, -64.02041481640842, -69.24182019872386, -74.68206035406257, -80.33925292970886, -86.21126307981727, -92.29563685146505, -98.58956485833019, -105.08986649986872, -111.79299459606, -118.69505679800506, -125.79184736430626],
    "triples_corrections": [-0.017226073358276802, -0.017643601676375745, -0.016814264294043074, -0.014820837322025786, -0.013128105109981058, -0.013072044403604582, -0.013017761281626579, -0.012964894885985822, -0.012913722175070547, -0.012118053061388107, -0.011800057120047152, -0.01175796315273495, -0.011860248859733073, -0.012044952605231625, -0.012276573816023378, -0.012534465158746852, -0.012804694343225731, -0.013077530409205571, -0.013345632882143937, -0.013602895691620404, -0.013843890607893185],
    "scf_converged": [true, true, true, true, true, true, true, true, true, true, true, true, true, true, true, true, true, true, true, true, true],
    "cc_converged": [true, true, true, true, true, true, true, true, true, true, true, true, true, true, true, true, true, true, true, true, true],
    "t1_diagnostic": [0.01947004389467915, 0.023170703923547812, 0.02584302300964745, 0.022618663008345398, 0.016175954991752874, 0.015892197255576525, 0.015610929841217928, 0.015332741877898924, 0.015057590942905272, 0.00991512187377065, 0.006855967809566094, 0.005308337981380949, 0.004432992263100402, 0.003876130085551585, 0.003488958750014436, 0.003199649400931141, 0.002970376816971857, 0.0027805202459064773, 0.002618559875646566, 0.002477773930514432, 0.0023540221850732036]
}