{
    "schema_name": "pyscf_apdft_output",
    "provenance": {
        "creator": "PySCF",
        "version": "1.7.6"
    },
    "molecule": {
        "geometry": [[0.0, 0.0, 0.0]],
        "symbols": [ "Ar" ]
    },
    "molecular_charge": 1,
    "molecular_multiplicity": 2,
    "name": "ar.chrg1.mult2-pyscf-uccsdt.augccpvqz",
    "atomic_numbers": [ 18 ],
    "n_electrons": 17,
    "model": {
        "method": "UCCSD(T)",
        "basis": "aug-cc-pVQZ",
        "scf_conv_tol": 1e-09,
        "scf_conv_tol_grad": 1e-06,
        "cc_conv_tol": 1e-07,
        "cc_conv_tol_normt": 1e-05
    },
    "broken_symmetry": false,
    "finite_diff_delta": 0.01,
    "finite_diff_acc": 2,
    "apdft_lambdas": [-3.0, -2.75, -2.5, -2.25, -2.0, -1.75, -1.5, -1.25, -1.0, -0.75, -0.5, -0.25, -0.02, -0.01, 0.0, 0.01, 0.02],
    "electronic_energies": [-331.91327629335746, -346.9048231140021, -362.1627749662354, -377.67414062189204, -393.4257575345979, -409.40422908259757, -425.59622808104075, -441.9889111988551, -458.5701235100203, -475.328389316569, -492.2528276066926, -509.33308075538673, -525.1760354286429, -525.8675470084917, -526.5592775877319, -527.2512265795343, -527.9433933982855],
    "apdft_energies": {
        "0": [-526.5592775877318, -526.5592775877318, -526.5592775877318, -526.5592775877318, -526.5592775877318, -526.5592775877318, -526.5592775877318, -526.5592775877318, -526.5592775877318, -526.5592775877318, -526.5592775877318, -526.5592775877318, -526.5592775877318, -526.5592775877318, -526.5592775877318, -526.5592775877318, -526.5592775877318],
        "1": [-319.0073419313345, -336.3033365693676, -353.5993312074007, -370.89532584543383, -388.19132048346694, -405.48731512150005, -422.78330975953315, -440.07930439756626, -457.37529903559937, -474.6712936736325, -491.9672883116656, -509.2632829496987, -525.1755980166892, -525.8674378022105, -526.5592775877318, -527.2511173732531, -527.9429571587744],
        "2": [-328.8359072388781, -344.5620615847341, -360.4247237820838, -376.4238938309271, -392.5595717312641, -408.83175748309475, -425.24045108641906, -441.785652541237, -458.46736184754866, -475.28557900535395, -492.2403040146529, -509.3315368754455, -525.1760348418139, -525.8675470084917, -526.5592775877318, -527.2512265795343, -527.9433939838992],
        "3": [-331.4739033004722, -346.5939902641217, -361.9513418732841, -377.5367984194121, -393.3412001939587, -409.35538748837644, -425.5702005941183, -441.9764798026371, -458.5650654053855, -475.3267976938164, -492.2525169593825, -509.3330634935367, -525.1760356234424, -525.8675471061953, -526.5592775877318, -527.2512264818307, -527.9433932022707],
        "4": [-331.8841095694248, -346.8836232687386, -362.1491651125552, -377.6665902466979, -393.4222285927641, -409.40288484812544, -425.59583848592786, -441.9888437550915, -458.5701296803108, -475.32840006205447, -492.25283347656534, -509.33308327586064, -525.1760356242527, -525.8675471062459, -526.5592775877318, -527.2512264818814, -527.9433932030811]
    },
    "apdft_poly_coeff": [ -526.5592775877318, -69.18397855213243, -1.0920628119492903, 0.09770355783681829, -0.005064274925340821 ],
    "hf_energies": [-331.5393339878902, -346.5375186485433, -361.8039245746212, -377.32476721024, -393.0861533875732, -409.07423237598204, -425.27547065324853, -441.6769238328418, -458.26636043151314, -475.0322412617852, -491.96364360138546, -509.0501949405901, -524.8983644692553, -525.5900905093526, -526.2820345446497, -526.9741959907898, -527.6665742646668],
    "triples_corrections": [-0.013952260802327634, -0.0137018357729236, -0.013080238671496231, -0.012257854466019848, -0.011433910369991342, -0.01071270372904053, -0.010099150534169186, -0.009563018568208142, -0.009079321272829932, -0.008635121931061703, -0.008225065485446678, -0.00784684197737493, -0.00752551274766429, -0.007512097179594016, -0.007498726756022365, -0.00748540133441957, -0.007472120771215928],
    "scf_converged": [true, true, true, true, true, true, true, true, true, true, true, true, true, true, true, true, true],
    "cc_converged": [true, true, true, true, true, true, true, true, true, true, true, true, true, true, true, true, true],
    "scf_spin_squared": [0.8147036365578622, 0.7844453888249019, 0.7718642976825532, 0.7667607251856072, 0.7643598332897286, 0.7629901581905152, 0.762057024167162, 0.7613368875736928, 0.7607406022566394, 0.7602294244533851, 0.7597845313352174, 0.759395405210233, 0.7590805971281869, 0.75906777682812, 0.7590550259071502, 0.7590423440369554, 0.7590297308905214],
    "cc_spin_squared": [0.7530964643922413, 0.7523167346124291, 0.7516138648963517, 0.7510838215961129, 0.7507394826401486, 0.7505376815558513, 0.7504215545490203, 0.7503506950484136, 0.7503029851668606, 0.7502678836590588, 0.7502403706376257, 0.7502179979345156, 0.7502007894320819, 0.7502001028952856, 0.750199421091648, 0.7501987439769646, 0.7501980715075782]
}