{
    "schema_name": "pyscf_apdft_output",
    "provenance": {
        "creator": "PySCF",
        "version": "1.7.6"
    },
    "molecule": {
        "geometry": [[0.0, 0.0, 0.0]],
        "symbols": [ "H" ]
    },
    "molecular_charge": -2,
    "molecular_multiplicity": 4,
    "name": "h.chrg-2.mult4-pyscf-uccsd.augccpv5z",
    "atomic_numbers": [ 1 ],
    "n_electrons": 3,
    "model": {
        "method": "UCCSD",
        "basis": "aug-cc-pV5Z",
        "scf_conv_tol": 1e-09,
        "scf_conv_tol_grad": 1e-06,
        "cc_conv_tol": 1e-07,
        "cc_conv_tol_normt": 1e-05
    },
    "broken_symmetry": false,
    "finite_diff_delta": 0.01,
    "finite_diff_acc": 2,
    "apdft_lambdas": [-0.02, -0.01, 0.0, 0.01, 0.02, 0.25, 0.5, 0.75, 1.0, 1.25, 1.5, 1.75, 2.0, 2.25, 2.5, 2.75, 3.0, 3.25, 3.5, 3.75, 4.0],
    "electronic_energies": [-0.15618916494133273, -0.169839229863637, -0.1835994468528584, -0.19746998007411964, -0.21145097691912204, -0.5636876290243891, -1.0137285304724815, -1.535317188979049, -2.132030634648125, -2.808817427550908, -3.569418811852219, -4.415121839084684, -5.345951334591126, -6.360962669129593, -7.457665298301507, -8.631984996993227, -9.878924791692238, -11.193293526478326, -12.570103787786245, -14.004691298578845, -15.492722479575207],
    "apdft_energies": {
        "0": [-0.18359944685285798, -0.18359944685285798, -0.18359944685285798, -0.18359944685285798, -0.18359944685285798, -0.18359944685285798, -0.18359944685285798, -0.18359944685285798, -0.18359944685285798, -0.18359944685285798, -0.18359944685285798, -0.18359944685285798, -0.18359944685285798, -0.18359944685285798, -0.18359944685285798, -0.18359944685285798, -0.18359944685285798, -0.18359944685285798, -0.18359944685285798, -0.18359944685285798, -0.18359944685285798],
        "1": [-0.15596869664237534, -0.16978407174761667, -0.18359944685285798, -0.19741482195809928, -0.21123019706334062, -0.528983824483891, -0.874368202114924, -1.219752579745957, -1.56513695737699, -1.910521335008023, -2.255905712639056, -2.601290090270089, -2.946674467901122, -3.2920588455321553, -3.637443223163188, -3.982827600794221, -4.328211978425254, -4.673596356056287, -5.01898073368732, -5.364365111318353, -5.709749488949386],
        "2": [-0.15618932910645672, -0.169839229863637, -0.18359944685285798, -0.19746998007411964, -0.211450829527422, -0.563457646996607, -1.0122634921657883, -1.5300169823604015, -2.1167181175804473, -2.7723668978259246, -3.496963323096834, -4.2905073933931765, -5.15299910871495, -6.084438469062156, -7.084825474434795, -8.154160124832865, -9.292442420256366, -10.499672360705302, -11.775849946179669, -13.120975176679469, -14.535048052204699],
        "3": [-0.15618912140190735, -0.16983920390056834, -0.18359944685285798, -0.1974700060371883, -0.21145103723197137, -0.5638633199445682, -1.0155088757494775, -1.5409701519553527, -2.142681186249961, -2.823076016321069, -3.5845886798564432, -4.429653214543851, -5.36070365807106, -6.380174048125836, -7.490498422395946, -8.69411081856916, -9.993445274333238, -11.390935827375953, -12.88901651538507, -14.490121376048357, -16.196684447053578],
        "4": [-0.1561891102196248, -0.16983920320167567, -0.18359944685285798, -0.19747000533829565, -0.21145102604968882, -0.5635903149996372, -1.011140796630581, -1.5188567514159388, -2.0727919203476155, -2.652447925739171, -3.2307742712258203, -3.774168341764433, -4.242475403633534, -4.588988604433306, -4.760448973085581, -4.697045419833853, -4.3324147362432655, -3.5936415952006193, -2.4012585509143713, -0.6692460389146339, 1.6949676239468285]
    },
    "apdft_poly_coeff": [ -0.18359944685285798, -1.381537510524132, -0.551581160203457, -0.02596306866951373, 0.06988926590234534 ],
    "hf_energies": [-0.1509037129831351, -0.16456777687407043, -0.17834312703106037, -0.19222985989602348, -0.20622805457800686, -0.5589899534337727, -1.0094628367992717, -1.5310784895730964, -2.1274305028081413, -2.8036328756062914, -3.563576928417147, -4.408605748227691, -5.338830717811704, -6.353382803315527, -7.4497600642062825, -8.623831819666398, -9.87056142662872, -11.184745017197661, -12.561395590671983, -13.995851799809383, -15.48378184341036],
    "scf_converged": [true, true, true, true, true, true, true, true, true, true, true, true, true, true, true, true, true, true, true, true, true],
    "cc_converged": [true, true, true, true, true, true, true, true, true, true, true, true, true, true, true, true, true, true, true, true, true],
    "scf_spin_squared": [3.75, 3.75, 3.75, 3.75, 3.75, 3.75, 3.75, 3.75, 3.75, 3.75, 3.75, 3.75, 3.75, 3.75, 3.75, 3.75, 3.75, 3.75, 3.75, 3.75, 3.75],
    "cc_spin_squared": [3.750000000000001, 3.750000000000001, 3.7499999999999982, 3.750000000000006, 3.7499999999999996, 3.750000000000001, 3.7500000000000036, 3.749999999999994, 3.749999999999996, 3.7499999999999973, 3.750000000000004, 3.749999999999991, 3.750000000000008, 3.7500000000000138, 3.7500000000000115, 3.750000000000022, 3.7500000000000293, 3.7500000000000115, 3.7500000000000817, 3.7500000000000027, 3.7499999999999813]
}