{
    "schema_name": "pyscf_apdft_output",
    "provenance": {
        "creator": "PySCF",
        "version": "1.7.6"
    },
    "molecule": {
        "geometry": [[0.0, 0.0, 0.0]],
        "symbols": [ "N" ]
    },
    "molecular_charge": -1,
    "molecular_multiplicity": 3,
    "name": "n.chrg-1.mult3-pyscf-uccsdt.augccpv5z",
    "atomic_numbers": [ 7 ],
    "n_electrons": 8,
    "model": {
        "method": "UCCSD(T)",
        "basis": "aug-cc-pV5Z",
        "scf_conv_tol": 1e-09,
        "scf_conv_tol_grad": 1e-06,
        "cc_conv_tol": 1e-05,
        "cc_conv_tol_normt": 1e-07
    },
    "broken_symmetry": false,
    "finite_diff_delta": 0.01,
    "finite_diff_acc": 2,
    "apdft_lambdas": [-1.0, -0.75, -0.5, -0.25, -0.02, -0.01, 0.0, 0.01, 0.02, 0.25, 0.5, 0.75, 1.0, 1.25, 1.5, 1.75, 2.0, 2.25, 2.5, 2.75, 3.0],
    "electronic_energies": [-37.655904462137755, -41.55539747627258, -45.669001539689525, -49.99897591453676, -54.18241939993018, -54.36866592636565, -54.555280878714306, -54.74226472964429, -54.929618015380264, -59.33877163992955, -64.34571428734775, -69.57378734498074, -75.02079209483725, -80.68468589759298, -86.56326738864955, -92.65405545513651, -98.95423393438315, -105.46062714389251, -112.16969887088219, -119.07756982120695, -126.18004628296342],
    "apdft_energies": {
        "0": [-54.55528087871434, -54.55528087871434, -54.55528087871434, -54.55528087871434, -54.55528087871434, -54.55528087871434, -54.55528087871434, -54.55528087871434, -54.55528087871434, -54.55528087871434, -54.55528087871434, -54.55528087871434, -54.55528087871434, -54.55528087871434, -54.55528087871434, -54.55528087871434, -54.55528087871434, -54.55528087871434, -54.55528087871434, -54.55528087871434, -54.55528087871434],
        "1": [-35.87534071478237, -40.54532575576536, -45.215310796748355, -49.88529583773135, -54.1816820754357, -54.36848147707502, -54.55528087871434, -54.74208028035366, -54.92887968199298, -59.225265919697335, -63.89525096068033, -68.56523600166332, -73.23522104264632, -77.90520608362931, -82.5751911246123, -87.2451761655953, -91.91516120657829, -96.58514624756128, -101.25513128854428, -105.92511632952727, -110.59510137051026],
        "2": [-37.719833621069, -41.58285301555159, -45.67643402332001, -50.00057664437426, -54.18241987259822, -54.36866592636565, -54.55528087871434, -54.74226472964429, -54.929617479155496, -59.34054672634025, -64.35637418725199, -69.60276326144955, -75.07971394893295, -80.78722624970217, -86.72530016375723, -92.89393569109811, -99.29313283172482, -105.92289158563736, -112.78321195283573, -119.87409393331993, -127.19553752708995],
        "3": [-37.6357592208865, -41.547384127974595, -45.6659247232972, -49.99926298187141, -54.18241920000302, -54.36866584229125, -54.55528087871434, -54.74226481371869, -54.929618151750695, -59.3418603888431, -64.3668834872748, -69.63823214902655, -75.16378834911545, -80.95143406255863, -87.00905126437318, -93.34452192957622, -99.96572803318486, -106.88055155021621, -114.0968744556874, -121.62257872461548, -129.46554633201762],
        "4": [-37.90057891298754, -41.63117473367845, -45.682475954053515, -50.00029743379368, -54.182419242374166, -54.36866584493945, -54.55528087871434, -54.742264816366884, -54.92961819412185, -59.34289484076537, -64.38343471803111, -69.7220227547304, -75.4286080412165, -81.59796651397721, -88.34970095563476, -95.82824099494586, -104.20284310680171, -113.66759061222794, -124.44139367838473, -136.76798931856666, -150.91594139220282]
    },
    "apdft_poly_coeff": [ -54.55528087871434, -18.679940163931974, -1.8444929062866322, -0.08407440018250628, -0.2648196921010519 ],
    "hf_energies": [-37.43706932878389, -41.326030240150814, -45.43365778876417, -49.765684363445374, -53.97311188361685, -54.15847056266736, -54.34421069428507, -54.53033798302933, -54.71685912727557, -59.12140893646646, -64.13055432476926, -69.36071728529639, -74.8097111315565, -80.47559214312345, -86.35622536662919, -92.44917186542105, -98.75164159904028, -105.26047491116523, -111.9721457198559, -118.8827809953795, -125.98819028219944],
    "triples_corrections": [-0.013830947748208977, -0.012860428599578875, -0.01253583788481827, -0.0118940570606175, -0.007220654163751849, -0.007182097351725772, -0.00714592807592179, -0.007112854505850163, -0.007083695962951847, -0.006548249576181926, -0.005544544239438926, -0.004802828107823633, -0.004228707061260471, -0.0037650774804871066, -0.0033791855155492104, -0.0030505754996609604, -0.002765869415031626, -0.0025159154115888755, -0.0022941381320144894, -0.0020956374199793673, -0.0019166901207481215],
    "scf_converged": [true, true, true, true, true, true, true, true, true, true, true, true, true, true, true, true, true, true, true, true, true],
    "cc_converged": [true, true, true, true, true, true, true, true, true, true, true, true, true, true, true, true, true, true, true, true, true],
    "scf_spin_squared": [2.112936825603511, 2.0590132123930114, 2.062169801683067, 2.5086042987472856, 2.648604536375459, 2.629626885462721, 2.6084757261003295, 2.584767094075694, 2.5580194689458873, 2.0430457178819896, 2.0178094200254244, 2.011985359929857, 2.009376678633738, 2.007824346530851, 2.0067583710335892, 2.005962912430689, 2.0053367985203154, 2.004826092574034, 2.0043993409782206, 2.004036734739472, 2.0037248150100937],
    "cc_spin_squared": [2.0544570379648164, 2.1257208962624015, 2.118059419053254, 2.013638408950598, 2.0231983761771057, 2.02136929158098, 2.0196637972019618, 2.018076155528048, 2.016600389048242, 2.0028038669451877, 2.0008421771178253, 2.0003964050233467, 2.0002392011886125, 2.0001640617603247, 2.0001210911175304, 2.000093730618243, 2.0000749299236524, 2.000061292271554, 2.0000509830268562, 2.000042963538453, 2.000036569627728]
}