{
    "schema_name": "pyscf_qa_output",
    "provenance": {
        "creator": "PySCF",
        "version": "1.7.6"
    },
    "molecule": {
        "geometry": [[0.0, 0.0, 0.0]],
        "symbols": [ "Na" ]
    },
    "molecular_charge": -1,
    "molecular_multiplicity": 1,
    "name": "na.chrg-1.mult1-pyscf-ccsdt.augccpvqz",
    "atomic_numbers": [ 11 ],
    "n_electrons": 12,
    "model": {
        "method": "CCSD(T)",
        "basis": "aug-cc-pVQZ",
        "scf_conv_tol": 1e-09,
        "scf_conv_tol_grad": 1e-06,
        "cc_conv_tol": 1e-07,
        "cc_conv_tol_normt": 1e-05
    },
    "broken_symmetry": false,
    "finite_diff_delta": 0.01,
    "finite_diff_acc": 2,
    "qa_lambdas": [-1.0, -0.75, -0.5, -0.25, -0.02, -0.01, 0.0, 0.01, 0.02, 0.25, 0.5, 0.75, 1.0, 1.25, 1.5, 1.75, 2.0, 2.25, 2.5, 2.75, 3.0],
    "electronic_energies": [-127.27643063848544, -135.7158886210827, -144.31390745906583, -153.0468696233505, -161.18005639752838, -161.5355683458352, -161.89122591127386, -162.24702747599966, -162.60297160703465, -170.82590511830062, -179.83145638074544, -188.89373119787567, -198.00216218042735, -207.14885262344964, -216.32806363357923, -225.53573340764527, -234.76898039063164, -244.02565478738012, -253.30398488408102, -262.60233044574073, -271.919037202123],
    "qats_energies": {
        "0": [-161.89122591079524, -161.89122591079524, -161.89122591079524, -161.89122591079524, -161.89122591079524, -161.89122591079524, -161.89122591079524, -161.89122591079524, -161.89122591079524, -161.89122591079524, -161.89122591079524, -161.89122591079524, -161.89122591079524, -161.89122591079524, -161.89122591079524, -161.89122591079524, -161.89122591079524, -161.89122591079524, -161.89122591079524, -161.89122591079524, -161.89122591079524],
        "1": [-126.31826940257241, -135.21150852962813, -144.10474765668383, -152.99798678373952, -161.17976678063079, -161.535496345713, -161.89122591079524, -162.24695547587748, -162.6026850409597, -170.78446503785096, -179.67770416490666, -188.57094329196235, -197.46418241901807, -206.3574215460738, -215.2506606731295, -224.14389980018518, -233.0371389272409, -241.93037805429663, -250.82361718135232, -259.716856308408, -268.61009543546373],
        "2": [-127.03827062445129, -135.616509216935, -144.28474796215355, -153.04298686010696, -161.18005478111954, -161.5355683458352, -161.89122591079524, -162.24702747599966, -162.60297304144845, -170.82946511421838, -179.85770447037638, -188.97594397926923, -198.18418364089695, -207.48242345525952, -216.87066342235696, -226.34890354218925, -235.9171438147564, -245.5753842400584, -255.32362481809528, -265.161865548867, -275.0901064323736],
        "3": [-127.29250584458677, -135.72376470042965, -144.3165273646705, -153.0469592854216, -161.1800568150013, -161.53556860007043, -161.89122591079524, -162.24702722176443, -162.60297100756668, -170.82549268890375, -179.82592506785943, -188.86868849577456, -197.92994842076146, -206.98587029093238, -216.01261955439966, -224.9863616592756, -233.88326205367247, -242.67948618570256, -251.3511995034782, -259.8745674551117, -268.22575548871527],
        "4": [-128.0508187237434, -135.9636996348503, -144.36392191961778, -153.04992144510578, -161.18005693633137, -161.53556860765354, -161.89122591079524, -162.24702722934757, -162.60297112889674, -170.82845484858797, -179.87331962280672, -189.10862343019522, -198.68826129991808, -208.83722009356086, -219.85157850513005, -232.0985070610531, -246.01626812017838, -262.11421587377515, -280.97279634553365, -303.243547391565, -329.64909870040145]
    },
    "qats_poly_coeffs": [ -161.89122591079524, -35.57295650822283, -0.7200012218788743, 0.25423522013549393, -0.7583128791566196 ],
    "hf_energies": [-127.17529595074463, -135.65005622510972, -144.26734794871328, -153.00812449003325, -161.14365771724573, -161.4992003873087, -161.85488505911763, -162.21071049144655, -162.56667544085644, -170.78959215834902, -179.79481545671996, -188.85723559606166, -197.96666628080902, -207.11518543181583, -216.29683194795797, -225.50729921218579, -234.7435119220808, -244.00318051739922, -253.28442884673743, -262.5855324212455, -271.904768185751],
    "triples_corrections": [-0.009231396548136518, -0.0042286750385424985, -0.0019129191112909553, -0.0009199801561124579, -0.0005071533514325139, -0.0004968007895131638, -0.00048686909701359043, -0.0004773382604916477, -0.0004681858131045712, -0.00032846967940023113, -0.00025414254945855554, -0.0002088030431580554, -0.0001742993529240999, -0.00014489904419987248, -0.00011919322971898225, -9.692617360418436e-05, -7.796377893953595e-05, -6.208255694527625e-05, -4.8971380991929014e-05, -3.8273465034994614e-05, -2.9634052397314333e-05],
    "scf_converged": [true, true, true, true, true, true, true, true, true, true, true, true, true, true, true, true, true, true, true, true, true],
    "cc_converged": [true, true, true, true, true, true, true, true, true, true, true, true, true, true, true, true, true, true, true, true, true],
    "t1_diagnostic": [0.0193543727042622, 0.016821200696597264, 0.029196597067684273, 0.023768415850740184, 0.023403922710811927, 0.02322829596790685, 0.023031595302146577, 0.022815606120933463, 0.02258202820276736, 0.016227926691758647, 0.011540382710602088, 0.00794276785631856, 0.005142080323095972, 0.0031463964202983344, 0.0019631864046493397, 0.0015483429971849339, 0.0015946451143875914, 0.0017385315965024975, 0.0018342115720545028, 0.0018506877725039041, 0.001790952147245025]
}