{
    "schema_name": "pyscf_apdft_output",
    "provenance": {
        "creator": "PySCF",
        "version": "1.7.6"
    },
    "molecule": {
        "geometry": [[0.0, 0.0, 0.0]],
        "symbols": [ "H" ]
    },
    "molecular_charge": -1,
    "molecular_multiplicity": 1,
    "name": "h.chrg-1.mult1-pyscf-ccsd.augccpv5z",
    "atomic_numbers": [ 1 ],
    "n_electrons": 2,
    "model": {
        "method": "CCSD",
        "basis": "aug-cc-pV5Z",
        "scf_conv_tol": 1e-09,
        "scf_conv_tol_grad": 1e-06,
        "cc_conv_tol": 1e-07,
        "cc_conv_tol_normt": 1e-05
    },
    "broken_symmetry": false,
    "finite_diff_delta": 0.01,
    "finite_diff_acc": 2,
    "apdft_lambdas": [-0.02, -0.01, 0.0, 0.01, 0.02, 0.25, 0.5, 0.75, 1.0, 1.25, 1.5, 1.75, 2.0, 2.25, 2.5, 2.75, 3.0],
    "electronic_energies": [-0.5003803256715799, -0.5138070662920855, -0.5274289475049935, -0.5412473969843313, -0.5552636791779465, -0.93330708295182, -1.4647936408879696, -2.120933285113967, -2.9011525118340167, -3.804512531365146, -4.829567980455669, -5.974242900296683, -7.23565207464174, -8.60991037219681, -10.092005697740685, -11.675770732591394, -13.353977123803151],
    "apdft_energies": {
        "0": [-0.5274289475049937, -0.5274289475049937, -0.5274289475049937, -0.5274289475049937, -0.5274289475049937, -0.5274289475049937, -0.5274289475049937, -0.5274289475049937, -0.5274289475049937, -0.5274289475049937, -0.5274289475049937, -0.5274289475049937, -0.5274289475049937, -0.5274289475049937, -0.5274289475049937, -0.5274289475049937, -0.5274289475049937],
        "1": [-0.49998861681274787, -0.5137087821588708, -0.5274289475049937, -0.5411491128511166, -0.5548692781972395, -0.8704330811580665, -1.2134372148111394, -1.5564413484642121, -1.8994454821172853, -2.242449615770358, -2.5854537494234306, -2.928457883076504, -3.2714620167295765, -3.614466150382649, -3.9574702840357223, -4.300474417688795, -4.643478551341868],
        "2": [-0.5003817533456068, -0.5138070662920855, -0.5274289475049937, -0.5412473969843313, -0.5552624147300984, -0.9318606644172672, -1.459147547847942, -2.109289597797018, -2.882286814264496, -3.7781391972503746, -4.796846746754655, -5.9384094627773365, -7.20282734531842, -8.590100394377904, -10.100228609955789, -11.733211992052077, -13.489050540666765],
        "3": [-0.5003799585976901, -0.5138068419485959, -0.5274289475049937, -0.5412476213278209, -0.555264209478015, -0.9353660314419819, -1.48719048404566, -2.2039345074643157, -3.1066303038462384, -4.216310075339716, -5.554006024093036, -7.140750352254488, -8.997575261972361, -11.145512955394942, -13.605595634670518, -16.39885550194738, -19.546324759373817],
        "4": [-0.5003798497802373, -0.5138068351475051, -0.5274289475049937, -0.5412476145267301, -0.5552641006605622, -0.9327093553475895, -1.4446836665353806, -1.9887437438185267, -2.426521223681768, -2.5558875163444266, -2.110953805760405, -0.7620710496181857, 1.884170020659167, 6.284938899914005, 12.96116530925411, 22.497539196052674, 35.54251073394829]
    },
    "apdft_poly_coeff": [ -0.5274289475049937, -1.3720165346122914, -0.9828413321472107, -0.2243434895817427, 0.6801090801644705 ],
    "hf_energies": [-0.46084791915182044, -0.47426919495896014, -0.48788881014699104, -0.501707287901739, -0.5157250846627646, -0.8935167460677701, -1.4243697600122927, -2.080040639681619, -2.8600303914097203, -3.763438444357474, -4.788874168076243, -5.934333810195514, -7.1969900469449195, -8.572960371250215, -10.05715958927056, -11.64328458142861, -13.323945606990002],
    "scf_converged": [true, true, true, true, true, true, true, true, true, true, true, true, true, true, true, true, true],
    "cc_converged": [true, true, true, true, true, true, true, true, true, true, true, true, true, true, true, true, true],
    "t1_diagnostic": [0.031054708660012826, 0.030342154587857793, 0.029565341703596544, 0.028734547100040413, 0.027859998815829914, 0.010249555756925197, 0.004288413408604228, 0.0023526098966702375, 0.001493842105692129, 0.0010653670494907145, 0.000841233486762783, 0.0007281151635879901, 0.0006853621501511306, 0.0006867770009141633, 0.0007042063721916371, 0.0007131161142094024, 0.0007005202657070816]
}