{
    "schema_name": "pyscf_apdft_output",
    "provenance": {
        "creator": "PySCF",
        "version": "1.7.6"
    },
    "molecule": {
        "geometry": [[0.0, 0.0, 0.0]],
        "symbols": [ "Ar" ]
    },
    "molecular_charge": 2,
    "molecular_multiplicity": 1,
    "name": "ar.chrg2.mult1-pyscf-ccsdt.augccpvqz",
    "atomic_numbers": [ 18 ],
    "n_electrons": 16,
    "model": {
        "method": "CCSD(T)",
        "basis": "aug-cc-pVQZ",
        "scf_conv_tol": 1e-09,
        "scf_conv_tol_grad": 1e-06,
        "cc_conv_tol": 1e-07,
        "cc_conv_tol_normt": 1e-05
    },
    "broken_symmetry": false,
    "finite_diff_delta": 0.01,
    "finite_diff_acc": 2,
    "apdft_lambdas": [-4.0, -3.75, -3.5, -3.25, -3.0, -2.75, -2.5, -2.25, -2.0, -1.75, -1.5, -1.25, -1.0, -0.75, -0.5, -0.25, -0.02, -0.01, 0.0, 0.01, 0.02],
    "electronic_energies": [-275.19369850630085, -288.944193186465, -303.0125599998575, -317.3850742433175, -332.04753327117373, -346.98525448123274, -362.18321633937023, -377.62643292510603, -393.30037611247184, -409.19121486079536, -425.2858545488479, -441.57187839379736, -458.03747580920293, -474.67139035198755, -491.46288970789544, -508.4017501458711, -524.107283070698, -524.792662224762, -525.4782473372727, -526.1640378324549, -526.8500331352735],
    "apdft_energies": {
        "0": [-525.4782473371786, -525.4782473371786, -525.4782473371786, -525.4782473371786, -525.4782473371786, -525.4782473371786, -525.4782473371786, -525.4782473371786, -525.4782473371786, -525.4782473371786, -525.4782473371786, -525.4782473371786, -525.4782473371786, -525.4782473371786, -525.4782473371786, -525.4782473371786, -525.4782473371786, -525.4782473371786, -525.4782473371786, -525.4782473371786, -525.4782473371786],
        "1": [-251.20312579859342, -268.345320894755, -285.48751599091656, -302.62971108707814, -319.7719061832397, -336.9141012794013, -354.05629637556285, -371.1984914717244, -388.340686567886, -405.48288166404757, -422.62507676020914, -439.7672718563707, -456.9094669525323, -474.05166204869386, -491.19385714485543, -508.336052241017, -524.1068717294856, -524.7925595333321, -525.4782473371786, -526.163935141025, -526.8496229448715],
        "2": [-267.63375458288533, -282.78630322469905, -298.06721615389006, -313.47649337045834, -329.0141348744039, -344.68014066572675, -360.4745107444269, -376.3972451105043, -392.448343763959, -408.62780670479094, -424.9356339330002, -441.3718254485867, -457.93638125155053, -474.6293013418916, -491.45058571961, -508.40023438470564, -524.1072824952053, -524.792662224762, -525.4782473371786, -526.1640378324549, -526.8500337105911],
        "3": [-273.77140984987284, -287.8435753257935, -302.17896567845395, -316.7685902018967, -331.60345819016425, -346.6745789372991, -361.9729617373437, -377.48961588434065, -393.21555067233237, -409.14177539536144, -425.25929934747023, -441.5591318227013, -458.0322821150972, -474.6697595187004, -491.46257332755334, -508.40173283569857, -524.1072832624121, -524.7926623206629, -525.4782473371786, -526.1640377365541, -526.8500329433842],
        "4": [-273.9581594286368, -287.98783493005567, -302.28843485291986, -316.84997684006623, -331.66254692407006, -346.7162995272448, -362.0014574616425, -377.5083119290531, -393.22722252100516, -409.14861721876554, -425.26299239333935, -441.56091280547, -458.0330116056393, -474.66999033406717, -491.4626189207122, -508.401735685271, -524.1072832625289, -524.7926623206702, -525.4782473371786, -526.1640377365613, -526.8500329435009]
    },
    "apdft_poly_coeff": [ -525.4782473371786, -68.56878038464629, -1.0269142990182445, 0.0959008635466792, -0.0007294905420470362 ],
    "hf_energies": [-274.8198287312166, -288.5699514970906, -302.6401191291033, -317.01638977743414, -331.6841543817117, -346.62829733313663, -361.8334519700294, -377.2843632968951, -392.9662526982502, -408.8650447649188, -424.9674245568251, -441.2607947410944, -457.73320819489373, -474.3733134358786, -491.170319846826, -508.11397695668404, -523.823294960335, -524.5088252402243, -525.1945603724212, -525.8804997830543, -526.5666428995414],
    "triples_corrections": [-0.012146835156688726, -0.012686034646522636, -0.01303956483960025, -0.013199979901696093, -0.013227061380477415, -0.01320562959873377, -0.013187193794317686, -0.013180355515051518, -0.01317675221611609, -0.013169015385239045, -0.013154522803081431, -0.013133951863987088, -0.013109758771191719, -0.013085182911529877, -0.013063412071129384, -0.013047093041267568, -0.013038404553024357, -0.013038176502059873, -0.013037961193079966, -0.013037758726564626, -0.013037568778658745],
    "scf_converged": [true, true, true, true, true, true, true, true, true, true, true, true, true, true, true, true, true, true, true, true, true],
    "cc_converged": [true, true, true, true, true, true, true, true, true, true, true, true, true, true, true, true, true, true, true, true, true],
    "t1_diagnostic": [0.015571697584063668, 0.013543731506075967, 0.01197691025454323, 0.01089735998586664, 0.010164057396798718, 0.009595997605648459, 0.009069771619435224, 0.008555244739843235, 0.008072685762247157, 0.007639239116070043, 0.007256230271062386, 0.006917326986230699, 0.006615836074760229, 0.006347136211670502, 0.006108461952324932, 0.005897948811866564, 0.005727587875679954, 0.005720662291256, 0.005713775636064426, 0.00570692778385111, 0.005700118543980911]
}