{
    "schema_name": "pyscf_qa_output",
    "provenance": {
        "creator": "PySCF",
        "version": "1.7.6"
    },
    "molecule": {
        "geometry": [[0.0, 0.0, 0.0]],
        "symbols": [ "Be" ]
    },
    "molecular_charge": 1,
    "molecular_multiplicity": 2,
    "name": "be.chrg1.mult2-pyscf-uccsdt.augccpvtz",
    "atomic_numbers": [ 4 ],
    "n_electrons": 3,
    "model": {
        "method": "UCCSD(T)",
        "basis": "aug-cc-pVTZ",
        "scf_conv_tol": 1e-09,
        "scf_conv_tol_grad": 1e-06,
        "cc_conv_tol": 1e-05,
        "cc_conv_tol_normt": 1e-07
    },
    "broken_symmetry": false,
    "finite_diff_delta": 0.01,
    "finite_diff_acc": 2,
    "qa_lambdas": [-3.0, -2.75, -2.5, -2.25, -2.0, -1.75, -1.5, -1.25, -1.0, -0.75, -0.5, -0.25, -0.02, -0.01, 0.0, 0.01, 0.02, 0.25, 0.5, 0.75, 1.0],
    "electronic_energies": [-0.4157191649610071, -0.8249773202274953, -1.354675035463486, -2.0064715440058905, -2.7791652733263694, -3.676238264408656, -4.707899162441184, -5.893030028906892, -7.3134705754921, -8.843101700470422, -10.525251274956188, -12.34507701953518, -14.124267417933469, -14.203646571694563, -14.283183472003683, -14.362876847323042, -14.442725431845238, -16.31926684865387, -18.43490576248975, -20.614532023702832, -22.845233378818335],
    "qats_energies": {
        "0": [-14.283183472003683, -14.283183472003683, -14.283183472003683, -14.283183472003683, -14.283183472003683, -14.283183472003683, -14.283183472003683, -14.283183472003683, -14.283183472003683, -14.283183472003683, -14.283183472003683, -14.283183472003683, -14.283183472003683, -14.283183472003683, -14.283183472003683, -14.283183472003683, -14.283183472003683, -14.283183472003683, -14.283183472003683, -14.283183472003683, -14.283183472003683],
        "1": [9.601357872268187, 7.610979426912197, 5.62060098155621, 3.63022253620022, 1.63984409084423, -0.35053435451176007, -2.3409127998677484, -4.331291245223737, -6.321669690579727, -8.312048135935715, -10.302426581291705, -12.292805026647695, -14.123953196375204, -14.203568334189445, -14.283183472003683, -14.362798609817922, -14.442413747632163, -16.27356191735967, -18.263940362715662, -20.254318808071652, -22.24469725342764],
        "2": [2.559982411564695, 1.6942681022932913, 0.730756911623228, -0.33055116044549493, -1.4896561139128774, -2.7465579487789196, -4.101256665043621, -5.553752262706983, -7.104044741769004, -8.752134102229684, -10.498020344089024, -12.341703467347024, -14.12426614639568, -14.203646571694563, -14.283183472003683, -14.362876847323042, -14.442726697652638, -16.322460358059004, -18.45953412551298, -20.69440477436562, -23.027072304616915],
        "3": [-3.149044263839821, -2.703136125116089, -2.573077969976607, -2.739046789131775, -3.181219573291992, -3.8797733131676626, -4.814884999469186, -5.966731622906961, -7.315490174191393, -8.84133764403288, -10.524451023141824, -12.345007302228623, -14.12426783795914, -14.203646783139995, -14.283183472003683, -14.36287663587761, -14.442725006089178, -16.3191565231774, -18.433103446460184, -20.605201232562422, -22.815626872194528],
        "4": [-5.083048020982298, -4.068671860471172, -3.5057572510059654, -3.3509776654151366, -3.5632450068016173, -4.103709608542811, -4.935760234290591, -6.025024077971297, -7.339366763785744, -8.848892346209217, -10.52594330999147, -12.345100570156728, -14.124267841779394, -14.203646783378762, -14.283183472003683, -14.362876636116376, -14.442725009909433, -16.319249791105506, -18.43459573330983, -20.61275593473876, -22.83950346178888]
    },
    "qats_poly_coeffs": [ -14.283183472003683, -7.961513781423957, -0.7823750511892769, 0.21144543242238945, -0.02387658959435157 ],
    "hf_energies": [-0.37780641314422114, -0.7896799980989262, -1.3217775280802908, -1.9753415417204694, -2.749274972477813, -3.6472134427844995, -4.679780498473573, -5.866330159438642, -7.290229041389086, -8.824790833423698, -10.512026733154453, -12.33609725666915, -14.118130467286012, -14.197610842533317, -14.277247228143535, -14.357038371534069, -14.436983026203638, -16.315312863785387, -18.432182322646227, -20.61256491522003, -22.843739970673695],
    "triples_corrections": [-0.00015643231201729847, -4.8131839335806624e-05, -1.4962412394941665e-05, -5.552180549668653e-06, -3.32445114277812e-06, -3.7627520217340893e-06, -8.739511581684332e-06, -2.468517726207823e-05, -4.14043798794553e-05, -3.686847254801897e-05, -2.789155263208894e-05, -1.8519066736428958e-05, -1.1733031142380503e-05, -1.1488696363052526e-05, -1.1248550049132908e-05, -1.1012566693877654e-05, -1.0780718395164605e-05, -6.50006930651408e-06, -3.668150901197054e-06, -2.050244314238581e-06, -1.1448836756924382e-06],
    "scf_converged": [true, true, true, true, true, true, true, true, true, true, true, true, true, true, true, true, true, true, true, true, true],
    "cc_converged": [true, true, true, true, true, true, true, true, true, true, true, true, true, true, true, true, true, true, true, true, true],
    "scf_spin_squared": [0.7591187553703836, 0.7500013895673163, 0.750002800227245, 0.7500011517919212, 0.7500004260553027, 0.7500002203114332, 0.7500008688212625, 0.7500078306576655, 0.7500175023182234, 0.7500195238912181, 0.750020097220379, 0.7500189311970052, 0.7500165209905724, 0.7500163944229526, 0.750016266411119, 0.7500161370007103, 0.7500160062374411, 0.7500127303250231, 0.7500090203207828, 0.7500057442367214, 0.75000327631358],
    "cc_spin_squared": [0.750649398815268, 0.7500007938561842, 0.750000030215351, 0.750000008854571, 0.750000002992806, 0.7500000028408519, 0.7500000143768584, 0.7500001032336758, 0.7500001672780687, 0.7500001635125562, 0.7500001291585534, 0.750000087090839, 0.750000055051966, 0.7500000538854475, 0.7500000527384072, 0.7500000516107779, 0.7500000505024942, 0.7500000300217969, 0.7500000165841303, 0.7500000090460277, 0.7500000049241388]
}