{
    "schema_name": "pyscf_qa_output",
    "provenance": {
        "creator": "PySCF",
        "version": "1.7.6"
    },
    "molecule": {
        "geometry": [[0.0, 0.0, 0.0]],
        "symbols": [ "Al" ]
    },
    "molecular_charge": -1,
    "molecular_multiplicity": 3,
    "name": "al.chrg-1.mult3-pyscf-uccsdt.augccpvqz",
    "atomic_numbers": [ 13 ],
    "n_electrons": 14,
    "model": {
        "method": "UCCSD(T)",
        "basis": "aug-cc-pVQZ",
        "scf_conv_tol": 1e-09,
        "scf_conv_tol_grad": 1e-06,
        "cc_conv_tol": 1e-07,
        "cc_conv_tol_normt": 1e-05
    },
    "broken_symmetry": false,
    "finite_diff_delta": 0.01,
    "finite_diff_acc": 2,
    "qa_lambdas": [-1.0, -0.75, -0.5, -0.25, -0.02, -0.01, 0.0, 0.01, 0.02, 0.25, 0.5, 0.75, 1.0, 1.25, 1.5, 1.75, 2.0, 2.25, 2.5, 2.75, 3.0],
    "electronic_energies": [-198.40852614691696, -209.0750231934119, -219.9009913639983, -230.87329780185985, -241.08666253164586, -241.53314438872465, -241.9798196741139, -242.42668728412104, -242.873746108714, -253.20633152627767, -264.53663027497976, -275.9570528728278, -287.4561788484967, -299.0240591124456, -310.65193865834686, -322.33212685064507, -334.05791098199273, -345.8234942177158, -357.6239371171757, -369.4550852532074, -381.31347930370066],
    "qats_energies": {
        "0": [-241.97981967411368, -241.97981967411368, -241.97981967411368, -241.97981967411368, -241.97981967411368, -241.97981967411368, -241.97981967411368, -241.97981967411368, -241.97981967411368, -241.97981967411368, -241.97981967411368, -241.97981967411368, -241.97981967411368, -241.97981967411368, -241.97981967411368, -241.97981967411368, -241.97981967411368, -241.97981967411368, -241.97981967411368, -241.97981967411368, -241.97981967411368],
        "1": [-197.302674904294, -208.47196109674894, -219.64124728920385, -230.81053348165875, -241.0862767787173, -241.53304822641547, -241.97981967411368, -242.4265911218119, -242.87336256951008, -253.14910586656862, -264.3183920590235, -275.4876782514784, -286.65696444393336, -297.8262506363883, -308.9955368288432, -320.1648230212981, -331.33410921375304, -342.50339540620797, -353.67268159866285, -364.8419677911178, -376.0112539835727],
        "2": [-198.26429799592051, -209.01287408578884, -219.88165306211047, -230.87063492488542, -241.08666142795394, -241.53314438872465, -241.97981967411368, -242.42668728412104, -242.87374721874673, -253.20920730979526, -264.5587978319302, -276.0285912405184, -287.61858753555987, -299.3287867170547, -311.1591887850028, -323.10979373940427, -335.18060158025907, -347.37161230756715, -359.6828259213286, -372.1142424215433, -384.6658618082113],
        "3": [-198.44877505058972, -209.0907003432274, -219.90471269394413, -230.87351737886462, -241.0866629037704, -241.5331445732017, -241.97981967411368, -242.426687099644, -242.87374574293028, -253.20632485581606, -264.5357382000965, -275.9507649830798, -287.43411048089064, -298.9684799696539, -310.5365787254942, -322.1211120245365, -333.7047851429054, -345.27030335672566, -356.8003719421221, -368.2776961752195, -379.68498133214257],
        "4": [-198.42235529531732, -209.08234096753574, -219.9030614592396, -230.8734141766956, -241.08666289954323, -241.53314457293752, -241.97981967411368, -242.4266870993798, -242.87374573870312, -253.20622165364702, -264.53408696539196, -275.94240560738814, -287.40769072561824, -298.9039786140084, -310.40282871442776, -321.8733236166887, -333.282069058547, -344.59319392570137, -355.768350251794, -366.76671321841013, -377.5449811550782]
    },
    "qats_poly_coeffs": [ -241.97981967411368, -44.67714476981968, -0.9616230916265067, 0.18447705466921127, 0.026419755272399925 ],
    "hf_energies": [-198.28121150764628, -208.95952036751325, -219.79213424579893, -230.7697035287511, -240.9874872643615, -241.43412926378403, -241.8809615407859, -242.32798299438068, -242.7751925239652, -253.11045327949557, -264.4423415363069, -275.863493385519, -287.3628798924624, -298.9308503642244, -310.5588643666257, -322.2393713952561, -333.9657381868044, -345.73219961417004, -357.5338122654276, -369.36639402192776, -381.2264452551036],
    "triples_corrections": [-0.005284172066435015, -0.005010620037108763, -0.005031632418359997, -0.004692961085476479, -0.004170381406309369, -0.0041498612155118405, -0.004129677590533907, -0.0041098335261700505, -0.004090330262266611, -0.003724737950029906, -0.00344475851361509, -0.0032285115214400945, -0.0030503163586427704, -0.002894375208219499, -0.0027499872406006967, -0.002610874760723834, -0.0024739428470118537, -0.0023380923030942957, -0.002203448729200357, -0.0020708371990733766, -0.0019413654719626112],
    "scf_converged": [true, true, true, true, true, true, true, true, true, true, true, true, true, true, true, true, true, true, true, true, true],
    "cc_converged": [true, true, true, true, true, true, true, true, true, true, true, true, true, true, true, true, true, true, true, true, true],
    "scf_spin_squared": [2.020956756326691, 2.0152824355651404, 2.0163852416796253, 2.018051966760872, 2.0180425277332255, 2.0180181050524713, 2.017992593003779, 2.017966092716028, 2.017938701966017, 2.0172270743467458, 2.0165972678447517, 2.016119931993871, 2.015634107572456, 2.0150637730250827, 2.014408526312188, 2.0136952100229957, 2.0129533837149687, 2.0122073239456606, 2.011474015739849, 2.010763781305708, 2.0100820572942926],
    "cc_spin_squared": [2.00108450456365, 2.001116239956788, 2.0013932674389148, 2.0013636550702123, 2.001087697315477, 2.001076890108981, 2.001066306288869, 2.001055946268263, 2.001045809085456, 2.0008634225393345, 2.0007318571504658, 2.0006364319884464, 2.000563583712457, 2.0005057880504338, 2.000458248271101, 2.000417752301598, 2.0003821983882064, 2.0003502162238367, 2.0003210176428667, 2.000294150943707, 2.0002693624894055]
}