{
    "schema_name": "pyscf_apdft_output",
    "provenance": {
        "creator": "PySCF",
        "version": "1.7.6"
    },
    "molecule": {
        "geometry": [[0.0, 0.0, 0.0]],
        "symbols": [ "S" ]
    },
    "molecular_charge": 2,
    "molecular_multiplicity": 1,
    "name": "s.chrg2.mult1-pyscf-ccsdt.augccpvqz",
    "atomic_numbers": [ 16 ],
    "n_electrons": 14,
    "model": {
        "method": "CCSD(T)",
        "basis": "aug-cc-pVQZ",
        "scf_conv_tol": 1e-09,
        "scf_conv_tol_grad": 1e-06,
        "cc_conv_tol": 1e-07,
        "cc_conv_tol_normt": 1e-05
    },
    "broken_symmetry": false,
    "finite_diff_delta": 0.01,
    "finite_diff_acc": 2,
    "apdft_lambdas": [-4.0, -3.75, -3.5, -3.25, -3.0, -2.75, -2.5, -2.25, -2.0, -1.75, -1.5, -1.25, -1.0, -0.75, -0.5, -0.25, -0.02, -0.01, 0.0, 0.01, 0.02],
    "electronic_energies": [-186.70981991903915, -197.9187339806197, -209.45374446299823, -221.2999453114272, -233.44173970911189, -245.86315837517574, -258.54788415249675, -271.4791826949594, -284.6402695271941, -298.01493483322423, -311.58788687837887, -325.3447606103508, -339.2720081032444, -353.3568038681355, -367.5869941122487, -381.9510772005583, -395.2749454081708, -395.85648135609597, -396.43819837963974, -397.0200958453623, -397.6021731214793],
    "apdft_energies": {
        "0": [-396.4381983796393, -396.4381983796393, -396.4381983796393, -396.4381983796393, -396.4381983796393, -396.4381983796393, -396.4381983796393, -396.4381983796393, -396.4381983796393, -396.4381983796393, -396.4381983796393, -396.4381983796393, -396.4381983796393, -396.4381983796393, -396.4381983796393, -396.4381983796393, -396.4381983796393, -396.4381983796393, -396.4381983796393, -396.4381983796393, -396.4381983796393],
        "1": [-163.71530052637763, -178.26048164220649, -192.80566275803534, -207.3508438738642, -221.89602498969305, -236.4412061055219, -250.98638722135075, -265.5315683371796, -280.07674945300846, -294.62193056883734, -309.16711168466617, -323.712292800495, -338.2574739163239, -352.80265503215276, -367.3478361479816, -381.8930172638104, -395.274583890373, -395.8563911350061, -396.4381983796393, -397.02000562427247, -397.6018128689056],
        "2": [-178.15067489991134, -190.9478224001951, -203.85774626277208, -216.8804464876423, -230.01592307480576, -243.26417602426244, -256.62520533601236, -270.0990110100555, -283.6855930463919, -297.3849514450215, -311.19708620594434, -325.1219973291604, -339.15968481466973, -353.3101486624723, -367.57338887256805, -381.94940544495705, -395.2749447747323, -395.85648135609597, -396.4381983796393, -397.0200958453623, -397.60217375326494],
        "3": [-184.8985368408295, -196.50788930707958, -208.3782865864731, -220.49984411562014, -232.8626773311306, -245.4569016696145, -258.27263256768185, -271.2999854619426, -284.52907578900664, -297.9500189854841, -311.55293048798495, -325.3279257331191, -339.2651201574966, -353.3546291977274, -367.5865682904214, -381.9510528721887, -395.27494561821504, -395.8564814615313, -396.4381983796393, -397.02009573992694, -397.6021729097822],
        "4": [-186.6616226367064, -197.86983111640984, -209.4117751108629, -221.26820796779361, -233.42052869623228, -245.8507819665114, -258.5416581102656, -271.47649312043177, -284.639268651249, -298.0146120182585, -311.5877961983038, -325.34473982953057, -339.2720072113867, -353.3568083046223, -367.58699873128955, -381.951079774743, -395.274945619317, -395.8564814616002, -396.4381983796393, -397.0200957399958, -397.6021729108841]
    },
    "apdft_poly_coeff": [ -396.4381983796393, -58.180724463315414, -0.9022108983458565, 0.10543534282684654, -0.006887053890144064 ],
    "hf_energies": [-186.40455371163176, -197.61507441311284, -209.15227917878514, -221.00184763202464, -233.1485302343773, -245.57635986571512, -258.26879249984984, -271.2088561995668, -284.37949847357544, -297.7641189708713, -311.34698457220435, -325.1133473622648, -339.0493758436806, -353.14205566611884, -367.3791236324076, -381.7490348894862, -395.07734763433234, -395.659057446281, -396.2409467541045, -396.8230149291153, -397.40526134436277],
    "triples_corrections": [-0.0072770979811767255, -0.007513856157751589, -0.007734131839864061, -0.007956377706949637, -0.00819094076643844, -0.008439202697218205, -0.008688574239062517, -0.008905853525139331, -0.009061816981565796, -0.009151431384327387, -0.00918393708412412, -0.009169965640697083, -0.00911855448313221, -0.009037902127532787, -0.008935625468100655, -0.00881790388602933, -0.008699549930841308, -0.00869421584764588, -0.008688866888401574, -0.008683503121702423, -0.008678124609409806],
    "scf_converged": [true, true, true, true, true, true, true, true, true, true, true, true, true, true, true, true, true, true, true, true, true],
    "cc_converged": [true, true, true, true, true, true, true, true, true, true, true, true, true, true, true, true, true, true, true, true, true],
    "t1_diagnostic": [0.01973889758531153, 0.020358780901719484, 0.019995642293602973, 0.01875183081923224, 0.017117237784086067, 0.01559494147734838, 0.01421716716647276, 0.012767263901495695, 0.011306928673322713, 0.010051523628449069, 0.009070599976846365, 0.00830775237639495, 0.007690686548239997, 0.007173719219628882, 0.006735282402211807, 0.006365408445590063, 0.006079339088256125, 0.0060679810624063866, 0.006056708260800781, 0.006045520090395165, 0.0060344159542117205]
}