{
    "schema_name": "pyscf_apdft_output",
    "provenance": {
        "creator": "PySCF",
        "version": "1.7.6"
    },
    "molecule": {
        "geometry": [[0.0, 0.0, 0.0]],
        "symbols": [ "Al" ]
    },
    "molecular_charge": 1,
    "molecular_multiplicity": 3,
    "name": "al.chrg1.mult3-pyscf-uccsdt.augccpvtz",
    "atomic_numbers": [ 13 ],
    "n_electrons": 12,
    "model": {
        "method": "UCCSD(T)",
        "basis": "aug-cc-pVTZ",
        "scf_conv_tol": 1e-09,
        "scf_conv_tol_grad": 1e-06,
        "cc_conv_tol": 1e-07,
        "cc_conv_tol_normt": 1e-05
    },
    "broken_symmetry": false,
    "finite_diff_delta": 0.01,
    "finite_diff_acc": 2,
    "apdft_lambdas": [-3.0, -2.75, -2.5, -2.25, -2.0, -1.75, -1.5, -1.25, -1.0, -0.75, -0.5, -0.25, -0.02, -0.01, 0.0, 0.01, 0.02, 0.25, 0.5, 0.75, 1.0],
    "electronic_energies": [-121.46793275625862, -130.30160799958855, -139.3978519551907, -148.7392778142804, -158.31065169663106, -168.09801163360672, -178.08860787213, -188.26994535619932, -198.6287885238689, -209.1528514933165, -219.83134570492268, -230.65420291347942, -240.73017047536536, -241.17071609160683, -241.61146136460493, -242.05240565283, -242.49354831492238, -252.69310984064433, -263.88920847759044, -275.19006559858474, -286.58637122788764],
    "apdft_energies": {
        "0": [-241.61146136460474, -241.61146136460474, -241.61146136460474, -241.61146136460474, -241.61146136460474, -241.61146136460474, -241.61146136460474, -241.61146136460474, -241.61146136460474, -241.61146136460474, -241.61146136460474, -241.61146136460474, -241.61146136460474, -241.61146136460474, -241.61146136460474, -241.61146136460474, -241.61146136460474, -241.61146136460474, -241.61146136460474, -241.61146136460474, -241.61146136460474],
        "1": [-109.35802718112939, -120.379146696419, -131.4002662117086, -142.4213857269982, -153.44250524228784, -164.46362475757746, -175.48474427286706, -186.50586378815666, -197.5269833034463, -208.5481028187359, -219.5692223340255, -230.5903418493151, -240.72977180338157, -241.17061658399314, -241.61146136460474, -242.05230614521633, -242.4931509258279, -252.63258087989436, -263.65370039518393, -274.67481991047356, -285.6959394257632],
        "2": [-118.31371241261365, -127.90440998120786, -137.61949206690602, -147.45895866970812, -157.42280978961418, -167.51104542662418, -177.72366558073813, -188.06067025195603, -198.52205944027787, -209.10783314570367, -219.8179913682334, -230.6525341078671, -240.7301698338363, -241.17071609160683, -241.61146136460474, -242.05240565283, -242.49354895628264, -252.69477313844632, -263.9024694293919, -275.23455023744134, -286.69101556259477],
        "3": [-121.20021337086825, -130.12775070773384, -139.28992086219225, -148.67670126147178, -158.27806933280073, -168.08400250340736, -178.08447820051995, -188.2694738513668, -198.6289668831762, -209.1529347231764, -219.8313547985957, -230.65420453666238, -240.73017068909584, -241.17071619851427, -241.61146136460474, -242.05240554592257, -242.4935481010231, -252.69310270965104, -263.88910599902954, -275.1894486599686, -286.58410811969645],
        "4": [-121.25719179284886, -130.16798127661008, -139.31739888205172, -148.6947295903016, -158.28932432973517, -168.0905999759756, -178.08803935189374, -188.27119122760803, -198.6296703204846, -209.15315729513725, -219.83139876342747, -230.65420728446438, -240.7301706892084, -241.17071619852132, -241.61146136460474, -242.0524055459296, -242.49354810113564, -252.69310545745302, -263.8891499638613, -275.1896712319295, -286.58481155700485]
    },
    "apdft_poly_coeff": [ -241.61146136460474, -44.08447806115845, -0.9950761368315852, 0.10690744289831854, -0.0007034373084024992 ],
    "hf_energies": [-121.29714268885488, -130.13369066247833, -139.2329829266463, -148.57818369735705, -158.15463460850677, -167.9490857519661, -177.94888761044467, -188.14089568609285, -198.5113583040041, -209.04768399167003, -219.73872877917606, -230.57400434287115, -240.66091634406382, -241.10192254545507, -241.54312695003296, -241.98452889621467, -242.42612772287276, -252.6357278326739, -263.84161589980044, -275.1509688214707, -286.5544588306536],
    "triples_corrections": [-0.002441361733883004, -0.0018078208793889609, -0.001343956986755785, -0.0010582005427791472, -0.0009261322407734994, -0.0008901946385439512, -0.0009038465608075688, -0.0009471536542828174, -0.000995532901530975, -0.0010206123196346542, -0.00100462835324896, -0.0009429582566585377, -0.0008513580805953202, -0.0008467748434715884, -0.0008421497342249442, -0.0008374837932435899, -0.0008327780672958274, -0.0007160275226591408, -0.0005809550816761255, -0.00045150563352642646, -0.0003377306621353396],
    "scf_converged": [true, true, true, true, true, true, true, true, true, true, true, true, true, true, true, true, true, true, true, true, true],
    "cc_converged": [true, true, true, true, true, true, true, true, true, true, true, true, true, true, true, true, true, true, true, true, true],
    "scf_spin_squared": [2.000003946857701, 2.0000041921520912, 2.000005697460143, 2.000009293131656, 2.000015605556542, 2.00002349814441, 2.0000318864007776, 2.0000406850906502, 2.00004860509663, 2.0000544244231317, 2.0000574929893133, 2.000057587703356, 2.000055266332634, 2.0000551207669446, 2.000054971918054, 2.00005481984223, 2.0000546645959574, 2.0000503515796497, 2.000044601248879, 2.0000384734309167, 2.00003247467765],
    "cc_spin_squared": [2.0000004242316365, 2.000000435224924, 2.00000058259809, 2.0000009302830484, 2.000001486619514, 2.0000020046159284, 2.000002247487665, 2.000002339020846, 2.000002403550264, 2.0000024109549286, 2.0000023266249816, 2.000002150107552, 2.0000019273491, 2.0000019167796306, 2.0000019061553265, 2.0000018954784777, 2.000001884751273, 2.0000016290218983, 2.0000013494465914, 2.0000010887292476, 2.000000858253666]
}