{
    "schema_name": "pyscf_apdft_output",
    "provenance": {
        "creator": "PySCF",
        "version": "1.7.6"
    },
    "molecule": {
        "geometry": [[0.0, 0.0, 0.0]],
        "symbols": [ "C" ]
    },
    "molecular_charge": 2,
    "molecular_multiplicity": 3,
    "name": "c.chrg2.mult3-pyscf-uccsdt.augccpvtz",
    "atomic_numbers": [ 6 ],
    "n_electrons": 4,
    "model": {
        "method": "UCCSD(T)",
        "basis": "aug-cc-pVTZ",
        "scf_conv_tol": 1e-09,
        "scf_conv_tol_grad": 1e-06,
        "cc_conv_tol": 1e-07,
        "cc_conv_tol_normt": 1e-05
    },
    "broken_symmetry": false,
    "finite_diff_delta": 0.01,
    "finite_diff_acc": 2,
    "apdft_lambdas": [-4.0, -3.75, -3.5, -3.25, -3.0, -2.75, -2.5, -2.25, -2.0, -1.75, -1.5, -1.25, -1.0, -0.75, -0.5, -0.25, -0.02, -0.01, 0.0, 0.01, 0.02],
    "electronic_energies": [-2.5243471454489725, -3.4890449594106454, -4.580867722195061, -5.800714178045243, -7.152457786836077, -8.736188822821529, -10.400334467632721, -12.227640858091808, -14.225923010332718, -16.398987143191604, -18.747497815835718, -21.269724608212428, -23.961337835651815, -26.815261854065398, -29.822049453195525, -32.97062493347631, -35.98232759491616, -36.115620050922914, -36.24910182834796, -36.38277216137261, -36.5166302850173],
    "apdft_energies": {
        "0": [-36.249101828347975, -36.249101828347975, -36.249101828347975, -36.249101828347975, -36.249101828347975, -36.249101828347975, -36.249101828347975, -36.249101828347975, -36.249101828347975, -36.249101828347975, -36.249101828347975, -36.249101828347975, -36.249101828347975, -36.249101828347975, -36.249101828347975, -36.249101828347975, -36.249101828347975, -36.249101828347975, -36.249101828347975, -36.249101828347975, -36.249101828347975],
        "1": [17.18132026159067, 13.841918880969502, 10.50251750034834, 7.163116119727178, 3.823714739106009, 0.48431335848484025, -2.8550880221363215, -6.194489402757487, -9.533890783378652, -12.873292163999817, -16.212693544620983, -19.552094925242148, -22.891496305863313, -26.23089768648448, -29.570299067105644, -32.909700447726806, -35.98194971789828, -36.115525773123125, -36.249101828347975, -36.382677883572825, -36.51625393879767],
        "2": [2.096872295885376, 0.5841032861113362, -1.0465129733947762, -2.7949764826329613, -4.661287241603219, -6.645445250305549, -8.747450508739952, -10.967303016906428, -13.305002774804976, -15.760549782435596, -18.33394403979829, -21.025185546893056, -23.834274303719894, -26.761210310278805, -29.80599356656979, -32.968624072592846, -35.982326829097424, -36.115620050922914, -36.249101828347975, -36.38277216137261, -36.51663104999681],
        "3": [-6.06738500395841, -6.143037433364441, -6.515927531688561, -7.174095937651707, -8.105583289974817, -9.298430227378809, -10.740677388584622, -12.420365412313195, -14.325534937285447, -16.44422660222232, -18.76448104584474, -21.274338906873638, -23.961840824029956, -26.81502743603461, -29.821939381608548, -32.97061729947269, -35.982327849629584, -36.115620178489436, -36.249101828347975, -36.382772033806084, -36.51663002946465],
        "4": [-6.962547585055901, -6.83452921907093, -7.040655402102399, -7.564213407114686, -8.388818325400194, -9.498413066579378, -10.877268358600723, -12.509982747740757, -14.381482598604041, -16.477022094123186, -18.782183235558826, -21.282875842499646, -23.965337552862366, -26.816133822891743, -29.82215792716057, -32.97063095856969, -35.982327850189066, -36.1156201785244, -36.249101828347975, -36.38277203384106, -36.516630030024125]
    },
    "apdft_poly_coeff": [ -36.249101828347975, -13.357605522484661, -0.9427779978565809, 0.12756652031005916, -0.0034967288324120696 ],
    "hf_energies": [-2.4840910542475174, -3.4503208833202503, -4.543048149330694, -5.763117245601216, -7.1142108414377985, -8.699158131730474, -10.363015039336767, -12.190690798686976, -14.19012572850878, -16.365024520612437, -18.716009667654486, -21.24124548116132, -23.936180786366446, -26.793462798251287, -29.803399115439852, -32.95475742720866, -35.96864485650722, -36.102024128787434, -36.23559205701825, -36.36934787801384, -36.50329082952392],
    "triples_corrections": [-0.00013337863591145378, -7.855520584355987e-05, -5.530667347375264e-05, -5.08625570589143e-05, -6.235631620751034e-05, -6.523808874182379e-05, -7.694489880044707e-05, -8.002033380534584e-05, -7.622220553028646e-05, -7.037987982141485e-05, -6.384281584475993e-05, -5.659113645496102e-05, -4.872152910262635e-05, -4.061044566044371e-05, -3.274992651361583e-05, -2.5583703682033455e-05, -1.9865149252350107e-05, -1.9637730404298576e-05, -1.9412127180379675e-05, -1.918834262752231e-05, -1.8966379398444703e-05],
    "scf_converged": [true, true, true, true, true, true, true, true, true, true, true, true, true, true, true, true, true, true, true, true, true],
    "cc_converged": [true, true, true, true, true, true, true, true, true, true, true, true, true, true, true, true, true, true, true, true, true],
    "scf_spin_squared": [2.000046061568243, 2.0000190377435354, 2.000013347358881, 2.0000131965150825, 2.000016421807911, 2.0000084156894244, 2.0000098769097354, 2.0000110530936084, 2.000012076673979, 2.000013099074459, 2.000014008814821, 2.000014526899416, 2.0000144538173155, 2.000013794318558, 2.0000127009388176, 2.0000113646323445, 2.000010059765012, 2.000010002962936, 2.0000099462087078, 2.000009889507987, 2.0000098328663336],
    "cc_spin_squared": [2.000002093705316, 2.0000006278147042, 2.0000003662870034, 2.0000003519949887, 2.0000004921416457, 2.000000334251378, 2.000000384600555, 2.0000003839733056, 2.0000003489161964, 2.00000031186074, 2.000000280472656, 2.000000249638263, 2.0000002156952545, 2.0000001794795974, 2.0000001441545834, 2.000000112628523, 2.000000088321009, 2.0000000873725616, 2.000000086433107, 2.0000000855025934, 2.000000084581016]
}