{
    "schema_name": "pyscf_qa_output",
    "provenance": {
        "creator": "PySCF",
        "version": "1.7.6"
    },
    "molecule": {
        "geometry": [[0.0, 0.0, 0.0]],
        "symbols": [ "O" ]
    },
    "molecular_charge": 2,
    "molecular_multiplicity": 1,
    "name": "o.chrg2.mult1-pyscf-ccsdt.augccpv5z",
    "atomic_numbers": [ 8 ],
    "n_electrons": 6,
    "model": {
        "method": "CCSD(T)",
        "basis": "aug-cc-pV5Z",
        "scf_conv_tol": 1e-09,
        "scf_conv_tol_grad": 1e-06,
        "cc_conv_tol": 1e-05,
        "cc_conv_tol_normt": 1e-07
    },
    "broken_symmetry": false,
    "finite_diff_delta": 0.01,
    "finite_diff_acc": 2,
    "qa_lambdas": [-4.0, -3.75, -3.5, -3.25, -3.0, -2.75, -2.5, -2.25, -2.0, -1.75, -1.5, -1.25, -1.0, -0.75, -0.5, -0.25, -0.02, -0.01, 0.0, 0.01, 0.02],
    "electronic_energies": [-14.408015788229791, -16.70175531708745, -19.1658734152588, -21.805419316006837, -24.625146346598243, -27.629750975652644, -30.8229447121843, -34.20610725894461, -37.7789186797904, -41.5407878418976, -45.491351775865006, -49.630410866128926, -53.957829519546706, -58.473496217711734, -63.17730549434457, -68.06913248839037, -72.73551480362372, -72.94200443240639, -73.14879418529598, -73.35588403884492, -73.56327397220932],
    "qats_energies": {
        "0": [-73.14879418581542, -73.14879418581542, -73.14879418581542, -73.14879418581542, -73.14879418581542, -73.14879418581542, -73.14879418581542, -73.14879418581542, -73.14879418581542, -73.14879418581542, -73.14879418581542, -73.14879418581542, -73.14879418581542, -73.14879418581542, -73.14879418581542, -73.14879418581542, -73.14879418581542, -73.14879418581542, -73.14879418581542, -73.14879418581542, -73.14879418581542],
        "1": [9.627127101890082, 4.453632021408495, -0.7198630590731057, -5.8933581395547066, -11.066853220036293, -16.240348300517887, -21.41384338099948, -26.587338461481075, -31.76083354196267, -36.93432862244426, -42.107823702925856, -47.28131878340745, -52.45481386388904, -57.62830894437064, -62.80180402485223, -67.97529910533382, -72.73491457937689, -72.94185438259615, -73.14879418581542, -73.35573398903469, -73.56267379225395],
        "2": [-14.38084253608794, -16.647122543220632, -19.10096481315003, -21.742369345876128, -24.57133614139893, -27.587865199718436, -30.791956520834646, -34.18361010474756, -37.762825951457174, -41.52960406096349, -45.483944433266515, -49.62584706836624, -53.95531196626267, -58.4723391269558, -63.17692855044564, -68.06908023673218, -72.73551477861784, -72.94200443240639, -73.14879418581542, -73.35588403884492, -73.5632739914949],
        "3": [-14.617063624407564, -16.841762722194936, -19.25921448755166, -21.869072893492877, -24.670991913033774, -27.664625519189492, -30.849627684975175, -34.22565238340601, -37.792353587497125, -41.5493852702637, -45.49640140472087, -49.633055963883805, -53.95900292076766, -58.4738962483876, -63.17738991975876, -68.06913790789632, -72.73551480814548, -72.94200443609735, -73.14879418581542, -73.35588403515396, -73.56327396196725],
        "4": [-20.718666521416758, -21.55510571934292, -22.835862084162756, -24.528189719992504, -26.60157720466559, -29.02774758973257, -31.780658400461192, -34.836501635836385, -38.1737037685602, -41.77292574505189, -45.61706298544786, -49.69124538360168, -53.98283730708411, -58.48143759718303, -63.17887956890354, -68.06923101096787, -72.73551481195898, -72.9420044363357, -73.14879418581542, -73.35588403539231, -73.56327396578077]
    },
    "qats_poly_coeffs": [ -73.14879418581542, -20.693980321926375, -1.5004981023736264, 0.0036909545049941994, -0.023834386316442153 ],
    "hf_energies": [-14.288434276933554, -16.57362775104592, -19.028471194701673, -21.65904238154502, -24.471165628928578, -27.46972868765372, -30.65777972488673, -34.036234831769974, -37.60468715634383, -41.36250210986236, -45.30926388399954, -49.44473612056753, -53.768759751337846, -58.28120683218469, -62.98195995506696, -67.87088577818554, -72.53473161040739, -72.74111378681732, -72.9477963199418, -73.15477918762228, -73.36206236732886],
    "triples_corrections": [-0.00412919471292192, -0.00449370348391223, -0.004826061827510262, -0.005167967931646013, -0.005516417267675029, -0.00584242836474969, -0.006144931893307404, -0.006429781939641957, -0.006694481364427239, -0.006939342585808079, -0.007165842726364351, -0.00737443558650075, -0.007565503211836597, -0.007738886005902452, -0.007893835208785636, -0.008029355066787126, -0.008135896158485548, -0.008140123861469891, -0.008144317902729438, -0.00814847772237779, -0.008152603777964233],
    "scf_converged": [true, true, true, true, true, true, true, true, true, true, true, true, true, true, true, true, true, true, true, true, true],
    "cc_converged": [true, true, true, true, true, true, true, true, true, true, true, true, true, true, true, true, true, true, true, true, true],
    "t1_diagnostic": [0.028407721831181468, 0.03019579635612747, 0.028682068916932004, 0.02336775611305104, 0.01688883252476027, 0.012605429345970712, 0.010592968697179066, 0.009420082546395914, 0.008486333785522101, 0.007720827277045094, 0.0070864529162202984, 0.006542091222667171, 0.00606403032849641, 0.0056411368988685, 0.005266243858765523, 0.004932713201146383, 0.004656836479667081, 0.004645443529271475, 0.004634098025537865, 0.004622799600099224, 0.004611548007737201]
}