{
    "schema_name": "pyscf_apdft_output",
    "provenance": {
        "creator": "PySCF",
        "version": "1.7.6"
    },
    "molecule": {
        "geometry": [[0.0, 0.0, 0.0]],
        "symbols": [ "Li" ]
    },
    "molecular_charge": -1,
    "molecular_multiplicity": 3,
    "name": "li.chrg-1.mult3-pyscf-uccsdt.augccpv5z",
    "atomic_numbers": [ 3 ],
    "n_electrons": 4,
    "model": {
        "method": "UCCSD(T)",
        "basis": "aug-cc-pV5Z",
        "scf_conv_tol": 1e-09,
        "scf_conv_tol_grad": 1e-06,
        "cc_conv_tol": 1e-07,
        "cc_conv_tol_normt": 1e-05
    },
    "broken_symmetry": false,
    "finite_diff_delta": 0.01,
    "finite_diff_acc": 2,
    "apdft_lambdas": [-1.0, -0.75, -0.5, -0.25, -0.02, -0.01, 0.0, 0.01, 0.02, 0.25, 0.5, 0.75, 1.0, 1.25, 1.5, 1.75, 2.0, 2.25, 2.5, 2.75, 3.0],
    "electronic_energies": [-2.81889397988207, -3.7562183398327815, -4.848908146894442, -6.0761244410907045, -7.336454786216807, -7.394176046321446, -7.452147503890856, -7.510369976587871, -7.568844274226398, -8.984000233131075, -10.67348702275514, -12.516549534021845, -14.50838069979253, -16.642826273478324, -18.912299945353162, -21.307913525190074, -23.819702229023033, -26.436959523187134, -29.14868249785933, -31.944072062870013, -34.81297652089638],
    "apdft_energies": {
        "0": [-7.452147503890193, -7.452147503890193, -7.452147503890193, -7.452147503890193, -7.452147503890193, -7.452147503890193, -7.452147503890193, -7.452147503890193, -7.452147503890193, -7.452147503890193, -7.452147503890193, -7.452147503890193, -7.452147503890193, -7.452147503890193, -7.452147503890193, -7.452147503890193, -7.452147503890193, -7.452147503890193, -7.452147503890193, -7.452147503890193, -7.452147503890193],
        "1": [-1.6424509905689542, -3.094875118899264, -4.5472992472295735, -5.999723375559883, -7.335953573623768, -7.39405053875698, -7.452147503890193, -7.510244469023405, -7.5683414341566175, -8.904571632220502, -10.356995760550813, -11.809419888881122, -13.26184401721143, -14.714268145541741, -16.16669227387205, -17.61911640220236, -19.07154053053267, -20.52396465886298, -21.97638878719329, -23.428812915523597, -24.881237043853908],
        "2": [-2.897526635226165, -3.800855169018945, -4.861068158393876, -6.078165603350959, -7.336455603881631, -7.394176046321446, -7.452147503890193, -7.510369976587871, -7.56884346441448, -8.983013860011578, -10.670764671715116, -12.515399939000803, -14.516919661868641, -16.675323840318633, -18.990612474350776, -21.462785563965067, -24.091843109161513, -26.87778510994011, -29.820611566300858, -32.920322478243754, -36.176917845768806],
        "3": [-2.7619035734081034, -3.7436391898144503, -4.844115275666619, -6.076046493010051, -7.336454518897137, -7.394175910698384, -7.452147503890193, -7.510370112210933, -7.568844549398975, -8.985132970352485, -10.687717554442372, -12.572615918205297, -14.652542723686704, -16.940212632932035, -19.448340307986733, -22.189640410896242, -25.176827603706002, -28.422616548461463, -31.939721907208064, -35.74085834199125, -39.83874051485646],
        "4": [-2.7291831285360155, -3.733286236554141, -4.842070247862113, -6.07591867877227, -7.336454513661865, -7.39417591037118, -7.452147503890193, -7.510370111883728, -7.568844544163704, -8.985005156114704, -10.685672526637866, -12.562262964944988, -14.619822278814615, -16.86032873431854, -19.282693055821785, -21.882758425982633, -24.65330048575259, -27.584027334376422, -30.661579529392117, -33.869530086630924, -37.188384480217316]
    },
    "apdft_poly_coeff": [ -7.452147503890193, -5.809696513321239, -1.2550756446572109, -0.1356230618180613, 0.032720444872088215 ],
    "hf_energies": [-2.7844396342404267, -3.724555878128784, -4.81791958415286, -6.046921412844361, -7.308126101449484, -7.365855383018911, -7.423838466988034, -7.482077518335581, -7.540574451870447, -8.957452326221947, -10.649144025955692, -12.494483688721889, -14.488704863883349, -16.62557487024928, -18.897395862358994, -21.295181635906957, -23.80889883476654, -26.427802940940907, -29.1408841047212, -31.937365324799522, -34.80713642919683],
    "triples_corrections": [-2.7328942819417884e-06, -4.2193449384607645e-06, -4.638753783061218e-05, -6.541933096159218e-05, -8.060754995070657e-05, -8.138722338374658e-05, -8.214051012258084e-05, -8.285357778458661e-05, -8.351044189293837e-05, -7.872874795622413e-05, -6.68882942440306e-05, -5.638292754774249e-05, -4.647368353532811e-05, -3.715154465257937e-05, -2.8621826398241585e-05, -2.119120642912844e-05, -1.5117911760298459e-05, -1.0475269376343482e-05, -7.1300505505755285e-06, -4.8234580592385915e-06, -3.2741346509948324e-06],
    "scf_converged": [true, true, true, true, true, true, true, true, true, true, true, true, true, true, true, true, true, true, true, true, true],
    "cc_converged": [true, true, true, true, true, true, true, true, true, true, true, true, true, true, true, true, true, true, true, true, true],
    "scf_spin_squared": [2.0000000055132627, 2.0000000187855203, 2.000001897600732, 2.00000878527851, 2.000010437665013, 2.000010257625587, 2.000010052958371, 2.0000098295738966, 2.000009595293084, 2.0000075647391586, 2.000008422364747, 2.0000097200692144, 2.00001093038249, 2.000011709406174, 2.0000118675749556, 2.0000113932072163, 2.0000104124248193, 2.000009116963726, 2.0000076964150604, 2.000006296454628, 2.0000050082969008],
    "cc_spin_squared": [2.000000000341233, 2.000000001381025, 2.00000020388762, 2.000000521508625, 2.0000005549607245, 2.000000555242182, 2.0000005559485015, 2.0000005570420223, 2.0000005583710676, 2.000000489410609, 2.000000410549731, 2.0000003575609426, 2.0000003093853795, 2.0000002614312997, 2.000000213614463, 2.0000001681488473, 2.000000127945479, 2.0000000949255465, 2.0000000693622773, 2.0000000502998736, 2.000000036308812]
}