{
    "schema_name": "pyscf_apdft_output",
    "provenance": {
        "creator": "PySCF",
        "version": "1.7.6"
    },
    "molecule": {
        "geometry": [[0.0, 0.0, 0.0]],
        "symbols": [ "O" ]
    },
    "molecular_charge": 1,
    "molecular_multiplicity": 4,
    "name": "o.chrg1.mult4-pyscf-uccsdt.augccpvqz",
    "atomic_numbers": [ 8 ],
    "n_electrons": 7,
    "model": {
        "method": "UCCSD(T)",
        "basis": "aug-cc-pVQZ",
        "scf_conv_tol": 1e-09,
        "scf_conv_tol_grad": 1e-06,
        "cc_conv_tol": 1e-07,
        "cc_conv_tol_normt": 1e-05
    },
    "broken_symmetry": false,
    "finite_diff_delta": 0.01,
    "finite_diff_acc": 2,
    "apdft_lambdas": [-3.0, -2.75, -2.5, -2.25, -2.0, -1.75, -1.5, -1.25, -1.0, -0.75, -0.5, -0.25, -0.02, -0.01, 0.0, 0.01, 0.02, 0.25, 0.5, 0.75, 1.0],
    "electronic_energies": [-24.36976909766098, -27.44069765054536, -30.706510003152445, -34.171297165859606, -37.838479849498015, -41.71024132793345, -45.78705783045534, -50.06831432663165, -54.55334991388279, -59.241866235159726, -64.13380963855003, -69.22915489578331, -74.09639542190291, -74.31191368982549, -74.52775667078272, -74.74392433491707, -74.96041665168036, -80.0292629776425, -85.73305170298907, -91.63816866419562, -97.74326636997266],
    "apdft_energies": {
        "0": [-74.52775667078271, -74.52775667078271, -74.52775667078271, -74.52775667078271, -74.52775667078271, -74.52775667078271, -74.52775667078271, -74.52775667078271, -74.52775667078271, -74.52775667078271, -74.52775667078271, -74.52775667078271, -74.52775667078271, -74.52775667078271, -74.52775667078271, -74.52775667078271, -74.52775667078271, -74.52775667078271, -74.52775667078271, -74.52775667078271, -74.52775667078271],
        "1": [-9.726159907045684, -15.126292970690436, -20.526426034335188, -25.92655909797994, -31.326692161624692, -36.726825225269444, -42.126958288914196, -47.52709135255895, -52.9272244162037, -58.32735747984845, -63.727490543493204, -69.12762360713796, -74.09574602569113, -74.31175134823692, -74.52775667078271, -74.74376199332849, -74.95976731587429, -79.92788973442745, -85.32802279807221, -90.72815586171697, -96.12828892536172],
        "2": [-24.336902878373934, -27.403375606320424, -30.672775319979806, -34.14510201935208, -37.82035570443725, -41.69853637523531, -45.77964403174626, -50.0636786739701, -54.55064030190684, -59.24052891555647, -64.13334451491899, -69.2290870999944, -74.09639539204541, -74.31191368982549, -74.52775667078271, -74.74392433491707, -74.96041668222857, -80.0293532272839, -85.733876769498, -91.64132729742498, -97.75170481106485],
        "3": [-24.47281572734923, -27.508063107469802, -30.751428589062726, -34.20244025251353, -37.8606261782077, -41.725514446530745, -45.79663313786817, -50.073510332605466, -54.55567411112814, -59.242652553821706, -64.13397374107166, -69.22916575326349, -74.09639543231589, -74.3119136948593, -74.52775667078271, -74.74392432988326, -74.96041664195809, -80.02927457401482, -85.73324754334533, -91.63920365915973, -97.74667100184355],
        "4": [-24.239698202065796, -27.34346657546387, -30.63900694299626, -34.12868041052932, -37.81457827197888, -41.69852200931019, -45.782063292537956, -50.066483979726314, -54.552796116988844, -59.241741938488566, -64.13379386643794, -69.22915451109888, -74.0963954318554, -74.31191369483052, -74.52775667078271, -74.74392432985448, -74.96041664149762, -80.02926333185022, -85.73306766871163, -91.6382930438266, -97.74379300770424]
    },
    "apdft_poly_coeff": [ -74.52775667078271, -21.600532254579008, -1.6234158857031389, 0.005033809221307213, 0.0028779941393016393 ],
    "hf_energies": [-24.227336885446377, -27.29008220052559, -30.550504254262037, -34.0130126378213, -37.68021211496652, -41.5528692669, -45.63053197091925, -49.9124238145762, -54.39802364637903, -59.087156952691075, -63.979832895343556, -69.07606232271206, -73.94427798211883, -74.15984256842708, -74.37573221106774, -74.5919468820675, -74.80848655274258, -79.87852172995588, -85.58383239905226, -91.49072019720893, -97.59783227796665],
    "triples_corrections": [-0.005422663416595581, -0.005930382028961013, -0.006143898905715558, -0.005930322241109986, -0.005327439074970665, -0.0046112675164277, -0.0040031490311908825, -0.003531880895216416, -0.0031537354648854886, -0.002834566311951373, -0.002558194970663897, -0.0023172258078911923, -0.002122490334193057, -0.002114549440887999, -0.002106649791492705, -0.002098791076219487, -0.002090972985490977, -0.0019216647596806305, -0.0017576009820726936, -0.0016103424113232828, -0.0014765999345044158],
    "scf_converged": [true, true, true, true, true, true, true, true, true, true, true, true, true, true, true, true, true, true, true, true, true],
    "cc_converged": [true, true, true, true, true, true, true, true, true, true, true, true, true, true, true, true, true, true, true, true, true],
    "scf_spin_squared": [3.7523489823683045, 3.7500574429964457, 3.7511543918629715, 3.7544211883927066, 3.7576360408436313, 3.7592076097839255, 3.759243322047964, 3.758612619530499, 3.7578847849396846, 3.757224736876732, 3.756630129417803, 3.756077544678486, 3.755600970252063, 3.755581002711286, 3.755561102372795, 3.7555412697930897, 3.755521505526093, 3.7550869488055114, 3.7546615120043345, 3.754285638332227, 3.753954432641332],
    "cc_spin_squared": [3.7510570577523694, 3.750908273642246, 3.750722091692392, 3.7505688572443714, 3.7504609752412827, 3.7503764835670284, 3.7503000896515184, 3.750234886298075, 3.750184563390484, 3.7501475781054325, 3.750120315085903, 3.7500995314222565, 3.7500842644401864, 3.7500836674542772, 3.750083075385019, 3.750082488173922, 3.750081905763798, 3.7500697210030296, 3.750058730353416, 3.750049648395491, 3.7500421530314503]
}