{
    "schema_name": "pyscf_apdft_output",
    "provenance": {
        "creator": "PySCF",
        "version": "1.7.6"
    },
    "molecule": {
        "geometry": [[0.0, 0.0, 0.0]],
        "symbols": [ "Ar" ]
    },
    "molecular_charge": 2,
    "molecular_multiplicity": 3,
    "name": "ar.chrg2.mult3-pyscf-uccsdt.augccpvtz",
    "atomic_numbers": [ 18 ],
    "n_electrons": 16,
    "model": {
        "method": "UCCSD(T)",
        "basis": "aug-cc-pVTZ",
        "scf_conv_tol": 1e-09,
        "scf_conv_tol_grad": 1e-06,
        "cc_conv_tol": 1e-07,
        "cc_conv_tol_normt": 1e-05
    },
    "broken_symmetry": false,
    "finite_diff_delta": 0.01,
    "finite_diff_acc": 2,
    "apdft_lambdas": [-4.0, -3.75, -3.5, -3.25, -3.0, -2.75, -2.5, -2.25, -2.0, -1.75, -1.5, -1.25, -1.0, -0.75, -0.5, -0.25, -0.02, -0.01, 0.0, 0.01, 0.02],
    "electronic_energies": [-275.09828771325874, -288.8475913781447, -302.9145526232485, -317.28581368500727, -331.9477531822743, -346.88649456932376, -362.0878412885954, -377.53733827751716, -393.2205388526056, -409.12330540631206, -425.23197057182955, -441.5333584486496, -458.0147483988539, -474.663843219562, -491.46876434484153, -508.4180739757331, -524.1295316800113, -524.8150728751755, -525.500811423297, -526.1867466723702, -526.8728779718874],
    "apdft_energies": {
        "0": [-525.5008114232968, -525.5008114232968, -525.5008114232968, -525.5008114232968, -525.5008114232968, -525.5008114232968, -525.5008114232968, -525.5008114232968, -525.5008114232968, -525.5008114232968, -525.5008114232968, -525.5008114232968, -525.5008114232968, -525.5008114232968, -525.5008114232968, -525.5008114232968, -525.5008114232968, -525.5008114232968, -525.5008114232968, -525.5008114232968, -525.5008114232968],
        "1": [-251.16605198435343, -268.3119744492874, -285.45789691422135, -302.6038193791553, -319.7497418440893, -336.89566430902323, -354.0415867739572, -371.18750923889115, -388.3334317038251, -405.4793541687591, -422.62527663369303, -439.771199098627, -456.91712156356095, -474.0630440284949, -491.2089664934289, -508.35488895836284, -524.1291376261021, -524.8149745246994, -525.5008114232968, -526.1866483218942, -526.8724852204915],
        "2": [-266.9021281502754, -282.14251014199226, -297.50583022875537, -312.99208841056475, -328.6012846874204, -344.3334190593223, -360.18849152627047, -376.1665020882649, -392.2674507453056, -408.4913374973926, -424.8381623445258, -441.3079252867053, -457.9006263239311, -474.6162654562031, -491.4548426835214, -508.41635800588597, -524.1295310280062, -524.8150728751755, -525.5008114232968, -526.1867466723702, -526.8728786223957],
        "3": [-273.84886565965144, -287.86644546771106, -302.1596016461694, -316.71815831000305, -331.5319395741884, -346.5907695537021, -361.8844723635205, -377.40287211862017, -393.13579293397765, -409.07305892456935, -425.2044942053718, -441.5199228913616, -458.0091690975151, -474.66205693880886, -491.4684105302194, -508.41805398672324, -524.1295318963485, -524.8150729837182, -525.5008114232968, -526.1867465638275, -526.8728777540534],
        "4": [-275.445574558084, -289.0998650841531, -303.0955630878531, -317.4140140663527, -332.0371482490831, -346.9474805977382, -362.1281108062745, -377.56272330091105, -393.2355872401297, -409.13155651467457, -425.23606974755273, -441.5351502940337, -458.0154062416496, -474.66403041019515, -491.4688003517278, -508.4180783505675, -524.1295318973464, -524.8150729837806, -525.5008114232968, -526.1867465638898, -526.8728777550514]
    },
    "apdft_poly_coeff": [ -525.5008114232968, -68.58368985973584, -0.9835047603701241, 0.1085427735840009, -0.006237144134502159 ],
    "hf_energies": [-274.7826000104811, -288.5324447334508, -302.60270656511193, -316.97984533664464, -331.6498038239994, -346.5981091374332, -361.8099524756047, -377.2703728593701, -392.9645375898996, -408.87799882719594, -424.99683116188913, -441.3076561554535, -457.7976152222835, -474.45434165782046, -491.26595244998305, -508.22105970502787, -523.9371405642084, -524.6228687047292, -525.3087930903964, -525.9949130771479, -526.6812280223623],
    "triples_corrections": [-0.007739829696796, -0.008192382694250327, -0.008471456112511088, -0.008540651400965051, -0.00841355808957224, -0.008152609666254843, -0.007832444683429972, -0.007498095328467853, -0.007161071140846389, -0.00681975266962926, -0.006473434919255569, -0.006125318465193538, -0.005781021977296049, -0.005446606706474079, -0.005127160884913626, -0.0048261351070640075, -0.004566950438242457, -0.004556074785203534, -0.004545231903107928, -0.004534421663019494, -0.004523644089306144],
    "scf_converged": [true, true, true, true, true, true, true, true, true, true, true, true, true, true, true, true, true, true, true, true, true],
    "cc_converged": [true, true, true, true, true, true, true, true, true, true, true, true, true, true, true, true, true, true, true, true, true],
    "scf_spin_squared": [2.0143359286694302, 2.0165512661836917, 2.0191456060132946, 2.020152380717164, 2.0194141816791102, 2.017959796783943, 2.016490965104678, 2.0152026622335875, 2.0140975960204477, 2.013147526677037, 2.0123277826302166, 2.0116180525922944, 2.0110008484665105, 2.010461015204485, 2.009985692988164, 2.0095640275190476, 2.00921549091694, 2.009201088490687, 2.009186745937358, 2.009172459829526, 2.009158231166573],
    "cc_spin_squared": [2.0009912752478365, 2.001254769125692, 2.001471001757188, 2.001513728380179, 2.0013570640319123, 2.0011044147608965, 2.0008693547293417, 2.000695752136622, 2.0005772490128675, 2.000495031635304, 2.0004346253081966, 2.000387522750976, 2.0003490522920235, 2.0003166712861904, 2.000288885905707, 2.000264750390704, 2.0002451927116787, 2.000244392695771, 2.0002435966873753, 2.0002428044912324, 2.0002420161605294]
}