{
    "schema_name": "pyscf_apdft_output",
    "provenance": {
        "creator": "PySCF",
        "version": "1.7.6"
    },
    "molecule": {
        "geometry": [[0.0, 0.0, 0.0]],
        "symbols": [ "Cl" ]
    },
    "molecular_charge": 1,
    "molecular_multiplicity": 1,
    "name": "cl.chrg1.mult1-pyscf-ccsdt.augccpv5z",
    "atomic_numbers": [ 17 ],
    "n_electrons": 16,
    "model": {
        "method": "CCSD(T)",
        "basis": "aug-cc-pV5Z",
        "scf_conv_tol": 1e-09,
        "scf_conv_tol_grad": 1e-06,
        "cc_conv_tol": 1e-07,
        "cc_conv_tol_normt": 1e-05
    },
    "broken_symmetry": false,
    "finite_diff_delta": 0.01,
    "finite_diff_acc": 2,
    "apdft_lambdas": [-3.0, -2.75, -2.5, -2.25, -2.0, -1.75, -1.5, -1.25, -1.0, -0.75, -0.5, -0.25, -0.02, -0.01, 0.0, 0.01, 0.02, 0.25, 0.5, 0.75, 1.0],
    "electronic_energies": [-283.32364718583324, -296.6338933178249, -310.219252809216, -324.0717428782624, -338.18294069434756, -352.5437858504528, -367.14493595626817, -381.97735774106536, -397.03262367523064, -412.3029256225198, -427.7810173842524, -443.46018115161803, -458.05726042730106, -458.69558754281377, -459.33421764622796, -459.9731503895563, -460.61238542633834, -475.3974468444523, -491.64469509007057, -508.07127651257207, -524.6729644880064],
    "apdft_energies": {
        "0": [-459.33421764597017, -459.33421764597017, -459.33421764597017, -459.33421764597017, -459.33421764597017, -459.33421764597017, -459.33421764597017, -459.33421764597017, -459.33421764597017, -459.33421764597017, -459.33421764597017, -459.33421764597017, -459.33421764597017, -459.33421764597017, -459.33421764597017, -459.33421764597017, -459.33421764597017, -459.33421764597017, -459.33421764597017, -459.33421764597017, -459.33421764597017],
        "1": [-267.69979063459334, -283.66932621887474, -299.63886180315615, -315.60839738743755, -331.57793297171895, -347.54746855600035, -363.51700414028176, -379.48653972456316, -395.45607530884456, -411.42561089312596, -427.39514647740737, -443.36468206168877, -458.05665479922766, -458.6954362225989, -459.33421764597017, -459.9729990693414, -460.6117804927127, -475.3037532302516, -491.273288814533, -507.2428243988144, -523.2123599830958],
        "2": [-281.31860997149136, -295.11291746724044, -309.09637523155754, -323.2689832644427, -337.63074156589585, -352.18165013591704, -366.92170897450626, -381.8509180816635, -396.9692774573888, -412.2767871016821, -427.7734470145434, -443.4592571959728, -458.0572600800871, -458.69558754281377, -459.33421764597017, -459.9731503895563, -460.6123857735721, -475.3983283645356, -491.65158935166903, -508.0940006073705, -524.72556213164],
        "3": [-282.88111740692887, -296.31644605321685, -310.00060407150977, -323.92816608876785, -338.0937067319514, -352.49180062802066, -367.11702240393595, -381.96394668665755, -397.02714810314575, -412.30120128036083, -427.780680845263, -443.4601614248127, -458.0572605430522, -458.6955876006844, -459.33421764597017, -459.97315033168564, -460.61238531060695, -475.39742413569564, -491.64435552094943, -508.06958642869176, -524.6676914858831],
        "4": [-282.8745178859991, -296.3117863509632, -309.9974214321726, -323.92607795909873, -338.09240312287886, -352.4910364763158, -367.11660993387784, -381.963747771699, -397.0270666275787, -412.30117550098214, -427.7806757530401, -443.4601611065488, -458.0572605430392, -458.6955876006836, -459.33421764597017, -459.9731503316848, -460.6123853105939, -475.3974238174317, -491.64435042872645, -508.0695606493132, -524.667610010316]
    },
    "apdft_poly_coeff": [ -459.33421764597017, -63.87814233712561, -1.5132021485442237, 0.05787064575694481, 8.147556703382482e-05 ],
    "hf_energies": [-282.91406375379484, -296.2244069618484, -309.8114682577787, -323.66673528393005, -337.78120748735887, -352.1454684811141, -366.7500345473437, -381.58578858888575, -396.64421709131466, -411.91743233231546, -427.3981235041135, -443.079523316464, -457.67830978603365, -458.31670319333386, -458.95539891981593, -459.59439661696223, -460.23369593760356, -475.02004987995645, -491.2682992399397, -507.69547317807815, -524.2973711482458],
    "triples_corrections": [-0.013603157436933305, -0.013950415899296215, -0.01400135214936645, -0.013832395975564162, -0.013615108531486262, -0.013464010361010754, -0.013391627366604065, -0.013373755869316328, -0.01339054151835034, -0.013430925282749376, -0.013489121845731266, -0.01356233619240259, -0.013641408103038492, -0.013645103193946982, -0.013648818966047263, -0.013652555392191363, -0.01365631238877506, -0.013748348875443623, -0.013860251299262993, -0.01398364796583383, -0.014117198245756774],
    "scf_converged": [true, true, true, true, true, true, true, true, true, true, true, true, true, true, true, true, true, true, true, true, true],
    "cc_converged": [true, true, true, true, true, true, true, true, true, true, true, true, true, true, true, true, true, true, true, true, true],
    "t1_diagnostic": [0.014994071604497861, 0.012315299360929373, 0.010710184147375568, 0.009883422659135463, 0.009428532446546907, 0.009060984443266844, 0.008682366718849355, 0.008306973381780837, 0.007953782220286061, 0.007626000490664092, 0.007323005536397719, 0.007045739566443314, 0.00681479808471035, 0.006805299601236545, 0.006795846482998023, 0.006786438732577753, 0.0067770763326573035, 0.006574197905434109, 0.006380017468291781, 0.006211364049524275, 0.0060657581977025124]
}