{
    "schema_name": "pyscf_qa_output",
    "provenance": {
        "creator": "PySCF",
        "version": "1.7.6"
    },
    "molecule": {
        "geometry": [[0.0, 0.0, 0.0]],
        "symbols": [ "Al" ]
    },
    "molecular_charge": 2,
    "molecular_multiplicity": 2,
    "name": "al.chrg2.mult2-pyscf-uccsdt.augccpv5z",
    "atomic_numbers": [ 13 ],
    "n_electrons": 11,
    "model": {
        "method": "UCCSD(T)",
        "basis": "aug-cc-pV5Z",
        "scf_conv_tol": 1e-09,
        "scf_conv_tol_grad": 1e-06,
        "cc_conv_tol": 1e-07,
        "cc_conv_tol_normt": 1e-05
    },
    "broken_symmetry": false,
    "finite_diff_delta": 0.01,
    "finite_diff_acc": 2,
    "qa_lambdas": [-4.0, -3.75, -3.5, -3.25, -3.0, -2.75, -2.5, -2.25, -2.0, -1.75, -1.5, -1.25, -1.0, -0.75, -0.5, -0.25, -0.02, -0.01, 0.0, 0.01, 0.02],
    "electronic_energies": [-91.44120750776564, -98.8575151137215, -106.60138024372058, -114.6556563857323, -123.00289515912422, -131.64051941271515, -140.540870084391, -149.6921816791502, -159.07994920100708, -168.68928178964885, -178.50650310934267, -188.51939608302047, -198.7170353914444, -209.08967405085116, -219.62864445252634, -230.3262335035596, -240.3021660636773, -240.7387384514898, -241.1755439488878, -241.61258217667657, -242.04985275703186],
    "qats_energies": {
        "0": [-241.17554394891098, -241.17554394891098, -241.17554394891098, -241.17554394891098, -241.17554394891098, -241.17554394891098, -241.17554394891098, -241.17554394891098, -241.17554394891098, -241.17554394891098, -241.17554394891098, -241.17554394891098, -241.17554394891098, -241.17554394891098, -241.17554394891098, -241.17554394891098, -241.17554394891098, -241.17554394891098, -241.17554394891098, -241.17554394891098, -241.17554394891098],
        "1": [-66.4067989115591, -77.32984547639359, -88.25289204122808, -99.17593860606257, -110.09898517089707, -121.02203173573156, -131.94507830056605, -142.86812486540055, -153.79117143023504, -164.71421799506953, -175.63726455990403, -186.56031112473852, -197.483357689573, -208.4064042544075, -219.329450819242, -230.2524973840765, -240.30170022372423, -240.7386220863176, -241.17554394891098, -241.61246581150436, -242.04938767409774],
        "2": [-85.02522646416932, -93.69369781755492, -102.50762563619529, -111.46700992009042, -120.57185066924032, -129.822147883645, -139.21790156330442, -148.75911170821863, -158.4457783183876, -168.27790139381133, -178.25548093448984, -188.3785169404231, -198.64700941161115, -209.06095834805396, -219.62036374975153, -230.32522561670388, -240.30216568441304, -240.7387384514898, -241.17554394891098, -241.61258217667657, -242.04985313478656],
        "3": [-89.06266095283036, -97.02044132322655, -105.21239131902874, -113.63259672956022, -122.2751433441442, -131.1341169521039, -140.20360334276268, -149.4776883054437, -158.95045762947024, -168.6159971041655, -178.46839251885282, -188.50172966285538, -198.71009432549647, -209.08757229609932, -219.6282493639872, -230.32621131848333, -240.30216618909236, -240.73873851457472, -241.17554394891098, -241.61258211359166, -242.04985263010724],
        "4": [-90.67276973986904, -98.26421203464977, -106.15620752939984, -114.33429224144089, -122.78459182754315, -131.49382158392513, -140.4492864462537, -149.63888098964415, -159.05108942866013, -168.67498561731372, -178.50023304906526, -188.5170848568236, -198.71638381294585, -209.0895623292376, -219.62864245695278, -230.32623588679368, -240.30216619009866, -240.73873851463762, -241.17554394891098, -241.61258211365455, -242.04985263111357]
    },
    "qats_poly_coeffs": [ -241.17554394891098, -43.69218625933797, -1.1636517220381393, 0.0630849138853288, -0.00628948744936982 ],
    "hf_energies": [-91.14055622489985, -98.57259670035927, -106.33035121752644, -114.39698843172619, -122.7553702296516, -131.40173670633033, -140.3108070089873, -149.4702408616133, -158.8661096281407, -168.4837690780692, -178.30954867831986, -188.33117177603873, -198.53762839987976, -208.91908173201142, -219.46678790053696, -230.17298171978575, -240.15669020115476, -240.59359744327037, -241.03073752260784, -241.46811005981033, -241.90571467695344],
    "triples_corrections": [-0.008218421506358898, -0.006704985371503759, -0.005608083511289479, -0.004768357329983662, -0.004104776004811659, -0.0036920838162574944, -0.003305491572452028, -0.002997963825104527, -0.002730791069137135, -0.002488758555031407, -0.0022655078240100585, -0.0020559827389432252, -0.001857046969324402, -0.0016677193189009673, -0.001488568621762374, -0.0013209411090141165, -0.0011781903218749073, -0.0011722496538153176, -0.0011663317284428955, -0.0011604366065567308, -0.0011545643471872302],
    "scf_converged": [true, true, true, true, true, true, true, true, true, true, true, true, true, true, true, true, true, true, true, true, true],
    "cc_converged": [true, true, true, true, true, true, true, true, true, true, true, true, true, true, true, true, true, true, true, true, true],
    "scf_spin_squared": [0.7500008677977288, 0.7500004255740933, 0.7500002205434662, 0.7500001212343612, 0.750000078141106, 0.7500071186670532, 0.7500141267147047, 0.7500262967379374, 0.750039216608906, 0.750049204448505, 0.7500556335335151, 0.7500588215878654, 0.7500593534344278, 0.7500579240730723, 0.750055172811984, 0.7500516027126451, 0.750047907350976, 0.7500477412121613, 0.7500475747380593, 0.7500474079417225, 0.7500472408359373],
    "cc_spin_squared": [0.7500001119756425, 0.7500000332790342, 0.7500000141422487, 0.7500000077639011, 0.7500000064240759, 0.750000634617916, 0.7500009946729365, 0.7500014656480807, 0.7500017819997757, 0.7500018907486496, 0.7500018614729256, 0.7500017520762565, 0.7500016014257636, 0.7500014350607853, 0.7500012687216078, 0.7500011109797913, 0.7500009771713061, 0.7500009716267502, 0.7500009661055809, 0.7500009606078923, 0.7500009551335629]
}