{
    "schema_name": "pyscf_apdft_output",
    "provenance": {
        "creator": "PySCF",
        "version": "1.7.6"
    },
    "molecule": {
        "geometry": [[0.0, 0.0, 0.0]],
        "symbols": [ "Ne" ]
    },
    "molecular_charge": 2,
    "molecular_multiplicity": 3,
    "name": "ne.chrg2.mult3-pyscf-uccsdt.augccpvqz",
    "atomic_numbers": [ 10 ],
    "n_electrons": 8,
    "model": {
        "method": "UCCSD(T)",
        "basis": "aug-cc-pVQZ",
        "scf_conv_tol": 1e-09,
        "scf_conv_tol_grad": 1e-06,
        "cc_conv_tol": 1e-07,
        "cc_conv_tol_normt": 1e-05
    },
    "broken_symmetry": false,
    "finite_diff_delta": 0.01,
    "finite_diff_acc": 2,
    "apdft_lambdas": [-4.0, -3.75, -3.5, -3.25, -3.0, -2.75, -2.5, -2.25, -2.0, -1.75, -1.5, -1.25, -1.0, -0.75, -0.5, -0.25, -0.02, -0.01, 0.0, 0.01, 0.02],
    "electronic_energies": [-37.4269108880246, -41.366324416644495, -45.51690977918557, -49.88204394296784, -54.46461341746753, -59.26686116339535, -64.29002611487395, -69.53411312404954, -74.99834998810422, -80.6819032444882, -86.58424000937758, -92.70512919884398, -99.04451336258742, -105.6023928990765, -112.3787572873413, -119.3735494847764, -126.0015654102491, -126.29392904177644, -126.58664162558784, -126.8797031436298, -127.17311357742658],
    "apdft_energies": {
        "0": [-126.58664162558799, -126.58664162558799, -126.58664162558799, -126.58664162558799, -126.58664162558799, -126.58664162558799, -126.58664162558799, -126.58664162558799, -126.58664162558799, -126.58664162558799, -126.58664162558799, -126.58664162558799, -126.58664162558799, -126.58664162558799, -126.58664162558799, -126.58664162558799, -126.58664162558799, -126.58664162558799, -126.58664162558799, -126.58664162558799, -126.58664162558799],
        "1": [-9.431821254915945, -16.753997528082948, -24.07617380124995, -31.398350074416953, -38.720526347583956, -46.04270262075096, -53.36487889391796, -60.687055167084964, -68.00923144025197, -75.33140771341897, -82.65358398658597, -89.97576025975297, -97.29793653291998, -104.62011280608698, -111.94228907925398, -119.26446535242098, -126.00086752373463, -126.2937545746613, -126.58664162558799, -126.87952867651467, -127.17241572744135],
        "2": [-37.34655967572044, -41.28843559324315, -45.448395404678394, -49.82643911002617, -54.422566709286485, -59.236778202459334, -64.26907358954472, -69.51945287054264, -74.98791604545309, -80.67446311427608, -86.5790940770116, -92.70180893365966, -99.04260768422026, -105.60149032869339, -112.37845686707905, -119.37350729937725, -126.00156539219515, -126.29392904177644, -126.58664162558799, -126.8797031436298, -127.17311359590187],
        "3": [-37.541382308413546, -41.448964495913856, -45.578911348064594, -49.93093748014989, -54.50475750745389, -59.30008604526073, -64.31663770885456, -69.55412711351951, -75.01226887453973, -80.69077760719935, -86.58936792678253, -92.7077544485734, -99.04565178785609, -105.60277455991475, -112.37883738003353, -119.37355486349657, -126.00156541654798, -126.29392904482054, -126.58664162558799, -126.87970314058569, -127.17311357154904],
        "4": [-37.09200097626754, -41.1018281137744, -45.315492261521, -49.73509427599612, -54.36257044532957, -59.19969248929226, -64.24806755929615, -69.50913823839423, -74.9841825412806, -80.67431391429038, -86.58048123539976, -92.703468814226, -99.04389639202739, -105.60221914170333, -112.37872766779424, -119.3735480064816, -126.00156541626711, -126.29392904480298, -126.58664162558799, -126.87970314056814, -127.17311357126817]
    },
    "apdft_poly_coeff": [ -126.58664162558799, -29.28870509266801, -1.744671151300281, 0.003044103635829742, 0.0017553958286953275 ],
    "hf_energies": [-37.22207067758095, -41.15382310308993, -45.29946762867231, -49.661643485350005, -54.24304820046612, -59.04567913180828, -64.06995855097212, -69.31523467777026, -74.78053875260314, -80.46507607580502, -86.3683854301841, -92.49028001638536, -98.83072635055652, -105.38974560340301, -112.1673532646636, -119.1635231952128, -125.79295186996453, -126.0853804277486, -126.37815824245149, -126.67128529735723, -126.96476157537676],
    "triples_corrections": [-0.007140054339615, -0.0074961584656485355, -0.007555015666120253, -0.007327296385533234, -0.006827365095658703, -0.006102366834803499, -0.005341435163062363, -0.004692804013403678, -0.004175463852538088, -0.0037538180128582495, -0.003395349480147312, -0.003082277845994859, -0.002806631720030488, -0.002564353836502377, -0.002351987797268086, -0.0021656263410605434, -0.002013511468788561, -0.0020072656254256113, -0.0020010482666633495, -0.001994859188147709, -0.001988698118615092],
    "scf_converged": [true, true, true, true, true, true, true, true, true, true, true, true, true, true, true, true, true, true, true, true, true],
    "cc_converged": [true, true, true, true, true, true, true, true, true, true, true, true, true, true, true, true, true, true, true, true, true],
    "scf_spin_squared": [2.0375734774890404, 2.077918252035141, 2.1006759705610576, 2.084202762229212, 2.0501139888030058, 2.027698892035976, 2.0170692600486153, 2.01201926983549, 2.009363364646341, 2.0077831618631117, 2.006723811384922, 2.005939168330687, 2.0053152881570924, 2.0047975451977997, 2.004358217050638, 2.0039815302762585, 2.003681127953322, 2.003668960079087, 2.003656857494594, 2.003644829553064, 2.0036328707717166],
    "cc_spin_squared": [2.001020165522415, 2.001623871858035, 2.0021556891728736, 2.002219823813986, 2.001743238858819, 2.0011170752574063, 2.0006497790283975, 2.0003791030628566, 2.0002368632823284, 2.0001615288666663, 2.0001186658514083, 2.0000919473649352, 2.0000737473986767, 2.0000604877021777, 2.0000503612464673, 2.000042401736592, 2.0000364748691655, 2.0000362422600837, 2.0000360115484312, 2.0000357827357584, 2.0000355557916984]
}