{
    "schema_name": "pyscf_apdft_output",
    "provenance": {
        "creator": "PySCF",
        "version": "1.7.6"
    },
    "molecule": {
        "geometry": [[0.0, 0.0, 0.0]],
        "symbols": [ "N" ]
    },
    "molecular_charge": -2,
    "molecular_multiplicity": 4,
    "name": "n.chrg-2.mult4-pyscf-uccsdt.augccpvtz",
    "atomic_numbers": [ 7 ],
    "n_electrons": 9,
    "model": {
        "method": "UCCSD(T)",
        "basis": "aug-cc-pVTZ",
        "scf_conv_tol": 1e-09,
        "scf_conv_tol_grad": 1e-06,
        "cc_conv_tol": 1e-05,
        "cc_conv_tol_normt": 1e-07
    },
    "broken_symmetry": false,
    "finite_diff_delta": 0.01,
    "finite_diff_acc": 2,
    "apdft_lambdas": [-0.02, -0.01, 0.0, 0.01, 0.02, 0.25, 0.5, 0.75, 1.0, 1.25, 1.5, 1.75, 2.0, 2.25, 2.5, 2.75, 3.0, 3.25, 3.5, 3.75, 4.0],
    "electronic_energies": [-53.83054192775761, -54.018586756380984, -54.206922710852616, -54.39554536049782, -54.58444823451166, -59.01179621768974, -63.995030138704294, -69.14601826566212, -74.45288109448559, -79.90533442551649, -85.49465777618488, -91.21309987083757, -97.05351960577953, -103.00921233989243, -109.0738043418833, -115.24113702997302, -121.50509529040248, -127.85938122774402, -134.2973176262193, -140.81182486509985, -147.39562770818435],
    "apdft_energies": {
        "0": [-54.20692271085134, -54.20692271085134, -54.20692271085134, -54.20692271085134, -54.20692271085134, -54.20692271085134, -54.20692271085134, -54.20692271085134, -54.20692271085134, -54.20692271085134, -54.20692271085134, -54.20692271085134, -54.20692271085134, -54.20692271085134, -54.20692271085134, -54.20692271085134, -54.20692271085134, -54.20692271085134, -54.20692271085134, -54.20692271085134, -54.20692271085134],
        "1": [-53.8299641067345, -54.01844340879292, -54.20692271085134, -54.395402012909756, -54.583881314968174, -58.918905262311796, -63.630887813772254, -68.34287036523271, -73.05485291669316, -77.76683546815363, -82.4788180196141, -87.19080057107455, -91.902783122535, -96.61476567399546, -101.32674822545593, -106.03873077691638, -110.75071332837683, -115.4626958798373, -120.17467843129776, -124.8866609827582, -129.59864353421867],
        "2": [-53.83053749708676, -54.018586756380984, -54.20692271085134, -54.39554536049782, -54.58445470532043, -59.008497504852144, -63.98925678393365, -69.14920054809585, -74.48832879733874, -80.00664153166234, -85.70413875106664, -91.58082045555162, -97.6366866451173, -103.87173731976368, -110.28597247949077, -116.87939212429853, -123.651996254187, -130.60378486915616, -137.73475796920604, -145.0449155543366, -152.53425762454785],
        "3": [-53.83054476473984, -54.01858766483762, -54.20692271085134, -54.395544452041186, -54.58444743766735, -58.99430286993097, -63.87569970456424, -68.7659454052241, -73.57987216238351, -78.23231216651538, -82.63809760809269, -86.71206067758838, -90.3690335654754, -93.52384846222667, -96.09133755831516, -97.98633304421381, -99.12366711039557, -99.41817194733338, -98.7846797455002, -97.13802269536896, -94.3930329874126],
        "4": [-53.830543404647884, -54.01858757983187, -54.20692271085134, -54.39554436703544, -54.5844460775754, -58.961097499995816, -63.34441378560175, -66.07631044047649, -65.07929745898365, -57.478955957043084, -39.60393817213092, -6.9859674632795645, 45.64016168892234, 124.33658368232989, 235.96236179324174, 388.1734881764007, 589.422883864993, 848.9603987706485, 1176.832811683441, 1583.883830271888, 2081.7540910829507]
    },
    "apdft_poly_coeff": [ -54.20692271085134, -18.847930205841834, -1.4334758806455739, 0.9084566349552383, 8.500574703399858 ],
    "hf_energies": [-53.61794927428816, -53.80632224627956, -53.994991320199475, -54.183953068379225, -54.3732023273856, -58.81074169626627, -63.80320903815748, -68.96187452460428, -74.2753903340704, -79.73423019294748, -85.33006341285773, -91.05528976826922, -96.90278068593808, -102.86574843235252, -108.93766684793107, -115.11219081177991, -121.38303024891425, -127.74376154600695, -134.18764048090617, -140.7075593196981, -147.29623210139857],
    "triples_corrections": [-0.011633414769423606, -0.011553839698572155, -0.011470464145708917, -0.01138154503643278, -0.01128475073639313, -0.008768331189063717, -0.006685426981566508, -0.005234671416400836, -0.004254488999390133, -0.003530122783815734, -0.0029692132013387842, -0.002529514961622233, -0.002183108503446031, -0.0019065213777958033, -0.0016800313280159115, -0.0014885818992780293, -0.0013219244618917398, -0.0011740019223603383, -0.0010420333850297368, -0.0009253577643332226, -0.0008240248369347481],
    "scf_converged": [true, true, true, true, true, true, true, true, true, true, true, true, true, true, true, true, true, true, true, true, true],
    "cc_converged": [true, true, true, true, true, true, true, true, true, true, true, true, true, true, true, true, true, true, true, true, true],
    "scf_spin_squared": [3.7799913064769224, 3.784426933362619, 3.790359856903353, 3.7986236249432683, 3.8108557180072853, 3.785883394962461, 3.7604663699260614, 3.75848999479056, 3.7577402255223764, 3.7571508342706488, 3.7565681681924614, 3.7559808267149024, 3.7554001435303728, 3.75483618499658, 3.7542953919252207, 3.7537828620182334, 3.753304574478993, 3.7528679090898547, 3.7524800988541, 3.752145387126358, 3.751863325757706],
    "cc_spin_squared": [3.755308137454716, 3.7548192994025285, 3.7542783697204705, 3.7536853597052104, 3.7530172931838415, 3.754452142598102, 3.7511163166962858, 3.750473052756679, 3.7502807051410034, 3.7501977610231423, 3.7501497070980125, 3.750116916662898, 3.7500926585688963, 3.750074178962139, 3.750059935854482, 3.7500488904249183, 3.7500402722596213, 3.7500334514540885, 3.7500279806098646, 3.7500235597967166, 3.750019988127621]
}