{
    "schema_name": "pyscf_qa_output",
    "provenance": {
        "creator": "PySCF",
        "version": "1.7.6"
    },
    "molecule": {
        "geometry": [[0.0, 0.0, 0.0]],
        "symbols": [ "Cl" ]
    },
    "molecular_charge": 2,
    "molecular_multiplicity": 4,
    "name": "cl.chrg2.mult4-pyscf-uccsdt.augccpv5z",
    "atomic_numbers": [ 17 ],
    "n_electrons": 15,
    "model": {
        "method": "UCCSD(T)",
        "basis": "aug-cc-pV5Z",
        "scf_conv_tol": 1e-09,
        "scf_conv_tol_grad": 1e-06,
        "cc_conv_tol": 1e-07,
        "cc_conv_tol_normt": 1e-05
    },
    "broken_symmetry": false,
    "finite_diff_delta": 0.01,
    "finite_diff_acc": 2,
    "qa_lambdas": [-4.0, -3.75, -3.5, -3.25, -3.0, -2.75, -2.5, -2.25, -2.0, -1.75, -1.5, -1.25, -1.0, -0.75, -0.5, -0.25, -0.02, -0.01, 0.0, 0.01, 0.02],
    "electronic_energies": [-233.32829056465596, -245.42397150906524, -257.8275736883617, -270.5305152406878, -283.5235492480484, -296.79667342128005, -310.33938940785083, -324.1412249080009, -338.1921078768941, -352.48247886658334, -367.0032823583454, -381.7459499465502, -396.70240351940356, -411.8650708648687, -427.22689819994133, -442.7813537782874, -457.25640119193343, -457.8892659881166, -458.52242080910617, -459.15586531706964, -459.78959917523105],
    "qats_energies": {
        "0": [-458.5224208091041, -458.5224208091041, -458.5224208091041, -458.5224208091041, -458.5224208091041, -458.5224208091041, -458.5224208091041, -458.5224208091041, -458.5224208091041, -458.5224208091041, -458.5224208091041, -458.5224208091041, -458.5224208091041, -458.5224208091041, -458.5224208091041, -458.5224208091041, -458.5224208091041, -458.5224208091041, -458.5224208091041, -458.5224208091041, -458.5224208091041],
        "1": [-205.2025550185, -221.03504663041275, -236.8675382423255, -252.70002985423827, -268.532521466151, -284.3650130780638, -300.19750468997654, -316.0299963018893, -331.86248791380206, -347.6949795257148, -363.5274711376276, -379.35996274954033, -395.1924543614531, -411.02494597336585, -426.8574375852786, -442.68992919719136, -457.2558214801511, -457.8891211446276, -458.5224208091041, -459.15572047358063, -459.78902013805714],
        "2": [-228.3775132602251, -241.40366227255396, -254.6108656461463, -267.9991233810021, -281.5684354771214, -295.31880193450417, -309.2502227531504, -323.36269793306013, -337.65622747423333, -352.13081137667, -366.78644964037017, -381.6231422653338, -396.6408892515609, -411.8396905990515, -427.21954630780556, -442.7804563778231, -457.25640085410714, -457.8892659881166, -458.5224208091041, -459.15586531706964, -459.7895995120132],
        "3": [-231.97542488456, -244.36825009778107, -257.021185347605, -269.92896025567586, -283.0863044436377, -296.4879475331345, -310.12861914581026, -324.0030489033092, -338.1059664272752, -352.43210133935236, -366.9761832611847, -381.7329418144163, -396.69710662069116, -411.8634073016533, -427.2265734789468, -442.78133477421574, -457.2564013038461, -457.88926604433397, -458.5224208091041, -459.1558652608523, -459.78959906227425],
        "4": [-233.08943462827162, -245.22879610723237, -257.67419740684613, -270.4144526917438, -283.43878408910894, -296.7368216886777, -310.298603542739, -324.1145756661341, -338.17559203625717, -352.47291459305495, -366.99821323902665, -381.7435658392243, -396.7014582212525, -411.8647841752684, -427.2268454539819, -442.78135177265546, -457.25640130454235, -457.8892660443775, -458.5224208091041, -459.1558652608958, -459.78959906297047]
    },
    "qats_poly_coeffs": [ -458.5224208091041, -63.32996644765103, -1.4484348901078192, 0.056217369130232925, -0.0043516005613734405 ],
    "hf_energies": [-232.96487424993973, -245.05985799425505, -257.46431661607346, -270.1697102257859, -283.16645111399896, -296.44410532547624, -309.99188166181574, -323.79914416325016, -337.85570037163905, -352.1518724706704, -366.6784845046262, -381.4268520459551, -396.38879244047223, -411.5566444590041, -426.9232838764816, -442.4821279922643, -456.9608111978582, -457.5938251076932, -458.22712829019736, -458.8607204069737, -459.49460112089207],
    "triples_corrections": [-0.007883456006013305, -0.00826528704297011, -0.00844840922435097, -0.008412744348629306, -0.008223663982853617, -0.007979019203026044, -0.007736107896237387, -0.007508426720785602, -0.007292996011388735, -0.007085363832994476, -0.006883161980485881, -0.006685943530821365, -0.006494393785552601, -0.006309736370344551, -0.006133288061968442, -0.005966199982097321, -0.005821470447069421, -0.0058153804557755095, -0.005809307548427295, -0.005803251743473344, -0.005797213057923477],
    "scf_converged": [true, true, true, true, true, true, true, true, true, true, true, true, true, true, true, true, true, true, true, true, true],
    "cc_converged": [true, true, true, true, true, true, true, true, true, true, true, true, true, true, true, true, true, true, true, true, true],
    "scf_spin_squared": [3.7617542576647764, 3.7555272313006496, 3.751928103755172, 3.7504936119862364, 3.75032257663789, 3.750566375490142, 3.7507977704918094, 3.7509335319938097, 3.7510017675380283, 3.751029792510808, 3.751030371957044, 3.7510111576376683, 3.750980162498797, 3.7509459022223925, 3.7509157555517874, 3.7508947140101094, 3.750885433464994, 3.7508852561040094, 3.750885097334516, 3.7508849570963907, 3.750884835325408],
    "cc_spin_squared": [3.7515176181543413, 3.751394997098053, 3.75125204362639, 3.75112229541523, 3.751011891347054, 3.750913904388821, 3.750824339955461, 3.750743931044435, 3.7506734611910333, 3.75061237748727, 3.750559352496706, 3.750513076702378, 3.750472484918952, 3.7504367734063453, 3.75040530591519, 3.7503775533545656, 3.7503549075324707, 3.7503539804553943, 3.750353057963458, 3.75035214003218, 3.7503512266377403]
}