{
    "schema_name": "pyscf_qa_output",
    "provenance": {
        "creator": "PySCF",
        "version": "1.7.6"
    },
    "molecule": {
        "geometry": [[0.0, 0.0, 0.0]],
        "symbols": [ "C" ]
    },
    "molecular_charge": 1,
    "molecular_multiplicity": 2,
    "name": "c.chrg1.mult2-pyscf-uccsdt.augccpv5z",
    "atomic_numbers": [ 6 ],
    "n_electrons": 5,
    "model": {
        "method": "UCCSD(T)",
        "basis": "aug-cc-pV5Z",
        "scf_conv_tol": 1e-09,
        "scf_conv_tol_grad": 1e-06,
        "cc_conv_tol": 1e-07,
        "cc_conv_tol_normt": 1e-05
    },
    "broken_symmetry": false,
    "finite_diff_delta": 0.01,
    "finite_diff_acc": 2,
    "qa_lambdas": [-3.0, -2.75, -2.5, -2.25, -2.0, -1.75, -1.5, -1.25, -1.0, -0.75, -0.5, -0.25, -0.02, -0.01, 0.0, 0.01, 0.02, 0.25, 0.5, 0.75, 1.0],
    "electronic_energies": [-7.2441529419038515, -8.914729027259032, -10.662360272566646, -12.568744165218678, -14.63871482778589, -16.877616435871257, -19.289846606054006, -21.8763578695471, -24.636504749563443, -27.569805948136754, -30.675995410273092, -33.954840201120774, -37.1236167718428, -37.264694491719986, -37.4060473687881, -37.54767537030346, -37.68957846295539, -41.029188883937685, -44.823614841254205, -48.788364099960866, -52.922086135543516],
    "qats_energies": {
        "0": [-37.40604736878809, -37.40604736878809, -37.40604736878809, -37.40604736878809, -37.40604736878809, -37.40604736878809, -37.40604736878809, -37.40604736878809, -37.40604736878809, -37.40604736878809, -37.40604736878809, -37.40604736878809, -37.40604736878809, -37.40604736878809, -37.40604736878809, -37.40604736878809, -37.40604736878809, -37.40604736878809, -37.40604736878809, -37.40604736878809, -37.40604736878809],
        "1": [5.041084418732844, 1.5038234364394327, -2.033437545853978, -5.570698528147389, -9.1079595104408, -12.645220492734211, -16.182481475027622, -19.719742457321033, -23.257003439614444, -26.794264421907855, -30.331525404201265, -33.868786386494676, -37.123066490204614, -37.26455692949635, -37.40604736878809, -37.547537808079824, -37.68902824737156, -40.9433083510815, -44.48056933337491, -48.01783031566832, -51.55509129796173],
        "2": [-7.339515708440281, -8.899319725976873, -10.631076523057537, -12.534786099682272, -14.610448455851078, -16.858063591563955, -19.277631506820903, -21.869152201621922, -24.632625675967013, -27.568051929856175, -30.675430963289408, -33.95476277626671, -37.123616739099155, -37.264694491719986, -37.40604736878809, -37.54767537030346, -37.6895784962661, -41.029284740853534, -44.82447489246305, -48.79161782361664, -52.9307135343143],
        "3": [-7.488138006908407, -9.013796739438146, -10.717084797633994, -12.597486131848513, -14.654484692434227, -16.88756442974368, -19.29620929412942, -21.87990323594398, -24.63813020553991, -27.57037415326974, -30.67611902948602, -33.95484878454129, -37.12361678313539, -37.26469449722452, -37.40604736878809, -37.54767536479893, -37.68957845222987, -41.029198732578955, -44.82378682626644, -48.789295600203076, -52.925209004741404],
        "4": [-7.29674230761902, -8.878658601258365, -10.62478363092422, -12.53692733637023, -14.616678134549904, -16.865402919616663, -19.284247062923832, -21.87413441302462, -24.63576729567214, -27.56962651381939, -30.675971347619285, -33.954839554424616, -37.123616782757324, -37.264694497200885, -37.40604736878809, -37.5476753647753, -37.6895784518518, -41.02918950246229, -44.823639144399706, -48.78854796075272, -52.922846094873634]
    },
    "qats_poly_coeffs": [ -37.40604736878809, -14.149043929173644, -1.3756222363525694, 0.0055045295728935635, 0.002362909867770213 ],
    "hf_energies": [-7.166061441585782, -8.833324194539088, -10.577739797316154, -12.479759803913414, -14.545110591464509, -16.780237822859597, -19.189900032552814, -21.77434813085668, -24.532681013465854, -27.46437014455895, -30.569123195303618, -33.846694610319, -37.01443841026117, -37.15547417793755, -37.29678534590979, -37.43837188109693, -37.580233749851544, -40.91896216736334, -44.71257005141398, -48.67664254773765, -52.80982172506503],
    "triples_corrections": [-0.006477301391631435, -0.0015952811875947492, -0.001768788017838917, -0.0019773436085929476, -0.0021622720688189196, -0.0022165156374087474, -0.0021321622996628145, -0.0020383051052923033, -0.0019637005825844213, -0.0019010644079971535, -0.0018455189945964772, -0.0017942473930445926, -0.0017491336641310847, -0.0017471980697756043, -0.0017452640030995034, -0.0017433313987706802, -0.0017414001929427112, -0.0016972423933957284, -0.001649420119522441, -0.0016014339908741123, -0.001553143877224915],
    "scf_converged": [true, true, true, true, true, true, true, true, true, true, true, true, true, true, true, true, true, true, true, true, true],
    "cc_converged": [true, true, true, true, true, true, true, true, true, true, true, true, true, true, true, true, true, true, true, true, true],
    "scf_spin_squared": [0.7501998818552065, 0.7765210855369369, 0.7738531740306183, 0.7687025177307754, 0.7648459460684773, 0.7641095023521598, 0.7640776582394544, 0.7628990539268417, 0.7613407294548775, 0.7598926571635067, 0.7586392665662858, 0.7575740067461221, 0.7567426779509465, 0.7567094615808281, 0.7566764754173012, 0.7566437177667007, 0.7566111869343062, 0.755921703047586, 0.755284110734534, 0.7547413106068055, 0.7542757028072451],
    "cc_spin_squared": [0.7522930944935162, 0.7503504836884607, 0.7503159953691647, 0.750291672305627, 0.7502660355294164, 0.750225495343531, 0.7501703030943581, 0.7501245673415227, 0.750093389077639, 0.7500722062081621, 0.7500572655761246, 0.7500463376257477, 0.7500387023499471, 0.7500384112428738, 0.7500381231819826, 0.7500378381264076, 0.7500375560358287, 0.7500318026587548, 0.7500268510140768, 0.7500229066729299, 0.7500197190934779]
}