{
    "schema_name": "pyscf_apdft_output",
    "provenance": {
        "creator": "PySCF",
        "version": "1.7.6"
    },
    "molecule": {
        "geometry": [[0.0, 0.0, 0.0]],
        "symbols": [ "H" ]
    },
    "molecular_charge": -1,
    "molecular_multiplicity": 3,
    "name": "h.chrg-1.mult3-pyscf-uccsd.augccpvtz",
    "atomic_numbers": [ 1 ],
    "n_electrons": 2,
    "model": {
        "method": "UCCSD",
        "basis": "aug-cc-pVTZ",
        "scf_conv_tol": 1e-09,
        "scf_conv_tol_grad": 1e-06,
        "cc_conv_tol": 1e-07,
        "cc_conv_tol_normt": 1e-05
    },
    "broken_symmetry": false,
    "finite_diff_delta": 0.01,
    "finite_diff_acc": 2,
    "apdft_lambdas": [-0.02, -0.01, 0.0, 0.01, 0.02, 0.25, 0.5, 0.75, 1.0, 1.25, 1.5, 1.75, 2.0, 2.25, 2.5, 2.75, 3.0],
    "electronic_energies": [-0.418936195466859, -0.4308371210207575, -0.44283362151718353, -0.45492605347503545, -0.46711475705049216, -0.774604554410479, -1.1691202998079895, -1.6263737151229958, -2.1439389719643835, -2.716765645847813, -3.3363373134737997, -3.992864566320155, -4.678574697865898, -5.38796535455297, -6.116701812953973, -6.860935316523097, -7.617221315382948],
    "apdft_energies": {
        "0": [-0.44283362151718386, -0.44283362151718386, -0.44283362151718386, -0.44283362151718386, -0.44283362151718386, -0.44283362151718386, -0.44283362151718386, -0.44283362151718386, -0.44283362151718386, -0.44283362151718386, -0.44283362151718386, -0.44283362151718386, -0.44283362151718386, -0.44283362151718386, -0.44283362151718386, -0.44283362151718386, -0.44283362151718386],
        "1": [-0.4187446890629059, -0.4307891552900449, -0.44283362151718386, -0.4548780877443228, -0.4669225539714618, -0.7439452771956583, -1.0450569328741328, -1.3461685885526071, -1.6472802442310814, -1.9483918999095557, -2.2495035555880305, -2.550615211266505, -2.851726866944979, -3.1528385226234534, -3.4539501783019277, -3.7550618339804025, -4.056173489658877],
        "2": [-0.41893655198575636, -0.4308371210207575, -0.44283362151718386, -0.45492605347503545, -0.46711441689431227, -0.7739238588910411, -1.1649712596556638, -1.615975823811052, -2.126937551357206, -2.6978564422941256, -3.3287324966218104, -4.019565714340261, -4.770356095449477, -5.581103639949459, -6.451808347840205, -7.382470219121719, -8.373089253793998],
        "3": [-0.4189360875357049, -0.4308370629645011, -0.44283362151718386, -0.45492611153129187, -0.46711488134436374, -0.7748309878978621, -1.1722282917102325, -1.640468306995221, -2.1849938077937545, -2.8112475681467592, -3.5246723620951625, -4.3307109636798895, -5.2348061469418665, -6.242400685922021, -7.358937354661279, -8.589858927200568, -9.940608177580813],
        "4": [-0.4189360766272266, -0.4308370622827212, -0.44283362151718386, -0.454926110849512, -0.4671148704358855, -0.7745646676276271, -1.167967167386472, -1.6188963651061843, -2.1168158186135884, -2.6447973992498692, -3.1795212918705706, -3.691275994845595, -4.143958320059206, -4.495073392910025, -4.6957346523110335, -4.690663850689572, -4.418191053987342]
    },
    "apdft_poly_coeff": [ -0.44283362151718386, -1.2044466227138977, -0.47965730712612453, -0.05805625643654869, 0.0681779891801663 ],
    "hf_energies": [-0.4181872826751151, -0.430087666147628, -0.4420836951161681, -0.4541757244227131, -0.4663640924413295, -0.7738593579974172, -1.1683809746765417, -1.6255903941039294, -2.1430235114454783, -2.715648421884541, -3.3350076835993794, -3.991336837135379, -4.676867047733758, -5.38610648268827, -6.114733404094286, -6.858904348885424, -7.615170220646863],
    "scf_converged": [true, true, true, true, true, true, true, true, true, true, true, true, true, true, true, true, true],
    "cc_converged": [true, true, true, true, true, true, true, true, true, true, true, true, true, true, true, true, true],
    "scf_spin_squared": [2.0, 2.0, 2.0, 2.0, 2.0, 2.0, 2.0, 2.0, 2.0, 2.0, 2.0, 2.0, 2.0, 2.0, 2.0, 2.0, 2.0],
    "cc_spin_squared": [2.0000000000000013, 2.0, 2.000000000000001, 2.000000000000001, 1.9999999999999991, 2.0, 2.0000000000000018, 2.000000000000001, 2.000000000000001, 2.000000000000001, 1.9999999999999987, 2.0000000000000004, 1.9999999999999998, 1.9999999999999991, 1.9999999999999991, 2.000000000000001, 2.0000000000000018]
}