{
    "schema_name": "pyscf_qa_output",
    "provenance": {
        "creator": "PySCF",
        "version": "1.7.6"
    },
    "molecule": {
        "geometry": [[0.0, 0.0, 0.0]],
        "symbols": [ "C" ]
    },
    "molecular_charge": 1,
    "molecular_multiplicity": 4,
    "name": "c.chrg1.mult4-pyscf-uccsdt.augccpvqz",
    "atomic_numbers": [ 6 ],
    "n_electrons": 5,
    "model": {
        "method": "UCCSD(T)",
        "basis": "aug-cc-pVQZ",
        "scf_conv_tol": 1e-09,
        "scf_conv_tol_grad": 1e-06,
        "cc_conv_tol": 1e-07,
        "cc_conv_tol_normt": 1e-05
    },
    "broken_symmetry": false,
    "finite_diff_delta": 0.01,
    "finite_diff_acc": 2,
    "qa_lambdas": [-3.0, -2.75, -2.5, -2.25, -2.0, -1.75, -1.5, -1.25, -1.0, -0.75, -0.5, -0.25, -0.02, -0.01, 0.0, 0.01, 0.02, 0.25, 0.5, 0.75, 1.0],
    "electronic_energies": [-7.265614818552819, -8.848699876572287, -10.58477662496171, -12.48065101548489, -14.541796631151813, -16.772401563331574, -19.175059117360114, -21.750209794156454, -24.497331556525015, -27.416248149580433, -30.50715039227591, -33.7702178591837, -36.92422250586936, -37.06465215763286, -37.20535637738188, -37.3463351132214, -37.487588311633885, -40.81201477517689, -44.589011525419785, -48.53438498965739, -52.645306111774424],
    "qats_energies": {
        "0": [-37.20535637738185, -37.20535637738185, -37.20535637738185, -37.20535637738185, -37.20535637738185, -37.20535637738185, -37.20535637738185, -37.20535637738185, -37.20535637738185, -37.20535637738185, -37.20535637738185, -37.20535637738185, -37.20535637738185, -37.20535637738185, -37.20535637738185, -37.20535637738185, -37.20535637738185, -37.20535637738185, -37.20535637738185, -37.20535637738185, -37.20535637738185],
        "1": [5.047086960899662, 1.5260500160428734, -1.9949869288139226, -5.516023873670715, -9.037060818527507, -12.5580977633843, -16.079134708241092, -19.600171653097885, -23.121208597954677, -26.64224554281147, -30.163282487668262, -33.68431943252506, -36.9236734217933, -37.06451489958758, -37.20535637738185, -37.346197855176115, -37.48703933297039, -40.726393322238636, -44.24743026709543, -47.76846721195223, -51.289504156809016],
        "2": [-7.306137114448006, -8.854089658381213, -10.57361475891647, -12.464712416053779, -14.527382629793138, -16.761625400134548, -19.16744072707801, -21.74482861062352, -24.493789050771085, -27.4143220475207, -30.506427600872364, -33.77010571082608, -36.92422245397443, -37.06465215763286, -37.20535637738185, -37.3463351132214, -37.48758836515152, -40.812179600539665, -44.59057538029953, -48.54054371666145, -52.662084609625424],
        "3": [-7.5433153754790965, -9.036777311987912, -10.71087069701317, -12.564771994926268, -14.597657670098645, -16.808704186901718, -19.197088009706896, -21.76198560288561, -24.50257343080927, -27.41802795784931, -30.507525648377136, -33.77024296676418, -36.92422252424947, -37.06465216641724, -37.20535637738185, -37.34633510443702, -37.487588294876474, -40.812042344601565, -44.58947733279476, -48.53683780633284, -52.65330022958724],
        "4": [-6.995648663498287, -8.650088059957099, -10.446756734831062, -12.391486824338592, -14.489476591188858, -16.745290424581793, -19.162858840208095, -21.745478480249226, -24.49581211337741, -27.415888634755635, -30.507103066037647, -33.77021655536796, -36.92422252316766, -37.064652166349624, -37.20535637738185, -37.34633510436941, -37.487588293794666, -40.81201593320535, -44.58905475045527, -48.53469848323917, -52.64653891215537]
    },
    "qats_poly_coeffs": [ -37.20535637738185, -14.08414777942717, -1.3725804528164076, 0.008784380038188525, 0.00676131743186185 ],
    "hf_energies": [-7.217732726459076, -8.799434837992596, -10.53390913610913, -12.428494996505654, -14.489368706324358, -16.720864713268128, -19.124853583181316, -21.701238788091523, -24.449494917507547, -27.369550448732806, -30.461660890665343, -33.72605288909529, -36.881413636955806, -37.02190561339635, -37.162672448102434, -37.30371408994306, -37.44503048609551, -40.77099157310015, -44.54982680204151, -48.497191123615494, -52.6102148945795],
    "triples_corrections": [-0.0001594897013273034, -0.00022998591946451986, -0.0003145184454245466, -0.00039198211030103906, -0.00042557751047107313, -0.0003840570981132919, -0.0003118403571085949, -0.0002564934082742851, -0.00021809712300428113, -0.0001881010989556718, -0.00016317892243368433, -0.00014234807852315048, -0.00012610223418318405, -0.00012544800698343318, -0.00012479764769981864, -0.00012415110197400026, -0.0001235083160000582, -0.00010964795553552075, -9.619797588618259e-05, -8.403875595356804e-05, -7.300433382134423e-05],
    "scf_converged": [true, true, true, true, true, true, true, true, true, true, true, true, true, true, true, true, true, true, true, true, true],
    "cc_converged": [true, true, true, true, true, true, true, true, true, true, true, true, true, true, true, true, true, true, true, true, true],
    "scf_spin_squared": [3.750002796980234, 3.7500034474112725, 3.7500041447313412, 3.7500045448184256, 3.7500047645406385, 3.7500051674273136, 3.750005828149228, 3.7500066042569893, 3.7500073981437163, 3.750008154586964, 3.7500088059009, 3.750009279059198, 3.7500095097287027, 3.750009514910621, 3.750009519681248, 3.750009524040327, 3.7500095279877055, 3.7500095061526433, 3.7500092522788577, 3.750008801012345, 3.7500082121581784],
    "cc_spin_squared": [3.7500001869807114, 3.7500002484675843, 3.750000333097463, 3.750000417564835, 3.750000473159703, 3.750000467681596, 3.7500004212903373, 3.750000372605, 3.750000330413536, 3.750000292726301, 3.750000258560041, 3.7500002274574356, 3.750000201051231, 3.750000199944104, 3.7500001988401874, 3.750000197739428, 3.7500001966418224, 3.7500001722366774, 3.750000147517232, 3.7500001248247994, 3.7500001043841937]
}