{
    "schema_name": "pyscf_qa_output",
    "provenance": {
        "creator": "PySCF",
        "version": "1.7.6"
    },
    "molecule": {
        "geometry": [[0.0, 0.0, 0.0]],
        "symbols": [ "P" ]
    },
    "molecular_charge": 0,
    "molecular_multiplicity": 2,
    "name": "p.chrg0.mult2-pyscf-uccsdt.augccpvqz",
    "atomic_numbers": [ 15 ],
    "n_electrons": 15,
    "model": {
        "method": "UCCSD(T)",
        "basis": "aug-cc-pVQZ",
        "scf_conv_tol": 1e-09,
        "scf_conv_tol_grad": 1e-06,
        "cc_conv_tol": 1e-05,
        "cc_conv_tol_normt": 1e-07
    },
    "broken_symmetry": false,
    "finite_diff_delta": 0.01,
    "finite_diff_acc": 2,
    "qa_lambdas": [-2.0, -1.75, -1.5, -1.25, -1.0, -0.75, -0.5, -0.25, -0.02, -0.01, 0.0, 0.01, 0.02, 0.25, 0.5, 0.75, 1.0, 1.25, 1.5, 1.75, 2.0],
    "electronic_energies": [-237.5181952519533, -249.78794041075062, -262.254739106581, -274.9321450412539, -287.7943456417662, -300.8281569626281, -314.0195047755049, -327.3543674753682, -339.73792497520054, -340.27869697720473, -340.81965908344205, -341.36081055845466, -341.90215066926686, -354.40338699158536, -368.09454008896427, -381.88300140657975, -395.7595079664846, -409.71561873548177, -423.74367619890035, -437.8367601609796, -451.9886390760863],
    "qats_energies": {
        "0": [-340.81965908344193, -340.81965908344193, -340.81965908344193, -340.81965908344193, -340.81965908344193, -340.81965908344193, -340.81965908344193, -340.81965908344193, -340.81965908344193, -340.81965908344193, -340.81965908344193, -340.81965908344193, -340.81965908344193, -340.81965908344193, -340.81965908344193, -340.81965908344193, -340.81965908344193, -340.81965908344193, -340.81965908344193, -340.81965908344193, -340.81965908344193],
        "1": [-232.60830095844915, -246.13472072407325, -259.66114048969735, -273.18756025532144, -286.71398002094554, -300.24039978656964, -313.76681955219374, -327.29323931781784, -339.737545502192, -340.27860229281697, -340.81965908344193, -341.3607158740669, -341.90177266469186, -354.34607884906603, -367.87249861469013, -381.3989183803142, -394.9253381459383, -408.4517579115624, -421.9781776771865, -435.5045974428106, -449.0310172084347],
        "2": [-236.39567646890475, -249.03443009926582, -261.7915392143286, -274.66700381409316, -287.66082389855944, -300.77299946772746, -314.0035305215972, -327.3524170601687, -339.73792423974305, -340.27869697720473, -340.81965908344193, -341.36081055845466, -341.9021514022429, -354.4052565914169, -368.1092095840936, -381.93151806147205, -395.8721820235522, -409.93120147033414, -424.1085764018178, -438.4043068180032, -452.8183927188903],
        "3": [-237.37463216111865, -249.69025393213568, -262.20453614698135, -274.9060066686376, -287.78319336008616, -300.82462408430905, -314.0188267042881, -327.35432908300504, -339.73792521869876, -340.2786970995742, -340.81965908344193, -341.3608104360852, -341.9021504232872, -354.40334456858056, -368.09391340140274, -381.87989344489046, -395.7498125620255, -409.6921986157897, -423.69557946916507, -437.74848298513336, -451.8394370266764],
        "4": [-237.54003893088105, -249.7872123438055, -262.2568718827265, -274.9312457387307, -287.79353128319633, -300.8278950677931, -314.0194728244824, -327.3543694655172, -339.7379252203528, -340.2786970996776, -340.81965908344193, -341.36081043618856, -341.9021504249413, -354.4033849510927, -368.09455952159715, -381.8831644283745, -395.7601504851356, -409.7174376858829, -423.7479152049102, -437.84544139680315, -452.0048437964389]
    },
    "qats_poly_coeffs": [ -340.81965908344193, -54.10567906249639, -0.946843877613901, 0.12236946152673528, -0.010337923110152284 ],
    "hf_energies": [-237.27436971681993, -249.55579309573594, -262.0210255222313, -274.70894595115203, -287.5809737964536, -300.62351245813824, -313.8221626288687, -327.1629506255273, -339.55079651258905, -340.0917307238245, -340.6328530787597, -341.17416285012246, -341.7156593132712, -354.2199763933721, -367.913459397776, -381.7033610851214, -395.5805927519957, -409.5368722344224, -423.56468033116596, -437.65721415915874, -451.80833928555853],
    "triples_corrections": [-0.009325089440229454, -0.009400116937253684, -0.009780254230266716, -0.00944712809131146, -0.009135644178757615, -0.008942573723511522, -0.008862791018118968, -0.00886893409990464, -0.008937676919921388, -0.008941968921461641, -0.008946367091342953, -0.008950871091872174, -0.008955480575470562, -0.00908961902734749, -0.00929143017863616, -0.009541160159752598, -0.009827206108096254, -0.010137914687667653, -0.010462368051511309, -0.010790864241850728, -0.011115414546442926],
    "scf_converged": [true, true, true, true, true, true, true, true, true, true, true, true, true, true, true, true, true, true, true, true, true],
    "cc_converged": [true, true, true, true, true, true, true, true, true, true, true, true, true, true, true, true, true, true, true, true, true],
    "scf_spin_squared": [1.805873383773461, 1.8049015750764275, 0.9486655505039057, 0.8610215735784994, 0.7742791719775655, 0.767313090094734, 0.7656391594775567, 0.7646835335409854, 0.7640019249965206, 0.7639750040405566, 0.763948277120754, 0.7639217413327177, 0.7638953938732937, 0.7633360627518542, 0.7628131495076431, 0.762360588164924, 0.7619649263535573, 0.761614932513508, 0.7613009569460587, 0.7610150005010041, 0.76075074556028],
    "cc_spin_squared": [2.1951079110902194, 2.1798912286962113, 0.7539460499559456, 0.7528808669330025, 0.75135294761618, 0.7508510510357005, 0.7506326306177589, 0.7505255180714805, 0.7504662808652061, 0.7504641783145276, 0.7504621060200329, 0.7504600631569258, 0.7504580489332722, 0.7504181921915785, 0.7503849414846511, 0.7503586537951485, 0.7503373694816431, 0.7503197977156639, 0.7503049844840333, 0.7502921855327789, 0.7502808587255143]
}