{
    "schema_name": "pyscf_qa_output",
    "provenance": {
        "creator": "PySCF",
        "version": "1.7.6"
    },
    "molecule": {
        "geometry": [[0.0, 0.0, 0.0]],
        "symbols": [ "B" ]
    },
    "molecular_charge": 2,
    "molecular_multiplicity": 2,
    "name": "b.chrg2.mult2-pyscf-uccsdt.augccpvdz",
    "atomic_numbers": [ 5 ],
    "n_electrons": 3,
    "model": {
        "method": "UCCSD(T)",
        "basis": "aug-cc-pVDZ",
        "scf_conv_tol": 1e-09,
        "scf_conv_tol_grad": 1e-06,
        "cc_conv_tol": 1e-05,
        "cc_conv_tol_normt": 1e-07
    },
    "broken_symmetry": false,
    "finite_diff_delta": 0.01,
    "finite_diff_acc": 2,
    "qa_lambdas": [-4.0, -3.75, -3.5, -3.25, -3.0, -2.75, -2.5, -2.25, -2.0, -1.75, -1.5, -1.25, -1.0, -0.75, -0.5, -0.25, -0.02, -0.01, 0.0, 0.01, 0.02],
    "electronic_energies": [-0.25999757856888644, -0.59267347400234, -0.9964551610970317, -1.4686338545783038, -2.021295574715147, -2.6833563005094723, -3.5011720543524127, -4.530019189236707, -5.812061761090759, -7.362357153724302, -9.172334064534272, -11.253319555710076, -13.503252168185774, -15.880197202705828, -18.33572496225161, -20.839155859865148, -23.16902486435851, -23.270754581495446, -23.372515412234574, -23.47430685472692, -23.576128417259437],
    "qats_energies": {
        "0": [-23.372515412234574, -23.372515412234574, -23.372515412234574, -23.372515412234574, -23.372515412234574, -23.372515412234574, -23.372515412234574, -23.372515412234574, -23.372515412234574, -23.372515412234574, -23.372515412234574, -23.372515412234574, -23.372515412234574, -23.372515412234574, -23.372515412234574, -23.372515412234574, -23.372515412234574, -23.372515412234574, -23.372515412234574, -23.372515412234574, -23.372515412234574],
        "1": [17.337939234060062, 14.793535818666644, 12.249132403273233, 9.704728987879822, 7.1603255724864034, 4.615922157092989, 2.071518741699574, -0.4728846736938408, -3.0172880890872555, -5.56169150448067, -8.106094919874085, -10.6504983352675, -13.194901750660915, -15.73930516605433, -18.283708581447744, -20.82811199684116, -23.1689631390031, -23.270739275618837, -23.372515412234574, -23.47429154885031, -23.576067685466047],
        "2": [14.888998976651013, 12.64114692055323, 10.37416251869443, 8.088045771074626, 5.782796677693813, 3.458415238551993, 1.1149014536491642, -1.2477446770146727, -3.629523153439518, -6.030433975625371, -8.450477143572233, -10.889652657280102, -13.34796051674898, -15.825400721978866, -18.32197327296976, -20.837678169721663, -23.169024362509536, -23.270754581495446, -23.372515412234574, -23.47430685472692, -23.576128908972482],
        "3": [9.5900015449898, 8.274907581721049, 6.824248223655765, 5.245785674062983, 3.547282136211738, 1.7364998133710685, -0.17879909118999748, -2.190852374202425, -4.291897832397169, -6.474173262505204, -8.729916461257492, -11.051365225384997, -13.430757351618686, -15.860330636689524, -18.332322877328473, -20.8389718702665, -23.169025024884213, -23.27075466429228, -23.372515412234574, -23.474306771930085, -23.576128246597804],
        "4": [-1.2216394597034288, -0.07682773722723724, 0.48666276167616473, 0.5340046875053162, 0.12641134957052103, -0.6788632840061553, -1.828524586290893, -3.2732372715381217, -4.967625395190495, -6.870272353878928, -8.943720885422568, -11.154473068828803, -13.472990324293269, -15.873693413199842, -18.334962438120634, -20.83913684281601, -23.16902503164149, -23.27075466471461, -23.372515412234574, -23.474306772352413, -23.57612825335508]
    },
    "qats_poly_coeffs": [ -23.372515412234574, -10.177613661573659, -0.15305876608806557, 0.08279683486970649, -0.042232972674582925 ],
    "hf_energies": [-0.22918977782446304, -0.5619916704581898, -0.9668281271711072, -1.4390621615218115, -1.9907193582011318, -2.649354861170397, -3.458974173406194, -4.475942438259186, -5.752665778524131, -7.313282189842566, -9.141878684084205, -11.24072333830878, -13.497643524974007, -15.877417182168836, -18.334087997621197, -20.8380427875124, -23.16817568895678, -23.2699142243081, -23.37168370339657, -23.47348362913411, -23.575313514399014],
    "triples_corrections": [-0.00027937415765832757, -0.00022586615799987113, -0.00013716273357218344, -8.620235920794742e-05, -6.097319458678455e-05, -5.229546977983312e-05, -5.939827253334953e-05, -8.75528642553372e-05, -0.00012689088239640714, -0.0001402612377216487, -0.00011300764840673939, -4.023266930564984e-05, -1.6555080955706392e-05, -6.02910946362157e-06, -2.209411370999691e-06, -8.714812505190154e-07, -4.028387927391722e-07, -3.902726387104262e-07, -3.7815598435648963e-07, -3.664710612635764e-07, -3.552008557355954e-07],
    "scf_converged": [true, true, true, true, true, true, true, true, true, true, true, true, true, true, true, true, true, true, true, true, true],
    "cc_converged": [true, true, true, true, true, true, true, true, true, true, true, true, true, true, true, true, true, true, true, true, true],
    "scf_spin_squared": [0.989841859973477, 0.7582579226003848, 0.7506435727658377, 0.7501315417371257, 0.750055441461035, 0.7500422703487039, 0.7500531145731881, 0.7500954977940152, 0.7501636151880037, 0.7501787217369587, 0.7501356026967063, 0.7501484727781214, 0.7500769517621606, 0.750029077397998, 0.7500095902588192, 0.7500030377349625, 0.7500010400957946, 0.7500009922708287, 0.7500009465902574, 0.750000902957879, 0.7500008612818491],
    "cc_spin_squared": [0.7503503532423997, 0.750074195719348, 0.7500091030626647, 0.7500016503435187, 0.7500005661995991, 0.7500004119931947, 0.7500006733077411, 0.7500017517154999, 0.7500033664985342, 0.7500030636592433, 0.7500015068849499, 0.7500002776921576, 0.7500001196966891, 0.7500000422847389, 0.7500000147967705, 0.7500000055995422, 0.7500000025034246, 0.7500000024219824, 0.750000002343552, 0.7500000022680199, 0.750000002195258]
}