{
    "schema_name": "pyscf_qa_output",
    "provenance": {
        "creator": "PySCF",
        "version": "1.7.6"
    },
    "molecule": {
        "geometry": [[0.0, 0.0, 0.0]],
        "symbols": [ "Li" ]
    },
    "molecular_charge": 0,
    "molecular_multiplicity": 2,
    "name": "li.chrg0.mult2-pyscf-uccsdt.augccpvdz",
    "atomic_numbers": [ 3 ],
    "n_electrons": 3,
    "model": {
        "method": "UCCSD(T)",
        "basis": "aug-cc-pVDZ",
        "scf_conv_tol": 1e-09,
        "scf_conv_tol_grad": 1e-06,
        "cc_conv_tol": 1e-05,
        "cc_conv_tol_normt": 1e-07
    },
    "broken_symmetry": false,
    "finite_diff_delta": 0.01,
    "finite_diff_acc": 2,
    "qa_lambdas": [-2.0, -1.75, -1.5, -1.25, -1.0, -0.75, -0.5, -0.25, -0.02, -0.01, 0.0, 0.01, 0.02, 0.25, 0.5, 0.75, 1.0, 1.25, 1.5, 1.75, 2.0],
    "electronic_energies": [-0.2582442340022471, -0.5065146110765164, -0.8792825324792944, -1.4802570940864657, -2.2994583283853256, -3.360272446706535, -4.641739815018517, -6.01503590518149, -7.318418297364004, -7.3755254769650715, -7.432659357233121, -7.489819090430346, -7.547003865339664, -8.867715574033921, -10.311127550906107, -11.759203991691964, -13.210136942984494, -14.662937521596113, -16.117021852349925, -17.57202442839438, -19.027705454115978],
    "qats_energies": {
        "0": [-7.432659357233121, -7.432659357233121, -7.432659357233121, -7.432659357233121, -7.432659357233121, -7.432659357233121, -7.432659357233121, -7.432659357233121, -7.432659357233121, -7.432659357233121, -7.432659357233121, -7.432659357233121, -7.432659357233121, -7.432659357233121, -7.432659357233121, -7.432659357233121, -7.432659357233121, -7.432659357233121, -7.432659357233121, -7.432659357233121, -7.432659357233121],
        "1": [3.99670198929429, 2.568031820978363, 1.1393616526624362, -0.2893085156534889, -1.7179786839694158, -3.1466488522853426, -4.575319020601269, -6.0039891889171955, -7.318365743767847, -7.375512550500485, -7.432659357233121, -7.489806163965758, -7.5469529706983955, -8.861329525549047, -10.289999693864974, -11.7186698621809, -13.147340030496828, -14.576010198812753, -16.004680367128678, -17.433350535444607, -18.862020703760532],
        "2": [3.479643405807461, 2.17215884299626, 0.8485161994510966, -0.491284524828032, -1.847243329841123, -3.2193602155881775, -4.607635182069195, -6.012068229284177, -7.318417449626196, -7.3755254769650715, -7.432659357233121, -7.489819090430346, -7.547004676556744, -8.869408565916029, -10.322315855332901, -11.791381225483736, -13.276604676368535, -14.777986207987297, -16.29552582034002, -17.829223513426708, -19.37907928724736],
        "3": [2.373673480388457, 1.4312453968659513, 0.38193513716495353, -0.7612967136510305, -1.9854895705184985, -3.277682848373945, -4.624915962153867, -6.014228326794761, -7.318418555596121, -7.375525615211313, -7.432659357233121, -7.489818952184105, -7.547003570586819, -8.867248468405446, -10.30503507524823, -11.733058592697969, -13.13835843569116, -14.507974019164298, -15.82894475805388, -17.0883100672964, -18.273109361828357],
        "4": [-0.06104182305325345, 0.004059985839695024, -0.3884240018146503, -1.1328047860756092, -2.137659276983605, -3.3258302945601708, -4.634426568807937, -6.01482273971064, -7.318418579943274, -7.375525616733009, -7.432659357233121, -7.489818953705802, -7.5470035949339715, -8.867842881321325, -10.314545681902299, -11.781206038884193, -13.290528142156266, -14.879482091588876, -16.599303897033483, -18.51549547832266, -20.70782466527007]
    },
    "qats_poly_coeffs": [ -7.432659357233121, -5.714680673263706, -0.12926464587170727, 0.13824624067737543, -0.15216970646510694 ],
    "hf_energies": [-0.23475300378290886, -0.48175651234885364, -0.8379866135359127, -1.401617382847389, -2.244060390106586, -3.348828809337318, -4.640121069449636, -6.0145909688987045, -7.318175282088587, -7.375287240293159, -7.432425720562759, -7.489589885170363, -7.546778932181825, -8.867559086764649, -10.31101138392324, -11.759112514797163, -13.210061980670556, -14.662874276147893, -16.116967292884873, -17.571976532875297, -19.027662814911697],
    "triples_corrections": [-7.793716937786443e-05, -3.7825678311867197e-05, -3.0300281757969462e-05, -4.302499279243461e-05, -4.6507708292804454e-05, -2.064045001899905e-05, -8.107243384575718e-06, -1.4167511491127628e-06, -2.9332163672291884e-07, -2.758562452429354e-07, -2.5958963436154104e-07, -2.444307942503036e-07, -2.302961217412451e-07, -6.821739078358963e-08, -2.3863543437070994e-08, -1.0241839068502466e-08, -5.091176464793803e-09, -2.820684268539893e-09, -1.695966335261586e-09, -1.08652345631391e-09, -7.320497156497177e-10],
    "scf_converged": [true, true, true, true, true, true, true, true, true, true, true, true, true, true, true, true, true, true, true, true, true],
    "cc_converged": [true, true, true, true, true, true, true, true, true, true, true, true, true, true, true, true, true, true, true, true, true],
    "scf_spin_squared": [0.750428683908471, 0.7500146059963462, 0.7500072160775215, 0.7500118017747719, 0.7500068181914602, 0.7500011967681085, 0.7500166870497744, 0.7500061847064766, 0.7500006781876253, 0.7500006057479891, 0.7500005400903932, 0.7500004806483674, 0.7500004268978082, 0.750000008992212, 0.7500000265970083, 0.7500000521535466, 0.7500000574067778, 0.7500000531207169, 0.7500000460230355, 0.7500000388647379, 0.7500000325539797],
    "cc_spin_squared": [0.7500115618999346, 0.750000126248825, 0.7500002678315207, 0.7500001346243782, 0.7500001213505271, 0.7500000534270731, 0.7500000807995009, 0.7500000232699976, 0.7500000051131204, 0.75000000480848, 0.7500000045242644, 0.7500000042589996, 0.7500000040111151, 0.7500000011530413, 0.7500000003800151, 0.75000000015038, 0.7500000000680848, 0.7500000000340438, 0.7500000000184108, 0.7500000000106006, 0.7500000000064253]
}