{
    "schema_name": "pyscf_apdft_output",
    "provenance": {
        "creator": "PySCF",
        "version": "1.7.6"
    },
    "molecule": {
        "geometry": [[0.0, 0.0, 0.0]],
        "symbols": [ "S" ]
    },
    "molecular_charge": 0,
    "molecular_multiplicity": 3,
    "name": "s.chrg0.mult3-pyscf-uccsdt.augccpv5z",
    "atomic_numbers": [ 16 ],
    "n_electrons": 16,
    "model": {
        "method": "UCCSD(T)",
        "basis": "aug-cc-pV5Z",
        "scf_conv_tol": 1e-09,
        "scf_conv_tol_grad": 1e-06,
        "cc_conv_tol": 1e-05,
        "cc_conv_tol_normt": 1e-07
    },
    "broken_symmetry": false,
    "finite_diff_delta": 0.01,
    "finite_diff_acc": 2,
    "apdft_lambdas": [-2.0, -1.75, -1.5, -1.25, -1.0, -0.75, -0.5, -0.25, -0.02, -0.01, 0.0, 0.01, 0.02, 0.25, 0.5, 0.75, 1.0, 1.25, 1.5, 1.75, 2.0],
    "electronic_energies": [-286.180177686276, -299.34928184224884, -312.75782208418053, -326.3992795519984, -340.26659265025063, -354.35215828043425, -368.64807948065675, -383.14711215666404, -396.6600979399378, -397.251325479071, -397.8428589366628, -398.4346979688573, -399.0268422333526, -412.72963917060065, -427.8023705451484, -443.0564995252131, -458.48794898457595, -474.0930647725036, -489.86855816050064, -505.8114477118248, -521.9190043956281],
    "apdft_energies": {
        "0": [-397.84285893668886, -397.84285893668886, -397.84285893668886, -397.84285893668886, -397.84285893668886, -397.84285893668886, -397.84285893668886, -397.84285893668886, -397.84285893668886, -397.84285893668886, -397.84285893668886, -397.84285893668886, -397.84285893668886, -397.84285893668886, -397.84285893668886, -397.84285893668886, -397.84285893668886, -397.84285893668886, -397.84285893668886, -397.84285893668886, -397.84285893668886],
        "1": [-279.5056099580609, -294.2977660803894, -309.0899222027179, -323.8820783250464, -338.6742344473749, -353.4663905697034, -368.25854669203187, -383.05070281436036, -396.6594864469026, -397.2511726917957, -397.84285893668886, -398.434545181582, -399.02623142647514, -412.63501505901735, -427.42717118134584, -442.21932730367433, -457.0114834260028, -471.8036395483313, -486.5957956706598, -501.3879517929883, -516.1801079153167],
        "2": [-285.6171009693856, -298.9768763859349, -312.52763589658804, -326.2693795013451, -340.20210720020606, -354.3258189931709, -368.64051488023966, -383.1461948614123, -396.6600975960037, -397.251325479071, -397.84285893668886, -398.4346979688573, -399.02684257557627, -412.7305071060693, -427.80913936955363, -443.07875572714187, -458.539356178834, -474.19094072463, -490.03350936452995, -506.06706209853377, -522.2915989266414],
        "3": [-286.074539477199, -299.2833244487864, -312.7206177670718, -326.3810588245417, -340.25928701368275, -354.3499417269814, -368.64766235692423, -383.1470882959979, -396.6600980534422, -397.2513255362508, -397.84285893668886, -398.43469791167746, -399.0268421181378, -412.7296136714837, -427.80199189286907, -443.0546329933314, -458.4821763653573, -474.0792614014334, -489.84052749404617, -505.76061403568224, -521.8341604188281],
        "4": [-286.18856737543376, -299.3501655092507, -312.75669690674766, -326.39845810100576, -340.2664137573224, -354.3521966732111, -368.6481077784017, -383.14711613484025, -396.6600980545825, -397.2513255363221, -397.84285893668886, -398.43469791174874, -399.02684211927806, -412.7296415103261, -427.80243731434655, -443.05688793956114, -458.489303108997, -474.09666067789743, -489.876606633722, -505.82745509614654, -521.9481883170629]
    },
    "apdft_poly_coeff": [ -397.84285893668886, -59.16862448931397, -1.527872752831172, 0.057179813476674696, -0.007126743639673805 ],
    "hf_energies": [-285.81794066379405, -298.9974164112706, -312.40736276124323, -326.04988724936504, -339.92150050004113, -354.0114742970046, -368.3114231168136, -382.81412185189276, -396.3301906185568, -396.92154624660134, -397.51320731181124, -398.10517347219246, -398.6974443872715, -412.40302677792704, -427.478528759382, -442.7351958182217, -458.16899178809064, -473.7763069981486, -489.5538990277299, -505.498832613895, -521.608422659433],
    "triples_corrections": [-0.012430417421848724, -0.011781522586933546, -0.011211649306128594, -0.010558917333956154, -0.009843447173950068, -0.009213013188571543, -0.008727000084699735, -0.008336160726857016, -0.008031319571652585, -0.008018995944102993, -0.008006741810830853, -0.007994556347819634, -0.00798243874773408, -0.007720818243341948, -0.0074678591784637744, -0.007240762517219006, -0.00703434644676815, -0.006844721733943703, -0.006668928524370872, -0.006504686527742719, -0.0063502198860495174],
    "scf_converged": [true, true, true, true, true, true, true, true, true, true, true, true, true, true, true, true, true, true, true, true, true],
    "cc_converged": [true, true, true, true, true, true, true, true, true, true, true, true, true, true, true, true, true, true, true, true, true],
    "scf_spin_squared": [2.092911616857476, 2.529822502501312, 2.4480978006872247, 2.109995858491331, 2.0256887184802785, 2.0177037977381582, 2.01543716769858, 2.0142984833516557, 2.0135737443186823, 2.013546143182558, 2.0135188021079724, 2.0134917153946432, 2.013464877590077, 2.0129066529804227, 2.012401979167313, 2.0119808287329235, 2.0116298244634327, 2.011338820641096, 2.011099036135332, 2.0109027436957323, 2.0107433236887626],
    "cc_spin_squared": [2.0054795393879066, 2.031992866094637, 2.022076634590148, 2.007766989751027, 2.0027987198432404, 2.0013875853165644, 2.0008982677614227, 2.0006911850639195, 2.000587244350152, 2.000583694894845, 2.0005802057899955, 2.000576775215148, 2.000573401424293, 2.0005082994943755, 2.00045619722356, 2.000415966856895, 2.0003837383936527, 2.000357266417138, 2.0003350918367553, 2.0003162273115773, 2.000299967131051]
}