{
    "schema_name": "pyscf_qa_output",
    "provenance": {
        "creator": "PySCF",
        "version": "1.7.6"
    },
    "molecule": {
        "geometry": [[0.0, 0.0, 0.0]],
        "symbols": [ "B" ]
    },
    "molecular_charge": -1,
    "molecular_multiplicity": 3,
    "name": "b.chrg-1.mult3-pyscf-uccsdt.augccpvqz",
    "atomic_numbers": [ 5 ],
    "n_electrons": 6,
    "model": {
        "method": "UCCSD(T)",
        "basis": "aug-cc-pVQZ",
        "scf_conv_tol": 1e-09,
        "scf_conv_tol_grad": 1e-06,
        "cc_conv_tol": 1e-07,
        "cc_conv_tol_normt": 1e-05
    },
    "broken_symmetry": false,
    "finite_diff_delta": 0.01,
    "finite_diff_acc": 2,
    "qa_lambdas": [-1.0, -0.75, -0.5, -0.25, -0.02, -0.01, 0.0, 0.01, 0.02, 0.25, 0.5, 0.75, 1.0, 1.25, 1.5, 1.75, 2.0, 2.25, 2.5, 2.75, 3.0],
    "electronic_energies": [-14.498309508825301, -16.759973644504967, -19.19897177161143, -21.821140261691692, -24.40079850038787, -24.516673413647478, -24.63285893926539, -24.74935495123132, -24.866161305014597, -27.637705283240233, -30.831567011128474, -34.20926582902866, -37.765588238016655, -41.494492716086256, -45.389093160276566, -49.44186254997239, -53.64485877176322, -57.98995474728871, -62.46905067741327, -67.07423517142023, -71.79787411161729],
    "qats_energies": {
        "0": [-24.632858939265372, -24.632858939265372, -24.632858939265372, -24.632858939265372, -24.632858939265372, -24.632858939265372, -24.632858939265372, -24.632858939265372, -24.632858939265372, -24.632858939265372, -24.632858939265372, -24.632858939265372, -24.632858939265372, -24.632858939265372, -24.632858939265372, -24.632858939265372, -24.632858939265372, -24.632858939265372, -24.632858939265372, -24.632858939265372, -24.632858939265372],
        "1": [-12.998782060073193, -15.907301279871238, -18.815820499669282, -21.724339719467327, -24.40017740168153, -24.51651817047345, -24.632858939265372, -24.749199708057294, -24.865540476849215, -27.541378159063417, -30.44989737886146, -33.3584165986595, -36.266935818457554, -39.17545503825559, -42.083974258053644, -44.99249347785168, -47.90101269764973, -50.80953191744777, -53.71805113724582, -56.62657035704386, -59.53508957684191],
        "2": [-14.551213800352496, -16.780544133778346, -19.203928434739108, -21.821366703234784, -24.40079837437764, -24.516673413647478, -24.632858939265372, -24.74935495123132, -24.866161449545327, -27.638405142830873, -30.838005313931287, -34.23165945256662, -37.81936755873686, -41.60112963244201, -45.576945673682076, -49.746815682457054, -54.110739658766946, -58.66871760261175, -63.42074951399147, -68.3668353929061, -73.50697523935564],
        "3": [-14.573758880525608, -16.79005533947638, -19.206746569760746, -21.82171897011249, -24.40079855473828, -24.51667343619256, -24.632858939265372, -24.74935492868624, -24.866161269184687, -27.638052875953168, -30.83518717890965, -34.222148246868585, -37.79682247856374, -41.5570962727289, -45.500856028097814, -49.62598814340427, -53.930379017382045, -58.41191504876488, -63.068482636286575, -67.8979681786809, -72.8982580746816],
        "4": [-14.496590120254856, -16.76563866142196, -19.201923522243824, -21.82141752964268, -24.40079854239128, -24.51667343542087, -24.632858939265372, -24.749354927914553, -24.866161256837685, -27.63775143548336, -30.830364131392727, -34.19773156881416, -37.71965371829299, -41.36869597909913, -45.110189179227135, -48.90222957539618, -52.69567885305002, -56.434164126357075, -60.054077938210355, -63.48457826022748, -66.64758849275073]
    },
    "qats_poly_coeffs": [ -24.632858939265372, -11.634076879192179, -1.552431740279303, 0.02254508017311233, 0.07716876027075159 ],
    "hf_energies": [-14.411371236470433, -16.664915384075403, -19.093888700799006, -21.710187917720777, -24.289645709369452, -24.40555888552038, -24.521783560799395, -24.638319382897308, -24.755165991473433, -27.527554546767583, -30.72224954301584, -34.101018984818324, -37.6586948580197, -41.389187102495725, -45.28554122702643, -49.34015713502482, -53.545032568655685, -57.8920067032242, -62.37297616891381, -66.98005300193975, -71.70564801742636],
    "triples_corrections": [-0.0029606465131310094, -0.0037647832199015478, -0.004756457695985044, -0.004951451502222545, -0.004307722239048838, -0.004273891923543655, -0.004240273648796025, -0.004206924578695253, -0.004173897526216953, -0.003547199113672136, -0.0030906458144356135, -0.0027433769962571805, -0.0024602988357553027, -0.0022194000991741535, -0.0020057274073622677, -0.0018107231602164414, -0.0016301518732601695, -0.001461738291050622, -0.0013039460032042433, -0.0011557394672368473, -0.0010166779186016985],
    "scf_converged": [true, true, true, true, true, true, true, true, true, true, true, true, true, true, true, true, true, true, true, true, true],
    "cc_converged": [true, true, true, true, true, true, true, true, true, true, true, true, true, true, true, true, true, true, true, true, true],
    "scf_spin_squared": [2.025156659776081, 2.013581254425208, 2.009736747774954, 2.008019316333145, 2.0092778912745075, 2.009382415885772, 2.00948792339144, 2.009593986151387, 2.00970019144009, 2.011582551452588, 2.0120017506644987, 2.011465513965434, 2.0105432436869726, 2.009532866491419, 2.008568845226801, 2.0076896353869937, 2.006896390748513, 2.006183509184522, 2.0055463541379766, 2.0049798621335495, 2.004476353078614],
    "cc_spin_squared": [2.0013876666554755, 2.0013166435381913, 2.001300138184786, 2.0010947496548646, 2.0007146834814318, 2.0007000276645384, 2.0006857705118133, 2.000671918723457, 2.0006584756741983, 2.0004436160718337, 2.000319891778254, 2.000240141340311, 2.0001839801861285, 2.000143192718734, 2.000113127367715, 2.0000905632916384, 2.000073250165898, 2.000059671348464, 2.000048815512403, 2.0000400056701255, 2.000032772250302]
}