{
    "schema_name": "pyscf_qa_output",
    "provenance": {
        "creator": "PySCF",
        "version": "1.7.6"
    },
    "molecule": {
        "geometry": [[0.0, 0.0, 0.0]],
        "symbols": [ "He" ]
    },
    "molecular_charge": -1,
    "molecular_multiplicity": 2,
    "name": "he.chrg-1.mult2-pyscf-uccsdt.augccpvdz",
    "atomic_numbers": [ 2 ],
    "n_electrons": 3,
    "model": {
        "method": "UCCSD(T)",
        "basis": "aug-cc-pVDZ",
        "scf_conv_tol": 1e-09,
        "scf_conv_tol_grad": 1e-06,
        "cc_conv_tol": 1e-05,
        "cc_conv_tol_normt": 1e-07
    },
    "broken_symmetry": false,
    "finite_diff_delta": 0.01,
    "finite_diff_acc": 2,
    "qa_lambdas": [-1.0, -0.75, -0.5, -0.25, -0.02, -0.01, 0.0, 0.01, 0.02, 0.25, 0.5, 0.75, 1.0, 1.25, 1.5, 1.75, 2.0, 2.25, 2.5, 2.75, 3.0],
    "electronic_energies": [0.05560358224985573, -0.468240464034246, -1.0981920951795212, -1.8493147720146867, -2.6441762234923107, -2.6809458745614907, -2.717898090413402, -2.7550326423897733, -2.7923492924446056, -3.700148913262375, -4.789214185402104, -5.971437406373099, -7.228881134035006, -8.544837618206484, -9.907141053087727, -11.307939776249068, -12.741321755733235, -14.20114644561888, -15.680928464775807, -17.17496594293793, -18.67898806797357],
    "qats_energies": {
        "0": [-2.7178980904134016, -2.7178980904134016, -2.7178980904134016, -2.7178980904134016, -2.7178980904134016, -2.7178980904134016, -2.7178980904134016, -2.7178980904134016, -2.7178980904134016, -2.7178980904134016, -2.7178980904134016, -2.7178980904134016, -2.7178980904134016, -2.7178980904134016, -2.7178980904134016, -2.7178980904134016, -2.7178980904134016, -2.7178980904134016, -2.7178980904134016, -2.7178980904134016, -2.7178980904134016],
        "1": [0.9864403010007288, 0.060355703147196405, -0.8657288947063364, -1.791813492559869, -2.643811322585119, -2.68085470649926, -2.7178980904134016, -2.754941474327543, -2.791984858241684, -3.6439826882669344, -4.570067286120467, -5.496151883973999, -6.422236481827532, -7.348321079681064, -8.274405677534597, -9.20049027538813, -10.126574873241662, -11.052659471095195, -11.978744068948727, -12.90482866680226, -13.830913264655793],
        "2": [0.07475967869655031, -0.4524646468989042, -1.093649050282381, -1.8487935314538801, -2.6441759948340406, -2.6809458745614907, -2.7178980904134016, -2.7550326423897733, -2.792349530490606, -3.7009627271609453, -4.797987441696511, -6.008972234020099, -7.333917104131711, -8.772822052031342, -10.325687077718998, -11.992512181194675, -13.773297362458376, -15.668042621510098, -17.676747958349843, -19.79941337297761, -22.0360388653934],
        "3": [0.03586765616813281, -0.4688722189030803, -1.0985105530984332, -1.8494012193058866, -2.644176305970221, -2.680945913453513, -2.7178980904134016, -2.755032603497751, -2.7923492193544255, -3.700355039308939, -4.7931259388804595, -5.992564662015923, -7.295025081603292, -8.696861070530527, -10.194426501685589, -11.784075247956437, -13.462161182231034, -15.22503817739734, -17.06906010634332, -18.990580841956927, -20.985954257126124],
        "4": [0.07498321140741027, -0.45649581275315265, -1.0960658308959783, -1.8492484241682332, -2.644176299711732, -2.6809459130623576, -2.7178980904134016, -2.7550326031065953, -2.7923492130959366, -3.7002022441712854, -4.790681216678005, -5.980188255865995, -7.2559095263640145, -8.601364109497135, -9.996404003286747, -11.417214122450558, -12.836312298402595, -14.222549279253201, -15.541108729809041, -16.753507231573092, -17.81759428274465]
    },
    "qats_poly_coeffs": [ -2.7178980904134016, -3.7043383914141303, -0.9116806223041785, 0.03889202252841765, 0.039115555239277455 ],
    "hf_energies": [0.07433298512618047, -0.44140282977541645, -1.0629680234007912, -1.8114697331847451, -2.6077966191635955, -2.6446993091861986, -2.681789812514108, -2.7190678131196098, -2.7565329808353263, -3.668870040623982, -4.763852570217822, -5.951150885674758, -7.2122095175436804, -8.530556612542394, -9.894404080184714, -11.296199260997819, -12.73026618102744, -14.190639866751841, -15.670926142261287, -17.165447784032665, -18.66993187840781],
    "triples_corrections": [-1.2133925142835235e-05, -1.7682478488480277e-05, -4.019624492391349e-05, -5.87426644991888e-05, -5.638718662139639e-05, -5.596032704384937e-05, -5.551284634490522e-05, -5.5045546765010226e-05, -5.455924092439469e-05, -4.0001350654025685e-05, -2.380965787401607e-05, -1.3106662466570383e-05, -7.60798897884204e-06, -5.021535813459417e-06, -3.720539073228253e-06, -2.904649038840947e-06, -2.2521002269989447e-06, -1.6971126750009484e-06, -1.2571905720704517e-06, -9.329210423011293e-07, -7.018840507346228e-07],
    "scf_converged": [true, true, true, true, true, true, true, true, true, true, true, true, true, true, true, true, true, true, true, true, true],
    "cc_converged": [true, true, true, true, true, true, true, true, true, true, true, true, true, true, true, true, true, true, true, true, true],
    "scf_spin_squared": [0.7507095925653237, 0.7518482911563025, 0.7518763426157355, 0.7508648283593045, 0.7503774274892302, 0.7503640853447177, 0.7503512242525241, 0.7503388278967802, 0.7503268796155904, 0.7501452843639264, 0.7500645811528439, 0.7500328710240143, 0.7500194036455993, 0.7500125082091847, 0.7500078610641083, 0.7500041746461727, 0.7500016104193108, 0.7500003670912012, 0.7500000183829875, 0.7500000236643576, 0.7500000992264205],
    "cc_spin_squared": [0.7500013768914853, 0.7500011551215461, 0.7500006466107397, 0.7500001962840126, 0.7500000598377111, 0.7500000574184875, 0.7500000551747497, 0.7500000530958073, 0.7500000511713883, 0.7500000324148227, 0.7500000300067217, 0.750000029216054, 0.7500000302053433, 0.7500000344089756, 0.7500000417766803, 0.7500000497683019, 0.7500000537421025, 0.7500000511635299, 0.7500000439749301, 0.7500000355275245, 0.7500000278569147]
}