{
    "schema_name": "pyscf_qa_output",
    "provenance": {
        "creator": "PySCF",
        "version": "1.7.6"
    },
    "molecule": {
        "geometry": [[0.0, 0.0, 0.0]],
        "symbols": [ "Ar" ]
    },
    "molecular_charge": 1,
    "molecular_multiplicity": 4,
    "name": "ar.chrg1.mult4-pyscf-uccsdt.augccpv5z",
    "atomic_numbers": [ 18 ],
    "n_electrons": 17,
    "model": {
        "method": "UCCSD(T)",
        "basis": "aug-cc-pV5Z",
        "scf_conv_tol": 1e-09,
        "scf_conv_tol_grad": 1e-06,
        "cc_conv_tol": 1e-07,
        "cc_conv_tol_normt": 1e-05
    },
    "broken_symmetry": false,
    "finite_diff_delta": 0.01,
    "finite_diff_acc": 2,
    "qa_lambdas": [-3.0, -2.75, -2.5, -2.25, -2.0, -1.75, -1.5, -1.25, -1.0, -0.75, -0.5, -0.25, -0.02, -0.01, 0.0, 0.01, 0.02],
    "electronic_energies": [-335.05995637228295, -349.61728106736723, -364.45015795375417, -379.54872479151624, -394.91017787090453, -410.52113577981464, -426.3714638671724, -442.33687416835903, -458.7569193980366, -475.21493885265954, -491.9306044466986, -508.84808310951814, -524.6771456836733, -525.3668095052369, -526.0567835631218, -526.7470674852245, -527.4376609008494],
    "qats_energies": {
        "0": [-526.0567835629305, -526.0567835629305, -526.0567835629305, -526.0567835629305, -526.0567835629305, -526.0567835629305, -526.0567835629305, -526.0567835629305, -526.0567835629305, -526.0567835629305, -526.0567835629305, -526.0567835629305, -526.0567835629305, -526.0567835629305, -526.0567835629305, -526.0567835629305, -526.0567835629305],
        "1": [-319.0180865647877, -336.27131131463295, -353.5245360644782, -370.7777608143234, -388.03098556416865, -405.2842103140139, -422.5374350638591, -439.79065981370434, -457.04388456354957, -474.2971093133948, -491.55033406324003, -508.80355881308526, -524.6765255829429, -525.3666545729367, -526.0567835629305, -526.7469125529243, -527.4370415429181],
        "2": [-332.9619935858178, -347.9880665198041, -363.2078048290824, -378.62120851365285, -394.22827757351536, -410.02901200866995, -426.02341181911663, -442.2114770048554, -458.59320756588625, -475.1686035022092, -491.9376648138242, -508.9003915007313, -524.6771453121438, -525.3668095052369, -526.0567835629305, -526.7470674852245, -527.437661272119],
        "3": [-334.63329156582824, -349.27539152639775, -364.17499116010697, -379.32628734896974, -394.7234769749999, -410.3607569202114, -426.23232406661793, -442.33237529623347, -458.6551074910718, -475.19471753314684, -491.9454023044724, -508.9013586870623, -524.6771458073432, -525.3668095671369, -526.0567835629305, -526.7470674233246, -527.4376607769196],
        "4": [-334.7210038033014, -349.33732222030426, -364.2172906573452, -379.35404004910777, -394.7408028490687, -410.3709130294983, -426.23780608146, -442.3350190148109, -458.6561903582011, -475.1950601590745, -491.945469983668, -508.9013629170121, -524.6771458075165, -525.3668095671477, -526.0567835629305, -526.7470674233355, -527.4376607770929]
    },
    "qats_poly_coeffs": [ -526.0567835629305, -69.01289899938092, -1.5493230023366777, 0.061899925185571185, -0.0010828671292983927 ],
    "hf_energies": [-334.6433784494899, -349.20612603902987, -364.04485734178604, -379.1495044332395, -394.50554915644165, -410.12353144540657, -425.98063961482796, -441.95268030035777, -458.37842508061715, -474.85027030388324, -491.57020207837354, -508.49127135182897, -524.3152055791006, -525.0050093098184, -525.6951226403439, -526.3855451996147, -527.0762766168968],
    "triples_corrections": [-0.011283565954126256, -0.010641377009558325, -0.010105512476922532, -0.009677673996767564, -0.010697870061250217, -0.010216697631155618, -0.009804770113799648, -0.009801519418368128, -0.009146600422138891, -0.008166427056557998, -0.008042145960300399, -0.007957914030646584, -0.00958827736312787, -0.00959109926535318, -0.009593971098528279, -0.009596891778132142, -0.009599861311816555],
    "scf_converged": [true, true, true, true, true, true, true, true, true, true, true, true, true, true, true, true, true],
    "cc_converged": [true, true, true, true, true, true, true, true, true, true, true, true, true, true, true, true, true],
    "scf_spin_squared": [3.7760529915599923, 3.7699199847088964, 3.767413580840631, 3.7659208993043025, 3.7636211101259534, 3.76291274746165, 3.762316522231525, 3.7657755987409347, 3.761300565528024, 3.761459722534389, 3.7610329224131096, 3.760669670446509, 3.7646884916125067, 3.76468652798971, 3.764684588840301, 3.76468268624215, 3.7646807813783756],
    "cc_spin_squared": [3.7536483900169917, 3.7520315808755793, 3.751262039855979, 3.7509035237453503, 3.7506462279303276, 3.7505771919859567, 3.7505205149290295, 3.7507193801453482, 3.750434101047567, 3.7504104988255484, 3.7503858044079177, 3.750367110821434, 3.750655715749754, 3.750656100768735, 3.750656491065978, 3.7506568864811487, 3.75065728675042]
}