{
    "schema_name": "pyscf_apdft_output",
    "provenance": {
        "creator": "PySCF",
        "version": "1.7.6"
    },
    "molecule": {
        "geometry": [[0.0, 0.0, 0.0]],
        "symbols": [ "F" ]
    },
    "molecular_charge": -2,
    "molecular_multiplicity": 4,
    "name": "f.chrg-2.mult4-pyscf-uccsdt.augccpvqz",
    "atomic_numbers": [ 9 ],
    "n_electrons": 11,
    "model": {
        "method": "UCCSD(T)",
        "basis": "aug-cc-pVQZ",
        "scf_conv_tol": 1e-09,
        "scf_conv_tol_grad": 1e-06,
        "cc_conv_tol": 1e-07,
        "cc_conv_tol_normt": 1e-05
    },
    "broken_symmetry": false,
    "finite_diff_delta": 0.01,
    "finite_diff_acc": 2,
    "apdft_lambdas": [-0.02, -0.01, 0.0, 0.01, 0.02, 0.25, 0.5, 0.75, 1.0, 1.25, 1.5, 1.75, 2.0, 2.25, 2.5, 2.75, 3.0, 3.25, 3.5, 3.75, 4.0],
    "electronic_energies": [-98.6549083825671, -98.92405017295341, -99.19357188119554, -99.45555892057999, -99.74326356783536, -106.07762098157107, -113.19189476035405, -120.53650720821858, -128.13312744112127, -135.95083825064827, -144.0112649229349, -152.3152726110484, -160.84474935732607, -169.60685433888207, -178.58612153919952, -187.8218908834609, -197.26942991672422, -206.91833216547812, -216.82499152300116, -226.92342279235933, -237.22879606535446],
    "apdft_energies": {
        "0": [-99.19357188118171, -99.19357188118171, -99.19357188118171, -99.19357188118171, -99.19357188118171, -99.19357188118171, -99.19357188118171, -99.19357188118171, -99.19357188118171, -99.19357188118171, -99.19357188118171, -99.19357188118171, -99.19357188118171, -99.19357188118171, -99.19357188118171, -99.19357188118171, -99.19357188118171, -99.19357188118171, -99.19357188118171, -99.19357188118171, -99.19357188118171],
        "1": [-98.66206313355514, -98.92781750736842, -99.19357188118171, -99.459326254995, -99.72508062880829, -105.8374312265139, -112.48129057184607, -119.12514991717825, -125.76900926251044, -132.41286860784263, -139.0567279531748, -145.70058729850697, -152.34444664383915, -158.98830598917135, -165.63216533450353, -172.2760246798357, -178.9198840251679, -185.56374337050005, -192.20760271583225, -198.85146206116445, -205.4953214064966],
        "2": [-98.6469937958951, -98.92405017295341, -99.19357188118171, -99.45555892057999, -99.71001129114825, -103.48284721713307, -103.06295453432278, -97.93389383275085, -88.09566511241728, -73.54826837332206, -54.291703615465195, -30.325970838846686, -1.6510700434665324, 31.73299877067528, 69.8262356035787, 112.6286404552438, 160.14021332567052, 212.3609542148589, 269.29086312280896, 330.9299400495206, 397.2781849949939],
        "3": [-98.6301020025517, -98.92193869878548, -99.19357188118171, -99.45767039474791, -99.72690308449165, -136.47463109097, -366.9972255250183, -988.7120584263482, -2199.5698330379814, -4197.521252602939, -7180.517020364243, -11346.507839564916, -16893.444413447978, -24019.277445256455, -32921.95763823336, -43799.435695621716, -56849.66232066457, -72270.5882166049, -90260.16408668575, -111016.34063415015, -134737.0685622411],
        "4": [-98.65754657812444, -98.92365398475879, -99.19357188118171, -99.45938568072121, -99.7543476600644, -806.5082144100348, -11087.534558630055, -55261.43230727058, -173728.16716271857, -422968.51082701836, -875544.0410018722, -1620097.141388639, -2761351.0016883374, -4420109.6176016405, -6733257.79082888, -9853761.129070045, -13950666.046024788, -19209099.76139241, -25830270.30087187, -34031466.496161796, -44046057.98496047]
    },
    "apdft_poly_coeff": [ -99.19357188118171, -26.575437381328726, 37.67334415009316, -2111.474167925564, -171528.59732968058 ],
    "hf_energies": [-98.37560456617423, -98.64489487267302, -98.91456448056098, -99.17684677964698, -99.45828412669627, -105.79690742852361, -112.91527919462692, -120.26370039563244, -127.86384924037901, -135.68506249118127, -143.74887377418892, -152.05601789375834, -160.5886946724969, -169.35398489406592, -178.33704167802202, -187.57562727911838, -197.02671925394245, -206.68053499159976, -216.58996786014848, -226.69247119168304, -237.00200385103392],
    "triples_corrections": [-0.005981318245333445, -0.005948275701020817, -0.005915567318150065, -0.005865903354603051, -0.006751482912742351, -0.005854950435763546, -0.005126735240342475, -0.0044012612020650895, -0.004139157331440182, -0.003633807889575188, -0.0033542533731738154, -0.0033637487666183896, -0.0032442681768417624, -0.003189382249964008, -0.0026894974078958147, -0.0032571780088127937, -0.003363208719721529, -0.002513216476058437, -0.0036839576359862657, -0.0038979021126544474, -0.004155453730182002],
    "scf_converged": [true, true, true, true, true, true, true, true, true, true, true, true, true, true, true, true, true, true, true, true, true],
    "cc_converged": [true, true, true, true, true, true, true, true, true, true, true, true, true, true, true, true, true, true, true, true, true],
    "scf_spin_squared": [3.7547272547551076, 3.7546926018718763, 3.754658583249186, 3.754785176751351, 3.7535317228415312, 3.753262996504354, 3.7530101715228437, 3.752805351609303, 3.7525834233377346, 3.752399562046429, 3.7522336668403544, 3.752102902265741, 3.7519762645615726, 3.7518623152046686, 3.7517303156633943, 3.7516628276736546, 3.751573202170367, 3.751451507608337, 3.7514086923406795, 3.751333364514802, 3.7512627364439055],
    "cc_spin_squared": [3.750146513960804, 3.750144297449113, 3.750142140232988, 3.750120913192282, 3.75012937247587, 3.7500995421951684, 3.750078704093071, 3.750054979714098, 3.750055114267875, 3.7500394377387845, 3.7500346636400668, 3.7500422379748097, 3.750041894173549, 3.7500431848932188, 3.750027308989245, 3.750049508476083, 3.75005372635993, 3.7500282025013036, 3.7500627419645673, 3.7500674503081766, 3.7500724497559657]
}