{
    "schema_name": "pyscf_qa_output",
    "provenance": {
        "creator": "PySCF",
        "version": "1.7.6"
    },
    "molecule": {
        "geometry": [[0.0, 0.0, 0.0]],
        "symbols": [ "Mg" ]
    },
    "molecular_charge": 1,
    "molecular_multiplicity": 2,
    "name": "mg.chrg1.mult2-pyscf-uccsdt.augccpvtz",
    "atomic_numbers": [ 12 ],
    "n_electrons": 11,
    "model": {
        "method": "UCCSD(T)",
        "basis": "aug-cc-pVTZ",
        "scf_conv_tol": 1e-09,
        "scf_conv_tol_grad": 1e-06,
        "cc_conv_tol": 1e-07,
        "cc_conv_tol_normt": 1e-05
    },
    "broken_symmetry": false,
    "finite_diff_delta": 0.01,
    "finite_diff_acc": 2,
    "qa_lambdas": [-3.0, -2.75, -2.5, -2.25, -2.0, -1.75, -1.5, -1.25, -1.0, -0.75, -0.5, -0.25, -0.02, -0.01, 0.0, 0.01, 0.02, 0.25, 0.5, 0.75, 1.0],
    "electronic_energies": [-91.86291176515356, -99.57490109677323, -107.6049788792257, -115.89792916978445, -124.43284268226742, -133.19204347161906, -142.1611412757373, -151.32469070780957, -160.66393428759446, -170.15970209411756, -179.79256061365754, -189.54240280883286, -198.59842905802424, -198.9938046419142, -199.38930696202127, -199.78493491711328, -200.18068741310097, -209.314962648488, -219.3037069648736, -229.3428107122433, -239.42220916081894],
    "qats_energies": {
        "0": [-199.38930696202124, -199.38930696202124, -199.38930696202124, -199.38930696202124, -199.38930696202124, -199.38930696202124, -199.38930696202124, -199.38930696202124, -199.38930696202124, -199.38930696202124, -199.38930696202124, -199.38930696202124, -199.38930696202124, -199.38930696202124, -199.38930696202124, -199.38930696202124, -199.38930696202124, -199.38930696202124, -199.38930696202124, -199.38930696202124, -199.38930696202124],
        "1": [-80.71976568216132, -90.60889412214965, -100.49802256213798, -110.3871510021263, -120.27627944211463, -130.16540788210295, -140.05453632209128, -149.9436647620796, -159.83279320206793, -169.72192164205626, -179.61105008204458, -189.5001785220329, -198.59817668682217, -198.9937418244217, -199.38930696202124, -199.78487209962077, -200.1804372372203, -209.27843540200956, -219.1675638419979, -229.05669228198622, -238.94582072197454],
        "2": [-86.37334000765395, -95.3594669928761, -104.42411584373008, -113.5672865602159, -122.78897914233357, -132.08919359008308, -141.46792990346444, -150.92518808247763, -160.46096812712267, -170.07527003739955, -179.76809381330827, -189.53943945484883, -198.5984279567922, -198.9938046419142, -199.38930696202124, -199.78493491711328, -200.18068850719033, -209.31769633482548, -219.32460757326157, -229.4100406773295, -239.57399564702928],
        "3": [-91.31281315815431, -99.16411905498026, -107.28260725026965, -115.65112679558325, -124.25252674248183, -133.06965614252616, -142.08536404727698, -151.28249950829507, -160.6439115771412, -170.1524493053761, -179.79096174456058, -189.54229794625536, -198.59842942033978, -198.99380482485765, -199.38930696202124, -199.78493473416984, -200.18068704364273, -209.31483784341896, -219.30173964200927, -229.33286140935294, -239.39105219701074],
        "4": [-93.72348002428043, -100.86621075959793, -108.4451587867888, -116.41387685869347, -124.72870785184007, -133.3487847664444, -142.23603072640987, -151.3551589793275, -160.6736728964761, -170.16186597282191, -179.79282182701903, -189.54241420140903, -198.5984294251016, -198.99380482515528, -199.38930696202124, -199.78493473446744, -200.18068704840454, -209.3149540985726, -219.3035997244677, -229.34227807679875, -239.42081351634565]
    },
    "qats_poly_coeffs": [ -199.38930696202124, -39.556513759953305, -0.6281749250547364, 0.18294345001853188, -0.029761319334890384 ],
    "hf_energies": [-91.59865250442404, -99.32079546699029, -107.36542630746176, -115.67738700946403, -124.23580102715817, -133.02191711542162, -142.0196636158276, -151.2123493739387, -160.57928548341937, -170.09900025906163, -179.75073544575943, -189.51429130721334, -198.5790509426586, -198.97473591963984, -199.37054240437396, -199.76646937036074, -200.16251579789008, -209.30231334160607, -219.29498733140593, -229.33661811971083, -239.4176637034966],
    "triples_corrections": [-0.0055986110182929955, -0.004958005700152868, -0.004849868873065979, -0.005272766834328026, -0.005909204131379453, -0.006363263873910346, -0.006275104357278592, -0.005468002374021827, -0.004161698966422927, -0.002778010729405445, -0.0016494101251769578, -0.0008931890295392858, -0.0004816368446704572, -0.0004685330927982713, -0.0004557660443071465, -0.0004433285079283607, -0.0004312133659172503, -0.0002264923836351359, -0.00011262447862430207, -5.708903304637218e-05, -2.9823630039514072e-05],
    "scf_converged": [true, true, true, true, true, true, true, true, true, true, true, true, true, true, true, true, true, true, true, true, true],
    "cc_converged": [true, true, true, true, true, true, true, true, true, true, true, true, true, true, true, true, true, true, true, true, true],
    "scf_spin_squared": [0.7500014968335718, 0.750026752457333, 0.7500143254569602, 0.7500101437330322, 0.750010805879965, 0.7500202907086706, 0.7500497374367683, 0.7500873326899491, 0.7501056830045458, 0.7501044378906805, 0.7500920025595041, 0.7500759079389967, 0.7500621782227519, 0.7500616383434267, 0.7500611038963054, 0.7500605749243512, 0.7500600514655424, 0.7500495580073139, 0.7500412833570174, 0.7500355566724553, 0.750031602402176],
    "cc_spin_squared": [0.7500000961542326, 0.7500075620881801, 0.7500032172243585, 0.7500019853214135, 0.7500018414726695, 0.75000275997649, 0.7500048850172658, 0.7500061309974337, 0.7500055362698754, 0.7500041635012082, 0.7500028010848045, 0.7500017587891548, 0.750001111381644, 0.750001089071954, 0.7500010671945265, 0.750001045742581, 0.7500010247094164, 0.7500006414811549, 0.7500003873333623, 0.7500002361981646, 0.7500001457241674]
}