{
    "schema_name": "pyscf_apdft_output",
    "provenance": {
        "creator": "PySCF",
        "version": "1.7.6"
    },
    "molecule": {
        "geometry": [[0.0, 0.0, 0.0]],
        "symbols": [ "He" ]
    },
    "molecular_charge": -1,
    "molecular_multiplicity": 2,
    "name": "he.chrg-1.mult2-pyscf-uccsdt.augccpv5z",
    "atomic_numbers": [ 2 ],
    "n_electrons": 3,
    "model": {
        "method": "UCCSD(T)",
        "basis": "aug-cc-pV5Z",
        "scf_conv_tol": 1e-09,
        "scf_conv_tol_grad": 1e-06,
        "cc_conv_tol": 1e-05,
        "cc_conv_tol_normt": 1e-07
    },
    "broken_symmetry": false,
    "finite_diff_delta": 0.01,
    "finite_diff_acc": 2,
    "apdft_lambdas": [-1.0, -0.75, -0.5, -0.25, -0.02, -0.01, 0.0, 0.01, 0.02, 0.25, 0.5, 0.75, 1.0, 1.25, 1.5, 1.75, 2.0, 2.25, 2.5, 2.75, 3.0],
    "electronic_energies": [-0.17450873723869262, -0.6505335084051432, -1.248162167942868, -1.9689354642888415, -2.74145337623166, -2.777447212800396, -2.813642690746852, -2.850039937652561, -2.8866390800762693, -3.7844245424558283, -4.8832542988637195, -6.112394472710995, -7.474764261090081, -8.97368219139288, -10.611688240471546, -12.389377256297003, -14.305729845327383, -16.359208643271597, -18.54823238582971, -20.871042284545045, -23.325452193374876],
    "apdft_energies": {
        "0": [-2.8136426907468537, -2.8136426907468537, -2.8136426907468537, -2.8136426907468537, -2.8136426907468537, -2.8136426907468537, -2.8136426907468537, -2.8136426907468537, -2.8136426907468537, -2.8136426907468537, -2.8136426907468537, -2.8136426907468537, -2.8136426907468537, -2.8136426907468537, -2.8136426907468537, -2.8136426907468537, -2.8136426907468537, -2.8136426907468537, -2.8136426907468537, -2.8136426907468537, -2.8136426907468537],
        "1": [0.8159935518614048, -0.09141550879065985, -0.9988245694427245, -1.906233630094789, -2.7410499658946885, -2.777346328320771, -2.8136426907468537, -2.8499390531729363, -2.886235415599019, -3.7210517513989183, -4.628460812050983, -5.5358698727030475, -6.443278933355112, -7.350687994007176, -8.258097054659242, -9.165506115311306, -10.07291517596337, -10.980324236615434, -11.887733297267499, -12.795142357919564, -13.702551418571629],
        "2": [-0.19285124438722656, -0.658890706680515, -1.2510357685048823, -1.9692864298603285, -2.741453503813188, -2.777447212800396, -2.8136426907468537, -2.850039937652561, -2.8866389535175183, -3.7841045511644578, -4.880672011113141, -6.103345070592903, -7.452123729603743, -8.927007988145663, -10.527997846218662, -12.25509330382274, -14.108294360957895, -16.08760101762413, -18.193013273821446, -20.424531129549838, -22.782154584809312],
        "3": [-0.17167288780027068, -0.6499560874953931, -1.2483884739315128, -1.9689555180386573, -2.7414533343863354, -2.7774471916220396, -2.8136426907468537, -2.8500399588309175, -2.886639122944371, -3.7844354629861288, -4.88331930568651, -6.112279689778025, -7.473302086190699, -8.968371965854562, -10.599474799699637, -12.368596058655955, -14.277721213653543, -16.328835735622427, -18.52392509549263, -20.864974764194184, -23.353970212657117],
        "4": [-0.16741130782247726, -0.6486076969555445, -1.2481221251829007, -1.968938871241869, -2.7414533337044826, -2.7774471915794234, -2.8136426907468537, -2.850039958788302, -2.886639122262518, -3.7844188161893406, -4.883052956937898, -6.110931299238176, -7.469040506212906, -8.957967717861901, -10.577900551062058, -12.328627099567353, -14.209535934008848, -16.21961610189468, -18.357457127610072, -20.621249012417337, -23.00878223445585]
    },
    "apdft_poly_coeff": [ -2.8136426907468537, -3.6296362426082585, -1.0088447962486313, -0.02117835658695573, 0.004261579977793417 ],
    "hf_energies": [-0.1488222786708946, -0.6114076701321761, -1.2051265505692998, -1.925490696498109, -2.697928917727171, -2.733920151224831, -2.770113033958401, -2.80650768951, -2.8431042407699674, -3.740825206681797, -4.839565153574984, -6.0685863210944735, -7.4308065180823295, -8.929577635766073, -10.56751970681579, -12.345305997807957, -14.261950424741675, -16.315922766022407, -18.505648462176417, -20.829376739860756, -23.284922153691607],
    "triples_corrections": [-0.00015851946485630826, -0.0001972879662740158, -0.0001861125118250112, -0.00013319926882236817, -9.476533792099734e-05, -9.341660218247142e-05, -9.209318556453313e-05, -9.079477531483309e-05, -8.952107268225263e-05, -6.628361640893251e-05, -5.119126504865981e-05, -4.313092604562338e-05, -3.9579349493559766e-05, -3.835051752060246e-05, -3.748034753045816e-05, -3.595868928181097e-05, -3.3844228908017334e-05, -3.152094374577761e-05, -2.922839973562239e-05, -2.703641869405965e-05, -2.493691305218033e-05],
    "scf_converged": [true, true, true, true, true, true, true, true, true, true, true, true, true, true, true, true, true, true, true, true, true],
    "cc_converged": [true, true, true, true, true, true, true, true, true, true, true, true, true, true, true, true, true, true, true, true, true],
    "scf_spin_squared": [0.7587057384043887, 0.7608915331183852, 0.7521530379486746, 0.7504019788444907, 0.7501150130326257, 0.7501097168032573, 0.7501047303155437, 0.7501000329935189, 0.7500956070974264, 0.7500401723026486, 0.7500224781441577, 0.7500173545607753, 0.7500168884129331, 0.7500183821084465, 0.7500200342869384, 0.7500207963035531, 0.7500206741850015, 0.7500200745276973, 0.750019280876042, 0.7500184134889066, 0.7500175195532485],
    "cc_spin_squared": [0.7500043720143557, 0.7500054616942905, 0.7500023264071727, 0.7500010989545534, 0.7500005938989304, 0.750000578703387, 0.7500005639452114, 0.7500005496124802, 0.750000535693808, 0.7500003070426118, 0.7500001857258632, 0.7500001289942466, 0.7500001035367946, 0.7500000927130022, 0.7500000862711387, 0.7500000787467836, 0.7500000695026446, 0.7500000599347988, 0.7500000511762982, 0.7500000436518799, 0.7500000373519888]
}