{
    "schema_name": "pyscf_qa_output",
    "provenance": {
        "creator": "PySCF",
        "version": "1.7.6"
    },
    "molecule": {
        "geometry": [[0.0, 0.0, 0.0]],
        "symbols": [ "F" ]
    },
    "molecular_charge": 0,
    "molecular_multiplicity": 2,
    "name": "f.chrg0.mult2-pyscf-uccsdt.augccpvtz",
    "atomic_numbers": [ 9 ],
    "n_electrons": 9,
    "model": {
        "method": "UCCSD(T)",
        "basis": "aug-cc-pVTZ",
        "scf_conv_tol": 1e-09,
        "scf_conv_tol_grad": 1e-06,
        "cc_conv_tol": 1e-05,
        "cc_conv_tol_normt": 1e-07
    },
    "broken_symmetry": false,
    "finite_diff_delta": 0.01,
    "finite_diff_acc": 2,
    "qa_lambdas": [-2.0, -1.75, -1.5, -1.25, -1.0, -0.75, -0.5, -0.25, -0.02, -0.01, 0.0, 0.01, 0.02, 0.25, 0.5, 0.75, 1.0, 1.25, 1.5, 1.75, 2.0],
    "electronic_energies": [-53.6341384873884, -58.56922155145114, -63.745266790569076, -69.16019381484081, -74.81091101696013, -80.69261686883011, -86.79765626013851, -93.11667377051229, -99.11090071068553, -99.375331873911, -99.6400759710175, -99.90513243811652, -100.17050071279462, -106.3587570358432, -113.2641637939885, -120.34815733705425, -127.60289454548601, -135.02076786460515, -142.5943801765424, -150.3165259201527, -158.18016288422652],
    "qats_energies": {
        "0": [-99.64007597101755, -99.64007597101755, -99.64007597101755, -99.64007597101755, -99.64007597101755, -99.64007597101755, -99.64007597101755, -99.64007597101755, -99.64007597101755, -99.64007597101755, -99.64007597101755, -99.64007597101755, -99.64007597101755, -99.64007597101755, -99.64007597101755, -99.64007597101755, -99.64007597101755, -99.64007597101755, -99.64007597101755, -99.64007597101755, -99.64007597101755],
        "1": [-46.66001955046454, -53.282526603033666, -59.90503365560279, -66.52754070817193, -73.15004776074105, -79.77255481331017, -86.3950618658793, -93.01756891844843, -99.11027540681202, -99.3751756889148, -99.64007597101755, -99.90497625312031, -100.16987653522308, -106.26258302358667, -112.8850900761558, -119.50759712872494, -126.13010418129406, -132.75261123386318, -139.37511828643233, -145.99762533900144, -152.62013239157056],
        "2": [-52.90741939875602, -58.06569211188183, -63.41919607026675, -68.96793127391078, -74.71189772281392, -80.65109541697616, -86.78552435639752, -93.11518454107798, -99.11090014679685, -99.375331873911, -99.64007597101755, -99.90513243811652, -100.17050127520791, -106.36019864621623, -113.27555256667402, -120.38613773239092, -127.69195414336693, -135.19300179960203, -142.88928070109625, -150.7807908478496, -158.86753223986204],
        "3": [-53.65828737692065, -58.56871499569134, -63.73596849855495, -69.15124865139238, -74.80575622008449, -80.69069197051219, -86.79725666855634, -93.11665108009784, -99.11090089766483, -99.3753319677695, -99.64007597101755, -99.90513234425802, -100.17050052433993, -106.35873210719637, -113.2638202545152, -120.34654117885489, -127.59809564609635, -135.00968442212044, -142.57250827280808, -150.2777679640401, -158.11666426169742],
        "4": [-53.756646386746446, -58.62637124144128, -63.76708990400765, -69.16625704522566, -74.8119036581986, -80.69263705835297, -86.79764088343848, -93.11667509352796, -99.11090089864842, -99.37533196783096, -99.64007597101755, -99.9051323443195, -100.17050052532352, -106.35875612062651, -113.26420446939733, -120.34848626669569, -127.60424308421047, -135.02469281595373, -142.60362967826075, -150.33542420979003, -158.21502327152322]
    },
    "qats_poly_coeffs": [ -99.64007597101755, -26.490028210276506, -1.5618499620728699, 0.09385849727057877, -0.006147438114112447 ],
    "hf_energies": [-53.37461957401317, -58.30415553900622, -63.47767074425586, -68.89616308222055, -74.55377859853164, -80.44263686940317, -86.55396741793848, -92.8784490593318, -98.87730913538734, -99.14193785702186, -99.40687935285305, -99.67213307629764, -99.93769848190338, -106.13048851468602, -113.04093782279854, -120.1302240851494, -127.39060267862082, -134.8145444827707, -142.3947091446293, -150.12391675575253, -157.99510928685203],
    "triples_corrections": [-0.011179665466540674, -0.011222585584445098, -0.011394605058986419, -0.010587743934079434, -0.008906678517429998, -0.007288624409491767, -0.006064377634644004, -0.0051692065253153155, -0.004516750140606474, -0.004490826310962226, -0.004465069644352129, -0.00443947673192216, -0.004414044297088188, -0.003867575100662313, -0.003342973037025114, -0.0028829040686153425, -0.0024868471135538043, -0.002153444049080808, -0.0018777407853748124, -0.0016515371456957844, -0.0014649007837343481],
    "scf_converged": [true, true, true, true, true, true, true, true, true, true, true, true, true, true, true, true, true, true, true, true, true],
    "cc_converged": [true, true, true, true, true, true, true, true, true, true, true, true, true, true, true, true, true, true, true, true, true],
    "scf_spin_squared": [1.3881362816351168, 1.2057886397077677, 0.9373613104352909, 0.7981962574644181, 0.7674141717031988, 0.7591991744678643, 0.7562306985975473, 0.7548812483991831, 0.7541817827735606, 0.7541577569932882, 0.7541341310915621, 0.7541108928895883, 0.7540880306553808, 0.7536444379674476, 0.7532801108889622, 0.7529862357405612, 0.7527381003906699, 0.7525233442570585, 0.7523347730694514, 0.7521674398723666, 0.7520174964444162],
    "cc_spin_squared": [0.7589921567508495, 0.7582441040995778, 0.7546994338679647, 0.7521713709295668, 0.7510285347245014, 0.7504893059007469, 0.7502486978596934, 0.7501436423976562, 0.7500975990336403, 0.75009618625695, 0.7500948094408622, 0.7500934673708921, 0.7500921588774048, 0.7500691871513776, 0.7500537652541652, 0.7500432977003297, 0.7500355836379131, 0.7500295725313677, 0.7500247279726042, 0.7500207513523378, 0.7500174424111199]
}