{
    "schema_name": "pyscf_apdft_output",
    "provenance": {
        "creator": "PySCF",
        "version": "1.7.6"
    },
    "molecule": {
        "geometry": [[0.0, 0.0, 0.0]],
        "symbols": [ "O" ]
    },
    "molecular_charge": 0,
    "molecular_multiplicity": 3,
    "name": "o.chrg0.mult3-pyscf-uccsdt.augccpv5z",
    "atomic_numbers": [ 8 ],
    "n_electrons": 8,
    "model": {
        "method": "UCCSD(T)",
        "basis": "aug-cc-pV5Z",
        "scf_conv_tol": 1e-09,
        "scf_conv_tol_grad": 1e-06,
        "cc_conv_tol": 1e-05,
        "cc_conv_tol_normt": 1e-07
    },
    "broken_symmetry": false,
    "finite_diff_delta": 0.01,
    "finite_diff_acc": 2,
    "apdft_lambdas": [-2.0, -1.75, -1.5, -1.25, -1.0, -0.75, -0.5, -0.25, -0.02, -0.01, 0.0, 0.01, 0.02, 0.25, 0.5, 0.75, 1.0, 1.25, 1.5, 1.75, 2.0],
    "electronic_energies": [-37.640511860160274, -41.54585732732688, -45.66474245418772, -50.00024225715124, -54.559746109512936, -59.34428768885483, -64.35291430408168, -69.58428573964093, -74.5928005681465, -74.81480354955343, -75.03715953573212, -75.25986847393311, -75.48293031149483, -80.71063166581716, -86.60386015183974, -92.7159233630759, -99.04574540130004, -105.59204103358297, -112.35327051252975, -119.32760753956063, -126.51292106317396],
    "apdft_energies": {
        "0": [-75.03715953573213, -75.03715953573213, -75.03715953573213, -75.03715953573213, -75.03715953573213, -75.03715953573213, -75.03715953573213, -75.03715953573213, -75.03715953573213, -75.03715953573213, -75.03715953573213, -75.03715953573213, -75.03715953573213, -75.03715953573213, -75.03715953573213, -75.03715953573213, -75.03715953573213, -75.03715953573213, -75.03715953573213, -75.03715953573213, -75.03715953573213],
        "1": [-30.530667097764237, -36.09397865251022, -41.65729020725621, -47.2206017620022, -52.78391331674818, -58.34722487149417, -63.91053642624016, -69.47384798098614, -74.59209461135245, -74.81462707354228, -75.03715953573213, -75.25969199792198, -75.48222446011181, -80.60047109047812, -86.1637826452241, -91.72709419997008, -97.29040575471608, -102.85371730946207, -108.41702886420805, -113.98034041895403, -119.54365197370002],
        "2": [-37.5897075434181, -41.49855649371396, -45.62800045793651, -49.97803943608574, -54.54867342816165, -59.339902434164244, -64.35172645409352, -69.58414548794948, -74.59280051539702, -74.81480354955343, -75.03715953573213, -75.25986847393311, -75.48293036415637, -80.71076859744146, -86.60497267307747, -92.71977176264016, -99.05516586612954, -105.6111549835456, -112.38773911488835, -119.38491826015778, -126.60269241935389],
        "3": [-37.65998156527902, -41.54563459820282, -45.657647310909084, -49.99519617970412, -54.55745768089426, -59.34360829078582, -64.3528244856851, -69.58428274189843, -74.59280058567104, -74.81480355833769, -75.03715953573213, -75.25986846514886, -75.48293029388235, -80.71063134349251, -86.60387464148589, -92.7160659060186, -99.04638161339693, -105.59399823992722, -112.35809226191577, -119.33784015566891, -126.53241839749296],
        "4": [-37.66584591132483, -41.54907217018915, -45.65950282665014, -49.99609100789715, -54.55782420252213, -59.343724260519636, -64.35284739328684, -69.58428417362354, -74.59280058572968, -74.81480355834135, -75.03715953573213, -75.25986846515252, -75.482930293941, -80.71063277521762, -86.60389754908763, -92.71618187575241, -99.04674813502479, -105.59489306812024, -112.35994777765683, -119.34127772765524, -126.53828274353877]
    },
    "apdft_poly_coeff": [ -75.03715953573213, -22.253246218983946, -1.764760111413466, 0.008784252732615034, -0.00036652162786291836 ],
    "hf_energies": [-37.4163482508284, -41.313855877692944, -45.42791267545047, -49.7580896404597, -54.33914463285018, -59.121247609147446, -64.13160410869, -69.36454789112369, -74.37436914193961, -74.59642726260797, -74.81883829954181, -75.04160220535965, -75.26471893268192, -80.49367227304015, -86.3882783130459, -92.50178389464246, -98.8331472178358, -105.38110559240704, -112.1441339559448, -119.12041571260593, -126.30782645145428],
    "triples_corrections": [-0.012304923966317667, -0.01213906607275572, -0.011874553222989704, -0.01075502138265769, -0.007332436761302109, -0.006585037098714168, -0.005599144248372908, -0.00486521295501879, -0.004339459587952637, -0.004319023533927398, -0.004298764092135892, -0.004278678671455892, -0.004258764737009424, -0.003842956030635227, -0.003465342239801623, -0.003145299095582682, -0.002869015312008436, -0.0026270587127859434, -0.0024127941132940137, -0.002221345111501255, -0.0020489690838510956],
    "scf_converged": [true, true, true, false, true, true, true, true, true, true, true, true, true, true, true, true, true, true, true, true, true],
    "cc_converged": [true, true, true, true, true, true, true, true, true, true, true, true, true, true, true, true, true, true, true, true, true],
    "scf_spin_squared": [2.1170693435677816, 2.0825295326367312, 2.1106014714310177, 2.462693218971409, 2.3944420942703095, 2.041205627541469, 2.0178097560392136, 2.011981148774954, 2.0095341789171703, 2.0094548293955548, 2.0093770733533063, 2.0093008558162975, 2.009226124398956, 2.0078261096556913, 2.006755017644679, 2.0059525272413854, 2.0053201460229992, 2.004804272612197, 2.004372810623338, 2.0040052866153495, 2.003687995463375],
    "cc_spin_squared": [2.0148360786986297, 2.0303888763738667, 2.028196804752074, 2.0049626520725887, 2.0117494976750763, 2.0025124026612033, 2.0008361672379, 2.00039692790362, 2.0002473531584, 2.000243071110476, 2.00023886237536, 2.000234825592071, 2.000230902425594, 2.000163898608799, 2.0001209503539283, 2.0000934658970912, 2.0000745428788234, 2.0000608466095233, 2.0000505446665042, 2.000042578020362, 2.0000362635739797]
}