{
    "schema_name": "pyscf_qa_output",
    "provenance": {
        "creator": "PySCF",
        "version": "1.7.6"
    },
    "molecule": {
        "geometry": [[0.0, 0.0, 0.0]],
        "symbols": [ "Mg" ]
    },
    "molecular_charge": -2,
    "molecular_multiplicity": 3,
    "name": "mg.chrg-2.mult3-pyscf-uccsdt.augccpvtz",
    "atomic_numbers": [ 12 ],
    "n_electrons": 14,
    "model": {
        "method": "UCCSD(T)",
        "basis": "aug-cc-pVTZ",
        "scf_conv_tol": 1e-09,
        "scf_conv_tol_grad": 1e-06,
        "cc_conv_tol": 1e-07,
        "cc_conv_tol_normt": 1e-05
    },
    "broken_symmetry": false,
    "finite_diff_delta": 0.01,
    "finite_diff_acc": 2,
    "qa_lambdas": [-0.02, -0.01, 0.0, 0.01, 0.02, 0.25, 0.5, 0.75, 1.0, 1.25, 1.5, 1.75, 2.0, 2.25, 2.5, 2.75, 3.0, 3.25, 3.5, 3.75, 4.0],
    "electronic_energies": [-198.77875367661346, -199.17930389381422, -199.58001016597697, -199.98087202984635, -200.38188905969307, -209.64746892463165, -219.80497006068376, -230.04047297997772, -240.34943401946177, -250.72158473816717, -261.14453098137056, -271.61014041728623, -282.11190110403345, -292.64426525694057, -303.2024836892714, -313.7824774758479, -324.38074263766975, -334.9942862928055, -345.6205768860539, -356.25749561679913, -366.90328523005974],
    "qats_energies": {
        "0": [-199.58001016597703, -199.58001016597703, -199.58001016597703, -199.58001016597703, -199.58001016597703, -199.58001016597703, -199.58001016597703, -199.58001016597703, -199.58001016597703, -199.58001016597703, -199.58001016597703, -199.58001016597703, -199.58001016597703, -199.58001016597703, -199.58001016597703, -199.58001016597703, -199.58001016597703, -199.58001016597703, -199.58001016597703, -199.58001016597703, -199.58001016597703],
        "1": [-198.7784420299449, -199.17922609796096, -199.58001016597703, -199.9807942339931, -200.38157830200916, -209.59961186637867, -219.6192135667803, -229.63881526718194, -239.65841696758358, -249.6780186679852, -259.6976203683869, -269.7172220687885, -279.7368237691901, -289.75642546959176, -299.7760271699934, -309.79562887039503, -319.81523057079664, -329.8348322711983, -339.8544339716, -349.8740356720016, -359.8936373724032],
        "2": [-198.77875321335793, -199.17930389381422, -199.58001016597703, -199.98087202984635, -200.3818894854222, -209.64823427466496, -219.81370319992547, -230.07641694175857, -240.43637550016425, -250.8935788751425, -261.4480270666934, -272.0997200748168, -282.8486578995128, -293.6948405407814, -304.6382679986226, -315.67894027303635, -326.81685736402267, -338.0520192715816, -349.3844259957132, -360.81407753641724, -372.3409738936939],
        "3": [-198.77875380601438, -199.1793039678963, -199.58001016597703, -199.9808719557643, -200.38188889276574, -209.64707674255774, -219.80444294306784, -230.0451635748641, -240.3622934453033, -250.7488873617422, -261.1980001315376, -271.7026865620463, -282.2560014606251, -292.85099963463074, -303.48073589142007, -314.1382650383498, -324.8166418827767, -335.5089212320577, -346.20815789354947, -356.90740667460875, -367.5997223825924],
        "4": [-198.77875383103196, -199.17930396945988, -199.58001016597703, -199.9808719573279, -200.38188891778333, -209.6476875234281, -219.81421543699304, -230.0946368253604, -240.51865334810645, -251.13062540569524, -261.9895721394786, -273.16917143169627, -284.75775990547567, -296.8583329248321, -309.5885445946685, -323.08070776077585, -337.4817940098327, -352.9534336694056, -369.6719158079487, -387.828188234804, -407.62785750020146]
    },
    "qats_poly_coeffs": [ -199.58001016597703, -40.07840680160655, -0.7779585325806693, 0.07408205486096145, -0.15635990280316037 ],
    "hf_energies": [-198.71981802952428, -199.1204853920444, -199.52129729561022, -199.92225295374786, -200.32335160376044, -209.5867416830705, -219.73609299582546, -229.96820322605043, -240.2767855883453, -250.6481854487261, -261.0706339789375, -271.53616717495413, -282.0383362549837, -292.5715968428168, -303.1311461425427, -313.7128172892077, -324.31300706637103, -334.92862805167357, -345.55706790253487, -356.1961444133194, -366.84405420193127],
    "triples_corrections": [-0.0017832712424194457, -0.0017858962182136918, -0.0017902735353091518, -0.0017964871144222198, -0.0018046255028072097, -0.0027037080802318385, -0.003978848180979407, -0.003737169864562344, -0.003165785842543095, -0.0028843922610562725, -0.0026616367778503746, -0.002464048505199939, -0.0022833898099633436, -0.0021131411347162263, -0.0019504714691316871, -0.0017952608626180888, -0.0016485003632846162, -0.0015113078007474698, -0.0013844746628204408, -0.001268325708846985, -0.0011627471437829614],
    "scf_converged": [true, true, true, true, true, true, true, true, true, true, true, true, true, true, true, true, true, true, true, true, true],
    "cc_converged": [true, true, true, true, true, true, true, true, true, true, true, true, true, true, true, true, true, true, true, true, true],
    "scf_spin_squared": [2.003306195677488, 2.0032602483911077, 2.0032208892396364, 2.003187899921908, 2.003161095563555, 2.004182292134897, 2.0092977127571956, 2.0154815642273824, 2.0174721193158938, 2.0169936037026908, 2.0164203495679676, 2.0158135964104513, 2.015088502587691, 2.014277381286637, 2.013432452284073, 2.0125886827667188, 2.0117650881024716, 2.0109720297181477, 2.010215932694729, 2.009501213972257, 2.0088307651029087],
    "cc_spin_squared": [2.0001831707495934, 2.0001846848940397, 2.000186564068469, 2.0001888218395503, 2.000191474160521, 2.0004492229810795, 2.00136022070744, 2.001417595512415, 2.001034147563917, 2.000850318241634, 2.000729078316621, 2.000642210203651, 2.0005738128073878, 2.000515655787709, 2.0004640113603296, 2.0004171912701536, 2.000374486442299, 2.0003356123581097, 2.0003004407445797, 2.000268850791112, 2.0002406675485704]
}