{
    "schema_name": "pyscf_apdft_output",
    "provenance": {
        "creator": "PySCF",
        "version": "1.7.6"
    },
    "molecule": {
        "geometry": [[0.0, 0.0, 0.0]],
        "symbols": [ "B" ]
    },
    "molecular_charge": -1,
    "molecular_multiplicity": 3,
    "name": "b.chrg-1.mult3-pyscf-uccsdt.augccpv5z",
    "atomic_numbers": [ 5 ],
    "n_electrons": 6,
    "model": {
        "method": "UCCSD(T)",
        "basis": "aug-cc-pV5Z",
        "scf_conv_tol": 1e-09,
        "scf_conv_tol_grad": 1e-06,
        "cc_conv_tol": 1e-07,
        "cc_conv_tol_normt": 1e-05
    },
    "broken_symmetry": false,
    "finite_diff_delta": 0.01,
    "finite_diff_acc": 2,
    "apdft_lambdas": [-1.0, -0.75, -0.5, -0.25, -0.02, -0.01, 0.0, 0.01, 0.02, 0.25, 0.5, 0.75, 1.0, 1.25, 1.5, 1.75, 2.0, 2.25, 2.5, 2.75, 3.0],
    "electronic_energies": [-14.520705443299226, -16.775706474084682, -19.210272907342, -21.828941401919963, -24.40719823446189, -24.523070908848585, -24.63925817507798, -24.755759726785367, -24.87257522956689, -27.645083289427753, -30.841940467829637, -34.22645283647871, -37.795915276491236, -41.54731726258768, -45.47709279674819, -49.58103826415586, -53.854313096059066, -58.291496139937024, -62.886668844350666, -67.63351492547093, -72.52541951702989],
    "apdft_energies": {
        "0": [-24.63925817507786, -24.63925817507786, -24.63925817507786, -24.63925817507786, -24.63925817507786, -24.63925817507786, -24.63925817507786, -24.63925817507786, -24.63925817507786, -24.63925817507786, -24.63925817507786, -24.63925817507786, -24.63925817507786, -24.63925817507786, -24.63925817507786, -24.63925817507786, -24.63925817507786, -24.63925817507786, -24.63925817507786, -24.63925817507786, -24.63925817507786],
        "1": [-13.004817278238722, -15.913427502448506, -18.82203772665829, -21.730647950868075, -24.406569357141077, -24.52291376610947, -24.63925817507786, -24.75560258404625, -24.871946993014642, -27.547868399287644, -30.45647862349743, -33.36508884770721, -36.273699071916994, -39.18230929612678, -42.09091952033657, -44.99952974454635, -47.90813996875613, -50.81675019296592, -53.72536041717571, -56.63397064138549, -59.54258086559527],
        "2": [-14.576244669401394, -16.79735540997751, -19.21489457444896, -21.828862162815742, -24.407197928097542, -24.523070908848585, -24.63925817507786, -24.755759726785367, -24.872575563971107, -27.64608261123531, -30.849335471288096, -34.24901675523621, -37.845126463079666, -41.63766459481846, -45.62663115045258, -49.81202612998203, -54.19384953340682, -58.77210136072695, -63.54678161194241, -68.51789028705319, -73.68542738605932],
        "3": [-14.629642049844618, -16.819882429851994, -19.22156924700436, -21.829696496885166, -24.407198355276584, -24.523070962245963, -24.63925817507786, -24.75575967338799, -24.872575136792065, -27.645248277165887, -30.842660798732695, -34.22648973536173, -37.791729082636444, -41.53337283614029, -45.44641499145669, -49.52584954416912, -53.76667048986103, -58.163871824115844, -62.712447542517026, -67.40739164064802, -72.24369811409225],
        "4": [-14.51280926935745, -16.782915807900977, -19.214267198223915, -21.82924011883639, -24.407198336583342, -24.523070961077636, -24.63925817507786, -24.75575967221966, -24.87257511809882, -27.64479189911711, -30.835358749952245, -34.189523113410715, -37.67489630214928, -41.248136555654035, -44.85494904024041, -48.43008584905316, -51.89734600206634, -55.1695754460834, -58.14866705473703, -60.72556062848933, -62.780242894631684]
    },
    "apdft_poly_coeff": [ -24.63925817507786, -11.634440896839138, -1.571427391162672, 0.053397380443224535, 0.11683278048716754 ],
    "hf_energies": [-14.430431551670011, -16.676128968077144, -19.0984584975372, -21.71115855209004, -24.28981124467375, -24.405721275146952, -24.52194444213417, -24.638480320332473, -24.755328487290566, -27.52817259263182, -30.725028796695607, -34.10959807313179, -37.679291194886815, -41.43112704668089, -45.361532022410415, -49.46627710875288, -53.74049020030436, -58.17871692760075, -62.77500882417975, -67.5230239470133, -72.41612969415272],
    "triples_corrections": [-0.0026101068941098995, -0.003856784016607294, -0.005299765934629064, -0.005394752638757865, -0.0044965849117078556, -0.004457797127982962, -0.004419820169156624, -0.004382680053977534, -0.004346393692729208, -0.003716987967509686, -0.003283050252494762, -0.0029592025370484684, -0.002698213538597509, -0.002478257956416308, -0.0022872437944563176, -0.0021177896077600156, -0.0019647197529801016, -0.0018241113234011, -0.001692849300761282, -0.001568616731696461, -0.001449776039287666],
    "scf_converged": [true, true, true, true, true, true, true, true, true, true, true, true, true, true, true, true, true, true, true, true, true],
    "cc_converged": [true, true, true, true, true, true, true, true, true, true, true, true, true, true, true, true, true, true, true, true, true],
    "scf_spin_squared": [2.010343676515754, 2.007674727883158, 2.0077677694436113, 2.007676658039718, 2.009264844761776, 2.0093748227656185, 2.0094851583278523, 2.00959543282744, 2.009705247489526, 2.0115715984904554, 2.0119293012086406, 2.0113441108242363, 2.010421989481261, 2.009448717270176, 2.0085350686653527, 2.0077138629262534, 2.0069901326709765, 2.0063595596337285, 2.0058131684075624, 2.00533870680077, 2.004922176221942],
    "cc_spin_squared": [2.0007086792349043, 2.000891376770751, 2.001204916170401, 2.0011358413033937, 2.00071909950985, 2.000703308403109, 2.0006880491591152, 2.0006733218572528, 2.0006591218841696, 2.0004415385728143, 2.000318272903228, 2.000238919026149, 2.000183824817351, 2.0001443002331953, 2.0001153094321724, 2.0000935529760153, 2.0000768492111933, 2.0000637846392086, 2.0000533688054825, 2.0000449448915294, 2.0000380350101676]
}