{
    "schema_name": "pyscf_qa_output",
    "provenance": {
        "creator": "PySCF",
        "version": "1.7.6"
    },
    "molecule": {
        "geometry": [[0.0, 0.0, 0.0]],
        "symbols": [ "Cl" ]
    },
    "molecular_charge": -1,
    "molecular_multiplicity": 3,
    "name": "cl.chrg-1.mult3-pyscf-uccsdt.augccpvtz",
    "atomic_numbers": [ 17 ],
    "n_electrons": 18,
    "model": {
        "method": "UCCSD(T)",
        "basis": "aug-cc-pVTZ",
        "scf_conv_tol": 1e-09,
        "scf_conv_tol_grad": 1e-06,
        "cc_conv_tol": 1e-07,
        "cc_conv_tol_normt": 1e-05
    },
    "broken_symmetry": false,
    "finite_diff_delta": 0.01,
    "finite_diff_acc": 2,
    "qa_lambdas": [-1.0, -0.75, -0.5, -0.25, -0.02, -0.01, 0.0, 0.01, 0.02, 0.25, 0.5, 0.75, 1.0],
    "electronic_energies": [-396.27131494660875, -411.8696761495032, -427.6183767806487, -443.5445762673217, -458.3181795143965, -458.96318948657347, -459.6008180658211, -460.24628027076085, -460.8919580094, -475.81751336114405, -492.15390549076886, -508.60635046050163, -525.165699543282],
    "qats_energies": {
        "0": [-459.60841681107667, -459.60841681107667, -459.60841681107667, -459.60841681107667, -459.60841681107667, -459.60841681107667, -459.60841681107667, -459.60841681107667, -459.60841681107667, -459.60841681107667, -459.60841681107667, -459.60841681107667, -459.60841681107667],
        "1": [-395.4538776017077, -411.49251240404993, -427.5311472063922, -443.5697820087344, -458.3253260268893, -458.966871418983, -459.60841681107667, -460.24996220317036, -460.89150759526404, -475.6470516134189, -491.68568641576115, -507.7243212181034, -523.7629560204457],
        "2": [-358.6345535066445, -390.7816426005769, -418.3263161826264, -441.268574252793, -458.31059829725126, -458.96318948657347, -459.60841681107667, -460.24628027076085, -460.876779865626, -473.34584385747746, -482.48085539199536, -487.01345141463037, -486.9436319253825],
        "3": [274.4426655570489, -123.70219080808124, -339.1916637996647, -431.3767427049228, -458.30553367949875, -458.9625564093544, -459.60841681107667, -460.2469133479799, -460.88184448337853, -483.23767540534766, -561.615507774957, -754.092903207126, -1120.0208509890758],
        "4": [-94556.22783026237, -30128.71902737594, -6266.108569788378, -801.8090493292174, -458.3207065867781, -458.9635047160594, -459.60841681107667, -460.24786165468487, -460.8970173906579, -853.6699820296423, -6488.53241376367, -30759.10973977499, -95950.6913468085]
    },
    "qats_poly_coeffs": [ -459.60841681107667, -64.15453920936898, 36.819324095063166, -633.0772190636934, -94830.67049581942 ],
    "hf_energies": [-396.01118255236884, -411.62021199682806, -427.3764500196171, -443.3104064185434, -458.0893986257091, -458.7346237454968, -459.371943842935, -460.0176239776895, -460.6635181698265, -475.5822757280535, -491.92364747782153, -508.3803805346774, -524.9434684557465],
    "triples_corrections": [-0.010609864794211358, -0.00990947290603567, -0.008736287685072142, -0.008193032706041136, -0.007620693551775354, -0.007597755910293163, -0.007446062580300528, -0.007423883299588869, -0.007401815111971711, -0.00800717165853579, -0.007402509376901784, -0.006871781774046035, -0.006404069751842195],
    "scf_converged": [true, true, true, true, true, true, true, true, true, true, true, true, true],
    "cc_converged": [true, true, true, true, true, true, true, true, true, true, true, true, true],
    "scf_spin_squared": [2.012971684674814, 2.012740451851986, 2.0110266066712743, 2.011108297152976, 2.0105828179884373, 2.0105619341804486, 2.010052798570295, 2.0100359449853364, 2.0100191566357655, 2.0099782070813337, 2.0094165442124927, 2.0089896593938095, 2.0086373489054807],
    "cc_spin_squared": [2.000771507250958, 2.0008297138343734, 2.0004038067374124, 2.0004204608304086, 2.0003517763599703, 2.00034947689229, 2.0002860526943733, 2.000284538212468, 2.000283043458232, 2.000262375410878, 2.0002333722348427, 2.0002106799207215, 2.000192085811541]
}