{
    "schema_name": "pyscf_qa_output",
    "provenance": {
        "creator": "PySCF",
        "version": "1.7.6"
    },
    "molecule": {
        "geometry": [[0.0, 0.0, 0.0]],
        "symbols": [ "F" ]
    },
    "molecular_charge": -2,
    "molecular_multiplicity": 2,
    "name": "f.chrg-2.mult2-pyscf-uccsdt.augccpv5z",
    "atomic_numbers": [ 9 ],
    "n_electrons": 11,
    "model": {
        "method": "UCCSD(T)",
        "basis": "aug-cc-pV5Z",
        "scf_conv_tol": 1e-09,
        "scf_conv_tol_grad": 1e-06,
        "cc_conv_tol": 1e-07,
        "cc_conv_tol_normt": 1e-05
    },
    "broken_symmetry": false,
    "finite_diff_delta": 0.01,
    "finite_diff_acc": 2,
    "qa_lambdas": [-0.02, -0.01, 0.0, 0.01, 0.02, 0.25, 0.5, 0.75, 1.0, 1.25, 1.5, 1.75, 2.0, 2.25, 2.5, 2.75, 3.0, 3.25, 3.5, 3.75, 4.0],
    "electronic_energies": [-98.95326102266861, -99.22480876856056, -99.49677196641821, -99.76915037131828, -100.04194373856815, -106.38098748018481, -113.58175775767779, -121.03994546783542, -128.75291134492244, -136.7187413722671, -144.9358380660203, -153.4027188212757, -162.11791928136324, -171.07992871792524, -180.28712760358553, -189.73770116305536, -199.42952959470153, -209.36008012232426, -219.5263483139436, -229.92488113681387, -240.55186605652747],
    "qats_energies": {
        "0": [-99.49677196641818, -99.49677196641818, -99.49677196641818, -99.49677196641818, -99.49677196641818, -99.49677196641818, -99.49677196641818, -99.49677196641818, -99.49677196641818, -99.49677196641818, -99.49677196641818, -99.49677196641818, -99.49677196641818, -99.49677196641818, -99.49677196641818, -99.49677196641818, -99.49677196641818, -99.49677196641818, -99.49677196641818, -99.49677196641818, -99.49677196641818],
        "1": [-98.95243036366047, -99.22460116503933, -99.49677196641818, -99.76894276779703, -100.04111356917589, -106.30104200088957, -113.10531203536097, -119.90958206983237, -126.71385210430375, -133.51812213877514, -140.32239217324656, -147.12666220771794, -153.93093224218933, -160.73520227666071, -167.5394723111321, -174.34374234560352, -181.1480123800749, -187.9522824145463, -194.7565524490177, -201.5608224834891, -208.36509251796048],
        "2": [-98.95326077774543, -99.22480876856056, -99.49677196641818, -99.76915037131828, -100.04194398326085, -106.4307942016644, -113.62432083846026, -121.07735187680578, -128.78988731670094, -136.76192715814574, -144.9934714011402, -153.48452004568432, -162.23507309177808, -171.2451305394215, -180.51469238861455, -190.04375863935724, -199.8323292916496, -209.88040434549157, -220.18798380088322, -230.75506765782453, -241.58165591631547],
        "3": [-98.95326110415601, -99.22480880936189, -99.49677196641818, -99.76915033051695, -100.04194365685026, -106.43015668098, -113.61922067298514, -121.0601388183272, -128.7490859928999, -136.68223707259682, -144.85576693331166, -153.26585045093802, -161.9086625013696, -170.78037796050006, -179.87717170422303, -189.19521860843213, -198.73069354902103, -208.4797714018834, -218.43862704291288, -228.60343534800313, -238.97037119304778],
        "4": [-98.95326110430965, -99.2248088093715, -99.49677196641818, -99.76915033052656, -100.04194365700388, -106.43016043168346, -113.61928068424035, -121.06044262530678, -128.75004617298347, -136.68458126225403, -144.86062784498483, -153.27485588992513, -161.92402538270707, -170.8049863258455, -179.91467873873825, -189.2501326576659, -198.80846813579186, -208.58689524316242, -218.58271406670667, -228.7933147102366, -239.21617729444694]
    },
    "qats_poly_coeffs": [ -99.49677196641818, -27.217080137885574, -2.076035212397187, 0.040801323801057755, -0.000960180083590482 ],
    "hf_energies": [-98.58230235036274, -98.85419970902663, -99.12650767200923, -99.39922607913631, -99.6723547721723, -106.00315876052598, -113.21263324771397, -120.67752737002759, -128.39596494760724, -136.36647203380483, -144.587712839434, -153.058372321544, -161.77709968273714, -170.7424696690168, -179.95293644110959, -189.40676077044287, -199.10190500885273, -209.03591955375106, -219.2058711638541, -229.60835399025683, -240.23957670278358],
    "triples_corrections": [-0.012938677785684418, -0.012816741970290079, -0.012697193637864198, -0.012579975935573293, -0.012465032093099446, -0.012896378947124745, -0.010389358507825346, -0.008701143588532415, -0.007475255286359777, -0.006538126066664509, -0.005795845408677002, -0.005192210833023186, -0.004691296761260871, -0.004268756995517962, -0.003907062801070112, -0.003592773013635144, -0.003315210228055276, -0.0030660156840444236, -0.002839079049432019, -0.002630374189023612, -0.002437489279925282],
    "scf_converged": [true, true, true, true, true, true, true, true, true, true, true, true, true, true, true, true, true, true, true, true, true],
    "cc_converged": [true, true, true, true, true, true, true, true, true, true, true, true, true, true, true, true, true, true, true, true, true],
    "scf_spin_squared": [0.7505036238519063, 0.7504838628785215, 0.7504648913542802, 0.7504466796170082, 0.750429198961676, 0.7576778735606489, 0.7527269510722991, 0.7511940555620882, 0.7506048857784346, 0.7503438554680528, 0.7502158932124141, 0.7501482700091593, 0.7501105101202254, 0.7500886233794262, 0.7500756395520485, 0.7500677685108865, 0.7500627489245755, 0.7500591524198699, 0.7500561170109403, 0.7500532163667977, 0.7500503306252133],
    "cc_spin_squared": [0.7500613074383593, 0.7500585510191757, 0.7500559230717374, 0.750053417898362, 0.7500510646764993, 0.750951777506998, 0.7502799897968431, 0.7500991350116721, 0.7500416177349378, 0.7500202450814522, 0.750011167647727, 0.7500068699809046, 0.7500046444854616, 0.750003408071783, 0.7500026782909024, 0.7500022197587666, 0.7500019091636356, 0.7500016786728176, 0.7500014917164575, 0.7500013305365121, 0.7500011876876966]
}