{
    "schema_name": "pyscf_apdft_output",
    "provenance": {
        "creator": "PySCF",
        "version": "1.7.6"
    },
    "molecule": {
        "geometry": [[0.0, 0.0, 0.0]],
        "symbols": [ "Al" ]
    },
    "molecular_charge": -2,
    "molecular_multiplicity": 4,
    "name": "al.chrg-2.mult4-pyscf-uccsdt.augccpvqz",
    "atomic_numbers": [ 13 ],
    "n_electrons": 15,
    "model": {
        "method": "UCCSD(T)",
        "basis": "aug-cc-pVQZ",
        "scf_conv_tol": 1e-09,
        "scf_conv_tol_grad": 1e-06,
        "cc_conv_tol": 1e-07,
        "cc_conv_tol_normt": 1e-05
    },
    "broken_symmetry": false,
    "finite_diff_delta": 0.01,
    "finite_diff_acc": 2,
    "apdft_lambdas": [-0.02, -0.01, 0.0, 0.01, 0.02, 0.25, 0.5, 0.75, 1.0, 1.25, 1.5, 1.75, 2.0, 2.25, 2.5, 2.75, 3.0, 3.25, 3.5, 3.75, 4.0],
    "electronic_energies": [-240.9868127231667, -241.43400185865983, -241.881387725147, -242.32896962960504, -242.77674688201284, -253.12800867455763, -264.4873905339278, -275.9512945965759, -287.508723090632, -299.1468712124739, -310.8555661735869, -322.62639415521727, -334.45188775243923, -346.3253433093685, -358.24079296312476, -370.1930010491794, -382.1774536524293, -394.1903248918026, -406.2284163763188, -418.28907754557196, -430.3701190541264],
    "apdft_energies": {
        "0": [-241.88138772514694, -241.88138772514694, -241.88138772514694, -241.88138772514694, -241.88138772514694, -241.88138772514694, -241.88138772514694, -241.88138772514694, -241.88138772514694, -241.88138772514694, -241.88138772514694, -241.88138772514694, -241.88138772514694, -241.88138772514694, -241.88138772514694, -241.88138772514694, -241.88138772514694, -241.88138772514694, -241.88138772514694, -241.88138772514694, -241.88138772514694],
        "1": [-240.98641995420172, -241.43390383967431, -241.88138772514694, -242.32887161061956, -242.77635549609215, -253.06848486196213, -264.2555819987773, -275.44267913559247, -286.62977627240764, -297.81687340922286, -309.00397054603803, -320.1910676828532, -331.3781648196684, -342.5652619564836, -353.75235909329876, -364.93945623011393, -376.1265533669291, -387.31365050374427, -398.5007476405595, -409.6878447773747, -420.8749419141899],
        "2": [-240.9868120301437, -241.43400185865983, -241.88138772514694, -242.32896962960504, -242.77674757203414, -253.1297467278978, -264.50062946252007, -275.9940359290137, -287.6099661273787, -299.34842005761516, -311.2093977197229, -323.1928991137021, -335.29892423955266, -347.52747309727454, -359.8785456868679, -372.3521420083326, -384.94826206166863, -397.66690584687615, -410.50807336395496, -423.4717646129052, -436.5579795937268],
        "3": [-240.98681295217324, -241.43400197391352, -241.88138772514694, -242.32896951435134, -242.7767466500046, -253.12794588897538, -264.48622275114064, -275.94541327810816, -287.4947124363433, -299.1233151923117, -310.8204165124785, -322.57521136330934, -334.37689471126964, -346.2146615228247, -358.0777067644401, -369.9552254025812, -381.83641240371344, -393.71046273430227, -405.56657136081316, -417.3939332497115, -429.1817433674627],
        "4": [-240.98681295417433, -241.43400197403858, -241.88138772514694, -242.32896951447643, -242.7767466520057, -253.127994743877, -264.48700442956635, -275.9493705251382, -287.5072192911544, -299.15384950581523, -310.8837324649595, -322.6925119820646, -334.57700438824656, -346.53519853225976, -358.56625578049716, -370.6705100169903, -382.8494676434093, -395.1058075790628, -407.44338126089787, -419.8672126435002, -432.383498199094]
    },
    "apdft_poly_coeff": [ -241.88138772514694, -44.74838854726073, -0.9801898549710586, 0.1152536910353774, -0.01250685481105999 ],
    "hf_energies": [-240.87167599924865, -241.31877215497346, -241.76606697735699, -242.2135599409223, -242.6612505194468, -253.01144847015715, -264.3720444498186, -275.83760045433746, -287.3954798120554, -299.0335854214924, -310.7421744430221, -322.5129852585949, -334.33864126389574, -346.21249899966523, -358.1286226522351, -370.0817839099899, -382.06745580172895, -394.08178458020893, -406.1215355048205, -418.18401893449027, -430.2670077674136],
    "triples_corrections": [-0.007319666220057286, -0.007335616833642582, -0.00735110200330263, -0.007366116417046906, -0.00738065164382738, -0.007519711171421501, -0.006910019989350406, -0.0059748836557949395, -0.005434487019284121, -0.005067028353507918, -0.004758482919741307, -0.004486422415165259, -0.004240895382483671, -0.004014792713393403, -0.003803245606331245, -0.003602997192316112, -0.0034120001678913854, -0.0032291633014520063, -0.0030540753970147447, -0.002886704325075513, -0.0027271600260934154],
    "scf_converged": [true, true, true, true, true, true, true, true, true, true, true, true, true, true, true, true, true, true, true, true, true],
    "cc_converged": [true, true, true, true, true, true, true, true, true, true, true, true, true, true, true, true, true, true, true, true, true],
    "scf_spin_squared": [3.7608948536623714, 3.7608224862759645, 3.760747659783944, 3.760670362225639, 3.7605905851970842, 3.758102885350678, 3.7545434707070626, 3.75174283162913, 3.750696814110098, 3.750621433149842, 3.750741158182553, 3.7507815983002892, 3.750728755606998, 3.7506436630341264, 3.750579426723669, 3.750561418578716, 3.7505925082092464, 3.7506633561326588, 3.7507606884488265, 3.7508720601918126, 3.7509877849356323],
    "cc_spin_squared": [3.751910120733019, 3.7519078730876565, 3.7519052417940952, 3.7519022353555798, 3.75189886260334, 3.7517427316805794, 3.7514756394081243, 3.7511904066770323, 3.7510043565324334, 3.7508942218655195, 3.750816202733811, 3.7507523941861565, 3.7506959821997676, 3.7506441876993133, 3.750595694569882, 3.7505498668060278, 3.7505064202221776, 3.7504653665524033, 3.750426754683294, 3.7503906604227164, 3.7503571204468944]
}