{
    "schema_name": "pyscf_qa_output",
    "provenance": {
        "creator": "PySCF",
        "version": "1.7.6"
    },
    "molecule": {
        "geometry": [[0.0, 0.0, 0.0]],
        "symbols": [ "O" ]
    },
    "molecular_charge": 2,
    "molecular_multiplicity": 1,
    "name": "o.chrg2.mult1-pyscf-ccsdt.augccpvtz",
    "atomic_numbers": [ 8 ],
    "n_electrons": 6,
    "model": {
        "method": "CCSD(T)",
        "basis": "aug-cc-pVTZ",
        "scf_conv_tol": 1e-09,
        "scf_conv_tol_grad": 1e-06,
        "cc_conv_tol": 1e-05,
        "cc_conv_tol_normt": 1e-07
    },
    "broken_symmetry": false,
    "finite_diff_delta": 0.01,
    "finite_diff_acc": 2,
    "qa_lambdas": [-4.0, -3.75, -3.5, -3.25, -3.0, -2.75, -2.5, -2.25, -2.0, -1.75, -1.5, -1.25, -1.0, -0.75, -0.5, -0.25, -0.02, -0.01, 0.0, 0.01, 0.02],
    "electronic_energies": [-13.927680579286266, -16.183721183881804, -18.61062376642992, -21.21768285985212, -24.013711011631028, -27.00675049786246, -30.20355454347949, -33.60851989372078, -37.222713260940026, -41.04411426874458, -45.06865301336152, -49.29091838756234, -53.704382304738736, -58.30149965211625, -63.07388841389159, -68.01260011790681, -72.69518626629547, -72.9016818639121, -73.10841461377912, -73.31538392696312, -73.52258921570979],
    "qats_energies": {
        "0": [-73.10841461378911, -73.10841461378911, -73.10841461378911, -73.10841461378911, -73.10841461378911, -73.10841461378911, -73.10841461378911, -73.10841461378911, -73.10841461378911, -73.10841461378911, -73.10841461378911, -73.10841461378911, -73.10841461378911, -73.10841461378911, -73.10841461378911, -73.10841461378911, -73.10841461378911, -73.10841461378911, -73.10841461378911, -73.10841461378911, -73.10841461378911],
        "1": [9.631997996414754, 4.460722208277019, -0.7105535798607292, -5.881829367998478, -11.053105156136212, -16.224380944273953, -21.395656732411695, -26.566932520549436, -31.738208308687177, -36.90948409682492, -42.08075988496266, -47.2520356731004, -52.42331146123814, -57.594587249375884, -62.765863037513625, -67.93713882565137, -72.69471255073809, -72.9015635822636, -73.10841461378911, -73.31526564531461, -73.52211667684013],
        "2": [-9.293065764247189, -12.172634612617273, -15.200055521617529, -18.375328491247956, -21.698453521508554, -25.169430612399324, -28.788259763920266, -32.55494097607138, -36.46947424885266, -40.53185958226412, -44.742096976305746, -49.100186430977544, -53.606127946279514, -58.259921522211656, -63.06156715877397, -68.01106485596645, -72.6951856773321, -72.9016818639121, -73.10841461378911, -73.31538392696312, -73.52258980343414],
        "3": [-15.56873359320602, -17.343625560550876, -19.404262680470808, -21.74145208016948, -24.34600088685056, -27.20871622771773, -30.320405229974668, -33.67187502082504, -37.25393272747252, -41.057385477120775, -45.0730403969735, -49.29170461423435, -53.704185256106996, -58.30128944979512, -63.073824322502404, -68.01259700143251, -72.69518646179058, -72.90168196196942, -73.10841461378911, -73.31538382890581, -73.52258901897567],
        "4": [-16.89033550259729, -18.364531576525813, -20.178961455970914, -22.317414484559798, -24.764163990993893, -27.503967289048873, -30.522065677574645, -33.80418444049539, -37.33653284680947, -41.105804150589535, -45.099175590982455, -49.30430839220934, -53.70934776356556, -58.302922899420686, -63.07414697921856, -68.01261716747727, -72.69518646261659, -72.90168196202104, -73.10841461378911, -73.31538382895744, -73.52258901980167]
    },
    "qats_poly_coeffs": [ -73.10841461378911, -20.685103152550965, -1.1828164850413714, 0.09805730982748172, -0.005162507458559655 ],
    "hf_energies": [-13.823675905374524, -16.07098588405735, -18.488115650022255, -21.085513401813913, -23.87308700073641, -26.859536396775134, -30.051561555378903, -33.45304974700587, -37.06467110104196, -40.88423581582451, -44.90752153594028, -49.12891898298386, -53.54170377610268, -58.13817140250458, -62.909827869137494, -67.84765892126877, -72.52928236424793, -72.73573280888033, -72.94242014042638, -73.14934377221837, -73.35650311811263],
    "triples_corrections": [-0.003188902069761722, -0.0037084148695528513, -0.00416043611639671, -0.004584705630346639, -0.0050237189470507355, -0.005455836319894665, -0.005812405872086803, -0.006061923971224703, -0.006229416139829276, -0.006345578852936828, -0.006422766984911847, -0.006460424917525825, -0.0064546510955135, -0.006404892226390466, -0.006315266343603397, -0.006192103014362784, -0.006053635597025311, -0.006047107928970884, -0.0060405387471789244, -0.00603392790772594, -0.0060272754469154165],
    "scf_converged": [true, true, true, true, true, true, true, true, true, true, true, true, true, true, true, true, true, true, true, true, true],
    "cc_converged": [true, true, true, true, true, true, true, true, true, true, true, true, true, true, true, true, true, true, true, true, true],
    "t1_diagnostic": [0.020296931030752793, 0.022270573601102614, 0.022330290888686002, 0.02009720724863679, 0.01624577629299978, 0.012456734352045206, 0.010030200896928543, 0.008778385840519964, 0.007958069308759433, 0.007218587787247258, 0.006554717431246137, 0.005996057120091033, 0.005527588753281176, 0.005120922210202108, 0.004755446427658485, 0.004422148107625415, 0.004143004775544183, 0.004131488283863428, 0.004120024628142411, 0.004108613901613725, 0.004097256231366517]
}