{
    "schema_name": "pyscf_apdft_output",
    "provenance": {
        "creator": "PySCF",
        "version": "1.7.6"
    },
    "molecule": {
        "geometry": [[0.0, 0.0, 0.0]],
        "symbols": [ "F" ]
    },
    "molecular_charge": -1,
    "molecular_multiplicity": 1,
    "name": "f.chrg-1.mult1-pyscf-ccsdt.augccpv5z",
    "atomic_numbers": [ 9 ],
    "n_electrons": 10,
    "model": {
        "method": "CCSD(T)",
        "basis": "aug-cc-pV5Z",
        "scf_conv_tol": 1e-09,
        "scf_conv_tol_grad": 1e-06,
        "cc_conv_tol": 1e-07,
        "cc_conv_tol_normt": 1e-05
    },
    "broken_symmetry": false,
    "finite_diff_delta": 0.01,
    "finite_diff_acc": 2,
    "apdft_lambdas": [-1.0, -0.75, -0.5, -0.25, -0.02, -0.01, 0.0, 0.01, 0.02, 0.25, 0.5, 0.75, 1.0, 1.25, 1.5, 1.75, 2.0, 2.25, 2.5, 2.75, 3.0],
    "electronic_energies": [-74.86997607426264, -80.72313356969167, -86.8313160262812, -93.19843586247498, -99.28555340203924, -99.55517539995145, -99.82520971682081, -100.09565617501822, -100.3665145987551, -106.70956651453966, -113.84902009156657, -121.24161397057699, -128.885726918812, -136.77980520724603, -144.92221852634307, -153.3111915424228, -161.94476103726686, -170.82074574927992, -179.93672751910952, -189.29004474660087, -198.87779531569402],
    "apdft_energies": {
        "0": [-99.82520971656972, -99.82520971656972, -99.82520971656972, -99.82520971656972, -99.82520971656972, -99.82520971656972, -99.82520971656972, -99.82520971656972, -99.82520971656972, -99.82520971656972, -99.82520971656972, -99.82520971656972, -99.82520971656972, -99.82520971656972, -99.82520971656972, -99.82520971656972, -99.82520971656972, -99.82520971656972, -99.82520971656972, -99.82520971656972, -99.82520971656972],
        "1": [-72.80117096323129, -79.55718065156589, -86.3131903399005, -93.06920002823512, -99.28472894150295, -99.55496932903634, -99.82520971656972, -100.0954501041031, -100.36569049163649, -106.58121940490432, -113.33722909323893, -120.09323878157355, -126.84924846990815, -133.60525815824275, -140.36126784657736, -147.11727753491198, -153.87328722324656, -160.62929691158118, -167.3853065999158, -174.14131628825038, -180.89732597658502],
        "2": [-74.86188011442611, -80.71632954911298, -86.82836762769921, -93.19799435018479, -99.28555322516343, -99.55517539995145, -99.82520971656972, -100.09565617501822, -100.36651477529696, -106.710013726854, -113.85240638103764, -121.25238767912063, -128.909957621103, -136.82511620698466, -144.99786343676573, -153.42819931044613, -162.11612382802588, -171.06163698950502, -180.26473879488347, -189.7254292441613, -199.44370833733848],
        "3": [-74.89133158739023, -80.72875438926971, -86.83204906181972, -93.19845452944985, -99.2855534607752, -99.55517542940292, -99.82520971656972, -100.09565614556675, -100.36651453968518, -106.70955354758894, -113.84872494691713, -121.23996283896389, -128.88050614813886, -136.76759379885164, -144.89846471551186, -153.27035782252912, -161.88051204431304, -170.72616630527324, -179.8045595298193, -189.11293064236088, -198.64851856730758],
        "4": [-74.89272306691441, -80.72919466208792, -86.83213602928998, -93.19845996491674, -99.28555346099785, -99.55517542941683, -99.82520971656972, -100.09565614558066, -100.36651453990781, -106.70955898305583, -113.84881191438738, -121.2404031117821, -128.88189762766308, -136.77099096565877, -144.9055090806031, -153.28340837853534, -161.90277571670018, -170.76182840354767, -179.85891419873323, -189.19251131311776, -198.76122840876752]
    },
    "apdft_poly_coeff": [ -99.82520971656972, -27.02403875333843, -2.0607091511948283, 0.02945147296410747, -0.001391479524196863 ],
    "hf_energies": [-74.46208832411997, -80.32517275811716, -86.44550685802847, -92.82384466844317, -98.91900584198352, -99.18892894726915, -99.45926076780148, -99.73000118974838, -100.00115009982088, -106.35006769532721, -113.49464209474954, -120.89159407333905, -128.53961548432432, -136.4373382321388, -144.58325724544852, -152.97568695077769, -161.61273031060733, -170.492256115742, -179.61188576716768, -188.9689898933609, -198.56069311068654],
    "triples_corrections": [-0.029845558199230307, -0.02547156645282902, -0.020004764775830672, -0.015247827282533804, -0.012210001484629543, -0.012103836093338446, -0.011999504001945193, -0.011896964356069377, -0.011796177451200358, -0.009877861348781023, -0.00839140839674956, -0.007273638573817574, -0.00639371444479808, -0.005679224410135866, -0.005084936574356564, -0.004580885131858188, -0.004146617708554661, -0.0037677438971879837, -0.0034337418806041392, -0.003136650563269688, -0.002870311922960136],
    "scf_converged": [true, true, true, true, true, true, true, true, true, true, true, true, true, true, true, true, true, true, true, true, true],
    "cc_converged": [true, true, true, true, true, true, true, true, true, true, true, true, true, true, true, true, true, true, true, true, true],
    "t1_diagnostic": [0.0383835704381956, 0.037523036668218525, 0.03225619403304871, 0.024312567811424803, 0.017539668404001306, 0.01728766646519961, 0.017039702031201576, 0.016795789076664406, 0.016555927625149312, 0.012101601148918647, 0.009068992329252547, 0.007136641210238357, 0.005807769069593084, 0.004840031455289816, 0.0041112634497720854, 0.0035503343841883556, 0.0031104703511738926, 0.0027593837437239845, 0.002474612689908178, 0.0022406005358730084, 0.0020464213626760334]
}