{
    "schema_name": "pyscf_qa_output",
    "provenance": {
        "creator": "PySCF",
        "version": "1.7.6"
    },
    "molecule": {
        "geometry": [[0.0, 0.0, 0.0]],
        "symbols": [ "H" ]
    },
    "molecular_charge": -1,
    "molecular_multiplicity": 3,
    "name": "h.chrg-1.mult3-pyscf-uccsd.augccpvqz",
    "atomic_numbers": [ 1 ],
    "n_electrons": 2,
    "model": {
        "method": "UCCSD",
        "basis": "aug-cc-pVQZ",
        "scf_conv_tol": 1e-09,
        "scf_conv_tol_grad": 1e-06,
        "cc_conv_tol": 1e-07,
        "cc_conv_tol_normt": 1e-05
    },
    "broken_symmetry": false,
    "finite_diff_delta": 0.01,
    "finite_diff_acc": 2,
    "qa_lambdas": [-0.02, -0.01, 0.0, 0.01, 0.02, 0.25, 0.5, 0.75, 1.0, 1.25, 1.5, 1.75, 2.0, 2.25, 2.5, 2.75, 3.0],
    "electronic_energies": [-0.426031600920445, -0.43778867305425434, -0.4496436817462093, -0.46159694139582563, -0.47364875572204573, -0.778629709075617, -1.1727017552114338, -1.6355557691159763, -2.1715246898998086, -2.7831025381453705, -3.4681170209318393, -4.221562605213971, -5.037822684450591, -5.91089694461548, -6.834411729336345, -7.802009329247528, -8.80780893568554],
    "qats_energies": {
        "0": [-0.4496436817462092, -0.4496436817462092, -0.4496436817462092, -0.4496436817462092, -0.4496436817462092, -0.4496436817462092, -0.4496436817462092, -0.4496436817462092, -0.4496436817462092, -0.4496436817462092, -0.4496436817462092, -0.4496436817462092, -0.4496436817462092, -0.4496436817462092, -0.4496436817462092, -0.4496436817462092, -0.4496436817462092],
        "1": [-0.42583541340463793, -0.43773954757542355, -0.4496436817462092, -0.4615478159169949, -0.4734519500877805, -0.7472470360158503, -1.0448503902854915, -1.3424537445551326, -1.6400570988247738, -1.937660453094415, -2.235263807364056, -2.532867161633697, -2.8304705159033383, -3.1280738701729796, -3.425677224442621, -3.7232805787122616, -4.020883932981903],
        "2": [-0.426031915319961, -0.43778867305425434, -0.4496436817462092, -0.46159694139582563, -0.47364845200310357, -0.7779504602850777, -1.167664087362401, -1.618784562978179, -2.1313118871324117, -2.705246059825099, -3.3405870810562415, -4.037334950825838, -4.7954896691338895, -5.6150512359803955, -6.496019651365358, -7.438394915288773, -8.442177027750644],
        "3": [-0.4260315032409889, -0.4377886215443828, -0.4496436817462092, -0.46159699290569717, -0.4736488640820757, -0.7787553020274475, -1.174102821301359, -1.6405152900221625, -2.182821758644076, -2.8058512776213185, -3.5144328974081085, -4.313395668458663, -5.207568641227204, -6.2017808661679465, -7.300861393735111, -8.509639274382916, -9.83294355856558],
        "4": [-0.42603149612060626, -0.4377886210993589, -0.4496436817462092, -0.4615969924606732, -0.473648856961693, -0.7785814645603122, -1.1713214218271943, -1.6264344551842034, -2.1383193670574405, -2.6972028606617595, -3.289139540000767, -3.896011909866823, -4.495530375841039, -5.061233244293281, -5.562486722382169, -5.964484918055073, -6.228249840048118]
    },
    "qats_poly_coeffs": [ -0.4496436817462092, -1.1904134170785645, -0.4912547883076379, -0.05150987151166426, 0.044502391586635305 ],
    "hf_energies": [-0.42515654555122595, -0.4369167091480275, -0.4487748539008971, -0.460731289136571, -0.4727863134897949, -0.7778392789517015, -1.1719444595203499, -1.634742528561439, -2.170575480175331, -2.782015310162393, -3.466937943071267, -4.220317457663447, -5.036513887726461, -5.909521147153003, -6.832968651220915, -7.8005029281909986, -8.806246264671948],
    "scf_converged": [true, true, true, true, true, true, true, true, true, true, true, true, true, true, true, true, true],
    "cc_converged": [true, true, true, true, true, true, true, true, true, true, true, true, true, true, true, true, true],
    "scf_spin_squared": [2.0, 2.0, 2.0, 2.0, 2.0, 2.0, 2.0, 2.0, 2.0, 2.0, 2.0, 2.0, 2.0, 2.0, 2.0, 2.0, 2.0],
    "cc_spin_squared": [2.0000000000000027, 2.0000000000000018, 1.9999999999999991, 1.9999999999999956, 2.0000000000000044, 1.9999999999999978, 2.000000000000003, 2.0000000000000018, 2.0000000000000013, 2.000000000000001, 1.9999999999999978, 2.000000000000001, 1.9999999999999987, 2.0000000000000018, 1.9999999999999984, 2.0000000000000036, 2.000000000000001]
}