{
    "schema_name": "pyscf_qa_output",
    "provenance": {
        "creator": "PySCF",
        "version": "1.7.6"
    },
    "molecule": {
        "geometry": [[0.0, 0.0, 0.0]],
        "symbols": [ "Be" ]
    },
    "molecular_charge": -2,
    "molecular_multiplicity": 3,
    "name": "be.chrg-2.mult3-pyscf-uccsdt.augccpvtz",
    "atomic_numbers": [ 4 ],
    "n_electrons": 6,
    "model": {
        "method": "UCCSD(T)",
        "basis": "aug-cc-pVTZ",
        "scf_conv_tol": 1e-09,
        "scf_conv_tol_grad": 1e-06,
        "cc_conv_tol": 1e-07,
        "cc_conv_tol_normt": 1e-05
    },
    "broken_symmetry": false,
    "finite_diff_delta": 0.01,
    "finite_diff_acc": 2,
    "qa_lambdas": [-0.02, -0.01, 0.0, 0.01, 0.02, 0.25, 0.5, 0.75, 1.0, 1.25, 1.5, 1.75, 2.0, 2.25, 2.5, 2.75, 3.0, 3.25, 3.5, 3.75, 4.0],
    "electronic_energies": [-14.362560641227143, -14.448239829043375, -14.534117479595619, -14.620193389031625, -14.706467459189195, -16.747112843543015, -19.08696917432516, -21.533461518828975, -24.08623812352294, -26.744069603570743, -29.485334115373746, -32.29997886429536, -35.17899840591534, -38.11292869914609, -41.092099726688545, -44.10724464997738, -47.15018520985458, -50.214240767115285, -53.29425439675505, -56.38637542127629, -59.48776957269603],
    "qats_energies": {
        "0": [-14.53411747959564, -14.53411747959564, -14.53411747959564, -14.53411747959564, -14.53411747959564, -14.53411747959564, -14.53411747959564, -14.53411747959564, -14.53411747959564, -14.53411747959564, -14.53411747959564, -14.53411747959564, -14.53411747959564, -14.53411747959564, -14.53411747959564, -14.53411747959564, -14.53411747959564, -14.53411747959564, -14.53411747959564, -14.53411747959564, -14.53411747959564],
        "1": [-14.36216391960739, -14.448140699601515, -14.53411747959564, -14.620094259589765, -14.70607103958389, -16.68353697944876, -18.832956479301885, -20.98237597915501, -23.13179547900813, -25.28121497886125, -27.430634478714374, -29.5800539785675, -31.72947347842062, -33.87889297827374, -36.028312478126864, -38.17773197797999, -40.32715147783311, -42.47657097768624, -44.625990477539354, -46.77540997739247, -48.924829477245595],
        "2": [-14.362560437374832, -14.448239829043375, -14.53411747959564, -14.620193389031625, -14.706467557351331, -16.745492880611522, -19.080780083952916, -21.539979089619827, -24.123089897612257, -26.830112507930203, -29.66104692057366, -32.615893135542635, -35.694651152837125, -38.89732097245714, -42.22390259440266, -45.674396018673704, -49.24880124527026, -52.94711827419232, -56.769347105439905, -60.715487739013014, -64.78554017491163],
        "3": [-14.362560638717797, -14.448239854211247, -14.53411747959564, -14.620193363863754, -14.706467356008366, -16.74509963263336, -19.077634100127618, -21.52936139420944, -24.097922027009858, -26.780956510659895, -29.57610535729057, -32.481009079032916, -35.49330818801795, -38.6106431963767, -41.830654616240196, -45.150982959739466, -48.56926873900552, -52.083152466169395, -55.690274653362124, -59.38827581271471, -63.174796456358195],
        "4": [-14.362560709177915, -14.448239858615004, -14.53411747959564, -14.620193368267511, -14.706467426468485, -16.74681985038054, -19.10515758408254, -21.668699031731244, -24.538297770288644, -27.85609260264911, -31.80550755763941, -36.611251890018686, -42.539320080478475, -49.896991835642694, -59.032832088067664, -70.33669099624206, -84.23970394458695, -101.21429154345581, -121.7741596291345, -146.47429926384126, -175.91098673572668]
    },
    "qats_poly_coeffs": [ -14.53411747959564, -8.59767799941249, -0.9912944186041273, 0.02516787060239759, -0.4403757432787832 ],
    "hf_energies": [-14.30818769706311, -14.393729524570277, -14.479460604966759, -14.565380002305231, -14.65148681379512, -16.682283042859755, -19.00003246898357, -21.44012965083738, -24.00070326119966, -26.66103117345056, -29.405213368366162, -32.22363683087397, -35.10686710474245, -38.0450616961454, -41.02828423214257, -44.0471441750122, -47.093441058277904, -50.16051452905063, -53.24323889247859, -56.3377959074128, -59.44138263106551],
    "triples_corrections": [-0.0008643658696143478, -0.0008799704751687194, -0.0008973903258089084, -0.0009168248084018048, -0.0009384996583177246, -0.00314169639501634, -0.00680671331034718, -0.006424027705909292, -0.0035131691931135924, -0.0026818306531742105, -0.002121293016143226, -0.0016468782894656386, -0.0012662807764754346, -0.00097499895425393, -0.0007618520930263079, -0.0006094008822442957, -0.0004993964849544759, -0.0004178118160826717, -0.00035544093271672737, -0.00030649310199090755, -0.00026725506528010976],
    "scf_converged": [true, true, true, true, true, true, true, true, true, true, true, true, true, true, true, true, true, true, true, true, true],
    "cc_converged": [true, true, true, true, true, true, true, true, true, true, true, true, true, true, true, true, true, true, true, true, true],
    "scf_spin_squared": [2.001040985176843, 2.0010179704942646, 2.000997731197907, 2.0009801531326596, 2.000965139851602, 2.0013108265616717, 2.0035193378924125, 2.006405103788055, 2.0107337467728517, 2.0138663175867655, 2.0143487249996204, 2.0127886670923805, 2.01038286748955, 2.008053992075909, 2.0061916834050644, 2.0048390473918687, 2.0038963482320438, 2.003240423629133, 2.0027722703845816, 2.002424760688649, 2.002155793716517],
    "cc_spin_squared": [2.000067903579314, 2.0000690173501385, 2.00007032969373, 2.0000718525448287, 2.0000735610254408, 2.000270627766322, 2.0012969191226295, 2.00145110679541, 2.0006960394424236, 2.0004313235043067, 2.0003002359633077, 2.000208472704452, 2.000143039075658, 2.0000984956683747, 2.000069127397345, 2.0000497528599332, 2.000036726601586, 2.000027756524349, 2.0000214254276862, 2.0000168533637313, 2.000013479542776]
}