{
    "schema_name": "pyscf_qa_output",
    "provenance": {
        "creator": "PySCF",
        "version": "1.7.6"
    },
    "molecule": {
        "geometry": [[0.0, 0.0, 0.0]],
        "symbols": [ "Si" ]
    },
    "molecular_charge": 0,
    "molecular_multiplicity": 1,
    "name": "si.chrg0.mult1-pyscf-ccsdt.augccpvtz",
    "atomic_numbers": [ 14 ],
    "n_electrons": 14,
    "model": {
        "method": "CCSD(T)",
        "basis": "aug-cc-pVTZ",
        "scf_conv_tol": 1e-09,
        "scf_conv_tol_grad": 1e-06,
        "cc_conv_tol": 1e-07,
        "cc_conv_tol_normt": 1e-05
    },
    "broken_symmetry": false,
    "finite_diff_delta": 0.01,
    "finite_diff_acc": 2,
    "qa_lambdas": [-2.0, -1.75, -1.5, -1.25, -1.0, -0.75, -0.5, -0.25, -0.02, -0.01, 0.0, 0.01, 0.02, 0.25, 0.5, 0.75, 1.0, 1.25, 1.5, 1.75, 2.0],
    "electronic_energies": [-195.8032353714302, -206.78974296199175, -217.98491587691754, -229.3776679061091, -240.95793204658023, -252.71641490568493, -264.6433260964368, -276.72752167172143, -287.9740181592679, -288.4656621019928, -288.9575224607656, -289.449598557742, -289.94188971650874, -301.32240763190003, -313.8118214988929, -326.415788425332, -339.1246634382387, -351.92921373249425, -364.8207350941782, -377.7911380087303, -390.8329750280561],
    "qats_energies": {
        "0": [-288.95752246076546, -288.95752246076546, -288.95752246076546, -288.95752246076546, -288.95752246076546, -288.95752246076546, -288.95752246076546, -288.95752246076546, -288.95752246076546, -288.95752246076546, -288.95752246076546, -288.95752246076546, -288.95752246076546, -288.95752246076546, -288.95752246076546, -288.95752246076546, -288.95752246076546, -288.95752246076546, -288.95752246076546, -288.95752246076546, -288.95752246076546],
        "1": [-190.5638768858467, -202.86308258271154, -215.1622882795764, -227.46149397644123, -239.76069967330608, -252.05990537017092, -264.35911106703577, -276.65831676390064, -287.9735860050163, -288.4655542328909, -288.95752246076546, -289.44949068864, -289.94145891651465, -301.2567281576303, -313.55593385449515, -325.85513955136, -338.15434524822484, -350.45355094508966, -362.75275664195453, -375.0519623388194, -387.3511680356842],
        "2": [-194.87864096282698, -206.16657382914957, -217.5893430728778, -229.14694869401166, -240.83939069255115, -252.66666906849628, -264.62878382184704, -276.72573495260343, -287.97401748142397, -288.4656621019928, -288.95752246076546, -289.449598557742, -289.94189039292235, -301.3241463463331, -313.8256066093064, -326.46190324968535, -339.2330362674699, -352.1390056626601, -365.17981143525594, -378.3554535852574, -391.6659321126645],
        "3": [-195.78147933814694, -206.77140500636585, -217.9702280124659, -229.36736821923625, -240.95224548946615, -252.7142796859448, -264.64289067146143, -276.72749830880525, -287.97401838426237, -288.4656622148476, -288.95752246076546, -289.44959844488716, -289.94188949008395, -301.3223829901313, -313.811499759692, -326.4142926322368, -339.12018147055494, -351.9185861374355, -364.79892649566784, -377.7506224080411, -390.76309373734455],
        "4": [-195.8768209098215, -206.82729248526985, -218.00039468162856, -229.38191618854694, -240.9582043376958, -252.71616510276746, -264.64326309947575, -276.72752158555613, -287.97401838521574, -288.4656622149072, -288.95752246076546, -289.4495984449468, -289.9418894910374, -301.32240626688224, -313.8118721877064, -326.4161780490595, -339.12614031878456, -351.9331341067462, -364.8290931648305, -377.8065098869451, -390.85843530901917]
    },
    "qats_poly_coeffs": [ -288.95752246076546, -49.19682278745938, -1.0786910192450705, 0.1128547969149925, -0.005958848229662787 ],
    "hf_energies": [-195.59061035469233, -206.5817123146733, -217.78233954867244, -229.18132322130623, -240.76857446354634, -252.53435553753172, -264.46838906031536, -276.55947039918584, -287.8119822268768, -288.3038769818443, -288.79598708694857, -289.2883118453224, -289.7808505619525, -301.1667213589297, -313.66111732510035, -326.2691658246076, -338.9813043015313, -351.7884321337881, -364.68198544052257, -377.6540030636501, -390.69714858255054],
    "triples_corrections": [-0.005459184425115691, -0.005675541147077078, -0.0058722003775469, -0.0060696780643485874, -0.006254810398876534, -0.00643592360718241, -0.006592515856790184, -0.006665492551382188, -0.006649635266730397, -0.006647419237189067, -0.006645089520503931, -0.006642647583133548, -0.0066400948455081375, -0.006553554067964417, -0.006407162710121503, -0.006214271222773749, -0.005982387597209356, -0.005720553903566767, -0.005437050605313185, -0.005137859178878322, -0.004826227823421461],
    "scf_converged": [true, true, true, true, true, true, true, true, true, true, true, true, true, true, true, true, true, true, true, true, true],
    "cc_converged": [true, true, true, true, true, true, true, true, true, true, true, true, true, true, true, true, true, true, true, true, true],
    "t1_diagnostic": [0.019705803599072303, 0.020339259034513602, 0.020045948881043434, 0.01819660619678515, 0.015752454287624867, 0.014121858676700579, 0.012812709234150272, 0.01116615630684157, 0.00978238186733705, 0.009731059305093841, 0.009680541765615204, 0.009630827286556455, 0.0095819126654924, 0.008657977655666114, 0.00796811741090901, 0.007433199716533764, 0.0069557872349329496, 0.0065057768059751785, 0.006085896191947647, 0.005705317856413069, 0.005367515332518099]
}