{
    "schema_name": "pyscf_qa_output",
    "provenance": {
        "creator": "PySCF",
        "version": "1.7.6"
    },
    "molecule": {
        "geometry": [[0.0, 0.0, 0.0]],
        "symbols": [ "F" ]
    },
    "molecular_charge": 2,
    "molecular_multiplicity": 4,
    "name": "f.chrg2.mult4-pyscf-uccsdt.augccpvtz",
    "atomic_numbers": [ 9 ],
    "n_electrons": 7,
    "model": {
        "method": "UCCSD(T)",
        "basis": "aug-cc-pVTZ",
        "scf_conv_tol": 1e-09,
        "scf_conv_tol_grad": 1e-06,
        "cc_conv_tol": 1e-07,
        "cc_conv_tol_normt": 1e-05
    },
    "broken_symmetry": false,
    "finite_diff_delta": 0.01,
    "finite_diff_acc": 2,
    "qa_lambdas": [-4.0, -3.75, -3.5, -3.25, -3.0, -2.75, -2.5, -2.25, -2.0, -1.75, -1.5, -1.25, -1.0, -0.75, -0.5, -0.25, -0.02, -0.01, 0.0, 0.01, 0.02],
    "electronic_energies": [-23.71987638993808, -26.749987342957425, -29.980152154454096, -33.41886766459072, -37.0733868377439, -40.949244332928174, -45.04970506421328, -49.375413553273944, -53.924602829800385, -58.69371740185667, -63.67796641746486, -68.871606807016, -74.2680735552673, -79.86010177164569, -85.63989225972188, -91.59930595005878, -97.23348328501184, -97.4816371276701, -97.73005235339319, -97.97872843359576, -98.22766483997711],
    "qats_energies": {
        "0": [-97.73005235339323, -97.73005235339323, -97.73005235339323, -97.73005235339323, -97.73005235339323, -97.73005235339323, -97.73005235339323, -97.73005235339323, -97.73005235339323, -97.73005235339323, -97.73005235339323, -97.73005235339323, -97.73005235339323, -97.73005235339323, -97.73005235339323, -97.73005235339323, -97.73005235339323, -97.73005235339323, -97.73005235339323, -97.73005235339323, -97.73005235339323],
        "1": [1.6882088317396722, -4.525432492331134, -10.739073816401941, -16.952715140472748, -23.166356464543554, -29.37999778861436, -35.59363911268517, -41.807280436755974, -48.02092176082678, -54.23456308489759, -60.448204408968394, -66.6618457330392, -72.87548705711, -79.08912838118081, -85.30276970525162, -91.51641102932243, -97.23296104746757, -97.4815067004304, -97.73005235339323, -97.97859800635607, -98.2271436593189],
        "2": [-19.180149519696073, -22.866763074647707, -26.716410679219933, -30.72909233341275, -34.90480803722616, -39.24355779066016, -43.745341593714755, -48.41015944638994, -53.23801134868572, -58.228897300602085, -63.382817302139046, -68.6997713532966, -74.17975945407474, -79.82278160447348, -85.6288378044928, -91.59792805413272, -97.23348275642635, -97.4816371276701, -97.73005235339323, -97.97872843359576, -98.22766536827768],
        "3": [-24.81687518962167, -27.51128190667869, -30.49257650887712, -33.752502073848916, -37.282801679226026, -41.075218402640374, -45.12149532172393, -49.41337551410864, -53.94260205742642, -58.700918029309236, -63.68006650738903, -68.87179056929774, -74.26783329266733, -79.85993775512972, -85.63984703431687, -91.59930420786073, -97.23348346101706, -97.48163721574393, -97.73005235339323, -97.97872834552193, -98.22766466368698],
        "4": [-25.120843477199216, -27.74609017325909, -30.6707571383873, -33.88497336079811, -37.37897914521736, -41.14312611288243, -45.16787720154228, -49.44380666545745, -53.961600075400014, -58.71205431865362, -63.68607759901349, -68.87468943678638, -74.26902066879067, -79.86031344835625, -85.63992124532459, -91.59930884604871, -97.23348346120704, -97.48163721575581, -97.73005235339323, -97.9787283455338, -98.22766466387695]
    },
    "qats_poly_coeffs": [ -97.73005235339323, -24.854565296283226, -1.304272396964734, 0.08807383859258756, -0.0011873761233497742 ],
    "hf_energies": [-23.595158719795705, -26.61442261564679, -29.835928518902673, -33.26893243243846, -36.92078461254851, -40.796403549786554, -44.89809254733595, -49.22572329591499, -53.777162312261424, -58.548747426647566, -63.535644444407005, -68.73204811780295, -74.13131289172418, -79.7260992439895, -85.50855925280602, -91.47053935601599, -97.10700102860973, -97.35525296300122, -97.6037662018359, -97.85254021958843, -98.10157449104541],
    "triples_corrections": [-0.003173194397265041, -0.003695247364592739, -0.004139252303905034, -0.004407238661351514, -0.004394045055052939, -0.004100461899776733, -0.003660202410890956, -0.0032197525691103767, -0.0028448100968525365, -0.0025373767585385822, -0.002280743293757611, -0.002060009101440471, -0.0018654196526932522, -0.0016910695233938405, -0.0015333188509751296, -0.001389720186602744, -0.001268570129015537, -0.0012635228976644014, -0.0012584933469848283, -0.0012534814027745425, -0.0012484869916696614],
    "scf_converged": [true, true, true, true, true, true, true, true, true, true, true, true, true, true, true, true, true, true, true, true, true],
    "cc_converged": [true, true, true, true, true, true, true, true, true, true, true, true, true, true, true, true, true, true, true, true, true],
    "scf_spin_squared": [3.750399433928274, 3.750133577376707, 3.751830532844932, 3.755227423715618, 3.7589308347429298, 3.7613039126552184, 3.7616612759644754, 3.7605410216149067, 3.7589106562090473, 3.7574275189535697, 3.7563168283250246, 3.7555562240847333, 3.7550441387581914, 3.7546816416832107, 3.754398059959956, 3.7541518705830987, 3.753940917785763, 3.753931963745546, 3.7539230252341933, 3.7539141020531854, 3.7539051940177357],
    "cc_spin_squared": [3.750365831922534, 3.7504338139211635, 3.7504283650968993, 3.750378422378037, 3.7503281436440674, 3.7502942888932633, 3.750264971189648, 3.750229027507888, 3.7501889866925158, 3.7501515798078167, 3.750120498405459, 3.75009624843081, 3.750077909076479, 3.750064208492161, 3.750053871995161, 3.7500459079960775, 3.750040041199547, 3.750039810810758, 3.7500395822344945, 3.7500393554443687, 3.75003913041448]
}