{
    "schema_name": "pyscf_qa_output",
    "provenance": {
        "creator": "PySCF",
        "version": "1.7.6"
    },
    "molecule": {
        "geometry": [[0.0, 0.0, 0.0]],
        "symbols": [ "F" ]
    },
    "molecular_charge": 2,
    "molecular_multiplicity": 2,
    "name": "f.chrg2.mult2-pyscf-uccsdt.augccpvtz",
    "atomic_numbers": [ 9 ],
    "n_electrons": 7,
    "model": {
        "method": "UCCSD(T)",
        "basis": "aug-cc-pVTZ",
        "scf_conv_tol": 1e-09,
        "scf_conv_tol_grad": 1e-06,
        "cc_conv_tol": 1e-07,
        "cc_conv_tol_normt": 1e-05
    },
    "broken_symmetry": false,
    "finite_diff_delta": 0.01,
    "finite_diff_acc": 2,
    "qa_lambdas": [-4.0, -3.75, -3.5, -3.25, -3.0, -2.75, -2.5, -2.25, -2.0, -1.75, -1.5, -1.25, -1.0, -0.75, -0.5, -0.25, -0.02, -0.01, 0.0, 0.01, 0.02],
    "electronic_energies": [-23.70466273584456, -26.733187466578716, -29.961722441247705, -33.39872075608143, -37.05160657300307, -40.92618826492704, -45.02591690808491, -49.351443479959464, -53.823836621667105, -58.58441004449852, -63.56035850158279, -68.74579821148728, -74.13411702263888, -79.71804378443092, -85.48976900900412, -91.44112091207757, -97.06783958569584, -97.31566749049985, -97.56375660994594, -97.81210641186274, -98.06071636439495],
    "qats_energies": {
        "0": [-97.56375660994601, -97.56375660994601, -97.56375660994601, -97.56375660994601, -97.56375660994601, -97.56375660994601, -97.56375660994601, -97.56375660994601, -97.56375660994601, -97.56375660994601, -97.56375660994601, -97.56375660994601, -97.56375660994601, -97.56375660994601, -97.56375660994601, -97.56375660994601, -97.56375660994601, -97.56375660994601, -97.56375660994601, -97.56375660994601, -97.56375660994601],
        "1": [1.724027662632949, -4.481458854403229, -10.686945371439421, -16.892431888475613, -23.09791840551179, -29.30340492254797, -35.50889143958416, -41.714377956620346, -47.91986447365653, -54.125350990692716, -60.3308375077289, -66.5363240247651, -72.74181054180127, -78.94729705883745, -85.15278357587364, -91.35827009290983, -97.06731768858312, -97.31553714926457, -97.56375660994601, -97.81197607062745, -98.0601955313089],
        "2": [-19.130569982805895, -22.81069506621472, -26.653746693728536, -30.659724865347343, -34.82862958107114, -39.16046084089993, -43.65521864483371, -48.31290299287248, -53.13351388501624, -58.117051321264995, -63.26351530161874, -68.57290582607747, -74.0452228946412, -79.68046650730992, -85.47863666408362, -91.43973336496232, -97.06783905352425, -97.31566749049985, -97.56375660994601, -97.81210641186274, -98.06071689625004],
        "3": [-24.80537892437883, -27.48659354712504, -30.455425340133843, -33.70356159499474, -37.222689603297226, -41.00449665663078, -45.04067004658491, -49.322897064749114, -53.84286500271286, -58.59226115206566, -63.562772804397, -68.74608725129637, -74.13389178435328, -79.7178736951572, -85.48972027529763, -91.44111881636407, -97.06783976287537, -97.31566757916873, -97.56375660994601, -97.81210632319386, -98.06071618689893],
        "4": [-25.142998515921974, -27.74739664499296, -30.653331746211748, -33.85069833135435, -37.32951455218392, -41.07992220045072, -45.092186707892154, -49.35669714623279, -53.86396622718431, -58.60463030244553, -63.56944936370242, -68.74930704262808, -74.13521061088274, -79.71829098011378, -85.48980270195572, -91.4411239680302, -97.06783976308638, -97.31566757918192, -97.56375660994601, -97.81210632320705, -98.06071618710993]
    },
    "qats_poly_coeffs": [ -97.56375660994601, -24.82194606814474, -1.3034123528399277, 0.08866888971207722, -0.0013188265294653927 ],
    "hf_energies": [-23.571492558351927, -26.58980100391037, -29.809071712599568, -33.238448251121284, -36.88547771512446, -40.755565077277126, -44.85155070322736, -49.17361110874212, -53.64066203582743, -58.40072635272678, -63.37630777005724, -68.56144154462802, -73.94942819467265, -79.53293026219328, -85.30410522682068, -91.2547804734808, -96.8807855780934, -97.12858095067074, -97.3766374359461, -97.62495450476536, -97.87353162831373],
    "triples_corrections": [-0.007989167485501731, -0.008195703864086495, -0.00884897448949649, -0.009913568919963983, -0.011331550004749292, -0.013055966859273526, -0.015046260299190303, -0.01724025543979917, -0.008636413945733695, -0.009282970067809222, -0.009978321827120148, -0.01070541087750782, -0.01144928105838796, -0.012194539572315229, -0.012927764764277094, -0.013639595430940774, -0.014270844130657323, -0.014297730264154021, -0.014324568073758205, -0.014351357350037397, -0.01437809788115847],
    "scf_converged": [true, true, true, true, true, true, true, true, true, true, true, true, true, true, true, true, true, true, true, true, true],
    "cc_converged": [true, true, true, true, true, true, true, true, true, true, true, true, true, true, true, true, true, true, true, true, true],
    "scf_spin_squared": [1.7673974857200834, 1.7684212044629373, 1.7695341992854372, 1.770567645391195, 1.7711330212979421, 1.7709814586580601, 1.770139268196615, 1.7688093614035711, 0.7563357011216381, 0.7553837984631491, 0.7547118612360975, 0.7542023204385391, 0.7537937737351519, 0.7534521258824021, 0.7531581048090663, 0.7529007502113378, 0.7526908285111573, 0.7526822291089412, 0.7526736716976852, 0.7526651560610689, 0.7526566819850462],
    "cc_spin_squared": [2.664452603374614, 2.581430776808941, 2.5569392247199003, 2.58538657850478, 2.6555640153347, 2.750472989039452, 2.8506821718756714, 2.942700511551987, 0.7501857194484003, 0.7501473040686399, 0.7501224901418335, 0.7501055516222732, 0.7500930471040606, 0.7500830945060659, 0.7500747546706383, 0.7500675863272968, 0.7500618697223467, 0.750061638866214, 0.7500614094349054, 0.7500611814226086, 0.7500609548235158]
}