{
    "schema_name": "pyscf_apdft_output",
    "provenance": {
        "creator": "PySCF",
        "version": "1.7.6"
    },
    "molecule": {
        "geometry": [[0.0, 0.0, 0.0]],
        "symbols": [ "Li" ]
    },
    "molecular_charge": 1,
    "molecular_multiplicity": 1,
    "name": "li.chrg1.mult1-pyscf-ccsd.augccpvqz",
    "atomic_numbers": [ 3 ],
    "n_electrons": 2,
    "model": {
        "method": "CCSD",
        "basis": "aug-cc-pVQZ",
        "scf_conv_tol": 1e-09,
        "scf_conv_tol_grad": 1e-06,
        "cc_conv_tol": 1e-07,
        "cc_conv_tol_normt": 1e-05
    },
    "broken_symmetry": false,
    "finite_diff_delta": 0.01,
    "finite_diff_acc": 2,
    "apdft_lambdas": [-2.0, -1.75, -1.5, -1.25, -1.0, -0.75, -0.5, -0.25, -0.02, -0.01, 0.0, 0.01, 0.02, 0.25, 0.5, 0.75, 1.0],
    "electronic_energies": [-0.524789903920525, -0.9290183867264185, -1.457010290277853, -2.1094372008101634, -2.8877850630005724, -3.7914562137341075, -4.820010510325835, -5.973939400605478, -7.1457648325331204, -7.199072294649901, -7.252573527175078, -7.30626811451291, -7.360155627974377, -8.65163436509767, -10.162051229986417, -11.77055478011972, -13.461649935505505],
    "apdft_energies": {
        "0": [-7.252573527175077, -7.252573527175077, -7.252573527175077, -7.252573527175077, -7.252573527175077, -7.252573527175077, -7.252573527175077, -7.252573527175077, -7.252573527175077, -7.252573527175077, -7.252573527175077, -7.252573527175077, -7.252573527175077, -7.252573527175077, -7.252573527175077, -7.252573527175077, -7.252573527175077],
        "1": [3.4670084591257755, 2.127060710838169, 0.7871129625505624, -0.5528347857370441, -1.8927825340246507, -3.2327302823122572, -4.572678030599864, -5.91262577888747, -7.145377707312068, -7.198975617243573, -7.252573527175077, -7.306171437106581, -7.359769347038085, -8.592521275462683, -9.93246902375029, -11.272416772037896, -12.612364520325503],
        "2": [-0.40008779401263794, -0.8336848579709288, -1.3881286798397952, -2.063419259619237, -2.859556597309254, -3.7765406929098466, -4.814371546421015, -5.973049157842758, -7.145764416937382, -7.199072294649901, -7.252573527175077, -7.30626811451291, -7.360156056663399, -8.652944654417972, -10.17416253957144, -11.816227182635487, -13.579138583610106],
        "3": [-0.9629443008968215, -1.2107547444187308, -1.62558376868156, -2.200835398995258, -2.9299136606697767, -3.806222579015067, -4.823166179341079, -5.974148486957766, -7.145764979793889, -7.199072365006964, -7.252573527175077, -7.306268044155846, -7.360155493806892, -8.651845325302963, -10.165367906651376, -11.786545296530266, -13.508781520249585],
        "4": [-0.09005871486277606, -0.6990852395193805, -1.3493973137254756, -2.0676436286653566, -2.875358311542649, -3.7889609255803123, -4.819756470020634, -5.973935380125239, -7.1457649710650335, -7.1990723644614105, -7.252573527175077, -7.3062680436102925, -7.360155485078036, -8.651632218470436, -10.16195819733093, -11.76928364309551, -13.454226171122457]
    },
    "apdft_poly_coeff": [ -7.252573527175077, -5.359790993150426, -0.9667740632846034, 0.0703570633605229, 0.054555349127127784 ],
    "hf_energies": [-0.48611934847246646, -0.8907350214684083, -1.4210692841275727, -2.0775518704587266, -2.8596939095120453, -3.7662753075488755, -4.797395162842207, -5.954233263153796, -7.129276281519568, -7.182733218708005, -7.236384483949063, -7.290229625972665, -7.34426817964822, -8.639264152759093, -10.153221042102778, -11.764559299334431, -13.457683722232549],
    "scf_converged": [true, true, true, true, true, true, true, true, true, true, true, true, true, true, true, true, true],
    "cc_converged": [true, true, true, true, true, true, true, true, true, true, true, true, true, true, true, true, true],
    "t1_diagnostic": [0.04180349921020484, 0.012691543181243162, 0.007556069751302403, 0.006058049645353195, 0.004833981737975726, 0.0037564235443274994, 0.0029635766333452754, 0.002423223852202471, 0.002100792470180638, 0.002089067776471118, 0.0020774404488138943, 0.002065930116596855, 0.0020544893888905695, 0.001794034104009821, 0.0014709757364782146, 0.0011201263562105935, 0.0008008765835832427]
}