{
    "schema_name": "pyscf_apdft_output",
    "provenance": {
        "creator": "PySCF",
        "version": "1.7.6"
    },
    "molecule": {
        "geometry": [[0.0, 0.0, 0.0]],
        "symbols": [ "Be" ]
    },
    "molecular_charge": 0,
    "molecular_multiplicity": 3,
    "name": "be.chrg0.mult3-pyscf-uccsdt.augccpvqz",
    "atomic_numbers": [ 4 ],
    "n_electrons": 4,
    "model": {
        "method": "UCCSD(T)",
        "basis": "aug-cc-pVQZ",
        "scf_conv_tol": 1e-09,
        "scf_conv_tol_grad": 1e-06,
        "cc_conv_tol": 1e-07,
        "cc_conv_tol_normt": 1e-05
    },
    "broken_symmetry": false,
    "finite_diff_delta": 0.01,
    "finite_diff_acc": 2,
    "apdft_lambdas": [-2.0, -1.75, -1.5, -1.25, -1.0, -0.75, -0.5, -0.25, -0.02, -0.01, 0.0, 0.01, 0.02, 0.25, 0.5, 0.75, 1.0, 1.25, 1.5, 1.75, 2.0],
    "electronic_energies": [-2.8009437615312414, -3.7457079352901164, -4.819956497077886, -6.030695973007539, -7.454529985830984, -8.987690548219234, -10.681287530704829, -12.532508957513725, -14.374087239238454, -14.457153826327303, -14.540469164001774, -14.624033081374053, -14.707845401209708, -16.703587226666524, -19.01796210685852, -21.477466017330496, -24.074085158299354, -26.798483549767447, -29.64069870314437, -32.590747879079906, -35.639012158163],
    "apdft_energies": {
        "0": [-14.540469164001744, -14.540469164001744, -14.540469164001744, -14.540469164001744, -14.540469164001744, -14.540469164001744, -14.540469164001744, -14.540469164001744, -14.540469164001744, -14.540469164001744, -14.540469164001744, -14.540469164001744, -14.540469164001744, -14.540469164001744, -14.540469164001744, -14.540469164001744, -14.540469164001744, -14.540469164001744, -14.540469164001744, -14.540469164001744, -14.540469164001744],
        "1": [2.1474563406732283, 0.061465652588855946, -2.0245250354955147, -4.110515723579885, -6.196506411664258, -8.282497099748628, -10.368487787833, -12.454478475917373, -14.373589908954994, -14.45702953647837, -14.540469164001744, -14.623908791525118, -14.707348419048493, -16.626459852086114, -18.712450540170487, -20.79844122825486, -22.88443191633923, -24.970422604423604, -27.056413292507973, -29.14240398059234, -31.228394668676714],
        "2": [-2.82413761671255, -3.7449109710346296, -4.821046636525015, -6.052544613183706, -7.439404901010702, -8.981627500006004, -10.679212410169612, -12.532159631501525, -14.374087068350732, -14.457153826327303, -14.540469164001744, -14.624033081374053, -14.707845578444232, -16.704141007670266, -19.023175162507098, -21.497571628512233, -24.127330405685676, -26.912451494027422, -29.852934893537473, -32.94878060421583, -36.19998862606249],
        "3": [-3.0562191138438255, -3.90038744274562, -4.918956018127272, -6.10920513494427, -7.468415088152112, -8.993866172706287, -10.682838683562288, -12.53261291567561, -14.37408730043223, -14.457153855337491, -14.540469164001744, -14.624033052363867, -14.707845346362735, -16.703687723496184, -19.01954888911442, -21.485332955811952, -24.098320218544266, -26.855790972266853, -29.755025511935216, -32.793304132504836, -35.967907128931216],
        "4": [-2.633099204363935, -3.6523623200255972, -4.785078234268401, -6.044642160475293, -7.441970093809618, -8.985498811215107, -10.681185871415883, -12.53250961491646, -14.374087296201031, -14.45715385507304, -14.540469164001744, -14.624033052099415, -14.707845342131536, -16.703584422737034, -19.017896076968015, -21.476965594320774, -24.071875224201772, -26.791227997797876, -29.621147728076345, -32.545279009784814, -35.54478721945133]
    },
    "apdft_poly_coeff": [ -14.540469164001744, -8.343962752337486, -1.2428984893464445, 0.029010187141409457, 0.02644499434249307 ],
    "hf_energies": [-2.7627046396505093, -3.7097047989360123, -4.786291098605635, -5.996755798246238, -7.421411864138885, -8.955299058994202, -10.650587644490965, -12.503562671375459, -14.347056361880991, -14.430213422974148, -14.513619821817002, -14.597275384229768, -14.681179929409062, -16.679190674423726, -18.996267287187777, -21.45853283986854, -24.057771698878373, -26.784499801068275, -29.628685760105515, -32.58034702162617, -35.62990858369716],
    "triples_corrections": [-5.495625354419302e-06, -5.512733252097286e-06, -1.2370066513403175e-05, -7.367924400973027e-05, -7.684059891466052e-05, -8.448095588087469e-05, -7.707358771904926e-05, -7.159001616931422e-05, -6.506023741401407e-05, -6.475131476320544e-05, -6.444070435003691e-05, -6.412844376362052e-05, -6.381456930617915e-05, -5.622267015080465e-05, -4.74757574558483e-05, -3.880032109936821e-05, -3.0782513209908094e-05, -2.379524908364419e-05, -1.7982497798597575e-05, -1.3330329129382214e-05, -9.730957615667796e-06],
    "scf_converged": [true, true, true, true, true, true, true, true, true, true, true, true, true, true, true, true, true, true, true, true, true],
    "cc_converged": [true, true, true, true, true, true, true, true, true, true, true, true, true, true, true, true, true, true, true, true, true],
    "scf_spin_squared": [2.0000000334514723, 2.000000048735211, 2.000000189900302, 2.0000012129450484, 2.000009504494519, 2.000006875259613, 2.000007665564682, 2.0000092510728353, 2.000010802199223, 2.000010866367466, 2.0000109300130227, 2.0000109931069687, 2.0000110556207593, 2.000012275548955, 2.0000129640353266, 2.0000129261042856, 2.0000122934557125, 2.000011275917254, 2.0000100628950452, 2.000008784719551, 2.0000075196474287],
    "cc_spin_squared": [2.0000000013928503, 2.0000000019664177, 2.0000000105456968, 2.0000002026220267, 2.000000435490505, 2.000000441931136, 2.000000377466356, 2.000000349375182, 2.0000003238267143, 2.00000032267909, 2.0000003215267856, 2.0000003203695087, 2.000000319207007, 2.000000290428625, 2.0000002533748322, 2.0000002118943883, 2.0000001705171253, 2.0000001331881654, 2.0000001018886815, 2.0000000769963027, 2.0000000579650488]
}