{
    "schema_name": "pyscf_qa_output",
    "provenance": {
        "creator": "PySCF",
        "version": "1.7.6"
    },
    "molecule": {
        "geometry": [[0.0, 0.0, 0.0]],
        "symbols": [ "Si" ]
    },
    "molecular_charge": 2,
    "molecular_multiplicity": 3,
    "name": "si.chrg2.mult3-pyscf-uccsdt.augccpvqz",
    "atomic_numbers": [ 14 ],
    "n_electrons": 12,
    "model": {
        "method": "UCCSD(T)",
        "basis": "aug-cc-pVQZ",
        "scf_conv_tol": 1e-09,
        "scf_conv_tol_grad": 1e-06,
        "cc_conv_tol": 1e-07,
        "cc_conv_tol_normt": 1e-05
    },
    "broken_symmetry": false,
    "finite_diff_delta": 0.01,
    "finite_diff_acc": 2,
    "qa_lambdas": [-4.0, -3.75, -3.5, -3.25, -3.0, -2.75, -2.5, -2.25, -2.0, -1.75, -1.5, -1.25, -1.0, -0.75, -0.5, -0.25, -0.02, -0.01, 0.0, 0.01, 0.02],
    "electronic_energies": [-116.80243710328708, -125.53098120947192, -134.59659446055096, -143.98316974686574, -153.73642118549864, -163.73666195330074, -174.0108084109639, -184.54091134948263, -195.30808284253433, -206.29329066337198, -217.47823000941074, -228.84542693431155, -240.3780464867039, -252.05981193002455, -263.87507581411836, -275.8089739997687, -286.8809624512072, -287.3642059495822, -287.8475971444129, -288.3311352524017, -288.81481949339707],
    "qats_energies": {
        "0": [-287.84759714441265, -287.84759714441265, -287.84759714441265, -287.84759714441265, -287.84759714441265, -287.84759714441265, -287.84759714441265, -287.84759714441265, -287.84759714441265, -287.84759714441265, -287.84759714441265, -287.84759714441265, -287.84759714441265, -287.84759714441265, -287.84759714441265, -287.84759714441265, -287.84759714441265, -287.84759714441265, -287.84759714441265, -287.84759714441265, -287.84759714441265],
        "1": [-94.46173658051379, -106.54835286575747, -118.63496915100114, -130.72158543624482, -142.8082017214885, -154.89481800673218, -166.98143429197586, -179.06805057721954, -191.15466686246322, -203.2412831477069, -215.32789943295057, -227.41451571819425, -239.50113200343793, -251.5877482886816, -263.6743645739253, -275.76098085916897, -286.88066784159315, -287.3641324930029, -287.84759714441265, -288.3310617958224, -288.81452644723214],
        "2": [-106.21478926640378, -116.87818432796547, -127.63340011363567, -138.4804366234144, -149.41929385730162, -160.44997181529737, -171.57247049740164, -182.78678990361442, -194.09293003393572, -205.49089088836553, -216.98067246690385, -228.5622747695507, -240.23569779630606, -252.00094154716993, -263.8580060221423, -275.8068912212232, -286.8809616679103, -287.3642059495822, -287.84759714441265, -288.3311352524017, -288.8148202735493],
        "3": [-114.55318463672947, -123.7488103960439, -133.21947357461556, -142.95295972610128, -152.93705440415778, -163.15954316244176, -173.60821155461005, -184.27084513431936, -195.1352294552264, -206.189150070988, -217.42039253526087, -228.81674240170173, -240.36598522396739, -252.05590655571456, -263.87429195059997, -275.80892696228045, -286.8809627102097, -287.36420607986963, -287.84759714441265, -288.33113512211423, -288.8148192312499],
        "4": [-117.90734046388792, -126.33981593116803, -135.18561814029124, -144.41472188093942, -153.99833027134463, -163.90887475828876, -174.12001511710372, -184.60663945167144, -195.34486419442385, -206.31203410634274, -217.48672227696005, -228.84873012435762, -240.37908739516723, -252.06005216457075, -263.8751108363, -275.8089781426367, -286.8809627123061, -287.36420608000066, -287.84759714441265, -288.33113512224526, -288.8148192333462]
    },
    "qats_poly_coeffs": [ -287.84759714441265, -48.346465140974715, -0.7345657928681248, 0.13028742766133897, -0.013102171199837661 ],
    "hf_energies": [-116.53049020504608, -125.26507596825668, -134.338060944081, -143.7336859639086, -153.49760605150567, -163.5115856140547, -173.80221194014922, -184.3510665645625, -195.13842205517096, -206.1443276870531, -217.34956011763808, -228.73582153489977, -240.28565685506308, -251.98243235578843, -263.8104027126679, -275.75481031504523, -286.8347279044388, -287.31828191903605, -287.80198093874935, -288.28582419978443, -288.7698109414956],
    "triples_corrections": [-0.004367626649677177, -0.003853405084117267, -0.0034536143209192576, -0.0032035037224726628, -0.0032504321653385525, -0.0032550674720118514, -0.0032631628454393396, -0.0032106627690696287, -0.0030591308773381494, -0.0027948228485885204, -0.002435742924877158, -0.0020245836091567016, -0.0016111570898649293, -0.0012360043236600976, -0.000922144233844929, -0.0006755219069123581, -0.0005032434586928565, -0.0004968093950465739, -0.0004904569392174291, -0.0004841852993784883, -0.0004779936824346134],
    "scf_converged": [true, true, true, true, true, true, true, true, true, true, true, true, true, true, true, true, true, true, true, true, true],
    "cc_converged": [true, true, true, true, true, true, true, true, true, true, true, true, true, true, true, true, true, true, true, true, true],
    "scf_spin_squared": [2.000001114165511, 2.0000008383463452, 2.0000008703714505, 2.0000014769505707, 2.0000150592148094, 2.000023780418596, 2.0000361435995586, 2.0000503531907396, 2.0000633418791836, 2.0000725518231395, 2.0000769909768126, 2.0000768461307974, 2.000072979284531, 2.000066572486162, 2.0000588361311538, 2.0000507980635973, 2.0000437788716816, 2.0000434883339047, 2.0000431992114596, 2.0000429115230585, 2.0000426252867616],
    "cc_spin_squared": [2.000000288049602, 2.00000030512652, 2.000000404536494, 2.0000006654007905, 2.0000017706449276, 2.0000025278291678, 2.0000032281536435, 2.000003729015732, 2.000004043871019, 2.000004160356937, 2.0000040631972538, 2.0000037735918004, 2.0000033438251923, 2.000002840464172, 2.000002327471079, 2.000001853288372, 2.0000014756376023, 2.000001460663928, 2.0000014458134774, 2.0000014310863894, 2.000001416482719]
}