{
    "schema_name": "pyscf_apdft_output",
    "provenance": {
        "creator": "PySCF",
        "version": "1.7.6"
    },
    "molecule": {
        "geometry": [[0.0, 0.0, 0.0]],
        "symbols": [ "Al" ]
    },
    "molecular_charge": -2,
    "molecular_multiplicity": 2,
    "name": "al.chrg-2.mult2-pyscf-uccsdt.augccpvqz",
    "atomic_numbers": [ 13 ],
    "n_electrons": 15,
    "model": {
        "method": "UCCSD(T)",
        "basis": "aug-cc-pVQZ",
        "scf_conv_tol": 1e-09,
        "scf_conv_tol_grad": 1e-06,
        "cc_conv_tol": 1e-05,
        "cc_conv_tol_normt": 1e-07
    },
    "broken_symmetry": false,
    "finite_diff_delta": 0.01,
    "finite_diff_acc": 2,
    "apdft_lambdas": [-0.02, -0.01, 0.0, 0.01, 0.02, 0.25, 0.5, 0.75, 1.0, 1.25, 1.5, 1.75, 2.0, 2.25, 2.5, 2.75, 3.0, 3.25, 3.5, 3.75, 4.0],
    "electronic_energies": [-240.97525008401985, -241.42240762505952, -241.8697562626956, -242.31729632828657, -242.76502813072406, -253.11604613918877, -264.4693825834105, -275.92179723298835, -287.4924114028244, -299.0998974960205, -310.8021192966388, -322.5671266882077, -334.3874698221039, -346.2564655597429, -358.1681314444292, -370.1171857224893, -382.09904532783224, -394.10980254602117, -406.1461751313411, -418.20543586817394, -430.28532899084],
    "apdft_energies": {
        "0": [-241.86975626269577, -241.86975626269577, -241.86975626269577, -241.86975626269577, -241.86975626269577, -241.86975626269577, -241.86975626269577, -241.86975626269577, -241.86975626269577, -241.86975626269577, -241.86975626269577, -241.86975626269577, -241.86975626269577, -241.86975626269577, -241.86975626269577, -241.86975626269577, -241.86975626269577, -241.86975626269577, -241.86975626269577, -241.86975626269577, -241.86975626269577],
        "1": [-240.97486755946872, -241.42231191108226, -241.86975626269577, -242.3172006143093, -242.76464496592283, -253.05586505303393, -264.2419738433721, -275.4280826337103, -286.61419142404844, -297.8003002143866, -308.9864090047248, -320.17251779506296, -331.3586265854011, -342.54473537573926, -353.7308441660774, -364.9169529564156, -376.1030617467538, -387.28917053709193, -398.47527932743014, -409.6613881177683, -420.84749690810645],
        "2": [-240.97525041537781, -241.42240762505952, -241.86975626269577, -242.31729632828657, -242.76502782183192, -253.11568628883, -264.4812587865564, -275.96647375587486, -287.5713311967855, -299.2958311092882, -311.1399734933831, -323.1037583490701, -335.18718567634926, -347.39025547522056, -359.71296774568395, -372.15532248773945, -384.7173197013871, -397.39895938662687, -410.2002415434588, -423.12116617188286, -436.16173327189904],
        "3": [-240.97524998854442, -241.42240757170535, -241.86975626269577, -242.31729638164074, -242.76502824866532, -253.1165199478237, -264.4879280585059, -275.9889825487045, -287.6246853723816, -299.40003848349943, -311.32004383602, -323.38970338390556, -335.6140190811182, -347.99799288162006, -360.54662673937327, -373.26492260833993, -386.1578824424823, -399.23050819576235, -412.4878018221424, -425.93476527558437, -439.5764005100506],
        "4": [-240.9752499735672, -241.42240757076928, -241.86975626269577, -242.31729638070468, -242.7650282336881, -253.11615429309498, -264.4820775828464, -275.9593645156783, -287.5310777618298, -299.17150427805075, -310.84615530760163, -322.511766380254, -334.1162973122899, -345.5989322065022, -356.8900794521947, -367.9113717251818, -378.5756659877888, -388.7870434888516, -398.4408097637172, -407.42349463424284, -415.6128522087971]
    },
    "apdft_poly_coeff": [ -241.86975626269577, -44.74443516135267, -0.9571397727370368, -0.053354175596117166, 0.09360761055177136 ],
    "hf_energies": [-240.86298850700152, -241.31039821528998, -241.75801806559866, -242.20584343411304, -242.6538704667686, -252.98976900085182, -264.3386258435722, -275.79047483727857, -287.37775195016684, -298.9655362248219, -310.66539747356074, -322.42805447578803, -334.2462532881478, -346.1134803452329, -358.02385522424754, -369.97213583631776, -381.95372900215386, -393.964682129939, -406.00164882425264, -418.0618305650915, -430.1429034338236],
    "triples_corrections": [-0.007092031603043605, -0.0070358239737908805, -0.006979399403885226, -0.006922533684235164, -0.006865119985739314, -0.008580954848726972, -0.00809752058099547, -0.007531668271985874, -0.007515158901845426, -0.007295542338581292, -0.007595330498162629, -0.007987809430613887, -0.00841473086116601, -0.008830356447931715, -0.009206709357813658, -0.009530064095400045, -0.009796831948407919, -0.010009546333367775, -0.010173637523793938, -0.010295905361817079, -0.010382690408281459],
    "scf_converged": [true, true, true, true, true, true, true, true, true, true, true, true, true, true, true, true, true, true, true, true, true],
    "cc_converged": [true, true, true, true, true, true, true, true, true, true, true, true, true, true, true, true, true, true, true, true, true],
    "scf_spin_squared": [1.5964025010064233, 1.5940586891841813, 1.592756920889486, 1.5924452774146243, 1.5929904950580749, 0.7751433662508411, 0.7722923916557303, 0.7738686347641064, 1.8044753462306966, 0.768410451585213, 0.7659915056439957, 0.7650348968847158, 0.7642495272067347, 0.7634971322729278, 0.7627490027048562, 0.7620015164338518, 0.7612594869794274, 0.760530242567711, 0.7598210288830103, 0.7591377624370219, 0.7584847516444597],
    "cc_spin_squared": [0.9611149689048974, 0.9654766196926743, 0.9704421656396014, 0.9759923650786115, 0.982070999048307, 0.8606467270698963, 0.9114289507936788, 0.7755667677139519, 2.393626112457962, 0.7509867192906405, 0.7506848287703352, 0.7505788353907135, 0.7505166489056978, 0.7504720387568433, 0.7504359958813533, 0.7504045883311021, 0.7503760207779617, 0.7503495243814928, 0.750324796577492, 0.7503017061764266, 0.7502802065941512]
}