{
    "schema_name": "pyscf_apdft_output",
    "provenance": {
        "creator": "PySCF",
        "version": "1.7.6"
    },
    "molecule": {
        "geometry": [[0.0, 0.0, 0.0]],
        "symbols": [ "H" ]
    },
    "molecular_charge": -1,
    "molecular_multiplicity": 1,
    "name": "h.chrg-1.mult1-pyscf-ccsd.augccpvtz",
    "atomic_numbers": [ 1 ],
    "n_electrons": 2,
    "model": {
        "method": "CCSD",
        "basis": "aug-cc-pVTZ",
        "scf_conv_tol": 1e-09,
        "scf_conv_tol_grad": 1e-06,
        "cc_conv_tol": 1e-07,
        "cc_conv_tol_normt": 1e-05
    },
    "broken_symmetry": false,
    "finite_diff_delta": 0.01,
    "finite_diff_acc": 2,
    "apdft_lambdas": [-0.02, -0.01, 0.0, 0.01, 0.02, 0.25, 0.5, 0.75, 1.0, 1.25, 1.5, 1.75, 2.0, 2.25, 2.5, 2.75, 3.0],
    "electronic_energies": [-0.49944244079589933, -0.5129097204210991, -0.5265621569701844, -0.5404016247663912, -0.5544298863221312, -0.9312903323744195, -1.4579909179902135, -2.1010031387955292, -2.8534516349767114, -3.705382217237509, -4.643472701914082, -5.651847612636078, -6.714406148147951, -7.817162228899547, -8.949238594997972, -10.102694467287156, -11.27189292957177],
    "apdft_energies": {
        "0": [-0.5265621569701848, -0.5265621569701848, -0.5265621569701848, -0.5265621569701848, -0.5265621569701848, -0.5265621569701848, -0.5265621569701848, -0.5265621569701848, -0.5265621569701848, -0.5265621569701848, -0.5265621569701848, -0.5265621569701848, -0.5265621569701848, -0.5265621569701848, -0.5265621569701848, -0.5265621569701848, -0.5265621569701848],
        "1": [-0.4990702526248927, -0.5128162047975388, -0.5265621569701848, -0.5403081091428309, -0.554054061315477, -0.8702109612863366, -1.2138597656024883, -1.55750856991864, -1.9011573742347918, -2.2448061785509434, -2.588454982867095, -2.932103787183247, -3.2757525914993986, -3.619401395815551, -3.9630502001317023, -4.306699004447854, -4.650347808764005],
        "2": [-0.4994443151191339, -0.5129097204210991, -0.5265621569701848, -0.5404016247663912, -0.5544281238097182, -0.9286582260115259, -1.4476488245032457, -2.083533952445344, -2.8363136098378217, -3.7059877966806773, -4.692556512973912, -5.7960197587175255, -7.016377533911517, -8.353629838555888, -9.807776672650638, -11.378818036195765, -13.066753929191274],
        "3": [-0.4994418905620355, -0.5129094173514618, -0.5265621569701848, -0.5404019278360285, -0.5544305483668166, -0.9333936890943849, -1.4855325291661179, -2.211391455682538, -3.139383247140799, -4.297920682038055, -5.715416538871461, -7.420283596138169, -9.440934632335336, -11.805782425960114, -14.54323975550966, -17.681719399481125, -21.249634136371657],
        "4": [-0.49944181602148796, -0.5129094126926775, -0.5265621569701848, -0.5404019231772443, -0.5544304738262691, -0.9315738515086376, -1.4564151277941593, -2.0639846112369975, -2.673504825189461, -3.1605221909459207, -3.356907027742812, -3.050853552758629, -1.9868798811139297, 0.13417197412866666, 3.6551361019644784, 8.96252269344676, 16.486518041686708]
    },
    "apdft_poly_coeff": [ -0.5265621569701848, -1.374595217264607, -0.9351562356030296, -0.30306963730297726, 0.4658784219513379 ],
    "hf_energies": [-0.4606002302996001, -0.47402277311185087, -0.4876395922722887, -0.501451485289125, -0.5154591710011747, -0.8923063971400967, -1.4191457718924843, -2.063655863922314, -2.8192994664363566, -3.6754512391209637, -4.617709046370892, -5.629551293050978, -6.694802114261098, -7.7996446098216765, -8.933379466626771, -10.088191375338246, -11.258524271069986],
    "scf_converged": [true, true, true, true, true, true, true, true, true, true, true, true, true, true, true, true, true],
    "cc_converged": [true, true, true, true, true, true, true, true, true, true, true, true, true, true, true, true, true],
    "t1_diagnostic": [0.022623361859103942, 0.022728909566711936, 0.0227577797805819, 0.022711906766521503, 0.022594258671192087, 0.011547855212979012, 0.005131987428380347, 0.003244842113261729, 0.0025924406293469683, 0.002445933494086597, 0.002162793566179178, 0.0017472217373802293, 0.0013670467526319516, 0.001082743358090344, 0.0008823520612290477, 0.0007393867819359792, 0.0006332656018818749]
}