{
    "schema_name": "pyscf_apdft_output",
    "provenance": {
        "creator": "PySCF",
        "version": "1.7.6"
    },
    "molecule": {
        "geometry": [[0.0, 0.0, 0.0]],
        "symbols": [ "He" ]
    },
    "molecular_charge": -2,
    "molecular_multiplicity": 1,
    "name": "he.chrg-2.mult1-pyscf-ccsdt.augccpvqz",
    "atomic_numbers": [ 2 ],
    "n_electrons": 4,
    "model": {
        "method": "CCSD(T)",
        "basis": "aug-cc-pVQZ",
        "scf_conv_tol": 1e-09,
        "scf_conv_tol_grad": 1e-06,
        "cc_conv_tol": 1e-07,
        "cc_conv_tol_normt": 1e-05
    },
    "broken_symmetry": false,
    "finite_diff_delta": 0.01,
    "finite_diff_acc": 2,
    "apdft_lambdas": [-0.02, -0.01, 0.0, 0.01, 0.02, 0.25, 0.5, 0.75, 1.0, 1.25, 1.5, 1.75, 2.0, 2.25, 2.5, 2.75, 3.0, 3.25, 3.5, 3.75, 4.0],
    "electronic_energies": [-2.4373499462839003, -2.4760246009090605, -2.5148982779965876, -2.5539712721958363, -2.5932438709122936, -3.552179010394959, -4.7175388061164645, -6.013923548428099, -7.444478615534698, -9.012529248458858, -10.720727908246179, -12.569900975532885, -14.558431447594199, -16.682186333504163, -18.934829916265194, -21.308616456541106, -23.79521863855293, -26.386194122896768, -29.07318214850715, -31.84802979855624, -34.70292636719034],
    "apdft_energies": {
        "0": [-2.514898277996591, -2.514898277996591, -2.514898277996591, -2.514898277996591, -2.514898277996591, -2.514898277996591, -2.514898277996591, -2.514898277996591, -2.514898277996591, -2.514898277996591, -2.514898277996591, -2.514898277996591, -2.514898277996591, -2.514898277996591, -2.514898277996591, -2.514898277996591, -2.514898277996591, -2.514898277996591, -2.514898277996591, -2.514898277996591, -2.514898277996591],
        "1": [-2.4369516067098154, -2.4759249423532035, -2.514898277996591, -2.553871613639979, -2.592844949283367, -3.4892316690812883, -4.463565060165986, -5.437898451250684, -6.41223184233538, -7.386565233420079, -8.360898624504776, -9.335232015589472, -10.30956540667417, -11.283898797758868, -12.258232188843566, -13.232565579928263, -14.20689897101296, -15.181232362097658, -16.155565753182355, -17.129899144267053, -18.10423253535175],
        "2": [-2.4373502409332444, -2.4760246009090605, -2.514898277996591, -2.5539712721958363, -2.593243583506796, -3.551518266492071, -4.712711449809115, -5.998477827947724, -7.408817400907896, -8.943730168689635, -10.603216131292937, -12.387275288717804, -14.295907640964234, -16.329113188032228, -18.48689192992179, -20.769243866632912, -23.1761689981656, -25.707667324519853, -28.36373884569567, -31.144383561693054, -34.049601472512],
        "3": [-2.4373498528966833, -2.4760245524044904, -2.514898277996591, -2.5539713207004064, -2.593243971543357, -3.5522761504004796, -4.718774521076385, -6.018940693474761, -7.45732197104606, -9.038465657240735, -10.76691905550924, -12.647229469302024, -14.683944202069544, -16.88161055726225, -19.244775838330597, -21.777987348725034, -24.48579239189602, -27.372738271294004, -30.44337229036944, -33.70224175257278, -37.153893961354484],
        "4": [-2.4373498480674516, -2.4760245521026634, -2.514898277996591, -2.5539713203985794, -2.5932439667141254, -3.5521582492327735, -4.716888102393087, -6.009390698890564, -7.427139272113289, -8.964777427424398, -10.614119142162082, -12.364148765639582, -14.201021019145196, -16.108060995942267, -18.0657641612692, -20.051796352339444, -22.04099377834151, -24.005363020438953, -25.914081031770383, -27.733495137449463, -29.42712303456491]
    },
    "apdft_poly_coeff": [ -2.514898277996591, -3.8973335643387896, -0.9965855585725159, -0.048504570138163665, 0.03018269893277174 ],
    "hf_energies": [-2.389252286134928, -2.4278860537145173, -2.4667185190004735, -2.505749950800056, -2.5449806110497377, -3.5027931850562237, -4.666372640382032, -5.960034078692234, -7.386518638294034, -8.948938908141955, -10.65040214938047, -12.492986394841505, -14.476352513991902, -16.596798800272033, -18.847525198928153, -21.21996896778502, -23.70515005403385, -26.29431164293621, -28.97903430287267, -31.751218119793872, -34.60310992684082],
    "triples_corrections": [-0.000172465833138838, -0.0001715346247516142, -0.00017062192047035717, -0.00016972801805821027, -0.00016885319940324257, -0.00015447847574735207, -0.000152929792522652, -0.00016953328667104409, -0.00021041184396619763, -0.0002811937946190559, -0.0003783883519176771, -0.0004837014428896034, -0.0005720777273226405, -0.0006277565214642912, -0.000653515973035501, -0.0006634538649225865, -0.0006701528886958303, -0.0006798609331962916, -0.0006941155979699205, -0.0007124700997588589, -0.0007342783752220982],
    "scf_converged": [true, true, true, true, true, true, true, true, true, true, true, true, true, true, true, true, true, true, true, true, true],
    "cc_converged": [true, true, true, true, true, true, true, true, true, true, true, true, true, true, true, true, true, true, true, true, true],
    "t1_diagnostic": [0.005645770114276432, 0.005684766552970016, 0.0057245571124038, 0.00576515936604955, 0.005806590772666854, 0.007026246532075857, 0.009074180804531356, 0.012023879633860084, 0.015731115065302687, 0.019340261024347372, 0.021374828947756618, 0.02096610272691838, 0.01864438380724361, 0.015537173190317445, 0.01263899024529508, 0.010544371308701339, 0.009298186889253495, 0.008605937641214664, 0.008158937166571142, 0.00777597188089394, 0.007392167994554156]
}