{
    "schema_name": "pyscf_qa_output",
    "provenance": {
        "creator": "PySCF",
        "version": "1.7.6"
    },
    "molecule": {
        "geometry": [[0.0, 0.0, 0.0]],
        "symbols": [ "Cl" ]
    },
    "molecular_charge": 0,
    "molecular_multiplicity": 2,
    "name": "cl.chrg0.mult2-pyscf-uccsdt.augccpvqz",
    "atomic_numbers": [ 17 ],
    "n_electrons": 17,
    "model": {
        "method": "UCCSD(T)",
        "basis": "aug-cc-pVQZ",
        "scf_conv_tol": 1e-09,
        "scf_conv_tol_grad": 1e-06,
        "cc_conv_tol": 1e-05,
        "cc_conv_tol_normt": 1e-07
    },
    "broken_symmetry": false,
    "finite_diff_delta": 0.01,
    "finite_diff_acc": 2,
    "qa_lambdas": [-2.0, -1.75, -1.5, -1.25, -1.0, -0.75, -0.5, -0.25, -0.02, -0.01, 0.0, 0.01, 0.02, 0.25, 0.5, 0.75, 1.0],
    "electronic_energies": [-336.4076654931505, -351.1461280821967, -366.1019890258025, -381.2641632913201, -396.62101422785014, -412.16037533937896, -427.8701813618241, -443.7389835469176, -458.4694807439493, -459.1126609143479, -459.75606276970234, -460.39968568407016, -461.0435290329447, -475.9113506836734, -492.1953484892641, -508.5990900746093, -525.1141332714914],
    "qats_energies": {
        "0": [-459.75606276970205, -459.75606276970205, -459.75606276970205, -459.75606276970205, -459.75606276970205, -459.75606276970205, -459.75606276970205, -459.75606276970205, -459.75606276970205, -459.75606276970205, -459.75606276970205, -459.75606276970205, -459.75606276970205, -459.75606276970205, -459.75606276970205, -459.75606276970205, -459.75606276970205],
        "1": [-331.0535857974741, -347.1413954190026, -363.2292050405311, -379.3170146620596, -395.4048242835881, -411.4926339051166, -427.58044352664507, -443.66825314817356, -458.4690379999798, -459.1125503848409, -459.75606276970205, -460.3995751545632, -461.04308753942433, -475.84387239123055, -491.93168201275904, -508.01949163428753, -524.1073012558161],
        "2": [-335.4747660762427, -350.5263615699348, -365.71611894733843, -381.04403820845357, -396.51011935328023, -412.1143623818184, -427.8567672940681, -443.7373340900293, -458.46948011800765, -459.1126609143479, -459.75606276970205, -460.39968568407016, -461.0435296574522, -475.9129533330863, -492.2080057801821, -508.64122011098937, -525.2125963255082],
        "3": [-336.30839883965484, -351.0848303938613, -366.0678077694029, -381.2475618323335, -396.6143234487067, -412.1583234845765, -427.86979280599644, -443.73896227902037, -458.46948095164043, -459.112661018552, -459.75606276970205, -460.39968557986606, -461.04352882381943, -475.91132514409526, -492.19498026825374, -508.5972590082313, -525.1083922300817],
        "4": [-336.40400189105617, -351.1408711473805, -366.0980571723854, -381.2621497002841, -396.62029863941933, -412.1602140722629, -427.87016625541594, -443.7389856196091, -458.4694809525964, -459.11266101861173, -459.75606276970205, -460.3996855799258, -461.0435288247755, -475.91134848468397, -492.1953537176733, -508.5991495959177, -525.1143674207942]
    },
    "qats_poly_coeffs": [ -459.75606276970205, -64.35123848611397, -1.105295069692147, 0.10420409542651515, -0.0059751907125852695 ],
    "hf_energies": [-336.0744818467007, -350.8204504074261, -365.7861212084962, -380.95849421665616, -396.32492208598853, -411.8729247790344, -427.59043808626996, -443.4660767273713, -458.20214422356315, -458.84555165257404, -459.489179554385, -460.1330273070522, -460.77709429009695, -475.6497368926308, -491.9383181489569, -508.3460338811347, -524.8645214128475],
    "triples_corrections": [-0.014656353868073322, -0.014276014194799803, -0.013294893587465807, -0.01209841093927264, -0.011028191950442062, -0.010168046189072574, -0.00947243938637626, -0.008886634112180599, -0.0084166353349861, -0.008397457661957946, -0.008378377426422834, -0.008359393870805113, -0.008340506251984877, -0.007931031506284113, -0.007534522370561127, -0.007180988741437517, -0.0068635139649757025],
    "scf_converged": [true, true, true, true, true, true, true, true, true, true, true, true, true, true, true, true, true],
    "cc_converged": [true, true, true, true, true, true, true, true, true, true, true, true, true, true, true, true, true],
    "scf_spin_squared": [1.0724045208126451, 0.8392036591388035, 0.7778981537037062, 0.7669849318444957, 0.7637914046355299, 0.7623977762132093, 0.7615723100269225, 0.7609756242085304, 0.7605317227765109, 0.7605140633107723, 0.7604965235475625, 0.7604791018715851, 0.7604617967172018, 0.7600929414312487, 0.7597460631572277, 0.7594455181372393, 0.7591841774688319],
    "cc_spin_squared": [0.760571439766911, 0.7549351970695541, 0.7524124124642264, 0.7513065978155558, 0.750776689642084, 0.7505291046271614, 0.7504073630352961, 0.7503390601944493, 0.750297623565614, 0.7502961081945845, 0.7502946118334295, 0.75029313404203, 0.7502916743947559, 0.7502623127760697, 0.750237188175281, 0.7502168883725657, 0.750200097307959]
}