{
    "schema_name": "pyscf_apdft_output",
    "provenance": {
        "creator": "PySCF",
        "version": "1.7.6"
    },
    "molecule": {
        "geometry": [[0.0, 0.0, 0.0]],
        "symbols": [ "Si" ]
    },
    "molecular_charge": 2,
    "molecular_multiplicity": 1,
    "name": "si.chrg2.mult1-pyscf-ccsdt.augccpv5z",
    "atomic_numbers": [ 14 ],
    "n_electrons": 12,
    "model": {
        "method": "CCSD(T)",
        "basis": "aug-cc-pV5Z",
        "scf_conv_tol": 1e-09,
        "scf_conv_tol_grad": 1e-06,
        "cc_conv_tol": 1e-07,
        "cc_conv_tol_normt": 1e-05
    },
    "broken_symmetry": false,
    "finite_diff_delta": 0.01,
    "finite_diff_acc": 2,
    "apdft_lambdas": [-4.0, -3.75, -3.5, -3.25, -3.0, -2.75, -2.5, -2.25, -2.0, -1.75, -1.5, -1.25, -1.0, -0.75, -0.5, -0.25, -0.02, -0.01, 0.0, 0.01, 0.02],
    "electronic_energies": [-120.33254455375628, -128.88079949293416, -137.73950646046006, -146.9570242130008, -156.42470978079524, -166.17095555488575, -176.18279219666502, -186.44669728773695, -196.94906624124957, -207.6769500702111, -218.61841789483665, -229.7625667935622, -241.0994557611985, -252.62004963397598, -264.3161712293, -276.18043656464295, -287.238315354201, -287.7221180444836, -288.20616968401384, -288.6904699022176, -289.1750183296768],
    "apdft_energies": {
        "0": [-288.20616968399116, -288.20616968399116, -288.20616968399116, -288.20616968399116, -288.20616968399116, -288.20616968399116, -288.20616968399116, -288.20616968399116, -288.20616968399116, -288.20616968399116, -288.20616968399116, -288.20616968399116, -288.20616968399116, -288.20616968399116, -288.20616968399116, -288.20616968399116, -288.20616968399116, -288.20616968399116, -288.20616968399116, -288.20616968399116, -288.20616968399116],
        "1": [-94.53579813718414, -106.64019635885958, -118.74459458053502, -130.84899280221046, -142.9533910238859, -155.05778924556134, -167.16218746723678, -179.26658568891222, -191.37098391058765, -203.4753821322631, -215.57978035393853, -227.68417857561397, -239.7885767972894, -251.89297501896485, -263.9973732406403, -276.1017714623157, -287.2378178262571, -287.7219937551241, -288.20616968399116, -288.6903456128582, -289.1745215417252],
        "2": [-114.42209564658577, -124.11838752923211, -133.97004111117064, -143.97705639240138, -154.13943337292432, -164.45717205273945, -174.9302724318468, -185.55873451024632, -196.34255828793806, -207.281743764922, -218.37629094119814, -229.62619981676647, -241.031470391627, -252.59210266577975, -264.3080966392247, -276.1794523119618, -287.23831498369486, -287.7221180444836, -288.20616968399116, -288.6904699022176, -289.17501869916293],
        "3": [-118.36872118200094, -127.37030676312523, -136.61397188977884, -146.09393537221268, -155.8044160206776, -165.73963264542442, -175.893804056704, -186.26114906476724, -196.83588647986494, -207.61223511224802, -218.5844137721673, -229.74664126987363, -241.09313641561786, -252.6181180196509, -264.3158048922235, -276.1804158435867, -287.23831547702304, -287.7221181061496, -288.20616968399116, -288.6904698405516, -289.17501820583476],
        "4": [-119.45647684532136, -128.21057212041887, -137.25159428910314, -146.56798611531715, -156.14858871102507, -165.98264153621227, -176.05978239888546, -186.3700474550725, -196.90387120882247, -207.65208651220578, -218.605924565314, -229.75701491625995, -241.0973854611777, -252.61946244422256, -264.316070457571, -276.1804324414209, -287.2383154777029, -287.7221181061921, -288.20616968399116, -288.69046984059406, -289.1750182065146]
    },
    "apdft_poly_coeff": [ -288.20616968399116, -48.417592886701755, -1.2428935943376018, 0.0616660239908621, -0.004249045559845399 ],
    "hf_energies": [-120.02898712579807, -128.58557789147773, -137.45075827613908, -146.6680542347319, -156.14315169677002, -165.89483404037145, -175.9112994647512, -186.17988154104563, -196.68738539848025, -207.4209127609259, -218.3684446080408, -229.5189731956797, -240.8624529974353, -252.38974832932172, -264.0925909337344, -275.9635220264367, -287.0274367248776, -287.51149921573017, -287.99581041824877, -288.4803699597453, -288.96517746887736],
    "triples_corrections": [-0.0050365765484940445, -0.004555075814989552, -0.0043324956540186695, -0.003994015833528426, -0.0037843142822742305, -0.0036658908224685488, -0.0035857549259375714, -0.003510578866058038, -0.0034252070902639864, -0.003326898854245058, -0.0032163026372992974, -0.003094463263219414, -0.002963434762963395, -0.0028263730327441365, -0.002686931633837008, -0.0025486045192924223, -0.002424879517602282, -0.002419608468520763, -0.002414347615291621, -0.0024090970890928063, -0.002403857018611657],
    "scf_converged": [true, true, true, true, true, true, true, true, true, true, true, true, true, true, true, true, true, true, true, true, true],
    "cc_converged": [true, true, true, true, true, true, true, true, true, true, true, true, true, true, true, true, true, true, true, true, true],
    "t1_diagnostic": [0.011279271895054767, 0.0138992685730778, 0.018374546967370543, 0.009550420817196108, 0.013509804751563527, 0.015393719498000467, 0.015202363161623414, 0.013642200080608798, 0.011726348586303193, 0.010108005643260646, 0.008865949407270354, 0.007875230703775566, 0.007044403328459878, 0.006334153546748941, 0.005727668687575182, 0.005211475328819915, 0.004803637223474134, 0.004787177629725537, 0.004770816595087092, 0.004754553265875978, 0.0047383867871256535]
}