{
    "schema_name": "pyscf_apdft_output",
    "provenance": {
        "creator": "PySCF",
        "version": "1.7.6"
    },
    "molecule": {
        "geometry": [[0.0, 0.0, 0.0]],
        "symbols": [ "F" ]
    },
    "molecular_charge": 1,
    "molecular_multiplicity": 1,
    "name": "f.chrg1.mult1-pyscf-ccsdt.augccpvtz",
    "atomic_numbers": [ 9 ],
    "n_electrons": 8,
    "model": {
        "method": "CCSD(T)",
        "basis": "aug-cc-pVTZ",
        "scf_conv_tol": 1e-09,
        "scf_conv_tol_grad": 1e-06,
        "cc_conv_tol": 1e-07,
        "cc_conv_tol_normt": 1e-05
    },
    "broken_symmetry": false,
    "finite_diff_delta": 0.01,
    "finite_diff_acc": 2,
    "apdft_lambdas": [-3.0, -2.75, -2.5, -2.25, -2.0, -1.75, -1.5, -1.25, -1.0, -0.75, -0.5, -0.25, -0.02, -0.01, 0.0, 0.01, 0.02, 0.25, 0.5, 0.75, 1.0],
    "electronic_energies": [-36.742385897501485, -40.67329327675133, -44.832597874651285, -49.22467591736076, -53.85216512550666, -58.71546320950971, -63.81210966304836, -69.13670607225284, -74.68185030252353, -80.4393303520529, -86.40076970346232, -92.55778756660516, -98.38777823290287, -98.64474972373768, -98.90200789977004, -99.15955223134443, -99.41738218484039, -105.4250816492361, -112.11874728614525, -118.97490153768676, -125.9856539358423],
    "apdft_energies": {
        "0": [-98.90200789970183, -98.90200789970183, -98.90200789970183, -98.90200789970183, -98.90200789970183, -98.90200789970183, -98.90200789970183, -98.90200789970183, -98.90200789970183, -98.90200789970183, -98.90200789970183, -98.90200789970183, -98.90200789970183, -98.90200789970183, -98.90200789970183, -98.90200789970183, -98.90200789970183, -98.90200789970183, -98.90200789970183, -98.90200789970183, -98.90200789970183],
        "1": [-21.68163175868787, -28.116663103772368, -34.551694448856864, -40.98672579394136, -47.42175713902586, -53.85678848411035, -60.29181982919485, -66.72685117427935, -73.16188251936384, -79.59691386444834, -86.03194520953284, -92.46697655461733, -98.38720539209507, -98.64460664589845, -98.90200789970183, -99.15940915350521, -99.41681040730859, -105.33703924478633, -111.77207058987082, -118.20710193495532, -124.64213328003981],
        "2": [-34.55863728904407, -38.93692469525223, -43.494059400493114, -48.23004140476672, -53.14487070807306, -58.238547310412116, -63.5110712117839, -68.96244241218841, -74.59266091162564, -80.4017267100956, -86.38963980759829, -92.5564002041337, -98.38777770345197, -98.64474972373768, -98.90200789970183, -99.15955223134443, -99.4173827186655, -105.42646289430269, -112.12976518793627, -119.01191478060258, -126.07291167230161],
        "3": [-36.951008294343836, -40.77965953787606, -44.87853336189343, -49.239322922627565, -53.85372137631003, -58.71342187917243, -63.81011758744637, -69.13550165736345, -74.68126724515527, -80.43910750705341, -86.40071559928948, -92.55778467809509, -98.38777841230264, -98.644749812344, -98.90200789970183, -99.15955214273811, -99.41738200981483, -105.4250784203413, -112.11868939624507, -118.97453398364478, -125.98430533877199],
        "4": [-35.47472519857453, -39.737305139479155, -44.16659128252938, -48.77221772435681, -53.56210990060251, -58.542484585917116, -63.71784989396079, -69.0910052774032, -74.66304152792354, -80.43334077621057, -86.3995764919625, -92.55771348388716, -98.38777840938653, -98.64474981216175, -98.90200789970183, -99.15955214255584, -99.4173820068987, -105.42500722613335, -112.11755028891808, -118.96876725280192, -125.96607962154027]
    },
    "apdft_poly_coeff": [ -98.90200789970183, -25.740125380337986, -1.4307783922618, 0.0886063335296209, 0.018225717231719802 ],
    "hf_energies": [-36.52345933691285, -40.4443353420842, -44.59727586815042, -48.98644337001177, -53.6136471688538, -58.478027239111185, -63.57598944333411, -68.9016093306017, -74.44746217370582, -80.20545225670759, -86.16728586721544, -92.32462865955141, -98.15489348401493, -98.41187702761138, -98.66914730226864, -98.92670377950904, -99.1845459311217, -105.19255121568187, -111.88665390621406, -118.7434348876781, -125.75508067854865],
    "triples_corrections": [-0.009514567125654969, -0.010381221111419031, -0.011100250568759726, -0.011470910971766458, -0.011435708220781923, -0.011192186148181526, -0.011019495859073091, -0.011027218223867416, -0.0111664962346599, -0.011363586801347487, -0.011573157670162997, -0.011773966364221603, -0.011943410783917405, -0.011950389578219483, -0.011957333486641172, -0.011964243969660827, -0.011971120293696383, -0.012119420203444014, -0.012257023339533935, -0.012365254512566076, -0.01243694819665073],
    "scf_converged": [true, true, true, true, true, true, true, true, true, true, true, true, true, true, true, true, true, true, true, true, true],
    "cc_converged": [true, true, true, true, true, true, true, true, true, true, true, true, true, true, true, true, true, true, true, true, true],
    "t1_diagnostic": [0.014670514483006054, 0.010689258531184673, 0.009225633006613445, 0.009793441195268282, 0.010042643072475762, 0.009081969139608397, 0.007432098119545329, 0.005891596952502929, 0.004809683926881613, 0.004132082963584748, 0.0037007354663674205, 0.0033970666743509976, 0.0031745588850030757, 0.0031656755241571926, 0.0031568472259685884, 0.003148072021416976, 0.003139349314575385, 0.002951457983985862, 0.0027706944649349328, 0.002612118268419885, 0.0024755017159026164]
}