{
    "schema_name": "pyscf_apdft_output",
    "provenance": {
        "creator": "PySCF",
        "version": "1.7.6"
    },
    "molecule": {
        "geometry": [[0.0, 0.0, 0.0]],
        "symbols": [ "H" ]
    },
    "molecular_charge": -2,
    "molecular_multiplicity": 4,
    "name": "h.chrg-2.mult4-pyscf-uccsd.augccpvtz",
    "atomic_numbers": [ 1 ],
    "n_electrons": 3,
    "model": {
        "method": "UCCSD",
        "basis": "aug-cc-pVTZ",
        "scf_conv_tol": 1e-09,
        "scf_conv_tol_grad": 1e-06,
        "cc_conv_tol": 1e-07,
        "cc_conv_tol_normt": 1e-05
    },
    "broken_symmetry": false,
    "finite_diff_delta": 0.01,
    "finite_diff_acc": 2,
    "apdft_lambdas": [-0.02, -0.01, 0.0, 0.01, 0.02, 0.25, 0.5, 0.75, 1.0, 1.25, 1.5, 1.75, 2.0, 2.25, 2.5, 2.75, 3.0, 3.25, 3.5, 3.75, 4.0],
    "electronic_energies": [-0.059113290888354285, -0.07353684130175792, -0.08806252244313102, -0.10269089342640368, -0.11742248276384255, -0.4855392145409596, -0.9502514779408405, -1.48019572701839, -2.07071923936187, -2.716510241834344, -3.4128536225702124, -4.154962808344998, -4.938081877548141, -5.7588426874786816, -6.615106227023456, -7.504716898655084, -8.424750434453106, -9.29992642798274, -10.301784615084989, -11.33348371796507, -12.3923048728189],
    "apdft_energies": {
        "0": [-0.08806252244313115, -0.08806252244313115, -0.08806252244313115, -0.08806252244313115, -0.08806252244313115, -0.08806252244313115, -0.08806252244313115, -0.08806252244313115, -0.08806252244313115, -0.08806252244313115, -0.08806252244313115, -0.08806252244313115, -0.08806252244313115, -0.08806252244313115, -0.08806252244313115, -0.08806252244313115, -0.08806252244313115, -0.08806252244313115, -0.08806252244313115, -0.08806252244313115, -0.08806252244313115],
        "1": [-0.05890847031848538, -0.07348549638080826, -0.08806252244313115, -0.10263954850545404, -0.11721657456777691, -0.4524881740012032, -0.8169138255592753, -1.181339477117347, -1.5457651286754193, -1.9101907802334914, -2.2746164317915634, -2.6390420833496355, -3.0034677349077077, -3.36789338646578, -3.732319038023852, -4.096744689581924, -4.461170341139995, -4.825595992698068, -5.19002164425614, -5.554447295814212, -5.918872947372284],
        "2": [-0.05911385000228399, -0.07353684130175792, -0.08806252244313115, -0.10269089342640368, -0.11742195425157552, -0.48457874959473546, -0.9452761279334044, -1.4701546574591375, -2.059214338171936, -2.7124551700717987, -3.429877153158726, -4.2114802874327175, -5.057264572893773, -5.967230009541895, -6.941376597377081, -7.9797043363993305, -9.082213226608644, -10.248903268005025, -11.479774460588468, -12.774826804358975, -14.134060299316548],
        "3": [-0.059113124918152835, -0.07353675066624152, -0.08806252244313115, -0.10269098406192008, -0.11742267933570667, -0.4859949295383946, -0.9566055674826773, -1.5083915159379337, -2.149849854566119, -2.8894776630291874, -3.735772020989093, -4.697230008107792, -5.782348704047237, -6.999625188469384, -8.357556541036189, -9.864639841409604, -11.529372169251584, -13.360250604224085, -15.365772225989065, -17.55443411420847, -19.934733348544256],
        "4": [-0.05911310451704441, -0.07353674939117225, -0.08806252244313115, -0.10269098278685079, -0.11742265893459825, -0.4854968556020609, -0.9486363845013377, -1.4680475270949018, -2.022342926864685, -2.578181452820609, -3.090268199500586, -3.5013544869705178, -3.742237860824299, -3.731762092183814, -3.3768171776989373, -2.5723393395475336, -1.2013110254354602, 0.8652390914034395, 3.7682361122073242, 7.660558912686372, 12.707040143022754]
    },
    "apdft_poly_coeff": [ -0.08806252244313115, -1.4577026062322882, -0.5134492094965165, -0.09063551639418298, 0.12750692770143365 ],
    "hf_energies": [-0.05414493549086219, -0.06855251276014163, -0.08306334195534693, -0.09767799042665237, -0.11239699203089426, -0.4805115644872687, -0.9455674782172437, -1.475779960879423, -2.0662688435503895, -2.711698006766029, -3.407484252018868, -4.148971955716824, -4.931452639349312, -5.75164710536527, -6.607541261676945, -7.497024506696471, -8.417113175311766, -9.28651646589944, -10.288797411309167, -11.320972300150702, -12.380334640978639],
    "scf_converged": [true, true, true, true, true, true, true, true, true, true, true, true, true, true, true, true, true, true, true, true, true],
    "cc_converged": [true, true, true, true, true, true, true, true, true, true, true, true, true, true, true, true, true, true, true, true, true],
    "scf_spin_squared": [3.75, 3.75, 3.75, 3.75, 3.75, 3.75, 3.75, 3.75, 3.75, 3.75, 3.75, 3.75, 3.75, 3.75, 3.75, 3.75, 3.75, 3.75, 3.75, 3.75, 3.75],
    "cc_spin_squared": [3.7499999999999982, 3.7500000000000018, 3.7499999999999987, 3.7499999999999964, 3.749999999999999, 3.750000000000002, 3.7500000000000018, 3.7500000000000004, 3.7500000000000018, 3.7500000000000044, 3.7500000000000018, 3.749999999999996, 3.7500000000000018, 3.7499999999999982, 3.7499999999999973, 3.750000000000008, 3.7500000000000044, 3.75, 3.7499999999999982, 3.750000000000003, 3.749999999999997]
}