{
    "schema_name": "pyscf_qa_output",
    "provenance": {
        "creator": "PySCF",
        "version": "1.7.6"
    },
    "molecule": {
        "geometry": [[0.0, 0.0, 0.0]],
        "symbols": [ "N" ]
    },
    "molecular_charge": 0,
    "molecular_multiplicity": 4,
    "name": "n.chrg0.mult4-pyscf-uccsdt.augccpvqz",
    "atomic_numbers": [ 7 ],
    "n_electrons": 7,
    "model": {
        "method": "UCCSD(T)",
        "basis": "aug-cc-pVQZ",
        "scf_conv_tol": 1e-09,
        "scf_conv_tol_grad": 1e-06,
        "cc_conv_tol": 1e-07,
        "cc_conv_tol_normt": 1e-05
    },
    "broken_symmetry": false,
    "finite_diff_delta": 0.01,
    "finite_diff_acc": 2,
    "qa_lambdas": [-2.0, -1.75, -1.5, -1.25, -1.0, -0.75, -0.5, -0.25, -0.02, -0.01, 0.0, 0.01, 0.02, 0.25, 0.5, 0.75, 1.0, 1.25, 1.5, 1.75, 2.0],
    "electronic_energies": [-24.426935703560243, -27.488469571957534, -30.744812611530428, -34.2006317702965, -37.86001783844629, -41.72528754479116, -45.7965371733526, -50.07296351416554, -54.18786846124357, -54.37069523200844, -54.55384812081688, -54.73732707907232, -54.92113205736898, -59.23850038711779, -64.12594432658246, -69.214727949692, -74.50285024804805, -79.9877375415395, -85.66623708629008, -91.53462658706356, -97.58864667990197],
    "qats_energies": {
        "0": [-54.553848120816866, -54.553848120816866, -54.553848120816866, -54.553848120816866, -54.553848120816866, -54.553848120816866, -54.553848120816866, -54.553848120816866, -54.553848120816866, -54.553848120816866, -54.553848120816866, -54.553848120816866, -54.553848120816866, -54.553848120816866, -54.553848120816866, -54.553848120816866, -54.553848120816866, -54.553848120816866, -54.553848120816866, -54.553848120816866, -54.553848120816866],
        "1": [-17.890663414428303, -22.473561502726874, -27.056459591025444, -31.639357679324014, -36.222255767622585, -40.805153855921155, -45.388051944219725, -49.970950032518296, -54.18721627375298, -54.37053219728492, -54.553848120816866, -54.73716404434881, -54.92047996788075, -59.13674620911544, -63.71964429741401, -68.30254238571257, -72.88544047401115, -77.46833856230973, -82.05123665060829, -86.63413473890685, -91.21703282720543],
        "2": [-24.41205235496963, -27.466499910328828, -30.72474087007994, -34.18677523422297, -37.85260300275792, -41.72222417568478, -45.79563875300356, -50.072846734714254, -54.187868412647035, -54.37069523200844, -54.553848120816866, -54.73732707907232, -54.921132106774806, -59.238642911311395, -64.12723110619784, -69.21961270547621, -74.51578770914648, -80.01575611720867, -85.71951792966279, -91.62707314650882, -97.73842176774676],
        "3": [-24.477387261639638, -27.51026919350815, -30.75230403383135, -34.2027261391717, -37.86076986609167, -41.7256695711537, -45.79665961092028, -50.072974341953845, -54.187868477981944, -54.3706952401753, -54.553848120816866, -54.73732707090546, -54.9211320414399, -59.238515304071804, -64.12621024828113, -69.21616731000728, -74.50762084581272, -79.99980521225994, -85.69195476591138, -91.58330386332949, -97.67308686107674],
        "4": [-24.423433856932746, -27.47864269821976, -30.73523283937331, -34.19449350295544, -37.85739777829748, -41.72460262150008, -45.79644885543314, -50.0729611697359, -54.18786847744241, -54.37069524014158, -54.553848120816866, -54.737327070871736, -54.92113204090037, -59.238502131853856, -64.12599949279398, -69.21510036035365, -74.50424875801855, -79.99157257604368, -85.67488357145334, -91.5516773680411, -97.61913345636987]
    },
    "qats_poly_coeffs": [ -54.553848120816866, -18.33159235319428, -1.630347235135332, 0.008166863333750976, 0.003372087794180819 ],
    "hf_energies": [-24.284632466658493, -27.338384555769974, -30.5902344781667, -34.04499432263116, -37.705381693940666, -41.572014335442276, -45.644375094115816, -49.921813499752844, -54.03774325858758, -54.22061816246125, -54.40381952064283, -54.58734728797597, -54.77120141835827, -59.08980092487059, -63.97881935247871, -69.0694392292829, -74.35966217336423, -79.84690050434716, -85.52797087820352, -91.39910870579082, -97.45600791741053],
    "triples_corrections": [-0.006361917758533071, -0.006813446960876253, -0.006859131014433795, -0.006344121895499367, -0.005451669835420257, -0.004608089649274638, -0.003970822104197379, -0.0034833472083933103, -0.003114862814672611, -0.0031001577662154644, -0.0030855515041501662, -0.0030710430023038193, -0.0030566312663155067, -0.0027499327747388283, -0.0024637209296940817, -0.0022175676549392592, -0.002002952838130541, -0.0018126660410267518, -0.0016413531724385052, -0.0014854863705641745, -0.00134293870432507],
    "scf_converged": [true, true, true, true, true, true, true, true, true, true, true, true, true, true, true, true, true, true, true, true, true],
    "cc_converged": [true, true, true, true, true, true, true, true, true, true, true, true, true, true, true, true, true, true, true, true, true],
    "scf_spin_squared": [3.753747665298824, 3.750200546298107, 3.750895391430284, 3.7541478455194004, 3.7572633295479982, 3.7586738277234124, 3.7587959879918347, 3.758420343559677, 3.7579410784776295, 3.75791884455481, 3.757896522738876, 3.7578741155661626, 3.7578516255082035, 3.757316711816914, 3.7567191226878873, 3.7561390003100152, 3.7556026016203683, 3.7551206893091162, 3.7546910040059602, 3.7543049500069214, 3.7539533924627935],
    "cc_spin_squared": [3.7516384196145824, 3.7512152029901524, 3.7508679927651745, 3.7506341246833728, 3.7504864114946193, 3.7503799884689317, 3.750295294910717, 3.7502312317556163, 3.750187590279672, 3.7501859557637314, 3.7501843402429538, 3.750182743392633, 3.750181164892883, 3.7501492540298997, 3.7501219916842032, 3.750100211348049, 3.750082645854655, 3.7500685232350124, 3.75005718583748, 3.75004808273889, 3.7500407286127784]
}