{
    "schema_name": "pyscf_qa_output",
    "provenance": {
        "creator": "PySCF",
        "version": "1.7.6"
    },
    "molecule": {
        "geometry": [[0.0, 0.0, 0.0]],
        "symbols": [ "He" ]
    },
    "molecular_charge": 0,
    "molecular_multiplicity": 1,
    "name": "he.chrg0.mult1-pyscf-ccsd.augccpvqz",
    "atomic_numbers": [ 2 ],
    "n_electrons": 2,
    "model": {
        "method": "CCSD",
        "basis": "aug-cc-pVQZ",
        "scf_conv_tol": 1e-09,
        "scf_conv_tol_grad": 1e-06,
        "cc_conv_tol": 1e-07,
        "cc_conv_tol_normt": 1e-05
    },
    "broken_symmetry": false,
    "finite_diff_delta": 0.01,
    "finite_diff_acc": 2,
    "qa_lambdas": [-1.0, -0.75, -0.5, -0.25, -0.02, -0.01, 0.0, 0.01, 0.02, 0.25, 0.5, 0.75, 1.0, 1.25, 1.5, 1.75, 2.0],
    "electronic_energies": [-0.5232813591339848, -0.9329689785104661, -1.464463058615445, -2.121146170116677, -2.8354325289843434, -2.8688832739328154, -2.90253357949116, -2.9363834350647338, -2.9704328284729407, -3.808592274491028, -4.838918191151534, -5.9927751802812885, -7.269063793377188, -8.666075215092482, -10.181279168925295, -11.811189331994607, -13.551273564976086],
    "qats_energies": {
        "0": [-2.9025335794911573, -2.9025335794911573, -2.9025335794911573, -2.9025335794911573, -2.9025335794911573, -2.9025335794911573, -2.9025335794911573, -2.9025335794911573, -2.9025335794911573, -2.9025335794911573, -2.9025335794911573, -2.9025335794911573, -2.9025335794911573, -2.9025335794911573, -2.9025335794911573, -2.9025335794911573, -2.9025335794911573],
        "1": [0.4724744771047611, -0.3712775370442185, -1.215029551193198, -2.0587815653421777, -2.835033418359239, -2.868783498925198, -2.9025335794911573, -2.9362836600571165, -2.9700337406230757, -3.746285593640137, -4.5900376077891165, -5.433789621938097, -6.277541636087076, -7.121293650236055, -7.965045664385035, -8.808797678534015, -9.652549692682994],
        "2": [-0.5252755990678821, -0.9325119548913303, -1.464467070236359, -2.121140945102968, -2.835432518389708, -2.8688832739328154, -2.9025335794911573, -2.9363834350647338, -2.9704328406535447, -3.808644973400927, -4.839475126832277, -5.995024039785208, -7.275291712259719, -8.68027814425581, -10.209983335773483, -11.864407286812733, -13.643549997373567],
        "3": [-0.5271735356905602, -0.9333126469040227, -1.4647043123141936, -2.121170600362697, -2.835432533573201, -2.868883275830752, -2.9025335794911573, -2.9363834331667973, -2.9704328254700516, -3.808615318141198, -4.839237884754443, -5.9942233477725155, -7.27339377563704, -8.676571236789641, -10.203577799671944, -11.85423553272557, -13.62836650439214],
        "4": [-0.5205653309663965, -0.9312217696280178, -1.4642912995189334, -2.1211447870629936, -2.8354325325158882, -2.86888327576467, -2.9025335794911573, -2.936383433100715, -2.970432824412739, -3.808589504841494, -4.838824871959182, -5.992132470496511, -7.266785570912877, -8.660437924474788, -10.170123763255862, -11.792257800136825, -13.522635228805516]
    },
    "qats_poly_coeffs": [ -2.9025335794911573, -3.3750080565959184, -0.9977500761726432, 0.001897936622678268, 0.006608204724164087 ],
    "hf_energies": [-0.486093775192992, -0.8933642532945834, -1.4242549501626725, -2.080436717794538, -2.7944381631141906, -2.827880160746266, -2.8615219956324633, -2.8953636546939054, -2.9294051234266805, -3.767454316986126, -4.797819442088298, -5.9519115249034344, -7.228692124533013, -8.626529406753846, -10.142953072933436, -11.774486236377157, -13.51654193447583],
    "scf_converged": [true, true, true, true, true, true, true, true, true, true, true, true, true, true, true, true, true],
    "cc_converged": [true, true, true, true, true, true, true, true, true, true, true, true, true, true, true, true, true],
    "t1_diagnostic": [0.007789932564802443, 0.008197811463938819, 0.004548521712139362, 0.002372520823180345, 0.0015351177049339653, 0.0015100833752820417, 0.0014856685347330021, 0.0014618498605054116, 0.001438603167369821, 0.0010261318785744341, 0.0007626674434078839, 0.0006175844050086948, 0.0005382997656086454, 0.0005010631409697725, 0.0004998230584727083, 0.0005243887424302862, 0.0005561163377627904]
}