{
    "schema_name": "pyscf_qa_output",
    "provenance": {
        "creator": "PySCF",
        "version": "1.7.6"
    },
    "molecule": {
        "geometry": [[0.0, 0.0, 0.0]],
        "symbols": [ "Be" ]
    },
    "molecular_charge": 1,
    "molecular_multiplicity": 4,
    "name": "be.chrg1.mult4-pyscf-uccsd.augccpvtz",
    "atomic_numbers": [ 4 ],
    "n_electrons": 3,
    "model": {
        "method": "UCCSD",
        "basis": "aug-cc-pVTZ",
        "scf_conv_tol": 1e-09,
        "scf_conv_tol_grad": 1e-06,
        "cc_conv_tol": 1e-07,
        "cc_conv_tol_normt": 1e-05
    },
    "broken_symmetry": false,
    "finite_diff_delta": 0.01,
    "finite_diff_acc": 2,
    "qa_lambdas": [-3.0, -2.75, -2.5, -2.25, -2.0, -1.75, -1.5, -1.25, -1.0, -0.75, -0.5, -0.25, -0.02, -0.01, 0.0, 0.01, 0.02, 0.25, 0.5, 0.75, 1.0],
    "electronic_energies": [-0.38937891903280614, -0.7005929027236187, -1.0705480459376626, -1.5079842268549617, -2.030621607422004, -2.713143959902614, -3.4614331109879677, -4.320427522129521, -5.286829032984943, -6.352942627584799, -7.507780480462453, -8.739557011999015, -9.931139941155768, -9.984084568741933, -10.03711853374269, -10.09024120184175, -10.143451940451419, -11.390176440391828, -12.789160064088719, -14.225231859599377, -15.6905230598583],
    "qats_energies": {
        "0": [-10.0371185337427, -10.0371185337427, -10.0371185337427, -10.0371185337427, -10.0371185337427, -10.0371185337427, -10.0371185337427, -10.0371185337427, -10.0371185337427, -10.0371185337427, -10.0371185337427, -10.0371185337427, -10.0371185337427, -10.0371185337427, -10.0371185337427, -10.0371185337427, -10.0371185337427, -10.0371185337427, -10.0371185337427, -10.0371185337427, -10.0371185337427],
        "1": [5.886376431229774, 4.559418517482069, 3.2324606037343617, 1.9055026899866547, 0.5785447762389495, -0.7484131375087557, -2.0753710512564627, -3.402328965004169, -4.729286878751875, -6.056244792499581, -7.383202706247287, -8.710160619994994, -9.930961900642883, -9.984040217192792, -10.0371185337427, -10.090196850292607, -10.143275166842516, -11.364076447490405, -12.691034361238112, -14.017992274985819, -15.344950188733524],
        "2": [1.8947370084740633, 1.2053326136387277, 0.46048878237622937, -0.3397944853134316, -1.1955171894302552, -2.1066793299742415, -3.0732809069453904, -4.095321920343702, -5.172802370169176, -6.305722256421813, -7.494081579101612, -8.737880338208575, -9.93113930683945, -9.984084568741933, -10.0371185337427, -10.09024120184175, -10.143452573039083, -11.391796165703987, -12.801913234092437, -14.26746973890805, -15.788465680150825],
        "3": [-0.9557969524001386, -0.9903043666411104, -1.1891257783148586, -1.5423635000572347, -2.0401198445040922, -2.6724971242912847, -3.4295976520546656, -4.3015237404300875, -5.2783777020534055, -6.350261849560472, -7.5072784955871406, -8.739529952769265, -9.931140151442104, -9.984084674317264, -10.0371185337427, -10.090241096266418, -10.143451728436428, -11.390146551143296, -12.788716317606909, -14.22293014576939, -15.682890348266596],
        "4": [-1.5392154659002166, -1.4022367767565935, -1.4704811571246967, -1.72696076409437, -2.1553630076646018, -2.7400505507435273, -3.4660613091484205, -4.319108451605702, -5.285580399750938, -6.3525408281288325, -7.5077286641932375, -8.739558088307147, -9.931140152594537, -9.984084674389292, -10.0371185337427, -10.090241096338444, -10.14345172958886, -11.390174686681176, -12.789166486213004, -14.22520912433775, -15.690093045964126]
    },
    "qats_poly_coeffs": [ -10.0371185337427, -5.307831654990824, -0.4435154914173012, 0.10557533188422968, -0.0072026976975318275 ],
    "hf_energies": [-0.3890154306555258, -0.7002155315061709, -1.0696442458416038, -1.503860593248759, -2.0198303580053993, -2.707039326662793, -3.4552532258183146, -4.314269498053913, -5.280904247071715, -6.347379454362429, -7.502624097340565, -8.734824649908264, -9.926806449093162, -9.979768420586778, -10.032819716465546, -10.085959700555083, -10.139187738377947, -11.386300915056575, -12.785668618416244, -14.222067041553228, -15.687627251812419],
    "scf_converged": [true, true, true, true, true, true, true, true, true, true, true, true, true, true, true, true, true, true, true, true, true],
    "cc_converged": [true, true, true, true, true, true, true, true, true, true, true, true, true, true, true, true, true, true, true, true, true],
    "scf_spin_squared": [3.75, 3.75, 3.75, 3.75, 3.75, 3.75, 3.75, 3.75, 3.75, 3.75, 3.75, 3.75, 3.75, 3.75, 3.75, 3.75, 3.75, 3.75, 3.75, 3.75, 3.75],
    "cc_spin_squared": [3.75, 3.750000000000002, 3.75, 3.7500000000000027, 3.7500000000000036, 3.7500000000000036, 3.7499999999999956, 3.749999999999994, 3.7499999999999982, 3.7500000000000027, 3.75, 3.750000000000007, 3.750000000000001, 3.7500000000000058, 3.7499999999999987, 3.750000000000003, 3.7500000000000027, 3.7500000000000013, 3.7499999999999947, 3.7500000000000058, 3.750000000000006]
}