{
    "schema_name": "pyscf_qa_output",
    "provenance": {
        "creator": "PySCF",
        "version": "1.7.6"
    },
    "molecule": {
        "geometry": [[0.0, 0.0, 0.0]],
        "symbols": [ "Si" ]
    },
    "molecular_charge": 1,
    "molecular_multiplicity": 2,
    "name": "si.chrg1.mult2-pyscf-uccsdt.augccpv5z",
    "atomic_numbers": [ 14 ],
    "n_electrons": 13,
    "model": {
        "method": "UCCSD(T)",
        "basis": "aug-cc-pV5Z",
        "scf_conv_tol": 1e-09,
        "scf_conv_tol_grad": 1e-06,
        "cc_conv_tol": 1e-07,
        "cc_conv_tol_normt": 1e-05
    },
    "broken_symmetry": false,
    "finite_diff_delta": 0.01,
    "finite_diff_acc": 2,
    "qa_lambdas": [-3.0, -2.75, -2.5, -2.25, -2.0, -1.75, -1.5, -1.25, -1.0, -0.75, -0.5, -0.25, -0.02, -0.01, 0.0, 0.01, 0.02, 0.25, 0.5, 0.75, 1.0],
    "electronic_energies": [-156.22650524289483, -166.0450217804939, -176.10568123793914, -186.3996794194086, -196.93727850114954, -207.70822265393718, -218.70265051099284, -229.9098860287623, -241.3193770902679, -252.92163126199418, -264.70820582234927, -276.6715153662229, -287.8279552562632, -288.3162031470133, -288.804713249316, -289.29348518527325, -289.7825185784884, -301.10160359094857, -313.5565463960749, -326.164356417715, -338.92020600542645],
    "qats_energies": {
        "0": [-288.80471324933103, -288.80471324933103, -288.80471324933103, -288.80471324933103, -288.80471324933103, -288.80471324933103, -288.80471324933103, -288.80471324933103, -288.80471324933103, -288.80471324933103, -288.80471324933103, -288.80471324933103, -288.80471324933103, -288.80471324933103, -288.80471324933103, -288.80471324933103, -288.80471324933103, -288.80471324933103, -288.80471324933103, -288.80471324933103, -288.80471324933103],
        "1": [-142.21240751033952, -154.4284329885888, -166.6444584668381, -178.8604839450874, -191.0765094233367, -203.29253490158598, -215.50856037983527, -227.72458585808457, -239.94061133633386, -252.15663681458315, -264.37266229283244, -276.5886877710817, -287.8274312110711, -288.31607223020103, -288.80471324933103, -289.29335426846103, -289.781995287591, -301.02073872758035, -313.2367642058296, -325.4527896840789, -337.6688151623282],
        "2": [-153.99492061312662, -164.3290169152363, -174.82675923266248, -185.48814756540514, -196.3131819134643, -207.30186227683993, -218.45418865553205, -229.77016104954066, -241.24977945886576, -252.89304388350735, -264.6999543234654, -276.67051077874, -287.8279548783201, -288.3162031470133, -288.80471324933103, -289.29348518527325, -289.78251895484, -301.10256173523857, -313.5640562364626, -326.1891967530031, -338.9779832848601],
        "3": [-155.69208359927393, -165.6362645625523, -175.80891373853476, -186.20413820018604, -196.81604502047088, -207.6387412723541, -218.66633402880046, -229.89293036277468, -241.31263734724158, -252.9195620551659, -264.7078115595124, -276.6714929332459, -287.8279553811832, -288.3162032098712, -288.80471324933103, -289.29348512241535, -289.7825184519769, -301.1015795807327, -313.55619900041563, -326.16267858134455, -338.91512539648426],
        "4": [-156.22919635354697, -166.01550201602993, -176.06793802203836, -186.37408403259275, -196.92214136699397, -207.70093300282332, -218.69990357594253, -229.90911938049368, -241.3192683688993, -252.92166015186228, -264.708225998366, -276.6715188356742, -287.82795538224417, -288.3162032099375, -288.80471324933103, -289.2934851224817, -289.7825184530378, -301.10160548316105, -313.5566134392692, -326.16477667804094, -338.92175641814197]
    },
    "qats_poly_coeffs": [ -288.80471324933103, -48.86410191299717, -1.3091681225319007, 0.0628578883758261, -0.006631021657691842 ],
    "hf_energies": [-155.95287321379453, -165.76435095312087, -175.82919242198568, -186.1266994903133, -196.66792799083063, -207.44292473518723, -218.4420357911503, -229.65447202034093, -241.0694992176662, -252.67749518229013, -264.469920457086, -276.4391149393421, -287.60094913036994, -288.08943053314266, -288.5781740407287, -289.0671792729157, -289.55644585095035, -300.8808583858357, -313.34149661796596, -325.9548800434944, -338.7161613443486],
    "triples_corrections": [-0.004370661199899501, -0.010274370549622498, -0.004603341703991215, -0.004622971723909834, -0.004605900507596844, -0.004518178638462186, -0.004371799782358328, -0.004214942872148216, -0.004060781233633266, -0.00390751969181014, -0.003755329995463315, -0.003606330580192966, -0.0034742402794183417, -0.0034686351424175472, -0.003463042635421582, -0.003457462886366901, -0.0034518960220703216, -0.0033276898087418877, -0.0032020078012685036, -0.0030872884302193863, -0.002984457491912997],
    "scf_converged": [true, true, true, true, true, true, true, true, true, true, true, true, true, true, true, true, true, true, true, true, true],
    "cc_converged": [true, true, true, true, true, true, true, true, true, true, true, true, true, true, true, true, true, true, true, true, true],
    "scf_spin_squared": [1.7500008338900228, 1.7500168113554135, 0.7957122554370919, 0.7829056122912039, 0.7758969468547949, 0.7742292700833806, 0.7736981622889729, 0.7724978151976458, 0.7710362933785255, 0.7696695695462399, 0.7684615252724996, 0.7674034004730146, 0.7665543803242567, 0.7665200896667246, 0.7664860130580937, 0.7664521498644339, 0.7664184994374548, 0.7657015589503207, 0.7650375025200766, 0.7644781698307739, 0.7640084074004143],
    "cc_spin_squared": [2.1369085357423203, 3.6116074051546527, 0.7506245734291248, 0.7505192020477893, 0.7504425743900751, 0.7503846051616434, 0.7503245211312151, 0.7502693575119657, 0.7502262347288933, 0.7501935958325858, 0.7501682148453104, 0.7501479993775253, 0.7501328402072551, 0.7501322441302292, 0.7501316528872284, 0.7501310664321461, 0.7501304847189174, 0.7501183074392732, 0.7501073335830291, 0.7500982329389578, 0.7500906084676147]
}