{
    "schema_name": "pyscf_apdft_output",
    "provenance": {
        "creator": "PySCF",
        "version": "1.7.6"
    },
    "molecule": {
        "geometry": [[0.0, 0.0, 0.0]],
        "symbols": [ "Ne" ]
    },
    "molecular_charge": 1,
    "molecular_multiplicity": 4,
    "name": "ne.chrg1.mult4-pyscf-uccsdt.augccpvqz",
    "atomic_numbers": [ 10 ],
    "n_electrons": 9,
    "model": {
        "method": "UCCSD(T)",
        "basis": "aug-cc-pVQZ",
        "scf_conv_tol": 1e-09,
        "scf_conv_tol_grad": 1e-06,
        "cc_conv_tol": 1e-05,
        "cc_conv_tol_normt": 1e-07
    },
    "broken_symmetry": false,
    "finite_diff_delta": 0.01,
    "finite_diff_acc": 2,
    "apdft_lambdas": [-3.0, -2.75, -2.5, -2.25, -2.0, -1.75, -1.5, -1.25, -1.0, -0.75, -0.5, -0.25, -0.02, -0.01, 0.0, 0.01, 0.02, 0.25, 0.5, 0.75, 1.0],
    "electronic_energies": [-53.95881432940172, -58.82848159598186, -63.92122011909773, -69.23831994717271, -74.77944020382948, -80.54333624582532, -86.52888750409274, -92.73550663052089, -99.16307069441432, -105.73122439426633, -112.59338006011863, -119.66662130591504, -126.37065864310081, -126.66642419829967, -126.96254727855226, -127.25902800905634, -127.5558664206477, -134.62511325012343, -142.38524438917116, -150.36865083437803, -158.57518746380734],
    "apdft_energies": {
        "0": [-126.96254728790763, -126.96254728790763, -126.96254728790763, -126.96254728790763, -126.96254728790763, -126.96254728790763, -126.96254728790763, -126.96254728790763, -126.96254728790763, -126.96254728790763, -126.96254728790763, -126.96254728790763, -126.96254728790763, -126.96254728790763, -126.96254728790763, -126.96254728790763, -126.96254728790763, -126.96254728790763, -126.96254728790763, -126.96254728790763, -126.96254728790763],
        "1": [-38.07197567440696, -45.47952330886534, -52.887070943323735, -60.29461857778213, -67.70216621224051, -75.1097138466989, -82.51726148115729, -89.92480911561569, -97.33235675007407, -104.73990438453245, -112.14745201899085, -119.55499965344924, -126.36994347715095, -126.6662453825293, -126.96254728790763, -127.25884919328595, -127.5551510986643, -134.370094922366, -141.7776425568244, -149.1851901912828, -156.59273782574118],
        "2": [-54.16539500822054, -59.00246594352815, -64.06305659180539, -69.34716695305227, -74.85479702726877, -80.58594681445491, -86.54061631461069, -92.7188055277361, -99.12051445383113, -105.74574309289581, -112.59449144493011, -119.66675950993405, -126.37065874023246, -126.66642419829967, -126.96254728790763, -127.25902800905634, -127.5558663617458, -134.48185477885085, -142.22468198276368, -150.19102889964614, -158.38089552949825],
        "3": [-53.814319519540135, -58.73204842302259, -63.85988790622645, -69.19905698126522, -74.75077466025235, -80.51625995530134, -86.49673187852564, -92.69340944203873, -99.10751165795408, -105.74025753838518, -112.59286609544549, -119.66655634124848, -126.3706586362101, -126.66642418529688, -126.96254728790763, -127.25902802205913, -127.55586646576816, -134.48205794753642, -142.2263073322483, -150.19651445415678, -158.3938983253753],
        "4": [-40.9117716893887, -49.621988489513356, -57.63759439245743, -65.11661020688138, -72.20212323701256, -79.0222872826454, -85.69032263914117, -92.30451609742816, -98.94822094400159, -105.68985696092365, -112.58291042582346, -119.6659341118971, -126.37065861072358, -126.66642418370397, -126.96254728790763, -127.25902802046623, -127.55586644028165, -134.48143571818503, -142.21635166262627, -150.14611387669524, -158.2346076114228]
    },
    "apdft_poly_coeff": [ -126.96254728790763, -29.630190537833556, -1.788157703757065, -0.013002795877052144, 0.15929071395248684 ],
    "hf_energies": [-53.708077740795474, -58.57954076626106, -63.67608764366737, -68.99745398735253, -74.54236198193486, -80.30938459628788, -86.29753289330499, -92.50637237967986, -98.93588623966926, -105.51267555475427, -112.37502472083953, -119.44905355095798, -126.15374388200091, -126.44953636658579, -126.745686320191, -127.04219379592743, -127.3390588466913, -134.40576312008193, -142.1674127136709, -150.1524204088194, -158.36068253064704],
    "triples_corrections": [-0.010419610805354638, -0.009499793059700164, -0.008229548117287263, -0.006973271023981607, -0.005954600254363552, -0.005175183894183805, -0.004567183784203138, -0.004076820571616218, -0.0036727895378517584, -0.003165555802020775, -0.003040745869973576, -0.0029122232326235188, -0.0028467164560339, -0.0028450386459233762, -0.002843439574235685, -0.002841949744081969, -0.0028405573625671175, -0.002461833570673836, -0.002319320185155143, -0.002194369756641165, -0.002082071419576626],
    "scf_converged": [true, true, true, true, true, true, true, true, true, true, true, true, true, true, true, true, true, true, true, true, true],
    "cc_converged": [true, true, true, true, true, true, true, true, true, true, true, true, true, true, true, true, true, true, true, true, true],
    "scf_spin_squared": [3.7779649536530178, 3.7626690311061033, 3.7579276557611867, 3.756340529337022, 3.7556518742194442, 3.755242975955026, 3.7549188888291702, 3.7546154615919036, 3.754315680679387, 3.7548065425108375, 3.754456510794901, 3.754065772330726, 3.753756133050311, 3.753743622769601, 3.7537311869926215, 3.75371882516791, 3.753706536095379, 3.7529804124788013, 3.752769283866474, 3.7525771144958244, 3.752402322681715],
    "cc_spin_squared": [3.751521735323961, 3.7511323531278054, 3.750715266638152, 3.750434330030704, 3.750277989693563, 3.7501932085002205, 3.7501439722480523, 3.7501126538162657, 3.750091022970323, 3.7500818115890677, 3.750096082959023, 3.7500867667115427, 3.750081297542224, 3.750081119587042, 3.750080944889292, 3.7500807739322766, 3.7500806073647674, 3.750040122332354, 3.7500351955064497, 3.750031139492334, 3.7500277576156362]
}