{
    "schema_name": "pyscf_apdft_output",
    "provenance": {
        "creator": "PySCF",
        "version": "1.7.6"
    },
    "molecule": {
        "geometry": [[0.0, 0.0, 0.0]],
        "symbols": [ "He" ]
    },
    "molecular_charge": 0,
    "molecular_multiplicity": 1,
    "name": "he.chrg0.mult1-pyscf-ccsd.augccpv5z",
    "atomic_numbers": [ 2 ],
    "n_electrons": 2,
    "model": {
        "method": "CCSD",
        "basis": "aug-cc-pV5Z",
        "scf_conv_tol": 1e-09,
        "scf_conv_tol_grad": 1e-06,
        "cc_conv_tol": 1e-07,
        "cc_conv_tol_normt": 1e-05
    },
    "broken_symmetry": false,
    "finite_diff_delta": 0.01,
    "finite_diff_acc": 2,
    "apdft_lambdas": [-1.0, -0.75, -0.5, -0.25, -0.02, -0.01, 0.0, 0.01, 0.02, 0.25, 0.5, 0.75, 1.0, 1.25, 1.5, 1.75, 2.0],
    "electronic_energies": [-0.5239792042540224, -0.9332632017231699, -1.464886868013707, -2.1216351938617253, -2.836080483464023, -2.869540591226838, -2.903200502855648, -2.9370602187465504, -2.971119738821919, -3.8096294417242693, -4.840883754143956, -5.996873807264818, -7.277430749063647, -8.682258125728545, -10.210926461613912, -11.862858893615186, -13.63728032940128],
    "apdft_energies": {
        "0": [-2.90320050285565, -2.90320050285565, -2.90320050285565, -2.90320050285565, -2.90320050285565, -2.90320050285565, -2.90320050285565, -2.90320050285565, -2.90320050285565, -2.90320050285565, -2.90320050285565, -2.90320050285565, -2.90320050285565, -2.90320050285565, -2.90320050285565, -2.90320050285565, -2.90320050285565],
        "1": [0.4727808731299761, -0.37121447086643045, -1.215209814862837, -2.0592051588592435, -2.8356808753359375, -2.8694406890957938, -2.90320050285565, -2.9369603166155063, -2.9707201303753625, -3.7471958468520565, -4.591191190848463, -5.43518653484487, -6.2791818788412765, -7.123177222837683, -7.967172566834089, -8.811167910830497, -9.655163254826903],
        "2": [-0.5262404373116296, -0.9331639579898336, -1.4649651424732384, -2.121643990761844, -2.836080483860114, -2.869540591226838, -2.90320050285565, -2.9370602187465504, -2.971119738899539, -3.809634678754657, -4.840946518458864, -5.997136021968273, -7.278203189282882, -8.684148020402692, -10.214970515327702, -11.870670674057914, -13.651248496593325],
        "3": [-0.5262138980593525, -0.9331527617427793, -1.4649618250667038, -2.121643576086027, -2.8360804836478, -2.8695405912002987, -2.90320050285565, -2.9370602187730896, -2.9711197391118533, -3.8096350934304737, -4.840949835865399, -5.997147218215328, -7.278229728535159, -8.684199854879795, -10.215060085304138, -11.870812907863087, -13.651460810611544],
        "4": [-0.524240097306881, -0.9325282388484424, -1.4648384625196742, -2.1216358659268377, -2.836080483331992, -2.8695405911805607, -2.90320050285565, -2.9370602187533517, -2.971119738796045, -3.8096273832712844, -4.840826473318369, -5.996522695320991, -7.276255927782687, -8.679381005386459, -10.205067718994751, -11.85230081564948, -13.619879998572003]
    },
    "apdft_poly_coeff": [ -2.90320050285565, -3.375981375985626, -0.9990213104416057, -2.653925227728374e-05, 0.001973800752471296 ],
    "hf_energies": [-0.48627474103375523, -0.8934734968525239, -1.424396395382662, -2.0805243794271018, -2.79453836599594, -2.827982631595263, -2.8616269292458063, -2.895471257905573, -2.9295156161163174, -3.7677362697285384, -4.79879780596548, -5.954710372221471, -7.23529707127647, -8.64025938079269, -10.169172021625647, -11.82146859947993, -13.596390362123467],
    "scf_converged": [true, true, true, true, true, true, true, true, true, true, true, true, true, true, true, true, true],
    "cc_converged": [true, true, true, true, true, true, true, true, true, true, true, true, true, true, true, true, true],
    "t1_diagnostic": [0.008204233513571833, 0.008470180915090067, 0.004384023511348008, 0.00231053712368157, 0.0014945377746149733, 0.0014695629007378775, 0.0014451433510005913, 0.0014213420478644818, 0.0013980840108193926, 0.0009833853238196467, 0.0007071123001778582, 0.0005338659823559067, 0.0004205713051262577, 0.00034595570003774506, 0.0002987539995668508, 0.0002712999852994057, 0.000257832554912873]
}