{
    "schema_name": "pyscf_apdft_output",
    "provenance": {
        "creator": "PySCF",
        "version": "1.7.6"
    },
    "molecule": {
        "geometry": [[0.0, 0.0, 0.0]],
        "symbols": [ "N" ]
    },
    "molecular_charge": 2,
    "molecular_multiplicity": 4,
    "name": "n.chrg2.mult4-pyscf-uccsdt.augccpvqz",
    "atomic_numbers": [ 7 ],
    "n_electrons": 5,
    "model": {
        "method": "UCCSD(T)",
        "basis": "aug-cc-pVQZ",
        "scf_conv_tol": 1e-09,
        "scf_conv_tol_grad": 1e-06,
        "cc_conv_tol": 1e-07,
        "cc_conv_tol_normt": 1e-05
    },
    "broken_symmetry": false,
    "finite_diff_delta": 0.01,
    "finite_diff_acc": 2,
    "apdft_lambdas": [-4.0, -3.75, -3.5, -3.25, -3.0, -2.75, -2.5, -2.25, -2.0, -1.75, -1.5, -1.25, -1.0, -0.75, -0.5, -0.25, -0.02, -0.01, 0.0, 0.01, 0.02],
    "electronic_energies": [-7.208027237455311, -8.8047766781867, -10.54984225174423, -12.450820008102177, -14.514662751038959, -16.746942062405765, -19.151496698553817, -21.729986205437832, -24.482017412238307, -27.406431079684925, -30.502376508030544, -33.76949758557614, -37.20776004784495, -40.817300644088625, -44.59833213974116, -48.55104297824371, -52.33919525869125, -52.50719234655945, -52.675463814947705, -52.84400963429121, -53.01282977386282],
    "apdft_energies": {
        "0": [-52.67546381494766, -52.67546381494766, -52.67546381494766, -52.67546381494766, -52.67546381494766, -52.67546381494766, -52.67546381494766, -52.67546381494766, -52.67546381494766, -52.67546381494766, -52.67546381494766, -52.67546381494766, -52.67546381494766, -52.67546381494766, -52.67546381494766, -52.67546381494766, -52.67546381494766, -52.67546381494766, -52.67546381494766, -52.67546381494766, -52.67546381494766],
        "1": [14.687993731404717, 10.477777634757693, 6.2675615381106695, 2.057345441463646, -2.152870655183378, -6.3630867518304015, -10.573302848477425, -14.783518945124449, -18.993735041771473, -23.203951138418496, -27.41416723506552, -31.624383331712544, -35.83459942835957, -40.04481552500659, -44.255031621653615, -48.46524771830064, -52.3386465272159, -52.50705517108178, -52.67546381494766, -52.84387245881354, -53.012281102679424],
        "2": [-7.26008269554724, -8.81252391236805, -10.536434476274422, -12.431814387266357, -14.498663645343854, -16.736982250506912, -19.146770202755533, -21.728027502089716, -24.48075414850946, -27.40495014201477, -30.50061548260564, -33.76775017028207, -37.206354205044065, -40.81642758689162, -44.59797031582474, -48.55098239184342, -52.339195229126574, -52.50719234655945, -52.67546381494766, -52.84400963429121, -53.0128298045901],
        "3": [-7.581639776953594, -9.077478782911612, -10.751852599169695, -12.604290194846868, -14.63432053906216, -16.84147260093461, -19.225275349583256, -21.785257754127127, -24.520948783685256, -27.43187740737668, -30.517572594320427, -33.77756331363554, -37.21137853444104, -40.818547225855966, -44.59859835699936, -48.55106089699025, -52.33919526932121, -52.50719235158378, -52.67546381494766, -52.84400962926688, -53.01282976439546],
        "4": [-6.341566488453751, -8.119551685891587, -10.024944404421618, -12.063858474985352, -14.241953600122756, -16.564435353972236, -19.03605518227066, -21.66111040235333, -24.443444203154016, -27.386445645204923, -30.493049660636714, -33.7657370531785, -37.206534498157836, -40.817014542500736, -44.59829560473166, -48.551041974973515, -52.33919526854616, -52.50719235153534, -52.67546381494766, -52.84400962921844, -53.01282976362042]
    },
    "apdft_poly_coeff": [ -52.67546381494766, -16.840864386588095, -1.3717547766844973, 0.00502432939697428, 0.004844036283202513 ],
    "hf_energies": [-7.159081707988705, -8.754088190435164, -10.497059483585321, -12.395963968711799, -14.458402635387682, -16.6904551341583, -19.09579552073092, -21.675445866220574, -24.428617195776575, -27.35409945650486, -30.451082596235416, -33.71923690497011, -37.15854527241398, -40.7691682297076, -44.551349534270884, -48.50530754654942, -52.29471142630464, -52.46276534614531, -52.631093850499894, -52.79969690991731, -52.9685744937513],
    "triples_corrections": [-0.0001289794937183479, -0.000169735919529457, -0.00022727017014647987, -0.0002899346973060072, -0.0003407843701669354, -0.00035461672422771256, -0.00032170509897015644, -0.00027202400591295914, -0.00023136328088939285, -0.00020145096803806588, -0.00017766042703554384, -0.00015737791268515471, -0.00013979147393359913, -0.00012462005846176091, -0.00011153777682700988, -0.00010012886211741145, -9.076390249999376e-05, -9.03770178813827e-05, -8.9991670071869e-05, -8.960784256688032e-05, -8.922551916435592e-05],
    "scf_converged": [true, true, true, true, true, true, true, true, true, true, true, true, true, true, true, true, true, true, true, true, true],
    "cc_converged": [true, true, true, true, true, true, true, true, true, true, true, true, true, true, true, true, true, true, true, true, true],
    "scf_spin_squared": [3.7500035295208844, 3.7500035197964103, 3.7500038801462363, 3.750004396727727, 3.7500049720213857, 3.7500056411615486, 3.7500064106146795, 3.7500071663178245, 3.750007806268787, 3.7500083276250185, 3.750008770585351, 3.750009159748016, 3.750009492479028, 3.7500097481871504, 3.7500099000745433, 3.750009924789771, 3.7500098237442447, 3.750009816619108, 3.750009809268527, 3.7500098016930115, 3.750009793893114],
    "cc_spin_squared": [3.750000200576828, 3.75000022277374, 3.7500002779063806, 3.7500003540076943, 3.7500004262983984, 3.750000459485629, 3.7500004406364402, 3.7500003957288834, 3.7500003496414376, 3.7500003083399522, 3.7500002713964595, 3.7500002385394637, 3.7500002097782703, 3.7500001847716096, 3.750000162862836, 3.7500001433627954, 3.7500001270988568, 3.7500001264236458, 3.7500001257509545, 3.750000125080775, 3.7500001244130985]
}