{
    "schema_name": "pyscf_apdft_output",
    "provenance": {
        "creator": "PySCF",
        "version": "1.7.6"
    },
    "molecule": {
        "geometry": [[0.0, 0.0, 0.0]],
        "symbols": [ "N" ]
    },
    "molecular_charge": 0,
    "molecular_multiplicity": 4,
    "name": "n.chrg0.mult4-pyscf-uccsdt.augccpv5z",
    "atomic_numbers": [ 7 ],
    "n_electrons": 7,
    "model": {
        "method": "UCCSD(T)",
        "basis": "aug-cc-pV5Z",
        "scf_conv_tol": 1e-09,
        "scf_conv_tol_grad": 1e-06,
        "cc_conv_tol": 1e-07,
        "cc_conv_tol_normt": 1e-05
    },
    "broken_symmetry": false,
    "finite_diff_delta": 0.01,
    "finite_diff_acc": 2,
    "apdft_lambdas": [-2.0, -1.75, -1.5, -1.25, -1.0, -0.75, -0.5, -0.25, -0.02, -0.01, 0.0, 0.01, 0.02, 0.25, 0.5, 0.75, 1.0, 1.25, 1.5, 1.75, 2.0],
    "electronic_energies": [-24.47433630149931, -27.522589225510888, -30.768271713179974, -34.21659999986884, -37.871699238480694, -41.734888915704204, -45.80518909287975, -50.08139595282322, -54.196634161725555, -54.37948622174288, -54.56266526988731, -54.74617131741751, -54.93000428965259, -59.248284490717715, -64.13747331852693, -69.22928129533933, -74.52251817636171, -80.0156953557857, -85.70697986074306, -91.5941643935081, -97.67465334157724],
    "apdft_energies": {
        "0": [-54.562665269887255, -54.562665269887255, -54.562665269887255, -54.562665269887255, -54.562665269887255, -54.562665269887255, -54.562665269887255, -54.562665269887255, -54.562665269887255, -54.562665269887255, -54.562665269887255, -54.562665269887255, -54.562665269887255, -54.562665269887255, -54.562665269887255, -54.562665269887255, -54.562665269887255, -54.562665269887255, -54.562665269887255, -54.562665269887255, -54.562665269887255],
        "1": [-17.89415570242395, -22.47771939835686, -27.061283094289777, -31.64484679022269, -36.2284104861556, -40.81197418208852, -45.39553787802143, -49.97910157395434, -54.19598017421262, -54.379322722049935, -54.562665269887255, -54.746007817724575, -54.92935036556189, -59.14622896582017, -63.72979266175308, -68.31335635768599, -72.89692005361891, -77.48048374955182, -82.06404744548473, -86.64761114141766, -91.23117483735055],
        "2": [-24.43414342009701, -27.4848974947003, -30.740026185480872, -34.19952949243873, -37.86340741557387, -41.73165995488629, -45.804287110375995, -50.08128888204298, -54.19663417298439, -54.37948622174288, -54.562665269887255, -54.74617131741751, -54.930004364333655, -59.24841627390881, -64.13854189410765, -69.23304213048377, -74.53191698303718, -80.03516645176785, -85.74279053667583, -91.65478923776108, -97.77116255502361],
        "3": [-24.476424909813826, -27.513222789569184, -30.757863688955155, -34.20985212176413, -37.86869260178847, -41.73388964282057, -45.80494775865282, -50.08137146307759, -54.19663421526588, -54.37948622702807, -54.562665269887255, -54.746171312132326, -54.93000432205216, -59.248333692874205, -64.13788124583083, -69.23081244254948, -74.52663179682257, -80.02484382244246, -85.72495303320154, -91.6264639428922, -97.7288810653068],
        "4": [-18.747099510522368, -24.154797427338032, -28.94506932433559, -33.335626444382, -37.510609764332756, -41.62058999503185, -45.78256758131184, -50.079972701993775, -54.196634157972625, -54.37948622344724, -54.562665269887255, -54.746171308551496, -54.930004264758914, -59.24693493179039, -64.11550106848983, -69.11751279476076, -74.16854895936686, -79.15061814506035, -83.91215866858198, -88.26803858066104, -91.99955566601534]
    },
    "apdft_poly_coeff": [ -54.562665269887255, -18.33425478373165, -1.6349969294182642, 0.005285186214602313, 0.3580828374557162 ],
    "hf_energies": [-24.32429781283522, -27.363903812753577, -30.60525447223249, -34.0532826246006, -37.709850539794516, -41.574369889244416, -45.645574232954, -49.92250133660149, -54.038380760526955, -54.221261369606616, -54.4044690842922, -54.588003862512224, -54.771865661914205, -59.090842545779054, -63.980886262245036, -69.07367817138477, -74.36804369155914, -79.86249999641981, -85.5552132158657, -91.4439709636012, -97.5261697853008],
    "triples_corrections": [-0.0070560253375810626, -0.007550266521768099, -0.007508831492942557, -0.006736862917495266, -0.005648423011327579, -0.004763844704378694, -0.004127113393365227, -0.0036432662542046743, -0.003283154220511927, -0.003268926214377027, -0.003254804327714098, -0.003240787352683452, -0.003226873882854853, -0.0029326986224713623, -0.0026594871277740707, -0.002423362105687111, -0.0022161757891526732, -0.0020322806828847865, -0.001867657429240297, -0.0017193076941359807, -0.001584878933616056],
    "scf_converged": [true, true, true, true, true, true, true, true, true, true, true, true, true, true, true, true, true, true, true, true, true],
    "cc_converged": [true, true, true, true, true, true, true, true, true, true, true, true, true, true, true, true, true, true, true, true, true],
    "scf_spin_squared": [3.75446084944821, 3.75051547356978, 3.750498654899568, 3.7535805578898604, 3.7569201276562225, 3.758534079444014, 3.75879255286388, 3.758459381805996, 3.757952487081968, 3.757928354429355, 3.7579041096713937, 3.7578797590282482, 3.7578553085641637, 3.757277410465233, 3.756654124301802, 3.756073224347165, 3.7555494877197395, 3.7550833534753556, 3.754669230543636, 3.754300714559753, 3.75397264455436],
    "cc_spin_squared": [3.7516888143892926, 3.7512752593182923, 3.75091684697618, 3.750650031579879, 3.7504849191119245, 3.7503768171897196, 3.7502944501431323, 3.750231793360764, 3.7501880350829584, 3.7501863760649843, 3.750184738191645, 3.750183114880619, 3.750181509159045, 3.7501489213962858, 3.7501212698264386, 3.7500997111637893, 3.7500827934331067, 3.7500694511691677, 3.7500587979450284, 3.7500501775970925, 3.7500431032998462]
}