{
    "schema_name": "pyscf_apdft_output",
    "provenance": {
        "creator": "PySCF",
        "version": "1.7.6"
    },
    "molecule": {
        "geometry": [[0.0, 0.0, 0.0]],
        "symbols": [ "Ne" ]
    },
    "molecular_charge": -1,
    "molecular_multiplicity": 2,
    "name": "ne.chrg-1.mult2-pyscf-uccsdt.augccpvtz",
    "atomic_numbers": [ 10 ],
    "n_electrons": 11,
    "model": {
        "method": "UCCSD(T)",
        "basis": "aug-cc-pVTZ",
        "scf_conv_tol": 1e-09,
        "scf_conv_tol_grad": 1e-06,
        "cc_conv_tol": 1e-07,
        "cc_conv_tol_normt": 1e-05
    },
    "broken_symmetry": false,
    "finite_diff_delta": 0.01,
    "finite_diff_acc": 2,
    "apdft_lambdas": [-1.0, -0.75, -0.5, -0.25, -0.02, -0.01, 0.0, 0.01, 0.02, 0.25, 0.5, 0.75, 1.0, 1.25, 1.5, 1.75, 2.0, 2.25, 2.5, 2.75, 3.0],
    "electronic_energies": [-99.00803207810185, -106.05562569703834, -113.341226279591, -120.85573953907924, -127.96340977176176, -128.2765542614939, -128.59003726650639, -128.90385826731224, -129.21801674620477, -136.56276670133317, -144.72897742826794, -153.09243759272206, -161.64589371933994, -170.38244794364653, -179.2954872381863, -188.37865416441826, -197.6258303331894, -207.0311138552992, -216.5887775315052, -226.2932018915496, -236.1387798838296],
    "apdft_energies": {
        "0": [-128.59003726650636, -128.59003726650636, -128.59003726650636, -128.59003726650636, -128.59003726650636, -128.59003726650636, -128.59003726650636, -128.59003726650636, -128.59003726650636, -128.59003726650636, -128.59003726650636, -128.59003726650636, -128.59003726650636, -128.59003726650636, -128.59003726650636, -128.59003726650636, -128.59003726650636, -128.59003726650636, -128.59003726650636, -128.59003726650636, -128.59003726650636],
        "1": [-97.2248369755898, -105.06613704831894, -112.90743712104808, -120.74873719377722, -127.96273326068803, -128.2763852635972, -128.59003726650636, -128.9036892694155, -129.2173412723247, -136.43133733923548, -144.27263741196464, -152.1139374846938, -159.95523755742292, -167.79653763015205, -175.6378377028812, -183.47913777561035, -191.32043784833948, -199.1617379210686, -207.00303799379776, -214.84433806652692, -222.68563813925604],
        "2": [-98.91481594281069, -106.01675021738069, -113.3299318628533, -120.85436087922852, -127.96340925227491, -128.2765542614939, -128.59003726650636, -128.90385826731224, -129.21801726391158, -136.5369610246868, -144.69513215376986, -153.06455065375553, -161.6452165246438, -170.4371297664347, -179.44029037912821, -188.65469836272433, -198.08035371722306, -207.7172564426244, -217.56540653892836, -227.62480400613492, -237.8954488442441],
        "3": [-99.00124874624366, -106.05321405632898, -113.34073596328243, -120.85571139178217, -127.96340994373735, -128.27655434792672, -128.59003726650636, -128.90385818087944, -129.21801657244916, -136.53561051213316, -144.68432805334075, -153.02808681480724, -161.55878372121083, -170.26831569722967, -179.14857966754192, -188.19147255682572, -197.38889128975927, -206.73273279102068, -216.2148939852881, -225.82727179723975, -235.56176315155378],
        "4": [-99.00866515447196, -106.05556065424496, -113.34119948879669, -120.85574036212681, -127.96340994492397, -128.27655434800087, -128.59003726650636, -128.9038581809536, -129.21801657363577, -136.5356394824778, -144.684791578855, -153.03043341272323, -161.56620012943912, -170.28642216263077, -179.18612523419762, -188.26103035431055, -197.50755382141182, -206.9228072222151, -216.50459743170552, -226.25142661313947, -236.1624922180449]
    },
    "apdft_poly_coeff": [ -128.59003726650636, -31.36520029091656, -1.6899789672208954, 0.08643280343297494, -0.007416408228285339 ],
    "hf_energies": [-98.68032731099719, -105.73719904677677, -113.0308655336152, -120.55237312041083, -127.66593739783116, -127.97933194902573, -128.2930646942998, -128.60713513490293, -128.92154277345773, -136.2619231596443, -144.43550447928104, -152.80633136305087, -161.367306592861, -170.11163764107715, -179.03278448988297, -188.1244328833242, -197.38047428592137, -206.79497975590016, -216.36215934164028, -226.07630084861114, -235.93168431550052],
    "triples_corrections": [-0.011015766509074217, -0.009057310334498225, -0.007582315384884531, -0.0064915974300977725, -0.005690275933558717, -0.005658380634503483, -0.0056266886311280885, -0.005595195934438102, -0.005563898703683482, -0.005687699227676708, -0.004880576289765104, -0.004193495676849533, -0.00361007106852007, -0.0031213392416735105, -0.00271843819292637, -0.0023904796791899756, -0.00212483421264126, -0.001908268687348585, -0.0017281353381887095, -0.0015733474540202351, -0.0014350454315252702],
    "scf_converged": [true, true, true, true, true, true, true, true, true, true, true, true, true, true, true, true, true, true, true, true, true],
    "cc_converged": [true, true, true, true, true, true, true, true, true, true, true, true, true, true, true, true, true, true, true, true, true],
    "scf_spin_squared": [0.7511501462989436, 0.7506796537402503, 0.7503882305089729, 0.7502217469372043, 0.750135701023142, 0.7501329384176287, 0.7501302417929585, 0.7501276094699039, 0.7501250398395101, 0.7508228017926433, 0.7504936371331423, 0.7503128006972961, 0.7502083834821649, 0.7501456310863333, 0.7501067109408588, 0.7500819895863415, 0.7500660260500451, 0.7500556193793777, 0.7500488023309089, 0.7500442968852195, 0.7500412135692223],
    "cc_spin_squared": [0.7500492305102129, 0.7500328755371126, 0.7500193498379759, 0.7500110528373285, 0.750006757277609, 0.7500066200338877, 0.7500064861063707, 0.7500063554109428, 0.7500062278654616, 0.7500450241898631, 0.750023869418702, 0.7500134994990977, 0.7500081309467532, 0.7500052046867998, 0.7500035395684743, 0.7500025542977728, 0.7500019513653933, 0.7500015705782617, 0.7500013222463124, 0.7500011530233022, 0.7500010293768944]
}