{
    "schema_name": "pyscf_qa_output",
    "provenance": {
        "creator": "PySCF",
        "version": "1.7.6"
    },
    "molecule": {
        "geometry": [[0.0, 0.0, 0.0]],
        "symbols": [ "C" ]
    },
    "molecular_charge": 0,
    "molecular_multiplicity": 3,
    "name": "c.chrg0.mult3-pyscf-uccsdt.augccpvtz",
    "atomic_numbers": [ 6 ],
    "n_electrons": 6,
    "model": {
        "method": "UCCSD(T)",
        "basis": "aug-cc-pVTZ",
        "scf_conv_tol": 1e-09,
        "scf_conv_tol_grad": 1e-06,
        "cc_conv_tol": 1e-07,
        "cc_conv_tol_normt": 1e-05
    },
    "broken_symmetry": false,
    "finite_diff_delta": 0.01,
    "finite_diff_acc": 2,
    "qa_lambdas": [-2.0, -1.75, -1.5, -1.25, -1.0, -0.75, -0.5, -0.25, -0.02, -0.01, 0.0, 0.01, 0.02, 0.25, 0.5, 0.75, 1.0, 1.25, 1.5, 1.75, 2.0],
    "electronic_energies": [-14.122060793845122, -16.40908740990804, -18.88908252765282, -21.56602543589302, -24.44055623719846, -27.509724709203574, -30.765871430327294, -34.19729711542711, -37.49789401822719, -37.64436196679196, -37.79107026894337, -37.93801814141447, -38.085204802743434, -41.53463339380422, -45.416117029263184, -49.42437217680134, -53.54897686644293, -57.780183596217114, -62.10879693180636, -66.52602305563315, -71.02334726307204],
    "qats_energies": {
        "0": [-37.791070268943386, -37.791070268943386, -37.791070268943386, -37.791070268943386, -37.791070268943386, -37.791070268943386, -37.791070268943386, -37.791070268943386, -37.791070268943386, -37.791070268943386, -37.791070268943386, -37.791070268943386, -37.791070268943386, -37.791070268943386, -37.791070268943386, -37.791070268943386, -37.791070268943386, -37.791070268943386, -37.791070268943386, -37.791070268943386, -37.791070268943386],
        "1": [-8.42545280669286, -12.096154989474176, -15.766857172255492, -19.437559355036807, -23.108261537818123, -26.77896372059944, -30.449665903380755, -34.120368086162074, -37.49741409432088, -37.64424218163214, -37.791070268943386, -37.937898356254635, -38.08472644356589, -41.4617724517247, -45.13247463450602, -48.80317681728734, -52.47387900006865, -56.14458118284996, -59.81528336563128, -63.4859855484126, -67.15668773119391],
        "2": [-13.216859199831546, -15.764575509220982, -18.462023268396003, -21.309202477356607, -24.306113136102795, -27.452755244634567, -30.749128802951923, -34.19523381105486, -37.497893234960195, -37.64436196679196, -37.791070268943386, -37.93801814141447, -38.085205584205205, -41.536638176617494, -45.431937534077186, -49.47696834132246, -53.67173059835332, -58.016224305169764, -62.51044946177179, -67.1544060681594, -71.9480941243326],
        "3": [-14.260011712941665, -16.46340619671468, -18.902103234864335, -21.563878383877633, -24.436507200241557, -27.507765240443106, -30.765428060969267, -34.19727121830703, -37.49789427811271, -37.644362097186026, -37.791070268943386, -37.938018011020404, -38.08520454105269, -41.534600769365326, -45.41563827605984, -49.42195834551392, -53.54133653421456, -57.76154839864874, -62.07036949530346, -66.4555753806657, -70.90494161122248],
        "4": [-14.380359178268296, -16.5339516713849, -18.94018192506534, -21.582241949753886, -24.44402891682447, -27.51014515858067, -30.7658981682557, -34.19730060001243, -37.497894279316185, -37.644362097261244, -37.791070268943386, -37.93801801109562, -38.085204542256164, -41.53463015107073, -45.41610838334627, -49.42433826365148, -53.54885825079747, -57.779911964525, -62.108448185504464, -66.52612085533593, -71.02528907654911]
    },
    "qats_poly_coeffs": [ -37.791070268943386, -14.682808731125263, -1.1978515982846716, 0.130394064138765, -0.0075217165829144506 ],
    "hf_energies": [-14.031838809837442, -16.312151567418685, -18.786339359757307, -21.459802874054922, -24.334108128906085, -27.405150332736696, -30.66343287757619, -34.096617928680615, -37.39853165448318, -37.54505150881586, -37.69181131152418, -37.83881028371151, -37.98604764825376, -41.43654305726272, -45.319020454236664, -49.328198480727906, -53.45378073171804, -57.686134352580424, -62.01613863309386, -66.43502354382485, -70.9342540838962],
    "triples_corrections": [-0.002870346631715498, -0.0033923557673093147, -0.0038464768124603873, -0.004064411067204769, -0.003866832865494908, -0.003374699026829566, -0.0029155740192304074, -0.0025799344797794283, -0.0023370739519503443, -0.002327366871907381, -0.002317714743497317, -0.002308116111969679, -0.0022985695842285, -0.0020909413339679364, -0.0018850821782725282, -0.0016953810052521693, -0.0015195485216650392, -0.0013557889816064508, -0.0012028457169566075, -0.0010603554775155408, -0.0009289109837316548],
    "scf_converged": [true, true, true, true, true, true, true, true, true, true, true, true, true, true, true, true, true, true, true, true, true],
    "cc_converged": [true, true, true, true, true, true, true, true, true, true, true, true, true, true, true, true, true, true, true, true, true],
    "scf_spin_squared": [2.0290820967901912, 2.019367588929094, 2.0116252957971046, 2.008923659090483, 2.0103007779264876, 2.01204161060813, 2.012033397250181, 2.0111404124105086, 2.0103016647180527, 2.0102683577334064, 2.0102353228597396, 2.010202556656427, 2.010170055253407, 2.009483022852147, 2.008810019393201, 2.0081533080396357, 2.0074954934593428, 2.0068410575199707, 2.0061967172656625, 2.00556635722437, 2.004953819999779],
    "cc_spin_squared": [2.00065132456676, 2.0007931198332676, 2.000797039720787, 2.0006980979394022, 2.0005619249059334, 2.000428870050797, 2.00031891246128, 2.000237078655576, 2.000184126352165, 2.000182220715858, 2.000180330884885, 2.000178482569897, 2.000176661860972, 2.0001413359674736, 2.0001133861323166, 2.000092159223374, 2.0000752358279508, 2.0000613603015953, 2.00004987762578, 2.000040396399239, 2.0000326199434477]
}