{
    "schema_name": "pyscf_apdft_output",
    "provenance": {
        "creator": "PySCF",
        "version": "1.7.6"
    },
    "molecule": {
        "geometry": [[0.0, 0.0, 0.0]],
        "symbols": [ "Cl" ]
    },
    "molecular_charge": 0,
    "molecular_multiplicity": 2,
    "name": "cl.chrg0.mult2-pyscf-uccsdt.augccpv5z",
    "atomic_numbers": [ 17 ],
    "n_electrons": 17,
    "model": {
        "method": "UCCSD(T)",
        "basis": "aug-cc-pV5Z",
        "scf_conv_tol": 1e-09,
        "scf_conv_tol_grad": 1e-06,
        "cc_conv_tol": 1e-05,
        "cc_conv_tol_normt": 1e-07
    },
    "broken_symmetry": false,
    "finite_diff_delta": 0.01,
    "finite_diff_acc": 2,
    "apdft_lambdas": [-2.0, -1.75, -1.5, -1.25, -1.0, -0.75, -0.5, -0.25, -0.02, -0.01, 0.0, 0.01, 0.02, 0.25, 0.5, 0.75, 1.0],
    "electronic_energies": [-338.0559759800643, -352.4664587032136, -367.12474877418754, -382.024108692198, -397.1571599847573, -412.51575514580696, -428.09200372064475, -443.8786905706701, -458.5826755327148, -459.2258209179535, -459.8692833447403, -460.5130624502621, -461.15715787287775, -476.05784482151734, -492.43897575788776, -509.0077884454341, -525.759886506189],
    "apdft_energies": {
        "0": [-459.8692833446239, -459.8692833446239, -459.8692833446239, -459.8692833446239, -459.8692833446239, -459.8692833446239, -459.8692833446239, -459.8692833446239, -459.8692833446239, -459.8692833446239, -459.8692833446239, -459.8692833446239, -459.8692833446239, -459.8692833446239, -459.8692833446239, -459.8692833446239, -459.8692833446239],
        "1": [-331.145130113764, -347.2356492676215, -363.326168421479, -379.4166875753365, -395.50720672919397, -411.59772588305145, -427.68824503690894, -443.7787641907664, -458.5820418123153, -459.2256625784696, -459.8692833446239, -460.5129041107782, -461.1565248769325, -475.9598024984814, -492.0503216523389, -508.14084080619637, -524.2313599600539],
        "2": [-337.4787094698877, -352.0847959621537, -366.88880680929856, -381.8907420113223, -397.0906015682249, -412.48838548000634, -428.08409374666667, -443.87772636820586, -458.5826751702509, -459.2258209179535, -459.8692833446239, -460.5130624502621, -461.1571582348681, -476.0587646759208, -492.4461703620966, -509.03150040315126, -525.8147547990848],
        "3": [-337.9616789719087, -352.40834779651544, -367.0925595679637, -382.00865448740166, -397.15097275597753, -412.51385457483946, -428.0916401451357, -443.8786696680145, -458.5826756532204, -459.2258209783247, -459.8692833446239, -460.51306238989093, -461.15715775189864, -476.0578213761122, -492.43862396362755, -509.00603130831814, -525.7543836113322],
        "4": [-337.9932422276215, -352.4268495975326, -367.10254637934156, -382.0134706580121, -397.15294545945954, -412.5144787505506, -428.0917634391034, -443.87867737388746, -458.58267565353606, -459.2258209783444, -459.8692833446239, -460.51306238991066, -461.15715775221423, -476.0578290819852, -492.43874725759514, -509.00665548402924, -525.7563563148142]
    },
    "apdft_poly_coeff": [ -459.8692833446239, -64.36207661542994, -1.583394839030916, 0.060371187752631755, -0.0019727034820486247 ],
    "hf_energies": [-337.64421467742113, -352.0545918899312, -366.7175540621987, -381.62287620424604, -396.7614670038473, -412.12494640117706, -427.70547606150154, -443.4959056049308, -458.2028948389635, -458.8461617285362, -459.48974491816375, -460.1336440471399, -460.7778587561339, -475.6810910008048, -492.06458104944977, -508.6353685642651, -525.3891031798735],
    "triples_corrections": [-0.015148259589397363, -0.014958303405906556, -0.014069190869954139, -0.012853610504706153, -0.011840851599428801, -0.011068994774737174, -0.010466018261042492, -0.009972387946596942, -0.00958493748132556, -0.009569259719551578, -0.009553670001300345, -0.009538167341184808, -0.009522750770545506, -0.009189913857840359, -0.00886818931958824, -0.008579363355370498, -0.008316714263184345],
    "scf_converged": [true, true, true, true, true, true, true, true, true, true, true, true, true, true, true, true, true],
    "cc_converged": [true, true, true, true, true, true, true, true, true, true, true, true, true, true, true, true, true],
    "scf_spin_squared": [1.3777566135626227, 0.9583087468244704, 0.7852523952394597, 0.7676661081562877, 0.7639875786717747, 0.7625861399412983, 0.7617885720611515, 0.7612111896559863, 0.7607768852376395, 0.7607595158646498, 0.7607422577905663, 0.7607251096556062, 0.7607080701472775, 0.7603436902676144, 0.7600001068750117, 0.7597037510336797, 0.7594494513416272],
    "cc_spin_squared": [0.7771973977335582, 0.7598615935607036, 0.7531728463542668, 0.7514497650078216, 0.7508030089350637, 0.7505389561618303, 0.7504164329777883, 0.7503483236625161, 0.7503067415383056, 0.7503052177036134, 0.7503037128424688, 0.7503022265326234, 0.7503007583651167, 0.7502712291767941, 0.7502460407685039, 0.750225801234695, 0.7502091605295784]
}