{
    "schema_name": "pyscf_apdft_output",
    "provenance": {
        "creator": "PySCF",
        "version": "1.7.6"
    },
    "molecule": {
        "geometry": [[0.0, 0.0, 0.0]],
        "symbols": [ "Ar" ]
    },
    "molecular_charge": 1,
    "molecular_multiplicity": 2,
    "name": "ar.chrg1.mult2-pyscf-uccsdt.augccpv5z",
    "atomic_numbers": [ 18 ],
    "n_electrons": 17,
    "model": {
        "method": "UCCSD(T)",
        "basis": "aug-cc-pV5Z",
        "scf_conv_tol": 1e-09,
        "scf_conv_tol_grad": 1e-06,
        "cc_conv_tol": 1e-07,
        "cc_conv_tol_normt": 1e-05
    },
    "broken_symmetry": false,
    "finite_diff_delta": 0.01,
    "finite_diff_acc": 2,
    "apdft_lambdas": [-3.0, -2.75, -2.5, -2.25, -2.0, -1.75, -1.5, -1.25, -1.0, -0.75, -0.5, -0.25, -0.02, -0.01, 0.0, 0.01, 0.02],
    "electronic_energies": [-335.1507630734864, -349.7178621324539, -364.566407431467, -379.6887149206442, -395.0762624234834, -410.71990743658756, -426.6104269724139, -442.7389345532139, -459.09699889580713, -475.6766152668603, -492.4701671592057, -509.4704176733271, -525.2873128107793, -525.9787622251531, -526.6705214476924, -527.3625900788778, -528.0549677206789],
    "apdft_energies": {
        "0": [-526.6705214476474, -526.6705214476474, -526.6705214476474, -526.6705214476474, -526.6705214476474, -526.6705214476474, -526.6705214476474, -526.6705214476474, -526.6705214476474, -526.6705214476474, -526.6705214476474, -526.6705214476474, -526.6705214476474, -526.6705214476474, -526.6705214476474, -526.6705214476474, -526.6705214476474],
        "1": [-319.0963433889408, -336.3941915604997, -353.69203973205856, -370.98988790361744, -388.2877360751763, -405.5855842467352, -422.8834324182941, -440.181280589853, -457.47912876141186, -474.77697693297074, -492.0748251045296, -509.3726732760885, -525.2866935939227, -525.9786075207851, -526.6705214476474, -527.3624353745097, -528.0543493013721],
        "2": [-333.0197365153879, -348.093709395917, -363.3610627365357, -378.8217965372439, -394.4759107980417, -410.323405518929, -426.36428069990586, -442.59853634097226, -459.0261724421282, -475.6471890033737, -492.4615860247087, -509.4693635061333, -525.287312411395, -525.9787622251531, -526.6705214476474, -527.3625900788778, -528.0549681188444],
        "3": [-334.81422376218575, -349.47592150557443, -364.3995391525067, -379.57884584448675, -395.00761072301884, -410.6796029296071, -426.5885916057556, -442.7283458929686, -459.09263493275034, -475.6752278666049, -492.4698938360365, -509.4704019825492, -525.2873129430949, -525.9787622916156, -526.6705214476474, -527.3625900124154, -528.0549675871445],
        "4": [-335.2255811103703, -349.7663672489564, -364.59791750329015, -379.7090018804358, -395.0888664954997, -410.72723357163017, -426.61430144001713, -442.7407445398926, -459.0977134185304, -475.67683473124623, -492.47021124139775, -509.47042182038433, -525.2873129439074, -525.9787622916664, -526.6705214476474, -527.3625900124661, -528.054967587957]
    },
    "apdft_poly_coeff": [ -526.6705214476474, -69.19139268623553, -1.5470436807163424, 0.06646249062214336, -0.005078485780056023 ],
    "hf_energies": [-334.70017807555405, -349.26999650349796, -364.1237003284426, -379.2521689617807, -394.64610908919576, -410.29605788354183, -426.1926930883964, -442.32707855839647, -458.6907292867698, -475.27558486355144, -492.0739811296469, -509.0786469543877, -524.8992084821912, -525.5908085979497, -526.2827177956331, -526.9749356761013, -527.667461841321],
    "triples_corrections": [-0.014885078530359426, -0.014609848381482477, -0.013837240465429314, -0.012905064548519916, -0.012059079699389744, -0.011367927572517443, -0.010804948249836575, -0.010330055186488236, -0.009915929426465188, -0.009546802669143031, -0.009213399260431297, -0.008909726211341519, -0.008652955896414247, -0.008642241052905338, -0.008631562066255042, -0.008620918760002544, -0.008610310960465505],
    "scf_converged": [true, true, true, true, true, true, true, true, true, true, true, true, true, true, true, true, true],
    "cc_converged": [true, true, true, true, true, true, true, true, true, true, true, true, true, true, true, true, true],
    "scf_spin_squared": [0.977786494405783, 0.8110504293702334, 0.7747366997642953, 0.7668275336234505, 0.7641538576719968, 0.7628632347313093, 0.7620406760517184, 0.7614134703668167, 0.7608883210938124, 0.760429593801474, 0.7600225287252105, 0.7596603746921247, 0.7593636164752056, 0.7593514702895661, 0.7593393857208941, 0.759327362607852, 0.7593154007894869],
    "cc_spin_squared": [0.7575895435205169, 0.7537443906929218, 0.7520404331741553, 0.7511937685597312, 0.7507582068194765, 0.7505391759954874, 0.7504235310666472, 0.7503550724742949, 0.7503090213779151, 0.7502749226571028, 0.7502480650031389, 0.7502261648426298, 0.7502092883943234, 0.7502086143278537, 0.7502079448539831, 0.7502072799299979, 0.750206619514028]
}