{
    "schema_name": "pyscf_apdft_output",
    "provenance": {
        "creator": "PySCF",
        "version": "1.7.6"
    },
    "molecule": {
        "geometry": [[0.0, 0.0, 0.0]],
        "symbols": [ "He" ]
    },
    "molecular_charge": 1,
    "molecular_multiplicity": 2,
    "name": "he.chrg1.mult2-pyscf-uhf.augccpvtz",
    "atomic_numbers": [ 2 ],
    "n_electrons": 1,
    "model": {
        "method": "UHF",
        "basis": "aug-cc-pVTZ",
        "scf_conv_tol": 1e-09,
        "scf_conv_tol_grad": 1e-06,
        "cc_conv_tol": 1e-07,
        "cc_conv_tol_normt": 1e-05
    },
    "broken_symmetry": false,
    "finite_diff_delta": 0.01,
    "finite_diff_acc": 2,
    "apdft_lambdas": [-1.0, -0.75, -0.5, -0.25, -0.02, -0.01, 0.0, 0.01, 0.02, 0.25, 0.5, 0.75, 1.0],
    "electronic_energies": [-0.49928967670575286, -0.7804688393981838, -1.1238192529598747, -1.5298845318929426, -1.9590840831991625, -1.9789524362448714, -1.9989211038974297, -2.0189900267853096, -2.0391591414902193, -2.530486277710843, -3.122588289529582, -3.770985116632926, -4.469363454272777],
    "apdft_energies": {
        "0": [-1.9989211038974297, -1.9989211038974297, -1.9989211038974297, -1.9989211038974297, -1.9989211038974297, -1.9989211038974297, -1.9989211038974297, -1.9989211038974297, -1.9989211038974297, -1.9989211038974297, -1.9989211038974297, -1.9989211038974297, -1.9989211038974297],
        "1": [0.0029584231244805803, -0.497511458630997, -0.9979813403864746, -1.4984512221419521, -1.9588835133569915, -1.9789023086272106, -1.9989211038974297, -2.018939899167649, -2.038958694437868, -2.4993909856529073, -2.999860867408385, -3.5003307491638624, -4.00080063091934],
        "2": [-0.4983177534831873, -0.7794793079728102, -1.1233003845383915, -1.5297809831799314, -1.9590840238276346, -1.9789524362448714, -1.9989211038974297, -2.0189900267853096, -2.039159204908511, -2.5307207466908865, -3.125179911560302, -3.7822985985056756, -4.502076807527008],
        "3": [-0.5085502384536389, -0.7837961375697196, -1.124579445159698, -1.5299408657575948, -1.9590841056875143, -1.9789524464773565, -1.9989211038974297, -2.0189900165528245, -2.0391591230486315, -2.530560864113223, -3.1239008509389956, -3.7779817689087665, -4.491844322556556],
        "4": [-0.4916887207160292, -0.7784610479730538, -1.1235256003010974, -1.529875000453932, -1.9590841029896715, -1.9789524463087411, -1.9989211038974297, -2.0189900163842096, -2.0391591203507886, -2.5304949988095604, -3.122847006080395, -3.7726466793121007, -4.474982804818946]
    },
    "apdft_poly_coeff": [ -1.9989211038974297, -2.0018795270219103, -0.5012761766076679, 0.010232484970451592, 0.016861517737609688 ],
    "scf_converged": [true, true, true, true, true, true, true, true, true, true, true, true, true],
    "scf_spin_squared": [0.75, 0.75, 0.75, 0.75, 0.75, 0.75, 0.75, 0.75, 0.75, 0.75, 0.75, 0.75, 0.75]
}