{
    "schema_name": "pyscf_apdft_output",
    "provenance": {
        "creator": "PySCF",
        "version": "1.7.6"
    },
    "molecule": {
        "geometry": [[0.0, 0.0, 0.0]],
        "symbols": [ "S" ]
    },
    "molecular_charge": 0,
    "molecular_multiplicity": 3,
    "name": "s.chrg0.mult3-pyscf-uccsdt.augccpvqz",
    "atomic_numbers": [ 16 ],
    "n_electrons": 16,
    "model": {
        "method": "UCCSD(T)",
        "basis": "aug-cc-pVQZ",
        "scf_conv_tol": 1e-09,
        "scf_conv_tol_grad": 1e-06,
        "cc_conv_tol": 1e-05,
        "cc_conv_tol_normt": 1e-07
    },
    "broken_symmetry": false,
    "finite_diff_delta": 0.01,
    "finite_diff_acc": 2,
    "apdft_lambdas": [-2.0, -1.75, -1.5, -1.25, -1.0, -0.75, -0.5, -0.25, -0.02, -0.01, 0.0, 0.01, 0.02, 0.25, 0.5, 0.75, 1.0, 1.25, 1.5, 1.75, 2.0],
    "electronic_energies": [-284.55774352034257, -298.0409853847471, -311.7379818489813, -325.63668002594204, -339.7251179680139, -353.99087048868904, -368.4210935563132, -383.00340594188145, -396.5435265467323, -397.13479441142147, -397.726270556249, -398.3179543168683, -398.9098450306815, -412.578952170396, -427.55141133483045, -442.63425012481093, -457.8186956639836, -473.0965919434764, -488.4603863012197, -503.9031072678748, -519.418337713567],
    "apdft_energies": {
        "0": [-397.726270556249, -397.726270556249, -397.726270556249, -397.726270556249, -397.726270556249, -397.726270556249, -397.726270556249, -397.726270556249, -397.726270556249, -397.726270556249, -397.726270556249, -397.726270556249, -397.726270556249, -397.726270556249, -397.726270556249, -397.726270556249, -397.726270556249, -397.726270556249, -397.726270556249, -397.726270556249, -397.726270556249],
        "1": [-279.4102800115676, -294.19977882965276, -308.98927764773794, -323.7787764658231, -338.5682752839083, -353.35777410199347, -368.14727292007865, -382.9367717381638, -396.5431106508022, -397.1346906035256, -397.726270556249, -398.3178505089724, -398.9094304616958, -412.5157693743342, -427.30526819241936, -442.09476701050454, -456.8842658285897, -471.6737646466749, -486.4632634647601, -501.25276228284525, -516.0422611009304],
        "2": [-283.5625958463121, -297.378895640629, -311.3249553047817, -325.4007748387702, -339.6063542425944, -353.9416935162544, -368.4067926597502, -383.0016516730817, -396.54352588238567, -397.13479441142147, -397.726270556249, -398.3179543168683, -398.9098456932793, -412.58064930925207, -427.5647879320909, -442.6786864247655, -457.92234478727585, -473.295763019622, -488.79894112180386, -504.4318790938215, -520.194576935675],
        "3": [-284.4472254934771, -297.9715283925384, -311.6981584371795, -325.6167488737226, -339.71693294849007, -353.98834390780416, -368.4206149979871, -383.0033794653613, -396.5435267670153, -397.13479452200016, -397.726270556249, -398.3179542062896, -398.90984480864967, -412.57892151697246, -427.55096559385396, -442.63203603321574, -457.8117660813802, -473.07978898466956, -488.4257379894061, -503.83924634191214, -519.3099472885099],
        "4": [-284.56383408292817, -298.0398822068138, -311.7350541236855, -325.6345419324157, -339.72422098533076, -353.9906498882108, -368.42107050028966, -383.0034079342552, -396.5435267681814, -397.13479452207304, -397.726270556249, -398.31795420636246, -398.90984480981575, -412.57894998586636, -427.5514210961565, -442.6343420136224, -457.8190541182209, -473.09758204336265, -488.4626336759121, -503.9076001561875, -519.4265558779609]
    },
    "apdft_poly_coeff": [ -397.726270556249, -59.15799527234071, -1.0380789586861283, 0.11057870589562903, -0.007288036840691348 ],
    "hf_energies": [-284.2746255558281, -297.76788835323424, -311.474119711079, -325.3821374545858, -339.48058304877253, -353.7556217189198, -368.1940839402563, -382.7836006009567, -396.32948372317463, -396.92098413609307, -397.51269136860856, -398.10460476139, -398.69672365690536, -412.3706910262314, -427.34764753775636, -442.43426299292975, -457.62186754167044, -472.90240335620433, -488.2684061299449, -503.712981584872, -519.2297788326117],
    "triples_corrections": [-0.011701191649518576, -0.01137605776008537, -0.010757637440024103, -0.010025400115496465, -0.00918389778086549, -0.00843468282990699, -0.007829255709731253, -0.007327398921298644, -0.006929523205191112, -0.0069133765488362635, -0.006897319120283635, -0.006881350231331705, -0.006865469208574741, -0.00652307604261642, -0.006195551549734279, -0.005907474330739148, -0.005652175580779737, -0.005423683840305189, -0.005217025907505304, -0.0050283003899862936, -0.004854557951344325],
    "scf_converged": [true, true, true, true, true, true, true, true, true, true, true, true, true, true, true, true, true, true, true, true, true],
    "cc_converged": [true, true, true, true, true, true, true, true, true, true, true, true, true, true, true, true, true, true, true, true, true],
    "scf_spin_squared": [2.2785276159987182, 2.3297848453454586, 2.2480218924484143, 2.063169424527623, 2.0242691133412114, 2.017481875932577, 2.0152213347272756, 2.0140556717642637, 2.0133267783844238, 2.0132993057182027, 2.0132721099282556, 2.0132451842697368, 2.0132185222568024, 2.0126662123461942, 2.012164818134562, 2.0117362475808056, 2.011363600794966, 2.011035397244247, 2.0107426675327424, 2.01047798138774, 2.0102353020867243],
    "cc_spin_squared": [2.0107119185346223, 2.014132912127168, 2.0114676006154126, 2.0054908490959735, 2.0025424340404117, 2.001361130761036, 2.0008913090737854, 2.000683494747459, 2.0005792923317065, 2.0005757514469296, 2.0005722718953676, 2.000568851782888, 2.000565489291381, 2.0005007826004864, 2.0004488941254954, 2.00040864416691, 2.0003761709539067, 2.000349236925305, 2.0003264284830795, 2.000306734486466, 2.0002894278909733]
}