{
    "schema_name": "pyscf_apdft_output",
    "provenance": {
        "creator": "PySCF",
        "version": "1.7.6"
    },
    "molecule": {
        "geometry": [[0.0, 0.0, 0.0]],
        "symbols": [ "B" ]
    },
    "molecular_charge": 0,
    "molecular_multiplicity": 4,
    "name": "b.chrg0.mult4-pyscf-uccsdt.augccpvqz",
    "atomic_numbers": [ 5 ],
    "n_electrons": 5,
    "model": {
        "method": "UCCSD(T)",
        "basis": "aug-cc-pVQZ",
        "scf_conv_tol": 1e-09,
        "scf_conv_tol_grad": 1e-06,
        "cc_conv_tol": 1e-07,
        "cc_conv_tol_normt": 1e-05
    },
    "broken_symmetry": false,
    "finite_diff_delta": 0.01,
    "finite_diff_acc": 2,
    "apdft_lambdas": [-2.0, -1.75, -1.5, -1.25, -1.0, -0.75, -0.5, -0.25, -0.02, -0.01, 0.0, 0.01, 0.02, 0.25, 0.5, 0.75, 1.0, 1.25, 1.5, 1.75, 2.0],
    "electronic_energies": [-7.265917510581516, -8.8941759033777, -10.617693905394427, -12.502967856040915, -14.555140191005906, -16.779241155927703, -19.177234075066224, -21.7486505621618, -24.267023778679217, -24.37982694786928, -24.492905182040083, -24.606258384630088, -24.71988645621744, -27.40892319936329, -30.494581863138507, -33.74654950161966, -37.16025483703127, -40.72994648877471, -44.448869379517284, -48.30952692593853, -52.30396297506811],
    "apdft_energies": {
        "0": [-24.49290518204004, -24.49290518204004, -24.49290518204004, -24.49290518204004, -24.49290518204004, -24.49290518204004, -24.49290518204004, -24.49290518204004, -24.49290518204004, -24.49290518204004, -24.49290518204004, -24.49290518204004, -24.49290518204004, -24.49290518204004, -24.49290518204004, -24.49290518204004, -24.49290518204004, -24.49290518204004, -24.49290518204004, -24.49290518204004, -24.49290518204004],
        "1": [-1.8497615059591723, -4.680154465469279, -7.510547424979389, -10.340940384489498, -13.171333343999606, -16.001726303509713, -18.832119263019823, -21.662512222529934, -24.26647374527923, -24.379689463659638, -24.49290518204004, -24.606120900420443, -24.71933661880085, -27.323298141550147, -30.153691101060257, -32.98408406057037, -35.814477020080474, -38.64486997959058, -41.47526293910069, -44.3056558986108, -47.13604885812091],
        "2": [-7.349129891701004, -8.89060838580287, -10.60394214195917, -12.4891311601699, -14.546175440435064, -16.77507498275466, -19.175829787128688, -21.748439853557148, -24.267023682117806, -24.37982694786928, -24.49290518204004, -24.606258384630088, -24.719886555639423, -27.409225772577365, -30.497401625169122, -33.757432739815314, -37.18931911651593, -40.793060755270986, -44.568657656080475, -48.516109818944386, -52.63541724386274],
        "3": [-7.479785487080878, -8.978137427238995, -10.659062471260054, -12.52102949888569, -14.562507389857549, -16.78196502391727, -19.1778712808065, -21.748695040266874, -24.267023812773402, -24.37982696420123, -24.49290518204004, -24.60625836829814, -24.719886424983827, -27.40897058586764, -30.49536013149131, -33.7505426986527, -37.172987167093446, -40.761162416555194, -44.513537326779584, -48.428580777508266, -52.50476164848287],
        "4": [-7.289081501144754, -8.86635025188923, -10.598722538209952, -12.491930379937918, -14.550588390736541, -16.778193778101638, -19.177126343361437, -21.748648481676558, -24.267023810866363, -24.37982696408204, -24.49290518204004, -24.60625836817895, -24.719886423076787, -27.408924027277322, -30.494615194046247, -33.746771452837066, -37.16106816797244, -40.732063297607425, -44.45319739372948, -48.3167936021585, -52.314057662546745]
    },
    "apdft_poly_coeff": [ -24.49290518204004, -11.321571838040434, -1.374842096435458, 0.016331949422484133, 0.0119189991210078 ],
    "hf_energies": [-7.219413491238363, -8.84886724279263, -10.570766946925495, -12.455016164585604, -14.508071221242414, -16.733977009521734, -19.13355528785732, -21.706505492619357, -24.226434730361447, -24.339309779340383, -24.452460266266595, -24.565886096208033, -24.67958717126207, -27.370408685837006, -30.458231149548105, -33.71255376942376, -37.12872802332407, -40.70091578186712, -44.42228897297498, -48.28530173375802, -52.28197030600393],
    "triples_corrections": [-0.00039511237793312374, -0.00037197695997594904, -0.000501285817480696, -0.0005894103929502143, -0.0005243825798122296, -0.0003819584085232546, -0.00029244779178338515, -0.00023748282603466554, -0.00019932282302118672, -0.00019785347856444342, -0.00019639837373200235, -0.00019495734363366316, -0.00019353022410168312, -0.00016416514247045836, -0.00013814856976913708, -0.00011618241174930435, -9.70674106746089e-05, -8.039856674657236e-05, -6.608327453945917e-05, -5.402358848350535e-05, -4.403636630596197e-05],
    "scf_converged": [true, true, true, true, true, true, true, true, true, true, true, true, true, true, true, true, true, true, true, true, true],
    "cc_converged": [true, true, true, true, true, true, true, true, true, true, true, true, true, true, true, true, true, true, true, true, true],
    "scf_spin_squared": [3.7500038145111, 3.7500047187115957, 3.750005065821248, 3.750004435671512, 3.7500041507646302, 3.750004683996105, 3.7500056585837975, 3.7500067025590202, 3.7500075127747126, 3.7500075422955073, 3.7500075712598715, 3.750007599659824, 3.750007627487638, 3.750008096368078, 3.750008213364338, 3.750007959440334, 3.7500074362768023, 3.7500067641536825, 3.750006045870741, 3.750005349101025, 3.7500047066859876],
    "cc_spin_squared": [3.750000325507136, 3.7500003469407472, 3.7500004176389377, 3.750000488386581, 3.7500005083482577, 3.7500004520634183, 3.7500003983281043, 3.7500003551059082, 3.750000316458718, 3.7500003147741006, 3.750000313089205, 3.7500003114041367, 3.750000309718915, 3.7500002710224427, 3.750000229652435, 3.7500001901350037, 3.7500001538909835, 3.7500001220838137, 3.7500000952621075, 3.750000073356382, 3.7500000558844313]
}