{
    "schema_name": "pyscf_qa_output",
    "provenance": {
        "creator": "PySCF",
        "version": "1.7.6"
    },
    "molecule": {
        "geometry": [[0.0, 0.0, 0.0]],
        "symbols": [ "Ne" ]
    },
    "molecular_charge": -2,
    "molecular_multiplicity": 3,
    "name": "ne.chrg-2.mult3-pyscf-uccsdt.augccpvtz",
    "atomic_numbers": [ 10 ],
    "n_electrons": 12,
    "model": {
        "method": "UCCSD(T)",
        "basis": "aug-cc-pVTZ",
        "scf_conv_tol": 1e-09,
        "scf_conv_tol_grad": 1e-06,
        "cc_conv_tol": 1e-07,
        "cc_conv_tol_normt": 1e-05
    },
    "broken_symmetry": false,
    "finite_diff_delta": 0.01,
    "finite_diff_acc": 2,
    "qa_lambdas": [-0.02, -0.01, 0.0, 0.01, 0.02, 0.25, 0.5, 0.75, 1.0, 1.25, 1.5, 1.75, 2.0, 2.25, 2.5, 2.75, 3.0, 3.25, 3.5, 3.75, 4.0],
    "electronic_energies": [-127.51513984736171, -127.83112268135191, -128.14744455208256, -128.46410493847148, -128.78110332176072, -136.19131251662128, -144.4299246473428, -152.86637569198092, -161.49363609924313, -170.30511401917477, -179.29457851737467, -188.45614125456643, -197.78425756289093, -207.2737170778332, -216.91959840988292, -226.71716462825148, -236.66168812454575, -246.74822393094178, -256.9713940155576, -267.32526130946457, -277.80333602136204],
    "qats_energies": {
        "0": [-128.14744455208256, -128.14744455208256, -128.14744455208256, -128.14744455208256, -128.14744455208256, -128.14744455208256, -128.14744455208256, -128.14744455208256, -128.14744455208256, -128.14744455208256, -128.14744455208256, -128.14744455208256, -128.14744455208256, -128.14744455208256, -128.14744455208256, -128.14744455208256, -128.14744455208256, -128.14744455208256, -128.14744455208256, -128.14744455208256, -128.14744455208256],
        "1": [-127.514462294963, -127.83095342352277, -128.14744455208256, -128.46393568064235, -128.78042680920214, -136.05972276607713, -143.9720009800717, -151.88427919406624, -159.7965574080608, -167.70883562205537, -175.62111383604991, -183.53339205004448, -191.44567026403905, -199.35794847803362, -207.2702266920282, -215.18250490602273, -223.0947831200173, -231.00706133401187, -238.9193395480064, -246.83161776200097, -254.74389597599554],
        "2": [-127.51513932627957, -127.83112268135193, -128.14744455208256, -128.46410493847148, -128.7811038405187, -136.16550890929122, -144.3951455529281, -152.8363544829932, -161.48913569948647, -170.35348920240796, -179.42941499175765, -188.7169130675356, -198.2159834297417, -207.92662607837602, -217.84884101343857, -227.9826282349293, -238.32798774284825, -248.8849195371954, -259.65342361797076, -270.63349998517435, -281.8251486388061],
        "3": [-127.51514001950632, -127.83112276800526, -128.14744455208256, -128.46410485181815, -128.78110314729196, -136.16415495079036, -144.38431388492114, -152.79979760346964, -161.4024823554307, -170.18424438979903, -179.1369599555694, -188.25250530173665, -197.5227566772955, -206.9395903312407, -216.49488251256707, -226.18050947026933, -235.9883474533423, -245.91027271078073, -255.93816149157936, -266.06389004473306, -276.27933461923647],
        "4": [-127.51514002105577, -127.8311227681021, -128.14744455208256, -128.46410485191498, -128.7811031488414, -136.16419277932695, -144.3849191415067, -152.8028617149342, -161.41216646080017, -170.2078872251737, -179.18598573900232, -188.343331618112, -197.6777023632069, -207.1877833598698, -216.87316787856173, -226.73435707462215, -236.77275998826886, -246.99069354459812, -257.39138255358455, -267.9789597100811, -278.7584655938192]
    },
    "qats_poly_coeffs": [ -128.14744455208256, -31.649112855978245, -1.6925782914256615, 0.08665334405577595, -0.0096841053694637 ],
    "hf_energies": [-127.21389537846122, -127.53013447784522, -127.84671216955797, -128.16362795529565, -128.48088133861478, -135.89086463107324, -144.13649668678892, -152.57997319385277, -161.21442268946615, -170.03334895966145, -179.03057905922844, -188.20025138655905, -197.53681603829727, -207.03502585042355, -216.68989700327006, -226.49661592742262, -236.45037536359771, -246.54615115748481, -256.77847972176386, -267.14132419006626, -277.6280835855896],
    "triples_corrections": [-0.00589802879868105, -0.005865381940816705, -0.005832947435588161, -0.005800720976806887, -0.005768698415834569, -0.00552591388524344, -0.004765763092965607, -0.0041172640324039856, -0.0035643439579347656, -0.003099657446817136, -0.0027162072147824453, -0.00240478870050055, -0.0021541107510769995, -0.0019518392239472164, -0.0017857148615793479, -0.0016444628963893022, -0.001518525613631347, -0.0014006988209399032, -0.001286588618571081, -0.0011745976049269706, -0.0010652997228481407],
    "scf_converged": [true, true, true, true, true, true, true, true, true, true, true, true, true, true, true, true, true, true, true, true, true],
    "cc_converged": [true, true, true, true, true, true, true, true, true, true, true, true, true, true, true, true, true, true, true, true, true],
    "scf_spin_squared": [2.0003380625008633, 2.0003299980680236, 2.0003221545232535, 2.0003145255071706, 2.0003071048424763, 2.0008522876914023, 2.0004846720815275, 2.0002960762312627, 2.0001932481979274, 2.000134486405085, 2.0000997879111733, 2.000079005572073, 2.0000667333990503, 2.0000599638529524, 2.000056920061102, 2.000056414937392, 2.000057474821064, 2.000059158152345, 2.000060568851975, 2.0000610059816184, 2.000060102713375],
    "cc_spin_squared": [2.0000156744410744, 2.0000153093739264, 2.0000149543681203, 2.000014609124711, 2.000014273353487, 2.0000533655634904, 2.0000265819576843, 2.0000143988974215, 2.0000084501472357, 2.0000053614702877, 2.0000036765149485, 2.0000027223131673, 2.0000021725237427, 2.000001860125645, 2.0000016946138954, 2.0000016221212946, 2.000001605015346, 2.0000016119864514, 2.000001615703884, 2.000001595454982, 2.000001540596633]
}