{
    "schema_name": "pyscf_apdft_output",
    "provenance": {
        "creator": "PySCF",
        "version": "1.7.6"
    },
    "molecule": {
        "geometry": [[0.0, 0.0, 0.0]],
        "symbols": [ "B" ]
    },
    "molecular_charge": 2,
    "molecular_multiplicity": 2,
    "name": "b.chrg2.mult2-pyscf-uccsdt.augccpvtz",
    "atomic_numbers": [ 5 ],
    "n_electrons": 3,
    "model": {
        "method": "UCCSD(T)",
        "basis": "aug-cc-pVTZ",
        "scf_conv_tol": 1e-09,
        "scf_conv_tol_grad": 1e-06,
        "cc_conv_tol": 1e-05,
        "cc_conv_tol_normt": 1e-07
    },
    "broken_symmetry": false,
    "finite_diff_delta": 0.01,
    "finite_diff_acc": 2,
    "apdft_lambdas": [-4.0, -3.75, -3.5, -3.25, -3.0, -2.75, -2.5, -2.25, -2.0, -1.75, -1.5, -1.25, -1.0, -0.75, -0.5, -0.25, -0.02, -0.01, 0.0, 0.01, 0.02],
    "electronic_energies": [-0.3443773553669857, -0.7655827910072242, -1.3076581558648879, -1.9716623858064268, -2.760447817306392, -3.674081130082682, -4.71340228345227, -5.883704023984825, -7.261124528793809, -8.743448216360608, -10.382887856165294, -12.181196108404622, -14.137222957884587, -16.246017921322007, -18.498469904078334, -20.88207856302135, -23.178465727841115, -23.280371296650518, -23.382440865580413, -23.484673498817777, -23.58706826269362],
    "apdft_energies": {
        "0": [-23.3824408655804, -23.3824408655804, -23.3824408655804, -23.3824408655804, -23.3824408655804, -23.3824408655804, -23.3824408655804, -23.3824408655804, -23.3824408655804, -23.3824408655804, -23.3824408655804, -23.3824408655804, -23.3824408655804, -23.3824408655804, -23.3824408655804, -23.3824408655804, -23.3824408655804, -23.3824408655804, -23.3824408655804, -23.3824408655804, -23.3824408655804],
        "1": [17.47799956787143, 14.924222040780691, 12.370444513689954, 9.816666986599209, 7.262889459508472, 4.709111932417734, 2.155334405326993, -0.39844312176374785, -2.9522206488544853, -5.505998175945223, -8.059775703035964, -10.613553230126703, -13.167330757217442, -15.721108284308182, -18.27488581139892, -20.828663338489662, -23.17813866341314, -23.28028976449677, -23.3824408655804, -23.484591966664027, -23.58674306774766],
        "2": [4.432854968127721, 3.4587629199121963, 2.382755679511174, 1.2048332469246539, -0.07500437784736391, -1.4567571948048794, -2.9404252039478926, -4.526008405276404, -6.213506798790412, -8.002920384489919, -9.894249162374923, -11.887493132445424, -13.982652294701424, -16.17972664914292, -18.478716195769916, -20.87962093458241, -23.178464792028134, -23.280371296650518, -23.3824408655804, -23.484673498817777, -23.587069196362652],
        "3": [-5.537715766542799, -4.756734206433755, -4.296747761879427, -4.143151104655214, -4.28133890653649, -4.6967058392986445, -5.374646574717062, -6.3005557845671305, -7.459828140624227, -8.837858314663745, -10.420040978461063, -12.19177080379157, -14.138442462430652, -16.24545062615369, -18.49818996673607, -20.88205515595318, -23.178466038349477, -23.280371452440686, -23.3824408655804, -23.48467334302761, -23.58706795004131],
        "4": [-7.824575771609453, -6.523279124593227, -5.637263111529094, -5.139779043569835, -5.004915705014611, -5.2075993533089715, -5.72359371904486, -6.529500005960596, -7.602756890940892, -8.921640524016848, -10.465264528365946, -12.213580000312056, -14.147375509325443, -16.248277098022744, -18.498748282166993, -20.88209005066761, -23.178466039778762, -23.280371452530016, -23.3824408655804, -23.48467334311694, -23.587067951470598]
    },
    "apdft_poly_coeff": [ -23.3824408655804, -10.215110108362957, -0.8153215374839817, 0.15579016772922688, -0.00893304689479161 ],
    "hf_energies": [-0.3000235768072872, -0.7254261372922021, -1.2692958196228352, -1.9353766860827921, -2.726060255194067, -3.6412686230394975, -4.681827340353303, -5.852969028172414, -7.230991940067974, -8.714560596929479, -10.3560247121443, -12.157249693802633, -14.116890579496054, -16.229573100432017, -18.4857160044694, -20.872482928738165, -23.171187930373087, -23.273181461699576, -23.375337959578342, -23.47765649391366, -23.58013613695411],
    "triples_corrections": [-0.000552208974858267, -0.0002755894945836277, -0.0001296034796408226, -5.880608971522946e-05, -2.8398812125195884e-05, -1.7138198126637476e-05, -1.453791480469552e-05, -1.7227743751798362e-05, -2.861943583231983e-05, -3.21831913886955e-05, -3.351304628265599e-05, -3.2256823407314904e-05, -2.87269949888086e-05, -2.3668585900926433e-05, -1.813717482123513e-05, -1.3076588389996342e-05, -9.28603995594127e-06, -9.142292659759174e-06, -9.000296228859781e-06, -8.860045449092594e-06, -8.721534505808348e-06],
    "scf_converged": [false, true, true, true, true, true, true, true, true, true, true, true, true, true, true, true, true, true, true, true, true],
    "cc_converged": [true, true, true, true, true, true, true, true, true, true, true, true, true, true, true, true, true, true, true, true, true],
    "scf_spin_squared": [0.8282521698929438, 0.751854676728738, 0.7500499114887191, 0.7500060292309177, 0.7500026257363891, 0.7500024384483515, 0.7500036403213762, 0.7500074854331299, 0.7500171087016027, 0.7500201213854134, 0.7500208931925326, 0.7500210611431317, 0.7500210709684747, 0.7500206237307744, 0.7500194629773782, 0.7500175975051561, 0.7500154176585482, 0.7500153157993478, 0.7500152134820843, 0.7500151107225947, 0.750015007536688],
    "cc_spin_squared": [0.7506008658271753, 0.7501156093886653, 0.7500052179449317, 0.7500004027124929, 0.7500000833579032, 0.7500000428524998, 0.7500000419983676, 0.7500000653619139, 0.7500000684665319, 0.7500000945722272, 0.7500001138896919, 0.7500001169424944, 0.7500001052898747, 0.750000085002053, 0.7500000627439409, 0.7500000432089814, 0.7500000293201461, 0.7500000288083815, 0.7500000283040179, 0.7500000278070141, 0.7500000273173094]
}