{
    "schema_name": "pyscf_qa_output",
    "provenance": {
        "creator": "PySCF",
        "version": "1.7.6"
    },
    "molecule": {
        "geometry": [[0.0, 0.0, 0.0]],
        "symbols": [ "Mg" ]
    },
    "molecular_charge": -2,
    "molecular_multiplicity": 3,
    "name": "mg.chrg-2.mult3-pyscf-uccsdt.augccpvqz",
    "atomic_numbers": [ 12 ],
    "n_electrons": 14,
    "model": {
        "method": "UCCSD(T)",
        "basis": "aug-cc-pVQZ",
        "scf_conv_tol": 1e-09,
        "scf_conv_tol_grad": 1e-06,
        "cc_conv_tol": 1e-07,
        "cc_conv_tol_normt": 1e-05
    },
    "broken_symmetry": false,
    "finite_diff_delta": 0.01,
    "finite_diff_acc": 2,
    "qa_lambdas": [-0.02, -0.01, 0.0, 0.01, 0.02, 0.25, 0.5, 0.75, 1.0, 1.25, 1.5, 1.75, 2.0, 2.25, 2.5, 2.75, 3.0, 3.25, 3.5, 3.75, 4.0],
    "electronic_energies": [-198.7978084388639, -199.19816503102808, -199.59869368051386, -199.9993942225326, -200.40026654199028, -209.66773603575007, -219.8380401000885, -230.09719566174167, -240.4417273649442, -250.86008574020795, -261.3393384433924, -271.8706713005251, -282.4470540070653, -293.0626641512319, -303.7126546456938, -314.3930026990603, -325.1003840328666, -335.8320550573668, -346.58574275338555, -357.3595461007985, -368.1518514942971],
    "qats_energies": {
        "0": [-199.598693680514, -199.598693680514, -199.598693680514, -199.598693680514, -199.598693680514, -199.598693680514, -199.598693680514, -199.598693680514, -199.598693680514, -199.598693680514, -199.598693680514, -199.598693680514, -199.598693680514, -199.598693680514, -199.598693680514, -199.598693680514, -199.598693680514, -199.598693680514, -199.598693680514, -199.598693680514, -199.598693680514],
        "1": [-198.79746448900949, -199.19807908476173, -199.598693680514, -199.99930827626628, -200.39992287201852, -209.6140585743205, -219.62942346812696, -229.64478836193342, -239.6601532557399, -249.6755181495464, -259.69088304335287, -269.70624793715933, -279.7216128309658, -289.7369777247723, -299.7523426185788, -309.76770751238524, -319.78307240619176, -329.7984372999982, -339.8138021938047, -349.82916708761115, -359.8445319814176],
        "2": [-198.79780827407484, -199.19816503102808, -199.598693680514, -199.9993942225326, -200.40026665708388, -209.66777499078205, -219.84428913397323, -230.12823611008756, -240.51961591912502, -251.0184285610856, -261.62467403596935, -272.33835234377625, -283.1594634845062, -294.0880074581594, -305.12398426473567, -316.26739390423506, -327.5182363766577, -338.87651168200335, -350.3422198202722, -361.9153607914642, -373.59593459557925],
        "3": [-198.79780846066328, -199.19816505435165, -199.598693680514, -199.99939419920904, -200.40026647049544, -209.66741056022224, -219.84137368949482, -230.11839648497286, -240.49629236329758, -250.97287474111016, -261.5459570350518, -272.2133526617636, -282.97287503788687, -293.82233758006265, -304.75955370493216, -315.7823368291367, -326.8885003693173, -338.0758577421151, -349.34222236417145, -360.6854076521274, -372.10322702262425],
        "4": [-198.79780849379367, -199.19816505642228, -199.598693680514, -199.9993942012797, -200.4002665036258, -209.66821940719313, -219.85431524102893, -230.18391308961435, -240.70335718784355, -251.4784040979118, -262.59422270931566, -274.15539423885275, -286.285912230622, -299.12918255602347, -312.84802341375826, -327.62466532982893, -343.66075115753904, -361.17733607749324, -380.4148875975977, -401.63328555305947, -425.11182210638685]
    },
    "qats_poly_coeffs": [ -199.598693680514, -40.06145957522591, -0.8594626633851021, 0.02332355582742214, -0.20706482454594757 ],
    "hf_energies": [-198.72750729548773, -199.1280164305146, -199.52868522868727, -199.92951301652244, -200.33049914524616, -209.59582912246685, -219.75838075192553, -230.01587400941017, -240.360970171311, -250.77902653558803, -261.25791240366937, -271.7889946407492, -282.36533911509036, -292.98118486866014, -303.6317172788199, -314.3129219474366, -325.0214648339605, -335.7545801578889, -346.50996478779894, -357.28568267024906, -368.0800821869784],
    "triples_corrections": [-0.0019497842169472778, -0.0019565100528724055, -0.0019654177245460734, -0.0019766582448439967, -0.0019903944847268337, -0.003317983278940673, -0.004714746200365924, -0.004198337792170501, -0.003564624542709062, -0.0032954784718848404, -0.0030947086531431475, -0.0029246566435898362, -0.0027732150980035756, -0.002633029825311123, -0.0024991945849624736, -0.0023685809241539846, -0.002239503373731876, -0.0021113592094991387, -0.0019842769257284033, -0.0018588313901714382, -0.0017358339924917019],
    "scf_converged": [true, true, true, true, true, true, true, true, true, true, true, true, true, true, true, true, true, true, true, true, true],
    "cc_converged": [true, true, true, true, true, true, true, true, true, true, true, true, true, true, true, true, true, true, true, true, true],
    "scf_spin_squared": [2.0013907850527684, 2.0013928043875335, 2.0013977788087534, 2.001405737630149, 2.0014167314686606, 2.002840799991639, 2.008563075753097, 2.0156829324723855, 2.0178148014772077, 2.0174433053401977, 2.0169041423746474, 2.0162587128626264, 2.0155209666688725, 2.014736231064113, 2.013937573519488, 2.013144055688544, 2.0123658776418463, 2.011608800933259, 2.010876500902194, 2.010171693050408, 2.009496501813717],
    "cc_spin_squared": [2.0000910473267397, 2.000093471862884, 2.00009624661345, 2.0000993625040855, 2.0001028484590173, 2.0004362090711054, 2.001579048225563, 2.001506292935129, 2.0010456401237526, 2.0008508794953768, 2.000731971985257, 2.0006479785254268, 2.000583520246546, 2.0005314220204484, 2.0004876070653594, 2.000449504193446, 2.00041543092186, 2.0003843208833127, 2.0003554922672437, 2.0003285301339138, 2.000303196729575]
}