{
    "schema_name": "pyscf_qa_output",
    "provenance": {
        "creator": "PySCF",
        "version": "1.7.6"
    },
    "molecule": {
        "geometry": [[0.0, 0.0, 0.0]],
        "symbols": [ "Be" ]
    },
    "molecular_charge": -1,
    "molecular_multiplicity": 2,
    "name": "be.chrg-1.mult2-pyscf-uccsdt.augccpvqz",
    "atomic_numbers": [ 4 ],
    "n_electrons": 5,
    "model": {
        "method": "UCCSD(T)",
        "basis": "aug-cc-pVQZ",
        "scf_conv_tol": 1e-09,
        "scf_conv_tol_grad": 1e-06,
        "cc_conv_tol": 1e-07,
        "cc_conv_tol_normt": 1e-05
    },
    "broken_symmetry": false,
    "finite_diff_delta": 0.01,
    "finite_diff_acc": 2,
    "qa_lambdas": [-1.0, -0.75, -0.5, -0.25, -0.02, -0.01, 0.0, 0.01, 0.02, 0.25, 0.5, 0.75, 1.0, 1.25, 1.5, 1.75, 2.0, 2.25, 2.5, 2.75, 3.0],
    "electronic_energies": [-7.3935855534447485, -8.963456115393864, -10.692537347331433, -12.580949344671874, -14.460082084966917, -14.544975644327451, -14.630149891895202, -14.715607905469762, -14.801352955539349, -16.85655806445764, -19.26004999396101, -21.82632015960849, -24.546742986148217, -27.411755406175935, -30.411169596434085, -33.534804991345894, -36.77293293362914, -40.116515204891385, -43.557210520608066, -47.0871997311484, -50.69893743838295],
    "qats_energies": {
        "0": [-14.630149891895197, -14.630149891895197, -14.630149891895197, -14.630149891895197, -14.630149891895197, -14.630149891895197, -14.630149891895197, -14.630149891895197, -14.630149891895197, -14.630149891895197, -14.630149891895197, -14.630149891895197, -14.630149891895197, -14.630149891895197, -14.630149891895197, -14.630149891895197, -14.630149891895197, -14.630149891895197, -14.630149891895197, -14.630149891895197, -14.630149891895197],
        "1": [-6.098536834779658, -8.231440099058542, -10.364343363337428, -12.497246627616313, -14.459517630752886, -14.544833761324043, -14.630149891895197, -14.715466022466352, -14.800782153037508, -16.76305315617408, -18.89595642045297, -21.028859684731852, -23.161762949010736, -25.29466621328962, -27.427569477568504, -29.56047274184739, -31.693376006126275, -33.82627927040516, -35.95918253468405, -38.09208579896293, -40.224989063241814],
        "2": [-7.517366868871925, -9.029531993235443, -10.719050871860494, -12.585923504747079, -14.460085162766523, -14.544975644327451, -14.630149891895197, -14.715607905469762, -14.801349685051145, -16.851730033304847, -19.25066392897603, -21.82695157890875, -24.580592983103003, -27.51158814155879, -30.619937054276107, -33.90563972125496, -37.36869614249534, -41.009106317997265, -44.82687024776071, -48.8219879317857, -52.99445937007222],
        "3": [-6.988342884697055, -8.806349999911669, -10.652922873838635, -12.577657504994347, -14.46008093057465, -14.544975115303467, -14.630149891895197, -14.715608434493745, -14.801353917243018, -16.85999603305758, -19.316791926997894, -22.050133572232525, -25.109616967277873, -28.544838110650332, -32.4053930008663, -36.74087763644215, -41.6008880158943, -47.03502013773914, -53.09287000049305, -59.82403360267244, -67.2781069427937],
        "4": [-7.79121207804743, -9.060382830620187, -10.703102198423034, -12.58079371278087, -14.46008105903372, -14.544975123332158, -14.630149891895197, -14.715608442522438, -14.80135404570209, -16.863132240844106, -19.366971251582292, -22.304166402941043, -25.912486160628248, -30.504967977228397, -36.469918292202564, -44.27091253188844, -54.4467951095003, -67.61167942512903, -84.45494786574208, -105.74125180518354, -132.31051160417408]
    },
    "qats_poly_coeffs": [ -14.630149891895197, -8.531613057115539, -1.4188300340922666, -0.52902398417487, -0.8028691933503751 ],
    "hf_energies": [-7.338357668696405, -8.903247500362141, -10.628625930088639, -12.51427227384158, -14.389992076797341, -14.47463034534999, -14.559530146074128, -14.64469273156868, -14.730119603565644, -16.77894603232538, -19.18190129579876, -21.748099403946927, -24.468671377851493, -27.333802238785523, -30.333118889766634, -33.45632363030897, -36.69365300113148, -40.036127231619886, -43.47555869500474, -47.00435994792292, -50.6152509262727],
    "triples_corrections": [-0.0006105162469689523, -0.0007029669736272737, -0.0007356506234634618, -0.0007938634328176425, -0.0011105508089597383, -0.0011437266333179617, -0.0011798978510778313, -0.0012192588995634708, -0.0012619732533685174, -0.002097660827373997, -0.0019258305304497502, -0.0017768566400186776, -0.001645278326305215, -0.0015282440073173937, -0.00142154749937285, -0.0013216768639726661, -0.00122483998734406, -0.0011275526981804002, -0.0010279743337013602, -0.0009265474555709046, -0.0008255247233109331],
    "scf_converged": [true, true, true, true, true, true, true, true, true, true, true, true, true, true, true, true, true, true, true, true, true],
    "cc_converged": [true, true, true, true, true, true, true, true, true, true, true, true, true, true, true, true, true, true, true, true, true],
    "scf_spin_squared": [0.9473798086474785, 0.7897269019028224, 0.7528467015791505, 0.7505983946833452, 0.7506249192588066, 0.7506613738045986, 0.750704849439344, 0.7507566951135285, 0.750819197416837, 0.7640037910258277, 0.7643065693483351, 0.7629721079564886, 0.7614247952270037, 0.75994570676913, 0.7586443465569397, 0.7575377112950219, 0.7566143414060287, 0.7558519859339796, 0.7552205439319728, 0.7546860105596898, 0.7542172148044055],
    "cc_spin_squared": [0.7506601417178813, 0.7501939171959643, 0.750044146501124, 0.7500189558290191, 0.7500347968196107, 0.75003711784591, 0.750039704704647, 0.7500425920094043, 0.750045825753914, 0.7502521787245577, 0.7501726100723773, 0.7501222635228584, 0.7500897644686024, 0.75006824453449, 0.750053276825325, 0.7500424471546954, 0.750034354905184, 0.7500281067432448, 0.7500230895500575, 0.7500189109201301, 0.750015354758993]
}