{
    "schema_name": "pyscf_qa_output",
    "provenance": {
        "creator": "PySCF",
        "version": "1.7.6"
    },
    "molecule": {
        "geometry": [[0.0, 0.0, 0.0]],
        "symbols": [ "F" ]
    },
    "molecular_charge": -2,
    "molecular_multiplicity": 2,
    "name": "f.chrg-2.mult2-pyscf-uccsdt.augccpvtz",
    "atomic_numbers": [ 9 ],
    "n_electrons": 11,
    "model": {
        "method": "UCCSD(T)",
        "basis": "aug-cc-pVTZ",
        "scf_conv_tol": 1e-09,
        "scf_conv_tol_grad": 1e-06,
        "cc_conv_tol": 1e-07,
        "cc_conv_tol_normt": 1e-05
    },
    "broken_symmetry": false,
    "finite_diff_delta": 0.01,
    "finite_diff_acc": 2,
    "qa_lambdas": [-0.02, -0.01, 0.0, 0.01, 0.02, 0.25, 0.5, 0.75, 1.0, 1.25, 1.5, 1.75, 2.0, 2.25, 2.5, 2.75, 3.0, 3.25, 3.5, 3.75, 4.0],
    "electronic_energies": [-98.76688707451859, -99.03887010983466, -99.31120533991968, -99.5838923742762, -99.85693080719116, -106.23267172912931, -113.36529542756136, -120.69863545542523, -128.22269801067648, -135.92874621907146, -143.80906681659135, -151.85659555807266, -160.0646729558877, -168.4269204364864, -176.93718117057114, -185.58948286330664, -194.37799694660106, -203.29697609881543, -212.3406627703586, -221.50316473140933, -230.77832073703755],
    "qats_energies": {
        "0": [-99.31120533991965, -99.31120533991965, -99.31120533991965, -99.31120533991965, -99.31120533991965, -99.31120533991965, -99.31120533991965, -99.31120533991965, -99.31120533991965, -99.31120533991965, -99.31120533991965, -99.31120533991965, -99.31120533991965, -99.31120533991965, -99.31120533991965, -99.31120533991965, -99.31120533991965, -99.31120533991965, -99.31120533991965, -99.31120533991965, -99.31120533991965],
        "1": [-98.76618307547811, -99.03869420769888, -99.31120533991965, -99.58371647214042, -99.8562276043612, -106.12398364543893, -112.9367619509582, -119.74954025647747, -126.56231856199675, -133.37509686751602, -140.1878751730353, -147.00065347855457, -153.81343178407383, -160.62621008959312, -167.4389883951124, -174.25176670063166, -181.06454500615092, -187.8773233116702, -194.6901016171895, -201.50287992270876, -208.31565822822802],
        "2": [-98.76688668402123, -99.03887010983466, -99.31120533991965, -99.5838923742762, -99.85693121290431, -106.23392248030136, -113.37651729040793, -120.73898977023937, -128.32133991979566, -136.12356773907686, -144.1456732280829, -152.38765638681377, -160.84951721526954, -169.5312557134502, -178.4328718813557, -187.55436571898605, -196.89573722634128, -206.4569864034214, -216.23811325022638, -226.23911776675618, -236.45999995301088],
        "3": [-98.76688721482824, -99.03887017618554, -99.31120533991965, -99.58389230792532, -99.8569306820973, -106.23288574786072, -113.36822343088284, -120.7109979943422, -128.25498904359495, -135.9939761839973, -143.92173902090542, -152.03205715967547, -160.31871020566368, -168.7754777642262, -177.39613944071922, -186.1744748404989, -195.10426356892145, -204.17928523134304, -213.39331943311987, -222.7401457796081, -232.2135438761639],
        "4": [-98.7668872046844, -99.03887017555155, -99.31120533991965, -99.58389230729134, -99.85693067195345, -106.23263809526784, -113.3642609893968, -120.69093813431911, -128.19158997981833, -135.8391933134489, -143.60078126053628, -151.43744328417682, -159.30432518523784, -167.15062910235758, -174.91961351194522, -182.5485932281809, -189.96893940301567, -197.1060795261716, -203.87949742514166, -210.20273326518966, -215.98338354935055]
    },
    "qats_poly_coeffs": [ -99.31120533991965, -27.251113222077095, -1.7590213577989289, 0.06635087620073439, 0.06339906377661464 ],
    "hf_energies": [-98.4287816504329, -98.70130398680595, -98.97418098096207, -99.24741183160904, -99.52099574523073, -105.90912780463259, -113.05378043334389, -120.39772296146634, -127.93169885445765, -135.64752894742708, -143.53780416579275, -151.59560403632872, -159.8143214971524, -168.18756954559495, -176.70913155371392, -185.37292818445297, -194.1729839517437, -203.10338053910914, -212.15818492296623, -221.33134650282443, -230.61657778568724],
    "triples_corrections": [-0.015003188994023437, -0.014860714331657383, -0.014718037655699196, -0.014575321092483499, -0.014432716643100469, -0.011410113873048423, -0.008994961804800718, -0.007306331400916654, -0.0060429118363419035, -0.005041856131521646, -0.004232432755158999, -0.0035801964719729077, -0.003060353323149423, -0.002648820947498548, -0.0023213094588433606, -0.0020551021971439054, -0.0018310144808648368, -0.001634547689318148, -0.0014561493372403696, -0.001290686964145895, -0.001136451781545737],
    "scf_converged": [true, true, true, true, true, true, true, true, true, true, true, true, true, true, true, true, true, true, true, true, true],
    "cc_converged": [true, true, true, true, true, true, true, true, true, true, true, true, true, true, true, true, true, true, true, true, true],
    "scf_spin_squared": [0.7929714956031013, 0.7907189892667512, 0.7886040181289831, 0.7866173689920579, 0.7847504474407483, 0.7618438831212941, 0.7545641454178318, 0.7520591811438493, 0.7510442807140247, 0.7505800969120049, 0.7503472125349191, 0.7502217793072941, 0.7501504337093436, 0.7501081229803788, 0.7500822382280763, 0.750066057575113, 0.7500558020369619, 0.750049218063074, 0.7500448535856368, 0.7500416953462485, 0.7500390209631025],
    "cc_spin_squared": [0.7537592586947395, 0.7535957873610735, 0.7534399560065599, 0.7532913549267115, 0.7531496014256551, 0.7511742446467822, 0.7504227174277429, 0.7501650191774538, 0.750071103626686, 0.7500337728753168, 0.750017556266267, 0.7500099203329222, 0.750006064963411, 0.7500039974268988, 0.7500028312134641, 0.7500021427015828, 0.7500017179000404, 0.7500014427652362, 0.7500012510450857, 0.750001102575026, 0.7500009737473019]
}