{
    "schema_name": "pyscf_qa_output",
    "provenance": {
        "creator": "PySCF",
        "version": "1.7.6"
    },
    "molecule": {
        "geometry": [[0.0, 0.0, 0.0]],
        "symbols": [ "F" ]
    },
    "molecular_charge": 1,
    "molecular_multiplicity": 3,
    "name": "f.chrg1.mult3-pyscf-uccsdt.augccpvqz",
    "atomic_numbers": [ 9 ],
    "n_electrons": 8,
    "model": {
        "method": "UCCSD(T)",
        "basis": "aug-cc-pVQZ",
        "scf_conv_tol": 1e-09,
        "scf_conv_tol_grad": 1e-06,
        "cc_conv_tol": 1e-05,
        "cc_conv_tol_normt": 1e-07
    },
    "broken_symmetry": false,
    "finite_diff_delta": 0.01,
    "finite_diff_acc": 2,
    "qa_lambdas": [-3.0, -2.75, -2.5, -2.25, -2.0, -1.75, -1.5, -1.25, -1.0, -0.75, -0.5, -0.25, -0.02, -0.01, 0.0, 0.01, 0.02, 0.25, 0.5, 0.75, 1.0],
    "electronic_energies": [-37.50995940284153, -41.441757216517445, -45.58483203518504, -49.942433288757414, -54.51773140882289, -59.31305321882344, -64.32947542828722, -69.56667857712335, -75.02389658093772, -80.70063345989576, -86.59669117056887, -92.7119633026498, -98.53146823597098, -98.78869201177456, -99.04626573126946, -99.3041893660934, -99.56246288734879, -105.599247812405, -112.3703508548507, -119.35877832547033, -126.56346169394682],
    "qats_energies": {
        "0": [-99.04626573126929, -99.04626573126929, -99.04626573126929, -99.04626573126929, -99.04626573126929, -99.04626573126929, -99.04626573126929, -99.04626573126929, -99.04626573126929, -99.04626573126929, -99.04626573126929, -99.04626573126929, -99.04626573126929, -99.04626573126929, -99.04626573126929, -99.04626573126929, -99.04626573126929, -99.04626573126929, -99.04626573126929, -99.04626573126929, -99.04626573126929],
        "1": [-21.721662583443432, -28.165379512428913, -34.60909644141441, -41.052813370399896, -47.496530299385384, -53.94024722837087, -60.38396415735636, -66.82768108634184, -73.27139801532734, -79.71511494431283, -86.15883187329831, -92.60254880228379, -98.53076837695045, -98.78851705410986, -99.04626573126929, -99.30401440842871, -99.56176308558813, -105.48998266025478, -111.93369958924026, -118.37741651822574, -124.82113344721124],
        "2": [-37.4678524055535, -41.39655290461863, -45.5439504845464, -49.91004514533681, -54.49483688698986, -59.29832570950555, -64.32051161288388, -69.56139459712485, -75.02097466222845, -80.6992518081947, -86.59622603502359, -92.71189734271512, -98.53146820760921, -98.78869201177456, -99.04626573126929, -99.3041893660934, -99.56246291624689, -105.5993312006861, -112.37109375096554, -119.36155338210763, -126.57071009411236],
        "3": [-37.596687108459534, -41.49578843098895, -45.61850760428369, -49.964397285625296, -54.53301013229535, -59.32389880157544, -64.33661595074713, -69.570714237092, -75.02574631789165, -80.7012648504276, -86.59682249198148, -92.71197189983485, -98.53146824578245, -98.78869201654621, -99.04626573126929, -99.30418936132175, -99.56246287807365, -105.59925664356636, -112.37049729400765, -119.35954033987473, -126.56593843844917],
        "4": [-37.41567989923833, -41.36798526016489, -45.53121631897254, -49.90712547333264, -54.497255621831904, -59.30294016397223, -64.3253030001708, -69.56525853176007, -75.02351166098768, -80.70055779101659, -86.59668282592499, -92.71196317070633, -98.5314682454249, -98.78869201652387, -99.04626573126929, -99.3041893612994, -99.5624628777161, -105.59924791443783, -112.37035762795115, -119.3588332804637, -126.5637037815452]
    },
    "qats_poly_coeffs": [ -99.04626573126929, -25.77486771594195, -1.7495766469011187, 0.004771655663186417, 0.002234656903965515 ],
    "hf_energies": [-37.302774168749906, -41.2308699138183, -45.37125712300713, -49.7257140109558, -54.29905828128217, -59.095203513738014, -64.11326322952388, -69.3519922123408, -74.8105844629188, -80.48866502974215, -86.38612111891243, -92.50289527458256, -98.32390599733958, -98.58119839884077, -98.83884102677149, -99.0968338551077, -99.35517685728291, -105.3936443860983, -112.16678000769956, -119.15747571030568, -126.36467426752094],
    "triples_corrections": [-0.008761884369815762, -0.00879192437119692, -0.0084489077271164, -0.007869683982251312, -0.0072164406796121185, -0.0063034675779238955, -0.005411425990379276, -0.004709319969862016, -0.00415954599967993, -0.0037079258863983973, -0.003324945436555305, -0.002996974248712519, -0.0027367046123879524, -0.002726196010315902, -0.002715750665035793, -0.0027053680880977024, -0.002695047790563566, -0.002473743704624318, -0.002263415148590716, -0.002077829804764576, -0.0019112701883143492],
    "scf_converged": [true, true, true, true, true, true, true, true, true, true, true, true, true, true, true, true, true, true, true, true, true],
    "cc_converged": [true, true, true, true, true, true, true, true, true, true, true, true, true, true, true, true, true, true, true, true, true],
    "scf_spin_squared": [2.214710538976282, 2.3105997425313602, 2.334184267815622, 2.2532266929663534, 2.0967243233162915, 2.033815706628847, 2.0176199660396468, 2.011943994179375, 2.0093126055048978, 2.0077879871147757, 2.006746127020815, 2.00595608725253, 2.005368670984996, 2.005345501189788, 2.0053225091539026, 2.0052996928486926, 2.005277050287812, 2.0048001808389313, 2.004363152461342, 2.0039934498329712, 2.0036770376154127],
    "cc_spin_squared": [2.0037659732293127, 2.005943786878233, 2.0071388039431843, 2.006079884912978, 2.0035011215200784, 2.0016411582533946, 2.0007650596661426, 2.000396053689083, 2.0002376621419264, 2.000161889270502, 2.000119854797706, 2.0000932616202327, 2.000075994266, 2.0000753519098877, 2.0000747172256066, 2.0000740900780443, 2.000073470335692, 2.000061001784678, 2.0000504910838526, 2.000042273739048, 2.0000357419530737]
}