{
    "schema_name": "pyscf_apdft_output",
    "provenance": {
        "creator": "PySCF",
        "version": "1.7.6"
    },
    "molecule": {
        "geometry": [[0.0, 0.0, 0.0]],
        "symbols": [ "Mg" ]
    },
    "molecular_charge": -1,
    "molecular_multiplicity": 4,
    "name": "mg.chrg-1.mult4-pyscf-uccsdt.augccpvqz",
    "atomic_numbers": [ 12 ],
    "n_electrons": 13,
    "model": {
        "method": "UCCSD(T)",
        "basis": "aug-cc-pVQZ",
        "scf_conv_tol": 1e-09,
        "scf_conv_tol_grad": 1e-06,
        "cc_conv_tol": 1e-07,
        "cc_conv_tol_normt": 1e-05
    },
    "broken_symmetry": false,
    "finite_diff_delta": 0.01,
    "finite_diff_acc": 2,
    "apdft_lambdas": [-1.0, -0.75, -0.5, -0.25, -0.02, -0.01, 0.0, 0.01, 0.02, 0.25, 0.5, 0.75, 1.0, 1.25, 1.5, 1.75, 2.0, 2.25, 2.5, 2.75, 3.0],
    "electronic_energies": [-160.65850863416048, -170.17577167267444, -179.84736366207343, -189.65842652691722, -198.7964512090354, -199.19601777650482, -199.59576323381637, -199.99568634938535, -200.39578589204586, -209.64404535456583, -219.78604106898584, -230.0074248605416, -240.2961662505458, -250.64209152592525, -261.0366437246291, -271.47267076086223, -281.944237371376, -292.4464477755934, -302.97527701603815, -313.5274164327597, -324.10013789723433],
    "apdft_energies": {
        "0": [-199.59576323381637, -199.59576323381637, -199.59576323381637, -199.59576323381637, -199.59576323381637, -199.59576323381637, -199.59576323381637, -199.59576323381637, -199.59576323381637, -199.59576323381637, -199.59576323381637, -199.59576323381637, -199.59576323381637, -199.59576323381637, -199.59576323381637, -199.59576323381637, -199.59576323381637, -199.59576323381637, -199.59576323381637, -199.59576323381637, -199.59576323381637],
        "1": [-159.61233458978964, -169.60819175079632, -179.604048911803, -189.5999060728097, -198.79609466093584, -199.1959289473761, -199.59576323381637, -199.99559752025664, -200.3954318066969, -209.59162039482305, -219.58747755582974, -229.58333471683642, -239.5791918778431, -249.57504903884978, -259.5709061998565, -269.56676336086315, -279.5626205218698, -289.5584776828765, -299.5543348438832, -309.5501920048899, -319.54604916589653],
        "2": [-160.5006258769296, -170.10785559981255, -179.826121733588, -189.65542427825594, -198.7964499774507, -199.19601777650482, -199.59576323381637, -199.99568634938535, -200.39578712321176, -209.6471386002693, -219.80955037761473, -230.08299856585265, -240.46748316498307, -250.96300417500598, -261.5695615959214, -272.2871554277293, -283.11578567042966, -294.05545232402255, -305.106155388508, -316.2678948638859, -327.5406707501562],
        "3": [-160.7058550948459, -170.19443667612097, -179.85177538582752, -189.65863098478587, -198.79645161928443, -199.19601798173403, -199.59576323381637, -199.99568614415614, -200.39578548137803, -209.64393189373936, -219.7838967253752, -229.99641748954423, -240.26225394706677, -250.56216585876322, -260.87691298545394, -271.18725508795916, -281.4739519270994, -291.71776326369485, -301.89944885856596, -311.99976847253305, -321.99948186641643],
        "4": [-160.70760006938113, -170.19498879697002, -179.851884446736, -189.65863780109265, -198.79645161956364, -199.19601798175148, -199.59576323381637, -199.9956861441736, -200.3957854816572, -209.64393871004614, -219.78400578628364, -229.99696961039325, -240.26399892160202, -250.56642605049964, -260.8857469190385, -271.2036210405338, -281.50187151966315, -291.7624850524671, -301.9676119263487, -312.0995660200737, -322.14082480377067]
    },
    "apdft_poly_coeff": [ -199.59576323381637, -39.98342864402673, -0.888291287139964, 0.20522921791628804, -0.0017449745352375128 ],
    "hf_energies": [-160.55943644421137, -170.095931260211, -179.7808000923585, -189.60377740167638, -198.75167827185376, -199.15161048222805, -199.55171604379518, -199.95199379364, -200.3524425752359, -209.60743642569005, -219.75459536894084, -229.97960590151223, -240.27092208700756, -250.61869812874414, -261.0145983283672, -271.4516228828494, -281.92394257063586, -292.42673568999766, -302.956029021791, -313.50854997368856, -324.08159541554215],
    "triples_corrections": [-0.0039061344946212323, -0.003007828829196995, -0.002368642491739696, -0.0016958494142051597, -0.0010958315069679485, -0.0010754714109624415, -0.0010556299314131523, -0.0010362951640898695, -0.0010174543048808457, -0.0006907319488650341, -0.00048231861123437597, -0.0003574357673313495, -0.0002798269518042148, -0.0002294474505811227, -0.00019528235834965533, -0.00017108270588480756, -0.0001531708564649116, -0.0001393267191464463, -0.00012818322258309202, -0.00011888207018415461, -0.000110875055448826],
    "scf_converged": [true, true, true, true, true, true, true, true, true, true, true, true, true, true, true, true, true, true, true, true, true],
    "cc_converged": [true, true, true, true, true, true, true, true, true, true, true, true, true, true, true, true, true, true, true, true, true],
    "scf_spin_squared": [3.7500646781820084, 3.750063606044156, 3.7500471072575863, 3.750033024502187, 3.7500262946359326, 3.750026101932945, 3.750025915142041, 3.7500257339912766, 3.7500255582168727, 3.750022536603959, 3.7500204415019063, 3.7500190289235027, 3.7500181096177787, 3.7500175364919137, 3.75001717605036, 3.75001692315991, 3.7500167088108123, 3.7500164962646485, 3.750016271175973, 3.7500160314604614, 3.750015779805781],
    "cc_spin_squared": [3.7500052552516636, 3.7500038214034253, 3.7500028672593326, 3.75000270973895, 3.7500020898866286, 3.750002062097898, 3.750002034759507, 3.75000200788744, 3.7500019814920904, 3.7500014921416325, 3.7500011276639564, 3.750000869418743, 3.7500006863006856, 3.7500005559129326, 3.750000461889864, 3.750000392642631, 3.75000034022549, 3.7500002993620587, 3.750000266632418, 3.7500002398376187, 3.7500002175470586]
}