{
    "schema_name": "pyscf_qa_output",
    "provenance": {
        "creator": "PySCF",
        "version": "1.7.6"
    },
    "molecule": {
        "geometry": [[0.0, 0.0, 0.0]],
        "symbols": [ "Al" ]
    },
    "molecular_charge": -2,
    "molecular_multiplicity": 2,
    "name": "al.chrg-2.mult2-pyscf-uccsdt.augccpvtz",
    "atomic_numbers": [ 13 ],
    "n_electrons": 15,
    "model": {
        "method": "UCCSD(T)",
        "basis": "aug-cc-pVTZ",
        "scf_conv_tol": 1e-09,
        "scf_conv_tol_grad": 1e-06,
        "cc_conv_tol": 1e-05,
        "cc_conv_tol_normt": 1e-07
    },
    "broken_symmetry": false,
    "finite_diff_delta": 0.01,
    "finite_diff_acc": 2,
    "qa_lambdas": [-0.02, -0.01, 0.0, 0.01, 0.02, 0.25, 0.5, 0.75, 1.0, 1.25, 1.5, 1.75, 2.0, 2.25, 2.5, 2.75, 3.0, 3.25, 3.5, 3.75, 4.0],
    "electronic_energies": [-240.9976125966948, -241.44466878246755, -241.89196053541679, -242.33948729009708, -242.78724847864132, -253.149273207311, -264.54534714296415, -276.07312639329604, -287.7274828077477, -299.49863124439827, -311.375038885452, -323.34646082803846, -335.4041537825395, -347.54015922489634, -359.74724328740314, -372.0189224196373, -384.34940141479024, -396.7334375343727, -409.1661924964889, -421.64311477725397, -434.15986814112955],
    "qats_energies": {
        "0": [-241.89196053537944, -241.89196053537944, -241.89196053537944, -241.89196053537944, -241.89196053537944, -241.89196053537944, -241.89196053537944, -241.89196053537944, -241.89196053537944, -241.89196053537944, -241.89196053537944, -241.89196053537944, -241.89196053537944, -241.89196053537944, -241.89196053537944, -241.89196053537944, -241.89196053537944, -241.89196053537944, -241.89196053537944, -241.89196053537944, -241.89196053537944],
        "1": [-240.9971420277499, -241.44455128156466, -241.89196053537944, -242.33936978919422, -242.78677904300898, -253.07719188074867, -264.2624232261179, -275.4476545714871, -286.6328859168563, -297.81811726222554, -309.0033486075947, -320.18857995296395, -331.3738112983332, -342.5590426437024, -353.74427398907164, -364.9295053344408, -376.11473667981005, -387.2999680251793, -398.48519937054846, -409.6704307159177, -420.8556620612869],
        "2": [-240.9976120313614, -241.44466878246755, -241.89196053537944, -242.33948729009708, -242.78724904662047, -253.15062994504504, -264.5561754833034, -276.10859715015454, -287.80789494559843, -299.6540688696351, -311.64711892226455, -323.7870451034867, -336.0738474133017, -348.5075258517094, -361.08808041870986, -373.81551111430315, -386.68981793848917, -399.711000891268, -412.87905997263954, -426.1939951826038, -439.6558065211609],
        "3": [-240.99761278690312, -241.44466887691027, -241.89196053537944, -242.33948719565436, -242.78724829107875, -253.14915427764194, -264.5443701440787, -276.0687541302712, -287.71345223180083, -299.4696104442492, -311.32837476319764, -323.2808911842278, -335.318305702921, -347.4317643148588, -359.6124130156226, -371.85139780079396, -384.13986466595435, -396.4689596066852, -408.82982861856806, -421.21361769718425, -433.61147283811545],
        "4": [-240.99761278513927, -241.44466887680002, -241.89196053537944, -242.33948719554414, -242.7872482893149, -253.1491112148664, -264.5436811396696, -276.0652660454502, -287.7024281612555, -299.4426962095194, -311.272565406062, -323.17749746008985, -335.1419205741959, -347.14922944435943, -359.18178525994614, -371.22091570370804, -383.2469149517836, -395.2390436736976, -407.1755290323613, -419.0335646840721, -430.78931077851405]
    },
    "qats_poly_coeffs": [ -241.89196053537944, -44.74092538147687, -1.1750090287421244, 0.09444271379758597, 0.011024070545317954 ],
    "hf_energies": [-240.83915389422333, -241.28640909335348, -241.7338959081408, -242.18161372155853, -242.6295619701738, -252.99501904739748, -264.39478307899753, -275.9279307715673, -287.5884370276831, -299.3625974221884, -311.2422499708921, -323.2165245621406, -335.2767788576824, -347.4152084025095, -359.62471038760464, -371.8988753314929, -384.2319300729573, -396.6186197448809, -409.0540749215996, -421.5337047193162, -434.0531341893257],
    "triples_corrections": [-0.008172851047059683, -0.008183295135957266, -0.008192540242293234, -0.008200612131706527, -0.00820756833969841, -0.00814905925173976, -0.00780804381066244, -0.00729922690395201, -0.0069615656591147474, -0.006690497298338139, -0.0066856443051749835, -0.006722709022914822, -0.0067923295812642075, -0.006884037925176394, -0.006989902163110937, -0.007104609687390349, -0.007220328982093033, -0.007322003996354365, -0.00738764585127566, -0.007393663736976153, -0.0073213797689912355],
    "scf_converged": [true, true, true, true, true, true, true, true, true, true, true, true, true, true, true, true, true, true, true, true, true],
    "cc_converged": [true, true, true, true, true, true, true, true, true, true, true, true, true, true, true, true, true, true, true, true, true],
    "scf_spin_squared": [0.8043315225299175, 0.8017732127522628, 0.7993420603898098, 0.7970630562067615, 0.7949569852631768, 0.7760592082892463, 0.7729747884895746, 0.7762923959122423, 1.0864838226808935, 0.767563577618791, 0.765422140284227, 0.764418813866147, 0.7635125381890653, 0.7626203712175741, 0.7617476332312094, 0.7609072461196646, 0.7601056425695765, 0.7593423586276407, 0.7586136891615203, 0.7579162081449784, 0.757249032500888],
    "cc_spin_squared": [0.7516757349024714, 0.7517693858644026, 0.7518919197982741, 0.7520434544957717, 0.7522235939397226, 0.7628040802269767, 0.7727075058358119, 0.7592441997281019, 0.7554938174084684, 0.7509359481204707, 0.7506236967064503, 0.7505165387204937, 0.750448833422682, 0.7503952388141735, 0.7503502641615554, 0.7503119899956787, 0.7502792088185131, 0.7502507341211841, 0.7502253490345625, 0.7502019544157448, 0.7501797695573624]
}