{
    "schema_name": "pyscf_qa_output",
    "provenance": {
        "creator": "PySCF",
        "version": "1.7.6"
    },
    "molecule": {
        "geometry": [[0.0, 0.0, 0.0]],
        "symbols": [ "Na" ]
    },
    "molecular_charge": 0,
    "molecular_multiplicity": 2,
    "name": "na.chrg0.mult2-pyscf-uccsdt.augccpv5z",
    "atomic_numbers": [ 11 ],
    "n_electrons": 11,
    "model": {
        "method": "UCCSD(T)",
        "basis": "aug-cc-pV5Z",
        "scf_conv_tol": 1e-09,
        "scf_conv_tol_grad": 1e-06,
        "cc_conv_tol": 1e-07,
        "cc_conv_tol_normt": 1e-05
    },
    "broken_symmetry": false,
    "finite_diff_delta": 0.01,
    "finite_diff_acc": 2,
    "qa_lambdas": [-2.0, -1.75, -1.5, -1.25, -1.0, -0.75, -0.5, -0.25, -0.02, -0.01, 0.0, 0.01, 0.02, 0.25, 0.5, 0.75, 1.0, 1.25, 1.5, 1.75, 2.0],
    "electronic_energies": [-96.43310828136322, -103.98435520281721, -111.74142085042271, -119.68795255000408, -127.81048036234549, -136.09862509662582, -144.5796184867173, -153.20504157704605, -161.27093590014195, -161.62434905932557, -161.97798447845793, -162.33184161930183, -162.68591994595803, -170.88955238031946, -179.9315094440177, -189.095768847641, -198.37413966350974, -207.75817501056306, -217.23910823101622, -226.80789463301633, -236.4553646546959],
    "qats_energies": {
        "0": [-161.9779844781981, -161.9779844781981, -161.9779844781981, -161.9779844781981, -161.9779844781981, -161.9779844781981, -161.9779844781981, -161.9779844781981, -161.9779844781981, -161.9779844781981, -161.9779844781981, -161.9779844781981, -161.9779844781981, -161.9779844781981, -161.9779844781981, -161.9779844781981, -161.9779844781981, -161.9779844781981, -161.9779844781981, -161.9779844781981, -161.9779844781981],
        "1": [-91.22872848057216, -100.0723854802754, -108.91604247997864, -117.75969947968188, -126.60335647938513, -135.44701347908835, -144.2906704787916, -153.13432747849487, -161.27049191822184, -161.62423819820998, -161.9779844781981, -162.3317307581862, -162.68547703817435, -170.82164147790132, -179.66529847760458, -188.50895547730784, -197.35261247701106, -206.1962694767143, -215.03992647641755, -223.8835834761208, -232.72724047582403],
        "2": [-95.66317310462512, -103.46750714556595, -111.41041758100843, -119.49190441095257, -127.71196763539837, -136.07060725434582, -144.56782326779492, -153.20361567574568, -161.27093536268424, -161.62434905932557, -161.9779844781981, -162.33184161930183, -162.68592048263676, -170.89092967515217, -179.9424512666079, -189.13254925256527, -198.4612236330243, -207.928474407985, -217.53430157744734, -227.27870514141134, -237.161685099877],
        "3": [-96.37926406123093, -103.94723214188585, -111.71251845332651, -119.66673130465516, -127.80147900497408, -136.10836986338558, -144.5790121889919, -153.2050142908953, -161.2709360787752, -161.62434914883693, -161.9779844781981, -162.33184152979047, -162.6859197665458, -170.88953106000255, -179.93126234541091, -189.0947866435255, -198.3717122634486, -207.75364751428242, -217.23220070512926, -226.79898014509143, -236.4455941432712],
        "4": [-96.43119999826342, -103.97767603466296, -111.7289513084032, -119.67465609973459, -127.80472500103863, -136.10939691682788, -144.57921506374592, -153.20502697056742, -161.27093607929456, -161.62434914886938, -161.9779844781981, -162.33184152982292, -162.68591976706517, -170.88954373967468, -179.93146522016497, -189.0958136969678, -198.3749582595131, -207.7615723093618, -217.24863356020595, -226.82942403786853, -236.49753008030365]
    },
    "qats_poly_coeffs": [ -161.9779844781981, -35.37462799881297, -1.1086111560132395, 0.08951136957572693, -0.003245996064530724 ],
    "hf_energies": [-96.21820137558348, -103.78103633883165, -111.54931098292509, -119.50733503131234, -127.64192079852933, -135.94274650781708, -144.4342265482548, -153.0723688584689, -161.1507603188545, -161.5047302264261, -161.85892330798717, -162.21333899948345, -162.56797673801233, -170.7846477732154, -179.84084474003694, -189.01890813565961, -198.31015284761796, -207.70574371038407, -217.1966795397534, -226.7738461878908, -236.42814507157715],
    "triples_corrections": [-0.006757249664729096, -0.005136986267458833, -0.00397753962481505, -0.003130774616649995, -0.002521597650551463, -0.002101324120813894, -0.0020125841452510967, -0.0018638996088309124, -0.0017404151324595868, -0.001735007790436106, -0.0017295840812676171, -0.0017241424354392171, -0.0017186812596508355, -0.0015848226207556158, -0.0014132306790316952, -0.001212596784111591, -0.0009942883188078606, -0.0007773526163073322, -0.000580619870671304, -0.00041659735565848204, -0.00028946178456924006],
    "scf_converged": [true, true, true, true, true, true, true, true, true, true, true, true, true, true, true, true, true, true, true, true, true],
    "cc_converged": [true, true, true, true, true, true, true, true, true, true, true, true, true, true, true, true, true, true, true, true, true],
    "scf_spin_squared": [0.7500000260919721, 0.7500000093018784, 0.7500000035544048, 0.7500000013625661, 0.7500000008726024, 0.7500000079923952, 0.7500245439466768, 0.7500446805851464, 0.7500562542523186, 0.7500565805703312, 0.7500568923225979, 0.7500571893868351, 0.7500574716988293, 0.750060266711225, 0.7500568631401485, 0.7500495689709172, 0.7500407901940607, 0.7500320390991835, 0.7500241106450174, 0.7500173781753983, 0.7500119796410711],
    "cc_spin_squared": [0.7500000021002697, 0.7500000004566476, 0.7500000001581371, 0.7500000000965801, 0.7500000001852434, 0.7500000016210708, 0.7500014611776566, 0.7500020798957259, 0.7500022306136032, 0.750002230282504, 0.7500022296553088, 0.7500022283723529, 0.7500022266329052, 0.7500020835420913, 0.7500017879722409, 0.750001446386587, 0.7500011214710516, 0.7500008415591268, 0.750000614804867, 0.7500004392937805, 0.7500003084804368]
}