{
    "schema_name": "pyscf_apdft_output",
    "provenance": {
        "creator": "PySCF",
        "version": "1.7.6"
    },
    "molecule": {
        "geometry": [[0.0, 0.0, 0.0]],
        "symbols": [ "Be" ]
    },
    "molecular_charge": 0,
    "molecular_multiplicity": 1,
    "name": "be.chrg0.mult1-pyscf-ccsdt.augccpvtz",
    "atomic_numbers": [ 4 ],
    "n_electrons": 4,
    "model": {
        "method": "CCSD(T)",
        "basis": "aug-cc-pVTZ",
        "scf_conv_tol": 1e-09,
        "scf_conv_tol_grad": 1e-06,
        "cc_conv_tol": 1e-07,
        "cc_conv_tol_normt": 1e-05
    },
    "broken_symmetry": false,
    "finite_diff_delta": 0.01,
    "finite_diff_acc": 2,
    "apdft_lambdas": [-2.0, -1.75, -1.5, -1.25, -1.0, -0.75, -0.5, -0.25, -0.02, -0.01, 0.0, 0.01, 0.02, 0.25, 0.5, 0.75, 1.0, 1.25, 1.5, 1.75, 2.0],
    "electronic_energies": [-2.691165209344443, -3.609215020610422, -4.662182037122053, -5.867233299329413, -7.3359577752343474, -8.920059917942986, -10.673760617125888, -12.58174342515406, -14.456510206618974, -14.54036432393077, -14.624403074339284, -14.70862521529313, -14.793029509234492, -16.781840902103557, -19.035903585438493, -21.37095448512005, -23.773604441220726, -26.232060699990505, -28.735741006497783, -31.275302944887304, -33.842833792323695],
    "apdft_energies": {
        "0": [-14.624403074339286, -14.624403074339286, -14.624403074339286, -14.624403074339286, -14.624403074339286, -14.624403074339286, -14.624403074339286, -14.624403074339286, -14.624403074339286, -14.624403074339286, -14.624403074339286, -14.624403074339286, -14.624403074339286, -14.624403074339286, -14.624403074339286, -14.624403074339286, -14.624403074339286, -14.624403074339286, -14.624403074339286, -14.624403074339286, -14.624403074339286],
        "1": [2.201686061896714, 0.09842491986721491, -2.004836222162286, -4.108097364191787, -6.211358506221286, -8.314619648250787, -10.417880790280286, -12.521141932309785, -14.456142182976926, -14.540272628658105, -14.624403074339286, -14.708533520020467, -14.792663965701646, -16.727664216368787, -18.830925358398286, -20.934186500427785, -23.037447642457288, -25.140708784486783, -27.243969926516286, -29.34723106854579, -31.450492210575284],
        "2": [-1.4661248446879203, -2.7097428054866466, -4.067979857116143, -5.540835999576409, -7.1283112328674445, -8.83040555698925, -10.647118971941826, -12.57845147772517, -14.456508964067584, -14.54036432393077, -14.624403074339286, -14.70862521529313, -14.793030746792304, -16.784973761784173, -19.060163540059825, -21.44997240916625, -23.954400369103446, -26.573447419871407, -29.307113561470143, -32.15539879389964, -35.11830311715992],
        "3": [-3.119530979655776, -3.817395743560816, -4.7655105703057075, -5.9444996067462945, -7.334986999738426, -8.917596896137946, -10.672953442800699, -12.58168078658253, -14.45651061747372, -14.540364530606537, -14.624403074339286, -14.708625008617364, -14.793029093386169, -16.781744452926812, -19.034329069200954, -21.362781070017554, -23.747724602232463, -26.169783812701525, -28.609582848280578, -31.047745855825475, -33.464896982192066],
        "4": [-3.4524361201471496, -4.012538624986545, -4.870843837414306, -5.995296899912093, -7.355793571019137, -8.924180225332233, -10.674253853505743, -12.581762062251595, -14.45651062080277, -14.540364530814603, -14.624403074339286, -14.708625008825429, -14.793029096715221, -16.781825728595877, -19.035629479905996, -21.36936439921184, -23.768531173513175, -26.220581105867318, -28.714916115389176, -31.242888737251207, -33.797802122683436]
    },
    "apdft_poly_coeff": [ -14.624403074339286, -8.413044568118, -0.9169527266461586, 0.2066757668709821, -0.020806571280710767 ],
    "hf_energies": [-2.6560441878050325, -3.5747314596591373, -4.627620791718982, -5.829013755527588, -7.2855535290103095, -8.868935658828027, -10.622736782317087, -12.530880550482468, -14.405075601561421, -14.488884046341898, -14.572875342470157, -14.657048248456151, -14.7414015285519, -16.728561052883798, -18.979888221726014, -21.311487182699345, -23.71040962653303, -26.165415544923214, -28.666404124783362, -31.204282151634587, -33.77113086830748],
    "triples_corrections": [-5.392752726583663e-05, -7.747362406433094e-05, -0.00016866654692342998, -0.0005189310344218527, -0.0003955178856090957, -0.0004153040802834999, -0.0003803779819417845, -0.00031240591601558573, -0.000245874812922129, -0.00024310291206032554, -0.00024034606236711655, -0.00023760468985966043, -0.0002348792088451242, -0.00017728787171774517, -0.00012722929807238464, -9.009986591721237e-05, -6.395010822559417e-05, -4.616685244685508e-05, -3.420034420569736e-05, -2.6029715598701126e-05, -2.029353858010502e-05],
    "scf_converged": [true, true, true, true, true, true, true, true, true, true, true, true, true, true, true, true, true, true, true, true, true],
    "cc_converged": [true, true, true, true, true, true, true, true, true, true, true, true, true, true, true, true, true, true, true, true, true],
    "t1_diagnostic": [0.003946430658695603, 0.0066816771583271106, 0.022076896241119016, 0.06468417859345353, 0.03384362370220363, 0.03129035570376694, 0.0244903521086057, 0.01805413983869939, 0.01480395178016105, 0.014702563252829832, 0.014603425764034967, 0.014506492347471579, 0.01441168960194852, 0.012650022435296317, 0.011238198366830238, 0.010069830185979714, 0.00897369550407354, 0.007810512514921678, 0.00654427607544308, 0.005249444982793927, 0.00403993008919874]
}