{
    "schema_name": "pyscf_qa_output",
    "provenance": {
        "creator": "PySCF",
        "version": "1.7.6"
    },
    "molecule": {
        "geometry": [[0.0, 0.0, 0.0]],
        "symbols": [ "Mg" ]
    },
    "molecular_charge": 1,
    "molecular_multiplicity": 4,
    "name": "mg.chrg1.mult4-pyscf-uccsdt.augccpvtz",
    "atomic_numbers": [ 12 ],
    "n_electrons": 11,
    "model": {
        "method": "UCCSD(T)",
        "basis": "aug-cc-pVTZ",
        "scf_conv_tol": 1e-09,
        "scf_conv_tol_grad": 1e-06,
        "cc_conv_tol": 1e-07,
        "cc_conv_tol_normt": 1e-05
    },
    "broken_symmetry": false,
    "finite_diff_delta": 0.01,
    "finite_diff_acc": 2,
    "qa_lambdas": [-3.0, -2.75, -2.5, -2.25, -2.0, -1.75, -1.5, -1.25, -1.0, -0.75, -0.5, -0.25, -0.02, -0.01, 0.0, 0.01, 0.02, 0.25, 0.5, 0.75, 1.0],
    "electronic_energies": [-91.66699436503679, -99.3172957147456, -107.25029466771629, -115.4024014075317, -123.88226329325619, -132.53443057073122, -141.38833418757977, -150.42761433391556, -159.61071534642144, -168.92239115233897, -178.34078552597225, -187.8461056300499, -196.65317118877476, -197.03725388566218, -197.4214267849948, -197.80568905231647, -198.1698341360338, -207.05283044073948, -216.72911369532972, -226.41858268915166, -236.1591796652397],
    "qats_energies": {
        "0": [-197.4013205818414, -197.4013205818414, -197.4013205818414, -197.4013205818414, -197.4013205818414, -197.4013205818414, -197.4013205818414, -197.4013205818414, -197.4013205818414, -197.4013205818414, -197.4013205818414, -197.4013205818414, -197.4013205818414, -197.4013205818414, -197.4013205818414, -197.4013205818414, -197.4013205818414, -197.4013205818414, -197.4013205818414, -197.4013205818414, -197.4013205818414],
        "1": [-82.1360455836986, -91.74148516687717, -101.34692475005573, -110.9523643332343, -120.55780391641287, -130.16324349959143, -139.76868308277, -149.37412266594856, -158.97956224912713, -168.5850018323057, -178.19044141548426, -187.79588099866282, -196.6328854151871, -197.01710299851425, -197.4013205818414, -197.78553816516853, -198.16975574849567, -207.00676016501995, -216.61219974819852, -226.2176393313771, -235.82307891455565],
        "2": [-1895.715888897829, -1615.652325729445, -1360.7773714959797, -1131.0910261974327, -926.5932898338042, -747.2841624050941, -593.1636439113026, -464.23173435242956, -360.48843372847494, -281.9337420394388, -228.5676592853212, -200.39018546612206, -196.71348896377884, -197.03725388566218, -197.4013205818414, -197.80568905231647, -198.2503592970874, -219.6010646324792, -266.9894176180355, -339.5663795385102, -437.33195039390347],
        "3": [-47362.33450031881, -36636.525804781144, -27672.47795680904, -20312.32075289066, -14398.183989514093, -9772.197463167475, -6276.490970338924, -3753.1943075165623, -2044.4372711885112, -992.3496578428917, -439.0612639678257, -226.7018860514351, -196.72696055447852, -197.03893783449965, -197.4013205818414, -197.804005103479, -198.23688770638773, -193.28936404716612, -56.49581293553095, 370.8495362649426, 1246.6168870661327],
        "4": [47487128.58493804, 33525886.697164793, 22895982.479334068, 15019897.69672565, 9375130.886516826, 5494197.35778237, 2964629.191494558, 1428975.2405231632, 584801.129635458, 184689.25549621318, 36238.786667697575, 2065.663609677652, -196.63306526377346, -197.0330693788306, -197.4013205818414, -197.79813664780994, -198.14299241568267, 2099.0761316819217, 36621.35211872987, 186052.45469032097, 588092.1837937125]
    },
    "qats_poly_coeffs": [ -197.4013205818414, -38.42175833271426, -201.50887147934782, 1683.9488374600362, 586845.5669066464 ],
    "hf_energies": [-91.47783347604509, -99.14071843777174, -107.08855954301265, -115.26167694974227, -123.75812441997932, -132.43299933496186, -141.3088322695819, -150.36541331895734, -159.5627873252712, -168.88452412596186, -178.3094977456956, -187.81892884069055, -196.6283584537095, -197.01252177656943, -197.39677371738082, -197.7811135066726, -198.14996215293152, -207.02973168443205, -216.70698723887008, -226.4019310238249, -236.14298725811398],
    "triples_corrections": [-0.0032780517794752523, -0.003390454927041777, -0.0037397574955645952, -0.0038529328257342196, -0.004152827214435266, -0.0036638108190497243, -0.002981489953851223, -0.003023688960393634, -0.0028117014322903105, -0.002818462666013214, -0.0029247868401366946, -0.0030311900346347885, -0.0031031791168530166, -0.003105821788719385, -0.0031084446606755665, -0.0031110367233549594, -0.0013783159423406703, -0.003166709329208414, -0.0032211705608003894, -0.0014170296303753001, -0.001417566911440914],
    "scf_converged": [true, true, true, true, true, true, true, true, true, true, true, true, true, true, true, true, true, true, true, true, true],
    "cc_converged": [true, true, true, true, true, true, true, true, true, true, true, true, true, true, true, true, true, true, true, true, true],
    "scf_spin_squared": [3.754570038656584, 3.754181805567205, 3.753702134382416, 3.753355617203441, 3.752531352573789, 3.752004496726832, 3.7515418267884204, 3.751129448584407, 3.750824850560389, 3.750596818698174, 3.7504290955138875, 3.7503075104510852, 3.7502264807091534, 3.750223506483076, 3.750220572968418, 3.750217679879028, 3.750186550313995, 3.7501591951092497, 3.7501163369267463, 3.750067188559927, 3.750049886104218],
    "cc_spin_squared": [3.750106409295129, 3.7500866439662106, 3.7500713022952032, 3.7500659511858023, 3.750057096866202, 3.7500421674938402, 3.750038961330342, 3.750111428321633, 3.7501368292149824, 3.750150126896588, 3.750144588351442, 3.750125484477919, 3.750104059907131, 3.750103131700619, 3.750102207291895, 3.7501012865613004, 3.7500438495147255, 3.7500808213272445, 3.7500634815623237, 3.7500266569263485, 3.7500222678038715]
}