{
    "schema_name": "pyscf_apdft_output",
    "provenance": {
        "creator": "PySCF",
        "version": "1.7.6"
    },
    "molecule": {
        "geometry": [[0.0, 0.0, 0.0]],
        "symbols": [ "Al" ]
    },
    "molecular_charge": 0,
    "molecular_multiplicity": 4,
    "name": "al.chrg0.mult4-pyscf-uccsdt.augccpv5z",
    "atomic_numbers": [ 13 ],
    "n_electrons": 13,
    "model": {
        "method": "UCCSD(T)",
        "basis": "aug-cc-pV5Z",
        "scf_conv_tol": 1e-09,
        "scf_conv_tol_grad": 1e-06,
        "cc_conv_tol": 1e-07,
        "cc_conv_tol_normt": 1e-05
    },
    "broken_symmetry": false,
    "finite_diff_delta": 0.01,
    "finite_diff_acc": 2,
    "apdft_lambdas": [-2.0, -1.75, -1.5, -1.25, -1.0, -0.75, -0.5, -0.25, -0.02, -0.01, 0.0, 0.01, 0.02, 0.25, 0.5, 0.75, 1.0, 1.25, 1.5, 1.75, 2.0],
    "electronic_energies": [-158.9838896969054, -168.64543331953163, -178.52611984156744, -188.6174541641487, -198.9119320858614, -209.40193523325718, -220.07796829673728, -230.93099430276237, -241.06550177593604, -241.509300517633, -241.95335977313408, -242.39767913599064, -242.84225820121858, -253.13834829411374, -264.479928375987, -275.9726158250412, -287.6113315109339, -299.39127018435914, -311.3078048172239, -323.35642472089773, -335.53269179623055],
    "apdft_energies": {
        "0": [-241.95335977308662, -241.95335977308662, -241.95335977308662, -241.95335977308662, -241.95335977308662, -241.95335977308662, -241.95335977308662, -241.95335977308662, -241.95335977308662, -241.95335977308662, -241.95335977308662, -241.95335977308662, -241.95335977308662, -241.95335977308662, -241.95335977308662, -241.95335977308662, -241.95335977308662, -241.95335977308662, -241.95335977308662, -241.95335977308662, -241.95335977308662],
        "1": [-153.11549793732172, -164.22023066679233, -175.32496339626294, -186.42969612573356, -197.53442885520417, -208.63916158467478, -219.7438943141454, -230.848627043616, -241.06498115472897, -241.5091704639078, -241.95335977308662, -242.39754908226544, -242.84173839144427, -253.05809250255723, -264.16282523202784, -275.2675579614985, -286.37229069096907, -297.47702342043965, -308.5817561499103, -319.68648887938093, -330.7912216088515],
        "2": [-158.31764694534957, -168.20312600106365, -178.2511722132786, -188.46178558199443, -198.83496610721113, -209.3707137889287, -220.06902862714713, -230.92991062186644, -241.06550136962977, -241.509300517633, -241.95335977308662, -242.39767913599064, -242.84225860634507, -253.13937608080766, -264.4879595450296, -275.99911016575237, -287.672827942976, -299.50911287670056, -311.50796496692595, -323.6693842136522, -335.99337061687936],
        "3": [-158.85860211578563, -168.56552370313312, -178.47938767580632, -188.59385471540168, -198.90258550351564, -209.39924072174466, -220.0774810516852, -230.9309671749337, -241.06550191058494, -241.5093005852524, -241.95335977308662, -242.39767906837125, -242.8422580653899, -253.1383195277404, -264.4795071204915, -275.9705832329364, -287.6052085466715, -299.3770437432933, -311.27974950439824, -323.30698651158275, -335.4524154464433],
        "4": [-158.93725067012144, -168.6116260417465, -178.50427256995164, -188.6058555324085, -198.90750103816163, -209.40079602762876, -220.07778827260057, -230.93098637624092, -241.06550191137143, -241.50930058530156, -241.95335977308662, -242.39767906842042, -242.84225806617638, -253.13833872904763, -264.4798143414069, -275.9721385388205, -287.6101240813175, -299.38904456030014, -311.30463439854356, -323.3530888501961, -335.5310640007791]
    },
    "apdft_poly_coeff": [ -241.95335977308662, -44.41893091788245, -1.3005372520069614, 0.06761939630450796, -0.004915534645988373 ],
    "hf_energies": [-158.7628660753783, -168.43038553661614, -178.3172121194308, -188.4157079308421, -198.71872932047535, -209.21735687448427, -219.90167123125104, -230.7627612626052, -240.90453858241796, -241.34865039617688, -241.79302248148161, -242.23765443293328, -242.6825458468669, -252.98575650950204, -264.3349495806226, -275.8351303161349, -287.48122268267326, -299.26841456462296, -311.1920635584151, -323.2476360798023, -335.43066465345873],
    "triples_corrections": [-0.003057944536900344, -0.0029657426281916506, -0.0028950759540862757, -0.002754389991163988, -0.0024606167201234623, -0.0021707421265411754, -0.0019406870384275278, -0.0017417515839724684, -0.0015769019293944777, -0.0015700950270066709, -0.0015633174292398835, -0.0015565690569576249, -0.0015498498300221353, -0.0014031684270413623, -0.0012600272988207977, -0.0011326380218740504, -0.0010197401579065907, -0.0009199529740940042, -0.0008317042547092349, -0.0007532856649962128, -0.0006829953889097869],
    "scf_converged": [true, true, true, true, true, true, true, true, true, true, true, true, true, true, true, true, true, true, true, true, true],
    "cc_converged": [true, true, true, true, true, true, true, true, true, true, true, true, true, true, true, true, true, true, true, true, true],
    "scf_spin_squared": [3.750014006976662, 3.750022428703101, 3.750026909796084, 3.7500289938222204, 3.750031950462608, 3.750036536223834, 3.7500417647420603, 3.7500468153878153, 3.7500509516642015, 3.7500511174691553, 3.75005128202893, 3.7500514453374834, 3.7500516073891283, 3.7500549792032114, 3.7500578678363263, 3.750059986140431, 3.750061398611005, 3.7500621760370123, 3.7500623915796973, 3.7500621188191463, 3.7500614274312616],
    "cc_spin_squared": [3.7500017777541133, 3.7500023194438037, 3.750002541714984, 3.7500027954093142, 3.7500028378347863, 3.750002743186089, 3.7500026930331885, 3.750002649523202, 3.7500025947442523, 3.7500025919951985, 3.750002589215611, 3.7500025864057958, 3.7500025835656463, 3.750002510250764, 3.7500024151834226, 3.7500023079861067, 3.750002193244913, 3.750002074969028, 3.7500019563585805, 3.750001839571308, 3.7500017258541063]
}