{
    "schema_name": "pyscf_apdft_output",
    "provenance": {
        "creator": "PySCF",
        "version": "1.7.6"
    },
    "molecule": {
        "geometry": [[0.0, 0.0, 0.0]],
        "symbols": [ "O" ]
    },
    "molecular_charge": -2,
    "molecular_multiplicity": 1,
    "name": "o.chrg-2.mult1-pyscf-ccsdt.augccpvqz",
    "atomic_numbers": [ 8 ],
    "n_electrons": 10,
    "model": {
        "method": "CCSD(T)",
        "basis": "aug-cc-pVQZ",
        "scf_conv_tol": 1e-09,
        "scf_conv_tol_grad": 1e-06,
        "cc_conv_tol": 1e-07,
        "cc_conv_tol_normt": 1e-05
    },
    "broken_symmetry": false,
    "finite_diff_delta": 0.01,
    "finite_diff_acc": 2,
    "apdft_lambdas": [-0.02, -0.01, 0.0, 0.01, 0.02, 0.25, 0.5, 0.75, 1.0, 1.25, 1.5, 1.75, 2.0, 2.25, 2.5, 2.75, 3.0, 3.25, 3.5, 3.75, 4.0],
    "electronic_energies": [-74.39585114786513, -74.62427828787911, -74.85310323703027, -75.08232628759869, -75.3119477106565, -80.70385839812958, -86.80781354476078, -93.16814825795376, -99.78460513343333, -106.65356375020897, -113.77049946942482, -121.13112084559819, -128.73119512142407, -136.56629153099848, -144.63171153725673, -152.9225222242412, -161.43360370831178, -170.15968081986452, -179.09534178792424, -188.23505305397697, -197.5731770931956],
    "apdft_energies": {
        "0": [-74.8531032429542, -74.8531032429542, -74.8531032429542, -74.8531032429542, -74.8531032429542, -74.8531032429542, -74.8531032429542, -74.8531032429542, -74.8531032429542, -74.8531032429542, -74.8531032429542, -74.8531032429542, -74.8531032429542, -74.8531032429542, -74.8531032429542, -74.8531032429542, -74.8531032429542, -74.8531032429542, -74.8531032429542, -74.8531032429542, -74.8531032429542],
        "1": [-74.39505524323462, -74.62407924309441, -74.8531032429542, -75.082127242814, -75.31115124267379, -80.57870323944898, -86.30430323594376, -92.02990323243854, -97.75550322893332, -103.4811032254281, -109.20670322192288, -114.93230321841766, -120.65790321491244, -126.38350321140722, -132.109103207902, -137.83470320439676, -143.56030320089155, -149.28590319738635, -155.0115031938811, -160.73710319037588, -166.46270318687067],
        "2": [-74.3958514223734, -74.62427828787911, -74.8531032429542, -75.08232628759869, -75.31194742181256, -80.70310622988247, -86.80191519767769, -93.14953014633987, -99.74595107586902, -106.59117798626512, -113.68521087752819, -121.02804974965822, -128.61969460265522, -136.46014543651916, -144.5494022512501, -152.88746504684798, -161.4743338233128, -170.3100085806446, -179.39448931884337, -188.7277760379091, -198.30986873784178],
        "3": [-74.39585104680526, -74.6242782409331, -74.8531032429542, -75.0823263345447, -75.3119477973807, -80.70383976139577, -86.80778344978415, -93.1693354971992, -99.79289709272075, -106.68286942542866, -113.8436536844028, -121.27965105872299, -128.9952627374691, -136.99488990972094, -145.28293376455844, -153.86379549106138, -162.74187627830963, -171.92157731538305, -181.40729979136148, -191.20344489532476, -201.31441381635278],
        "4": [-74.39585105636236, -74.6242782415304, -74.8531032429542, -75.08232633514203, -75.3119478069378, -80.70407308910478, -86.81151669312824, -93.18823504162866, -99.85262898622621, -106.82869924355724, -114.1460463952742, -121.8398708880457, -129.9509730335565, -138.52575300850742, -147.61621085461556, -157.27994647861402, -167.58015965225206, -178.58565001229516, -190.3708170605249, -203.01566016373891, -216.60577855375107]
    },
    "apdft_poly_coeff": [ -74.8531032429542, -22.902399985979116, -1.9904478469356945, -0.04694601685173438, -0.05973189350546212 ],
    "hf_energies": [-74.00403957595196, -74.23282458668874, -74.4620153455205, -74.69161205736052, -74.92161492297652, -80.3241736562662, -86.44211862152613, -92.81590064751819, -99.44346020816516, -106.32150692273922, -113.44642596989954, -120.81450943321774, -128.4218222757905, -136.26410242801217, -144.3367652588708, -152.63495511984064, -161.15359705152687, -169.88743394613866, -178.83105269489573, -187.97890682696874, -197.3253403960435],
    "triples_corrections": [-0.029541477971345993, -0.029413512875386315, -0.029282040378928488, -0.029147070580830062, -0.029008607131541825, -0.0249470914776534, -0.019452258425863102, -0.01458586667806238, -0.011255972072414435, -0.009099197115844617, -0.0075914416376235425, -0.006456601040973443, -0.005566009448018745, -0.004846894604976297, -0.004249973011968657, -0.003741021855109619, -0.003297711864182217, -0.00290662048322412, -0.002560195878094593, -0.002254144544022687, -0.0019855443675322352],
    "scf_converged": [true, true, true, true, true, true, true, true, true, true, true, true, true, true, true, true, true, true, true, true, true],
    "cc_converged": [true, true, true, true, true, true, true, true, true, true, true, true, true, true, true, true, true, true, true, true, true],
    "t1_diagnostic": [0.038449279708373835, 0.03852858076394805, 0.03860184158965437, 0.03866897944909254, 0.038729926945175276, 0.03826795889396655, 0.03350556286133036, 0.025721009379547848, 0.018229177481196557, 0.013042371198039611, 0.009891097457605883, 0.007917646670933046, 0.006563811526160077, 0.005570350623355134, 0.0048201314372766525, 0.004248270882420332, 0.00380834932252545, 0.0034634308880867938, 0.0031849644765422585, 0.002952529558580094, 0.0027527325015832766]
}