{
    "schema_name": "pyscf_qa_output",
    "provenance": {
        "creator": "PySCF",
        "version": "1.7.6"
    },
    "molecule": {
        "geometry": [[0.0, 0.0, 0.0]],
        "symbols": [ "Ne" ]
    },
    "molecular_charge": -2,
    "molecular_multiplicity": 1,
    "name": "ne.chrg-2.mult1-pyscf-ccsdt.augccpv5z",
    "atomic_numbers": [ 10 ],
    "n_electrons": 12,
    "model": {
        "method": "CCSD(T)",
        "basis": "aug-cc-pV5Z",
        "scf_conv_tol": 1e-09,
        "scf_conv_tol_grad": 1e-06,
        "cc_conv_tol": 1e-07,
        "cc_conv_tol_normt": 1e-05
    },
    "broken_symmetry": false,
    "finite_diff_delta": 0.01,
    "finite_diff_acc": 2,
    "qa_lambdas": [-0.02, -0.01, 0.0, 0.01, 0.02, 0.25, 0.5, 0.75, 1.0, 1.25, 1.5, 1.75, 2.0, 2.25, 2.5, 2.75, 3.0, 3.25, 3.5, 3.75, 4.0],
    "electronic_energies": [-127.77145856076619, -128.0864584005964, -128.40187124058855, -128.71769818797128, -129.03394058230953, -136.43375124149577, -144.7310264349473, -153.28523658405757, -162.09957145848773, -171.17181272129343, -180.50066385063946, -190.08534559838782, -199.92529870814832, -210.01996891481812, -220.36863780062325, -230.97027223151522, -241.82341032620624, -252.92609277446778, -264.27585507281253, -275.86978077492364, -287.7045964735975],
    "qats_energies": {
        "0": [-128.40187124060108, -128.40187124060108, -128.40187124060108, -128.40187124060108, -128.40187124060108, -128.40187124060108, -128.40187124060108, -128.40187124060108, -128.40187124060108, -128.40187124060108, -128.40187124060108, -128.40187124060108, -128.40187124060108, -128.40187124060108, -128.40187124060108, -128.40187124060108, -128.40187124060108, -128.40187124060108, -128.40187124060108, -128.40187124060108, -128.40187124060108],
        "1": [-127.7706314532262, -128.08625134691363, -128.40187124060108, -128.71749113428854, -129.03311102797596, -136.2923685827871, -144.1828659249731, -152.0733632671591, -159.96386060934512, -167.85435795153114, -175.74485529371714, -183.63535263590313, -191.52584997808916, -199.41634732027518, -207.30684466246117, -215.19734200464717, -223.0878393468332, -230.97833668901922, -238.8688340312052, -246.7593313733912, -254.64982871557723],
        "2": [-127.77145966795723, -128.0864584005964, -128.40187124060108, -128.71769818797128, -129.033939242707, -136.42177713451048, -144.70050013186665, -153.2380402326696, -162.0343974369193, -171.0895717446158, -180.40356315575906, -189.9763716703491, -199.8079972883859, -209.8984400098695, -220.24769983479985, -230.85577676317698, -241.72267079500088, -252.84838193027156, -264.232910168989, -275.8762555111532, -287.7784179567642],
        "3": [-127.7714580367615, -128.08645819669692, -128.40187124060108, -128.71769839187075, -129.0339408739027, -136.4249630636606, -144.72598756506764, -153.32406031972297, -162.23829690252734, -171.48781288838148, -181.09172385218613, -191.0691453688421, -201.43919301325008, -212.22098236031087, -223.43362898492518, -235.0962484619938, -247.2279563664175, -259.84786827309694, -272.975099756933, -286.62876639282626, -300.8279837556777],
        "4": [-127.77145819170244, -128.08645820638074, -128.40187124060108, -128.71769840155454, -129.03394102884366, -136.42874580120971, -144.7865113658536, -153.63046206120185, -163.2066777151026, -173.85202385658278, -185.99415171584837, -200.15149822428424, -216.9332860144542, -237.03952342010098, -261.2610044761462, -290.47930891869044, -325.66680218501335, -367.88663541357323, -418.29274544400744, -478.1298548171326, -548.7334717749435]
    },
    "qats_poly_coeffs": [ -128.40187124060108, -31.561989368744037, -2.0705368275741876, -0.20389946560802244, -0.9683808125752572 ],
    "hf_energies": [-127.39453089747683, -127.70959565461129, -128.02506655699307, -128.34094358938245, -128.6572267368884, -136.0437971049553, -144.3010708505014, -152.8709775962878, -161.6958327702941, -170.77541425151978, -180.10956945858857, -189.69816721122015, -199.54104031358952, -209.63790776813119, -219.98827298504824, -230.59130630389683, -241.44573338461814, -252.54975843670928, -263.90104626494633, -275.49676916220994, -287.33370191601216],
    "triples_corrections": [-0.00865546849333614, -0.00860801074210792, -0.00856331801502374, -0.0085220619298216, -0.008485075732641179, -0.017360022819389604, -0.013373043674135578, -0.009989796115424195, -0.008132107702640983, -0.006993501549724337, -0.0062316483493857905, -0.005691242333777518, -0.005293799469338391, -0.004994007174482326, -0.0047619234876093, -0.004575461925459765, -0.004417731510673541, -0.004276262214678167, -0.00414276240117982, -0.004012683711014446, -0.003884372380290387],
    "scf_converged": [true, true, true, true, true, true, true, true, true, true, true, true, true, true, true, true, true, true, true, true, true],
    "cc_converged": [true, true, true, true, true, true, true, true, true, true, true, true, true, true, true, true, true, true, true, true, true],
    "t1_diagnostic": [0.008244249173696358, 0.008275445011642082, 0.008312313947746489, 0.008355381195154742, 0.008405245307208762, 0.013754774596999796, 0.0045125840671036395, 0.003942836154261596, 0.0038398568042113507, 0.0040403097355200665, 0.004415498122871386, 0.004871568019256874, 0.005335393829368974, 0.005745315319470535, 0.006051237122153684, 0.0062199856971413645, 0.006238989019008955, 0.0061150231056986285, 0.005870897193885606, 0.005540972878745733, 0.005165008110703444]
}