{
    "schema_name": "pyscf_apdft_output",
    "provenance": {
        "creator": "PySCF",
        "version": "1.7.6"
    },
    "molecule": {
        "geometry": [[0.0, 0.0, 0.0]],
        "symbols": [ "Be" ]
    },
    "molecular_charge": 1,
    "molecular_multiplicity": 4,
    "name": "be.chrg1.mult4-pyscf-uccsd.augccpv5z",
    "atomic_numbers": [ 4 ],
    "n_electrons": 3,
    "model": {
        "method": "UCCSD",
        "basis": "aug-cc-pV5Z",
        "scf_conv_tol": 1e-09,
        "scf_conv_tol_grad": 1e-06,
        "cc_conv_tol": 1e-07,
        "cc_conv_tol_normt": 1e-05
    },
    "broken_symmetry": false,
    "finite_diff_delta": 0.01,
    "finite_diff_acc": 2,
    "apdft_lambdas": [-3.0, -2.75, -2.5, -2.25, -2.0, -1.75, -1.5, -1.25, -1.0, -0.75, -0.5, -0.25, -0.02, -0.01, 0.0, 0.01, 0.02, 0.25, 0.5, 0.75, 1.0],
    "electronic_energies": [-0.4038570809760966, -0.7265727867903169, -1.1163193542776741, -1.5807279982909763, -2.1289139532050583, -2.8315364322412004, -3.582212284266786, -4.4272116570998215, -5.366354807329938, -6.399607014431273, -7.526993699032516, -8.748575376690292, -9.955588171651815, -10.009872201018938, -10.064306475795508, -10.118890967471536, -10.173625646570244, -11.473891705737811, -12.976657736641359, -14.571428260109352, -16.256410705423562],
    "apdft_energies": {
        "0": [-10.064306475795536, -10.064306475795536, -10.064306475795536, -10.064306475795536, -10.064306475795536, -10.064306475795536, -10.064306475795536, -10.064306475795536, -10.064306475795536, -10.064306475795536, -10.064306475795536, -10.064306475795536, -10.064306475795536, -10.064306475795536, -10.064306475795536, -10.064306475795536, -10.064306475795536, -10.064306475795536, -10.064306475795536, -10.064306475795536, -10.064306475795536],
        "1": [6.288508492094181, 4.925773911436703, 3.563039330779228, 2.2003047501217523, 0.837570169464275, -0.5251644111932023, -1.8878989918506779, -3.2506335725081543, -4.613368153165631, -5.976102733823107, -7.338837314480584, -8.70157189513806, -9.955287709342938, -10.009797092569237, -10.064306475795536, -10.118815859021836, -10.173325242248135, -11.427041056453014, -12.78977563711049, -14.152510217767965, -15.515244798425442],
        "2": [-0.4712519809598632, -0.7543025971712076, -1.1312387755083027, -1.6020605159711483, -2.1667678185597445, -2.8253606832740914, -3.577839110114189, -4.424203099080037, -5.364452650171636, -6.398587763388985, -7.526608438732085, -8.748514676200935, -9.95558814314174, -10.009872201018938, -10.064306475795536, -10.118890967471536, -10.173625676046937, -11.473983837515888, -12.97754676136199, -14.574995247333844, -16.266329295431447],
        "3": [-0.6017222075823554, -0.8547978932560092, -1.2067423788778004, -1.6571026428275122, -2.2054256634849274, -2.851258419229829, -3.5941478884420004, -4.433641049501224, -5.3692848807872835, -6.400626360679961, -7.527212467559041, -8.748590179804305, -9.955588181799586, -10.009872205851169, -10.064306475795536, -10.118890962639306, -10.173625637389092, -11.473908333912519, -12.976942732535035, -14.572956650042867, -16.2614970648158],
        "4": [-0.2754853700378419, -0.624452911654485, -1.0494136570681398, -1.5538792684481937, -2.1409838190316908, -2.8134837931233285, -3.5737580860954683, -4.423808004388121, -5.365257265508956, -6.399351998033303, -7.526960741604146, -8.748574446932125, -9.955588181155168, -10.009872205810893, -10.064306475795536, -10.11889096259903, -10.173625636744674, -11.473892601040337, -12.97669100658014, -14.571682287396209, -16.25746944953747]
    },
    "apdft_poly_coeff": [ -10.064306475795536, -5.450938322629906, -0.7510844970060049, 0.004832230615647858, 0.004027615278327327 ],
    "hf_energies": [-0.4034783143101045, -0.7260605576633397, -1.1149468564094704, -1.5759189536991145, -2.1192079008118396, -2.825493583477349, -3.5757454978253906, -4.420356755701023, -5.359183137318722, -6.392213433519674, -7.519484398354284, -8.741048501749683, -9.948117021474966, -10.002404817854302, -10.056842963503794, -10.111431429026249, -10.166170184072184, -11.466556370441703, -12.969504065111147, -14.564501587354956, -16.249748136266152],
    "scf_converged": [true, true, true, true, true, true, true, true, true, true, true, true, true, true, true, true, true, true, true, true, true],
    "cc_converged": [true, true, true, true, true, true, true, true, true, true, true, true, true, true, true, true, true, true, true, true, true],
    "scf_spin_squared": [3.75, 3.75, 3.75, 3.75, 3.75, 3.75, 3.75, 3.75, 3.75, 3.75, 3.75, 3.75, 3.75, 3.75, 3.75, 3.75, 3.75, 3.75, 3.75, 3.75, 3.75],
    "cc_spin_squared": [3.749999999999999, 3.749999999999991, 3.750000000000003, 3.7499999999999956, 3.75, 3.7499999999999982, 3.750000000000006, 3.7500000000000044, 3.749999999999999, 3.7499999999999996, 3.7500000000000013, 3.750000000000007, 3.750000000000002, 3.749999999999992, 3.7500000000000036, 3.7499999999999964, 3.750000000000001, 3.7500000000000053, 3.7499999999999973, 3.7500000000000124, 3.7500000000000293]
}