{
    "schema_name": "pyscf_apdft_output",
    "provenance": {
        "creator": "PySCF",
        "version": "1.7.6"
    },
    "molecule": {
        "geometry": [[0.0, 0.0, 0.0]],
        "symbols": [ "F" ]
    },
    "molecular_charge": -1,
    "molecular_multiplicity": 3,
    "name": "f.chrg-1.mult3-pyscf-uccsdt.augccpvtz",
    "atomic_numbers": [ 9 ],
    "n_electrons": 10,
    "model": {
        "method": "UCCSD(T)",
        "basis": "aug-cc-pVTZ",
        "scf_conv_tol": 1e-09,
        "scf_conv_tol_grad": 1e-06,
        "cc_conv_tol": 1e-07,
        "cc_conv_tol_normt": 1e-05
    },
    "broken_symmetry": false,
    "finite_diff_delta": 0.01,
    "finite_diff_acc": 2,
    "apdft_lambdas": [-1.0, -0.75, -0.5, -0.25, -0.02, -0.01, 0.0, 0.01, 0.02, 0.25, 0.5, 0.75, 1.0, 1.25, 1.5, 1.75, 2.0, 2.25, 2.5, 2.75, 3.0],
    "electronic_energies": [-74.35707715342217, -80.31250608734938, -86.49479548137613, -92.86158273176139, -98.92750766277632, -99.19502393406927, -99.46285803418573, -99.73100934414632, -99.99947724766163, -106.26024051552362, -113.24679533275487, -120.4141711086773, -127.75459950809507, -135.2607478225563, -142.92565311909604, -150.74269220261357, -158.7055508084599, -166.80816932083783, -175.0446518501977, -183.4091346570567, -191.8956260585114],
    "apdft_energies": {
        "0": [-99.46285803418574, -99.46285803418574, -99.46285803418574, -99.46285803418574, -99.46285803418574, -99.46285803418574, -99.46285803418574, -99.46285803418574, -99.46285803418574, -99.46285803418574, -99.46285803418574, -99.46285803418574, -99.46285803418574, -99.46285803418574, -99.46285803418574, -99.46285803418574, -99.46285803418574, -99.46285803418574, -99.46285803418574, -99.46285803418574, -99.46285803418574],
        "1": [-72.66358753033343, -79.36340515629651, -86.06322278225959, -92.76304040822266, -98.9268726241087, -99.19486532914722, -99.46285803418574, -99.73085073922427, -99.99884344426279, -106.16267566014882, -112.8624932861119, -119.56231091207498, -126.26212853803806, -132.96194616400112, -139.6617637899642, -146.36158141592728, -153.06139904189035, -159.76121666785343, -166.4610342938165, -173.1608519197796, -179.86066954574267],
        "2": [-74.24963675082564, -80.25555784282338, -86.45973508738264, -92.86216848450343, -98.9275070437969, -99.19502393406927, -99.46285803418574, -99.73100934414632, -99.99947786395099, -106.26180373642958, -113.25900559123495, -120.45446359860185, -127.84817775853027, -135.44014807102022, -143.23037453607168, -151.2188571536847, -159.4055959238592, -167.79059084659528, -176.37384192189285, -185.15534914975197, -194.1351125301726],
        "3": [-74.35257581609746, -80.29898526098492, -86.47260247054162, -92.8637769073983, -98.92750786730942, -99.19502403700834, -99.46285803418574, -99.73100924120725, -99.99947704043846, -106.26019531353471, -113.24613820807598, -120.4110361804403, -127.74523869325846, -135.2390952091612, -142.88295519077934, -150.6671681007436, -158.5820834016847, -166.61805055623353, -174.7654190270208, -183.01453827667726, -191.35575776783367],
        "4": [-74.36378439090649, -80.30253172410809, -86.47330300646718, -92.86382069089365, -98.92750786910278, -99.19502403712042, -99.46285803418574, -99.73100924131934, -99.99947704223183, -106.26023909703007, -113.24683874400154, -120.41458264356348, -127.75644726806749, -135.2664598937536, -142.9396986007501, -150.77229227307365, -158.76142059862931, -166.90531406921048, -175.2032539804988, -183.6555724320644, -192.26365232736566]
    },
    "apdft_poly_coeff": [ -99.46285803418574, -26.799270503852313, -1.5860492204922139, 0.10293906527181206, -0.011208574809036994 ],
    "hf_energies": [-74.07129004823608, -80.05605494982521, -86.2431201331777, -92.61832299055456, -98.67840420862039, -98.94619854918597, -99.21430946881503, -99.4827363833316, -99.7514787107142, -106.0182984493638, -113.01111972137059, -120.18468981935987, -127.53140781878753, -135.04405338872738, -142.7157365280553, -150.53986705801347, -158.51012022534835, -166.62038357369715, -174.86467467487165, -183.2370237376259, -191.7313283294689],
    "triples_corrections": [-0.013312740313268527, -0.008167094616382797, -0.007829703188268625, -0.0057069237325816395, -0.005852921777255791, -0.005813026378134587, -0.005773562000669485, -0.005734518735286594, -0.005695886957282023, -0.004902672750792643, -0.004195128339125589, -0.003604978665768229, -0.0031130352208904237, -0.002707883813711061, -0.0023784333073968607, -0.0021122236980098278, -0.0018960198292321821, -0.0017169926477342149, -0.0015637877088822841, -0.0014273206660015386, -0.0013012484705430224],
    "scf_converged": [true, true, true, true, true, true, true, true, true, true, true, true, true, true, true, true, true, true, true, true, true],
    "cc_converged": [true, true, true, true, true, true, true, true, true, true, true, true, true, true, true, true, true, true, true, true, true],
    "scf_spin_squared": [2.0125768492600677, 2.0110824631059367, 2.0068214699618627, 2.005307038014023, 2.0031276583270263, 2.0031205625656137, 2.003113514121159, 2.0031065100864156, 2.0030995477241444, 2.0029465344021373, 2.0027864673199174, 2.0026290490955443, 2.002475424017236, 2.0023275512339787, 2.0021868805813314, 2.002054025337583, 2.001928858999518, 2.001810744741106, 2.001698815991088, 2.0015922558106913, 2.001490535986907],
    "cc_spin_squared": [2.0003507106044367, 2.0005374644267206, 2.0005584666886698, 2.0001578610432595, 2.000094841744212, 2.0000938300169544, 2.000092835613493, 2.0000918581501255, 2.0000908972512614, 2.000072618089749, 2.0000586513400815, 2.0000484286976716, 2.0000405998808946, 2.0000344150818625, 2.000029423443906, 2.000025338935096, 2.000021967738676, 2.0000191658943205, 2.0000168193815835, 2.000014833445793, 2.00001312736356]
}