{
    "schema_name": "pyscf_apdft_output",
    "provenance": {
        "creator": "PySCF",
        "version": "1.7.6"
    },
    "molecule": {
        "geometry": [[0.0, 0.0, 0.0]],
        "symbols": [ "Mg" ]
    },
    "molecular_charge": -1,
    "molecular_multiplicity": 4,
    "name": "mg.chrg-1.mult4-pyscf-uccsdt.augccpv5z",
    "atomic_numbers": [ 12 ],
    "n_electrons": 13,
    "model": {
        "method": "UCCSD(T)",
        "basis": "aug-cc-pV5Z",
        "scf_conv_tol": 1e-09,
        "scf_conv_tol_grad": 1e-06,
        "cc_conv_tol": 1e-07,
        "cc_conv_tol_normt": 1e-05
    },
    "broken_symmetry": false,
    "finite_diff_delta": 0.01,
    "finite_diff_acc": 2,
    "apdft_lambdas": [-1.0, -0.75, -0.5, -0.25, -0.02, -0.01, 0.0, 0.01, 0.02, 0.25, 0.5, 0.75, 1.0, 1.25, 1.5, 1.75, 2.0, 2.25, 2.5, 2.75, 3.0],
    "electronic_energies": [-160.7610419745841, -170.24540247457406, -179.8955750100899, -189.6946173245968, -198.8286350210422, -199.22815205350523, -199.62785705861523, -200.02774869072405, -200.42782561041284, -209.677803858495, -219.8257105486657, -230.0560209487428, -240.35577682753043, -250.7141631757514, -261.1221690798872, -271.5723091972113, -282.0583867763377, -292.5752785896054, -303.1187405372187, -313.6852400619373, -324.27181933254127],
    "apdft_energies": {
        "0": [-199.62785705861438, -199.62785705861438, -199.62785705861438, -199.62785705861438, -199.62785705861438, -199.62785705861438, -199.62785705861438, -199.62785705861438, -199.62785705861438, -199.62785705861438, -199.62785705861438, -199.62785705861438, -199.62785705861438, -199.62785705861438, -199.62785705861438, -199.62785705861438, -199.62785705861438, -199.62785705861438, -199.62785705861438, -199.62785705861438, -199.62785705861438],
        "1": [-159.64802519767306, -169.6429831629084, -179.63794112814372, -189.63289909337905, -198.82826042139556, -199.22805874000497, -199.62785705861438, -200.0276553772238, -200.4274536958332, -209.6228150238497, -219.61777298908504, -229.61273095432037, -239.6076889195557, -249.60264688479103, -259.59760485002636, -269.59256281526166, -279.587520780497, -289.5824787457324, -299.5774367109677, -309.572394676203, -319.56735264143833],
        "2": [-160.58116020025625, -170.16787160186144, -179.87122487878952, -189.6912200310405, -198.8286336753966, -199.22815205350523, -199.62785705861438, -200.02774869072405, -200.42782694983424, -209.68113596151116, -219.85105673973084, -230.1376193932734, -240.54082392213888, -251.06067032632725, -261.6971586058385, -272.4502887606727, -283.32006079082976, -294.3064746963097, -305.4095304771126, -316.62922813323837, -327.965567664687],
        "3": [-160.80491578498356, -170.26226848916826, -179.89919432688043, -189.69471621205187, -198.82863546544127, -199.22815227726082, -199.62785705861438, -200.02774846696846, -200.42782515978956, -209.6776397804998, -219.82308729163992, -230.04322250596658, -240.31706833741157, -250.6236476999067, -260.94198350738384, -271.2510986737748, -281.53001611301124, -291.7577587390251, -301.9133494657483, -311.9758112071125, -321.9241668770495],
        "4": [-160.8308496474485, -170.2704741253388, -179.9008151932845, -189.6948175162021, -198.8286354695907, -199.22815227752014, -199.62785705861438, -200.0277484672278, -200.427825163939, -209.67774108465005, -219.824708158044, -230.05142814213713, -240.3430021998765, -250.68696279381524, -261.07327368611254, -271.4943299385337, -281.9449579124501, -292.42241526883925, -302.92639096828464, -313.45900527097587, -324.0248097367088]
    },
    "apdft_poly_coeff": [ -199.62785705861438, -39.97983186094132, -0.9331350025831853, 0.22375558472731424, -0.02593386246492931 ],
    "hf_energies": [-160.62492003486793, -170.130012115753, -179.79466084221536, -189.60719671693607, -198.75210611341768, -199.15202281230125, -199.55212146448696, -199.95240081594653, -200.3528596213035, -209.61021930568057, -219.76380533499656, -229.99814703838723, -240.3008403110451, -250.66143643487953, -261.0711644077264, -271.52269636251134, -282.0099371424427, -292.5278265659617, -303.0721570562454, -313.63941442616715, -324.2266465081875],
    "triples_corrections": [-0.004350421073236325, -0.003380520487492429, -0.002726383092345854, -0.0019770958898697377, -0.0013235765001183711, -0.00130209322566229, -0.0012811662580129212, -0.0012607788960119748, -0.0012409142722638717, -0.0008953028184682729, -0.0006739046587269503, -0.0005403945085956491, -0.00045624823088991507, -0.00040075155811124664, -0.0003626404553127011, -0.0003355376212040175, -0.00031572232763386014, -0.0003010264603272209, -0.00029024241253637406, -0.00028278530688069856, -0.00027850766418596816],
    "scf_converged": [true, true, true, true, true, true, true, true, true, true, true, true, true, true, true, true, true, true, true, true, true],
    "cc_converged": [true, true, true, true, true, true, true, true, true, true, true, true, true, true, true, true, true, true, true, true, true],
    "scf_spin_squared": [3.750083204618429, 3.750072825814552, 3.7500497756678532, 3.750033464342054, 3.750026542326794, 3.7500263570879415, 3.7500261785913276, 3.7500260065436235, 3.7500258406639952, 3.750023258735286, 3.7500220919446425, 3.750021985615902, 3.7500226099268, 3.7500236584591056, 3.75002484376801, 3.75002593947565, 3.7500267996278813, 3.750027351451531, 3.7500275762062616, 3.7500274900299067, 3.7500271292212544],
    "cc_spin_squared": [3.750006599400485, 3.750004333514011, 3.7500031124241713, 3.750002891032122, 3.7500021889168167, 3.7500021596730817, 3.75000213098432, 3.7500021028545363, 3.750002075283588, 3.750001571722461, 3.7500012137138357, 3.750000976378652, 3.7500008192102134, 3.7500007146808154, 3.7500006433736375, 3.750000592093381, 3.7500005524871027, 3.7500005197293476, 3.7500004913373113, 3.750000466259518, 3.750000444277045]
}