{
    "schema_name": "pyscf_apdft_output",
    "provenance": {
        "creator": "PySCF",
        "version": "1.7.6"
    },
    "molecule": {
        "geometry": [[0.0, 0.0, 0.0]],
        "symbols": [ "He" ]
    },
    "molecular_charge": -2,
    "molecular_multiplicity": 1,
    "name": "he.chrg-2.mult1-pyscf-ccsdt.augccpv5z",
    "atomic_numbers": [ 2 ],
    "n_electrons": 4,
    "model": {
        "method": "CCSD(T)",
        "basis": "aug-cc-pV5Z",
        "scf_conv_tol": 1e-09,
        "scf_conv_tol_grad": 1e-06,
        "cc_conv_tol": 1e-07,
        "cc_conv_tol_normt": 1e-05
    },
    "broken_symmetry": false,
    "finite_diff_delta": 0.01,
    "finite_diff_acc": 2,
    "apdft_lambdas": [-0.02, -0.01, 0.0, 0.01, 0.02, 0.25, 0.5, 0.75, 1.0, 1.25, 1.5, 1.75, 2.0, 2.25, 2.5, 2.75, 3.0, 3.25, 3.5, 3.75, 4.0],
    "electronic_energies": [-2.461115057378558, -2.499560639400542, -2.5382074752884694, -2.5770558371369283, -2.6161059921390133, -3.5705150901688945, -4.732395398051994, -6.027395989075102, -7.459625511833494, -9.033719203727218, -10.754150197467018, -12.624462545106333, -14.64683999291261, -16.821824206148218, -19.14842802159357, -21.624724593255102, -24.248304565065915, -27.01634579909862, -29.925519197570924, -32.971934133697694, -36.151168986441995],
    "apdft_energies": {
        "0": [-2.5382074752884694, -2.5382074752884694, -2.5382074752884694, -2.5382074752884694, -2.5382074752884694, -2.5382074752884694, -2.5382074752884694, -2.5382074752884694, -2.5382074752884694, -2.5382074752884694, -2.5382074752884694, -2.5382074752884694, -2.5382074752884694, -2.5382074752884694, -2.5382074752884694, -2.5382074752884694, -2.5382074752884694, -2.5382074752884694, -2.5382074752884694, -2.5382074752884694, -2.5382074752884694],
        "1": [-2.460712277552083, -2.4994598764202762, -2.5382074752884694, -2.5769550741566625, -2.6157026730248556, -3.5068974469932974, -4.475587418698126, -5.444277390402954, -6.412967362107782, -7.38165733381261, -8.350347305517438, -9.319037277222266, -10.287727248927094, -11.256417220631922, -12.22510719233675, -13.193797164041579, -14.162487135746407, -15.131177107451235, -16.099867079156063, -17.06855705086089, -18.03724702256572],
        "2": [-2.4611153294731465, -2.499560639400542, -2.5382074752884694, -2.5770558371369283, -2.616105724945919, -3.5698743096594505, -4.727494869362738, -6.0110691543983314, -7.420597164766232, -8.956078900466437, -10.61751436149895, -12.404903547863768, -14.318246459560893, -16.357543096590323, -18.52279345895206, -20.813997546646103, -23.231155359672453, -25.774266898031108, -28.443332161722072, -31.238351150745338, -34.15932386510091],
        "3": [-2.4611149699480244, -2.499560594459902, -2.5382074752884694, -2.5770558820775684, -2.616106084471041, -3.570576507163298, -4.7331124493935155, -6.030028487002205, -7.465537805012451, -9.043853588447334, -10.769189022329941, -12.645757291683353, -14.67777158153065, -16.86944507689492, -19.224990962799243, -21.748622424266703, -24.444552646320385, -27.316994813983367, -30.370162112278738, -33.60826772622958, -37.03552484085897],
        "4": [-2.461114966680361, -2.499560594255673, -2.5382074752884694, -2.57705588187334, -2.6161060812033776, -3.5704967302230353, -4.731836018349321, -6.023566554840969, -7.445114908305333, -8.993993000783474, -10.66579810775016, -12.454212858113864, -14.351005234216771, -16.346028571834772, -18.42722156017747, -20.580608241888168, -22.790298013043877, -25.038485623155324, -27.305451175166937, -29.569560125456857, -31.80726328383692]
    },
    "apdft_poly_coeff": [ -2.5382074752884694, -3.8747598868193123, -1.0076298026584496, -0.044940640246219715, 0.02042289670711739 ],
    "hf_energies": [-2.411043653317223, -2.4494323933316675, -2.4880217691707314, -2.5268120294136596, -2.5658034179922233, -3.518626089891789, -4.678050504925799, -5.969454709813215, -7.396584295110602, -8.964063358167802, -10.677088229248398, -12.54042689195559, -14.55713679693618, -16.727846334228758, -19.05115298733613, -21.524671927447244, -24.14573985070282, -26.911475954600796, -29.818572966330482, -32.86314856959726, -36.0407393763419],
    "triples_corrections": [-0.00020014089484790554, -0.0001989357150489767, -0.0001977577793874286, -0.0001966072688972278, -0.00019548435335870945, -0.00017756978473514596, -0.00017660985242808771, -0.00019849593975947085, -0.0002487489692424282, -0.0003297304767869675, -0.00043223807203000034, -0.0005352352298844944, -0.0006179422044116016, -0.0006723901566909889, -0.0007049802529777093, -0.0007265600207478626, -0.0007438759021221881, -0.0007586735479900028, -0.0007702811526418516, -0.0007778661199967041, -0.0007813932313507698],
    "scf_converged": [true, true, true, true, true, true, true, true, true, true, true, true, true, true, true, true, true, true, true, true, true],
    "cc_converged": [true, true, true, true, true, true, true, true, true, true, true, true, true, true, true, true, true, true, true, true, true],
    "t1_diagnostic": [0.007008977201504424, 0.0070605268084066655, 0.007113069151627309, 0.00716661884328008, 0.007221190249849936, 0.008787754829174342, 0.011264050583119715, 0.014562410876445699, 0.01825052770012477, 0.021167977999228187, 0.022019815251614887, 0.0206548872984778, 0.018018763931697684, 0.015107269654847858, 0.012631982077828643, 0.010894550729374284, 0.00976129152691435, 0.008949007070175046, 0.008258696485261589, 0.007613564191320678, 0.007011002099818354]
}