{
    "schema_name": "pyscf_apdft_output",
    "provenance": {
        "creator": "PySCF",
        "version": "1.7.6"
    },
    "molecule": {
        "geometry": [[0.0, 0.0, 0.0]],
        "symbols": [ "Ne" ]
    },
    "molecular_charge": 0,
    "molecular_multiplicity": 1,
    "name": "ne.chrg0.mult1-pyscf-ccsdt.augccpvtz",
    "atomic_numbers": [ 10 ],
    "n_electrons": 10,
    "model": {
        "method": "CCSD(T)",
        "basis": "aug-cc-pVTZ",
        "scf_conv_tol": 1e-09,
        "scf_conv_tol_grad": 1e-06,
        "cc_conv_tol": 1e-07,
        "cc_conv_tol_normt": 1e-05
    },
    "broken_symmetry": false,
    "finite_diff_delta": 0.01,
    "finite_diff_acc": 2,
    "apdft_lambdas": [-2.0, -1.75, -1.5, -1.25, -1.0, -0.75, -0.5, -0.25, -0.02, -0.01, 0.0, 0.01, 0.02, 0.25, 0.5, 0.75, 1.0, 1.25, 1.5, 1.75, 2.0],
    "electronic_energies": [-74.08992077421091, -80.06754797672536, -86.30032637793943, -92.78645242266015, -99.5223819167288, -106.50240882699451, -113.71882309175793, -121.1628686565449, -128.20487271794374, -128.5151464374006, -128.825757403826, -129.13670509940695, -129.44798900671486, -136.69914245561324, -144.775150952771, -153.04626670119544, -161.50521950704112, -170.14491899688807, -178.95842474811667, -187.93893227596243, -197.0797588466972],
    "apdft_energies": {
        "0": [-128.82575740393884, -128.82575740393884, -128.82575740393884, -128.82575740393884, -128.82575740393884, -128.82575740393884, -128.82575740393884, -128.82575740393884, -128.82575740393884, -128.82575740393884, -128.82575740393884, -128.82575740393884, -128.82575740393884, -128.82575740393884, -128.82575740393884, -128.82575740393884, -128.82575740393884, -128.82575740393884, -128.82575740393884, -128.82575740393884, -128.82575740393884],
        "1": [-66.66989120330379, -74.43937447838317, -82.20885775346255, -89.97834102854193, -97.74782430362131, -105.5173075787007, -113.28679085378008, -121.05627412885946, -128.2041987419325, -128.51497807293566, -128.82575740393884, -129.136536734942, -129.4473160659452, -136.59524067901822, -144.3647239540976, -152.13420722917698, -159.90369050425636, -167.67317377933574, -175.44265705441512, -183.2121403294945, -190.98162360457388],
        "2": [-73.40446980091963, -79.5955362171828, -85.99705821462146, -92.60903579323562, -99.43146895302527, -106.46435769399042, -113.70770201613107, -121.1615019194472, -128.20487219979225, -128.5151464374006, -128.82575740393884, -129.13670509940695, -129.44798952380495, -136.70046846960597, -144.7856351164486, -153.0812573444667, -161.58733515366032, -170.30386854402943, -179.23085751557403, -188.36830206829413, -197.71620220218972],
        "3": [-74.09463085515202, -80.05789020468615, -86.28821990937575, -92.77753214436657, -99.51773908480432, -106.5007529058347, -113.71848578260345, -121.16284989025625, -128.2048728899533, -128.51514652367072, -128.82575740393884, -129.13670501313683, -129.4479888336439, -136.69912049879693, -144.77485134997622, -153.04486213262243, -161.50106502188126, -170.13537219289847, -178.93969582081974, -187.90594808079078, -197.0260411479573],
        "4": [-74.16539143773059, -80.09936875907363, -86.31060899995725, -92.78832935240163, -99.52216162121549, -106.50215222399605, -113.71876219112914, -121.16286716578911, -128.2048728906609, -128.51514652371495, -128.82575740393884, -129.13670501318106, -129.4479888343515, -136.69913777432978, -144.7751277585019, -153.04626145078376, -161.50548755829243, -170.14616940093353, -178.96208491140123, -187.94742663517826, -197.0968017305359]
    },
    "apdft_poly_coeff": [ -128.82575740393884, -31.077933100317523, -1.6836446494039592, 0.08627013177905002, -0.004422536411160157 ],
    "hf_energies": [-73.73962974715836, -79.72114154757155, -85.9610766911187, -92.45622734958884, -99.20147582398992, -106.18998957526158, -113.4137557549164, -120.86430347422996, -127.91190839930391, -128.22242205551663, -128.5332728251999, -128.84446020778353, -129.15598370363193, -136.41265544779884, -144.49479732289942, -152.77232025468294, -161.23804936598262, -169.88496790116312, -178.7061918328512, -187.69495102644288, -196.84456710931963],
    "triples_corrections": [-0.017084296710269876, -0.016343783571284146, -0.014717367217392899, -0.012534136881212467, -0.010338365690697026, -0.008534828728239475, -0.007191398227327716, -0.0061774243683756815, -0.005416903864823205, -0.005386393118483802, -0.005356061072114711, -0.005325904475755469, -0.005295920570163665, -0.004648254550353249, -0.0040214844949488125, -0.0034673286089180353, -0.00298577879103505, -0.0025767743228055744, -0.0022368473042061006, -0.001958798294348929, -0.0017328013416857964],
    "scf_converged": [true, true, true, true, true, true, true, true, true, true, true, true, true, true, true, true, true, true, true, true, true],
    "cc_converged": [true, true, true, true, true, true, true, true, true, true, true, true, true, true, true, true, true, true, true, true, true],
    "t1_diagnostic": [0.01778383810846435, 0.019801576376384442, 0.020215330390281602, 0.018885461886988978, 0.01623525427543586, 0.01310582559263203, 0.010289976407953818, 0.008159074043528265, 0.006793949437997124, 0.00674543897991653, 0.006697721156771662, 0.00665078353935411, 0.00660460719540126, 0.00572425459040323, 0.0050506516351283125, 0.00454370283268634, 0.00412780564807064, 0.0037671838132116637, 0.003448243048005951, 0.0031671296487116776, 0.002922548243966775]
}