{
    "schema_name": "pyscf_qa_output",
    "provenance": {
        "creator": "PySCF",
        "version": "1.7.6"
    },
    "molecule": {
        "geometry": [[0.0, 0.0, 0.0]],
        "symbols": [ "N" ]
    },
    "molecular_charge": 1,
    "molecular_multiplicity": 3,
    "name": "n.chrg1.mult3-pyscf-uccsdt.augccpv5z",
    "atomic_numbers": [ 7 ],
    "n_electrons": 6,
    "model": {
        "method": "UCCSD(T)",
        "basis": "aug-cc-pV5Z",
        "scf_conv_tol": 1e-09,
        "scf_conv_tol_grad": 1e-06,
        "cc_conv_tol": 1e-07,
        "cc_conv_tol_normt": 1e-05
    },
    "broken_symmetry": false,
    "finite_diff_delta": 0.01,
    "finite_diff_acc": 2,
    "qa_lambdas": [-3.0, -2.75, -2.5, -2.25, -2.0, -1.75, -1.5, -1.25, -1.0, -0.75, -0.5, -0.25, -0.02, -0.01, 0.0, 0.01, 0.02, 0.25, 0.5, 0.75, 1.0],
    "electronic_energies": [-14.455732016142854, -16.73825022232859, -19.194303573800457, -21.829652797162705, -24.649591969424097, -27.65834856420597, -30.85762560771985, -34.2470414239461, -37.825876297406275, -41.59368851362653, -45.550203858094726, -49.695173990173814, -53.67473745930356, -53.85137031168081, -54.02830363594568, -54.205537402808716, -54.383071582572015, -58.54919678442928, -63.257296667817336, -68.15182511200815, -73.23172585456948],
    "qats_energies": {
        "0": [-54.028303635945626, -54.028303635945626, -54.028303635945626, -54.028303635945626, -54.028303635945626, -54.028303635945626, -54.028303635945626, -54.028303635945626, -54.028303635945626, -54.028303635945626, -54.028303635945626, -54.028303635945626, -54.028303635945626, -54.028303635945626, -54.028303635945626, -54.028303635945626, -54.028303635945626, -54.028303635945626, -54.028303635945626, -54.028303635945626, -54.028303635945626],
        "1": [-0.9032399667597915, -5.330328605858611, -9.75741724495743, -14.18450588405625, -18.61159452315507, -23.03868316225389, -27.46577180135271, -31.89286044045153, -36.31994907955035, -40.74703771864917, -45.17412635774799, -49.60121499684681, -53.67413654481772, -53.85122009038167, -54.028303635945626, -54.20538718150958, -54.38247072707353, -58.455392275044446, -62.882480914143265, -67.30956955324208, -71.73665819234091],
        "2": [-14.4231568890797, -16.690814353085756, -19.146248441012922, -21.7894591528612, -24.620446488630584, -27.63921044832108, -30.845751031932686, -34.2400682394654, -37.82216207091923, -41.59203252629416, -45.54967960559021, -49.69510330880736, -53.67473743001427, -53.85137031168081, -54.028303635945626, -54.205537402808716, -54.38307161227008, -58.549280587005, -63.258034161985485, -68.15456436088708, -73.23887118370979],
        "3": [-14.55587843483331, -16.793043738154076, -19.223054891101818, -21.845451054976003, -24.6597713910761, -27.66555506070157, -30.862341225151887, -34.24966904572651, -37.827077683724916, -41.59410630044656, -45.55029405719092, -49.69518011525745, -53.67473746933917, -53.85137031659642, -54.028303635945626, -54.2055373978931, -54.38307157294518, -58.54920378055491, -63.257419710384774, -68.15249058673467, -73.2339555709041],
        "4": [-14.417933579295003, -16.695645463176433, -19.156530558762746, -21.801804440528336, -24.632523024550014, -27.64958256850696, -30.853719671680743, -34.24551127495532, -37.82537466081703, -41.593567453354616, -45.55018761825917, -49.695173462824215, -53.674737469066685, -53.85137031657939, -54.028303635945626, -54.20553739787607, -54.38307157267269, -58.549197128121676, -63.25731327145303, -68.15195173964273, -73.23225254799621]
    },
    "qats_poly_coeffs": [ -54.028303635945626, -17.708354556395278, -1.5022129913688786, 0.004915612805689306, 0.0017030229078803434 ],
    "hf_energies": [-14.35194920562092, -16.626860122211575, -19.0752391753288, -21.704466836608297, -24.521035850907186, -27.52834808345503, -30.726700833164706, -34.115252349844454, -37.69330120424498, -41.46044542173715, -45.4164225641273, -49.56099063771762, -53.54031004472196, -53.71693507762661, -53.893860817407585, -54.07108723494025, -54.24861430068202, -58.41464099617162, -63.12277551785666, -68.01748409222468, -73.0977062108261],
    "triples_corrections": [-0.003115273976586024, -0.003601514735925096, -0.004055934245313589, -0.0042976375770530486, -0.004159750297971465, -0.003763319821518743, -0.0033756434134104164, -0.003075874939127407, -0.002840178388335483, -0.0026459361763057137, -0.002481302558635541, -0.002339017069073258, -0.0022232661742095203, -0.002218509638545996, -0.0022137741375740996, -0.0022090594571976194, -0.002204365386203083, -0.0021016484406025087, -0.001999794466979895, -0.0019062339975189026, -0.0018195586871088474],
    "scf_converged": [true, true, true, true, true, true, true, true, true, true, true, true, true, true, true, true, true, true, true, true, true],
    "cc_converged": [true, true, true, true, true, true, true, true, true, true, true, true, true, true, true, true, true, true, true, true, true],
    "scf_spin_squared": [2.026224204354251, 2.0181198393224986, 2.0117792017900333, 2.0090151433734795, 2.009775403893738, 2.0115016051970933, 2.0119561789021203, 2.0113644234898906, 2.0104363204199287, 2.0094740294924116, 2.008560975733825, 2.007724740097913, 2.0070340214544964, 2.007005748593252, 2.0069776215053436, 2.0069496399292914, 2.0069218035808767, 2.006320698016868, 2.0057465574625297, 2.0052439332314207, 2.004801639869194],
    "cc_spin_squared": [2.000746391632477, 2.0008289338355834, 2.0008282175258234, 2.000732369772617, 2.0005761295888282, 2.0004278455720153, 2.0003177339878704, 2.0002393788109014, 2.000184168538145, 2.000144778084098, 2.0001158716855505, 2.000094062921216, 2.00007847423391, 2.0000778760200038, 2.00007728376632, 2.0000766974031556, 2.0000761168617442, 2.0000642316778645, 2.000053950720689, 2.0000457632277397, 2.0000391613565647]
}