{
    "schema_name": "pyscf_apdft_output",
    "provenance": {
        "creator": "PySCF",
        "version": "1.7.6"
    },
    "molecule": {
        "geometry": [[0.0, 0.0, 0.0]],
        "symbols": [ "C" ]
    },
    "molecular_charge": -1,
    "molecular_multiplicity": 2,
    "name": "c.chrg-1.mult2-pyscf-uccsdt.augccpv5z",
    "atomic_numbers": [ 6 ],
    "n_electrons": 7,
    "model": {
        "method": "UCCSD(T)",
        "basis": "aug-cc-pV5Z",
        "scf_conv_tol": 1e-09,
        "scf_conv_tol_grad": 1e-06,
        "cc_conv_tol": 1e-05,
        "cc_conv_tol_normt": 1e-07
    },
    "broken_symmetry": false,
    "finite_diff_delta": 0.01,
    "finite_diff_acc": 2,
    "apdft_lambdas": [-1.0, -0.75, -0.5, -0.25, -0.02, -0.01, 0.0, 0.01, 0.02, 0.25, 0.5, 0.75, 1.0, 1.25, 1.5, 1.75, 2.0, 2.25, 2.5, 2.75, 3.0],
    "electronic_energies": [-24.472342084375907, -27.507823466143392, -30.741603659194467, -34.17331841250303, -37.51235420568239, -37.66155512851081, -37.81108471386424, -37.9609040677299, -38.111294398672186, -41.66017456884769, -45.717417695673404, -49.97962644203908, -54.44426574929463, -59.1088535071277, -63.97062427850651, -69.0264017804589, -74.27255142488669, -79.7049763391983, -85.31914522673222, -91.1101376035015, -97.07270045348132],
    "apdft_energies": {
        "0": [-37.81108471386423, -37.81108471386423, -37.81108471386423, -37.81108471386423, -37.81108471386423, -37.81108471386423, -37.81108471386423, -37.81108471386423, -37.81108471386423, -37.81108471386423, -37.81108471386423, -37.81108471386423, -37.81108471386423, -37.81108471386423, -37.81108471386423, -37.81108471386423, -37.81108471386423, -37.81108471386423, -37.81108471386423, -37.81108471386423, -37.81108471386423],
        "1": [-22.8436377529099, -26.585499493148482, -30.327361233387066, -34.06922297362565, -37.511735774645146, -37.66141024425469, -37.81108471386423, -37.960759183473776, -38.11043365308332, -41.552946454102816, -45.2948081943414, -49.03666993457998, -52.778531674818566, -56.52039341505715, -60.26225515529573, -64.00411689553431, -67.7459786357729, -71.48784037601149, -75.22970211625007, -78.97156385648864, -82.71342559672723],
        "2": [-24.292480314141244, -27.400473433841114, -30.689571873694902, -34.15977563370261, -37.51231531166964, -37.66155512851081, -37.81108471386423, -37.9609040677299, -38.11101319010781, -41.643499114179775, -45.657018834649236, -49.851643875272615, -54.22737423604991, -58.784209916981126, -63.52215091806626, -68.44119723930531, -73.54134888069828, -78.82260584224517, -84.28496812394597, -89.9284357258007, -95.75300864780934],
        "3": [-4.099601012442768, -18.881602478437067, -28.165461960982594, -33.84426189461357, -37.51215376863522, -37.66153493563151, -37.81108471386423, -37.960924260609204, -38.11117473314223, -41.95901285326882, -48.18112874736154, -58.37051483067666, -74.42025353774838, -98.22342730311097, -131.67311856129862, -176.66240974684558, -235.08438329428608, -308.8321216381544, -399.7987072129847, -509.8772224533112, -640.9607497936682],
        "4": [-1337.8603391031409, -440.891836014947, -111.52550809165123, -39.05426477778036, -37.51236717035332, -37.66154827323889, -37.81108471386423, -37.96093759821658, -38.11138813486032, -47.169015736435604, -131.54117487803018, -480.3807483671866, -1408.1809916284462, -3354.475229282354, -6883.836855145457, -12685.879332230312, -21575.25619274546, -34491.661038095466, -52499.82753888088, -76789.52943489827, -108675.5805351402]
    },
    "apdft_poly_coeff": [ -37.81108471386423, -14.967446960954334, -1.448842561231345, -20.192879301698476, -1333.7607380906982 ],
    "hf_energies": [-24.326626755692153, -27.365223971311927, -30.562856541529843, -33.99008952579962, -37.32864579361174, -37.477749604128675, -37.6271436816353, -37.7767890148199, -37.94249700136443, -41.47816893746068, -45.53376932923162, -49.79435206592957, -54.25735437454354, -58.92036767067482, -63.78066239892577, -68.83507557848854, -74.07997172869534, -79.51124561460736, -85.12435479070601, -90.91436926285307, -96.87602822736437],
    "triples_corrections": [-0.008675737250017686, -0.007719974777159482, -0.009607042834818317, -0.009288763652792248, -0.008648644142928529, -0.008635477058215185, -0.008635523866513489, -0.008787187024825886, -0.008123126681838642, -0.007881061073869192, -0.008040655748337183, -0.008406388543624632, -0.008908291049853797, -0.009498632034090508, -0.010150095951023754, -0.010844927619648784, -0.011571261834727078, -0.01232026469617286, -0.013084025832761694, -0.013853550756486352, -0.014619256979362076],
    "scf_converged": [true, true, true, true, true, true, true, true, true, true, true, true, true, true, true, true, true, true, true, true, true],
    "cc_converged": [true, true, true, true, true, true, true, true, true, true, true, true, true, true, true, true, true, true, true, true, true],
    "scf_spin_squared": [1.5046079777327623, 1.5841763570131824, 0.7684052445152956, 0.7713687981881949, 0.8567748027258064, 0.8828947527538045, 0.9248909955029703, 1.0991840519481326, 1.4804304452672365, 0.7891340153811193, 0.7611921846341847, 0.7578019335774897, 0.7563721763447977, 0.7554791338930498, 0.7548256135306954, 0.7543097872537157, 0.7538857405825166, 0.7535287935083814, 0.7532238472657755, 0.7529605330206701, 0.7527311736449507],
    "cc_spin_squared": [0.8355323885659809, 0.9222643587381301, 0.7948574640057862, 0.7730169933959468, 0.7522096810344365, 0.751653470893842, 0.7510520749061744, 0.749754704542863, 0.7700273982484855, 0.7514631075322558, 0.7504543788690274, 0.7502678644877045, 0.7501949632929352, 0.7501545913593677, 0.7501283328634949, 0.7501097067574027, 0.7500957630082297, 0.750084968112205, 0.7500764016546413, 0.7500694603975762, 0.7500637040028932]
}