{
    "schema_name": "pyscf_apdft_output",
    "provenance": {
        "creator": "PySCF",
        "version": "1.7.6"
    },
    "molecule": {
        "geometry": [[0.0, 0.0, 0.0]],
        "symbols": [ "Cl" ]
    },
    "molecular_charge": -1,
    "molecular_multiplicity": 1,
    "name": "cl.chrg-1.mult1-pyscf-ccsdt.augccpv5z",
    "atomic_numbers": [ 17 ],
    "n_electrons": 18,
    "model": {
        "method": "CCSD(T)",
        "basis": "aug-cc-pV5Z",
        "scf_conv_tol": 1e-09,
        "scf_conv_tol_grad": 1e-06,
        "cc_conv_tol": 1e-07,
        "cc_conv_tol_normt": 1e-05
    },
    "broken_symmetry": false,
    "finite_diff_delta": 0.01,
    "finite_diff_acc": 2,
    "apdft_lambdas": [-1.0, -0.75, -0.5, -0.25, -0.02, -0.01, 0.0, 0.01, 0.02, 0.25, 0.5, 0.75, 1.0],
    "electronic_energies": [-397.01115314024764, -412.4225183370073, -428.0625203166273, -443.92496103836896, -458.70884836807954, -459.35567804054244, -460.0028417785482, -460.65033916177475, -461.29816977388697, -476.28931702501336, -492.7782611292541, -509.46428080735103, -526.3426016060847],
    "apdft_energies": {
        "0": [-460.00284177843497, -460.00284177843497, -460.00284177843497, -460.00284177843497, -460.00284177843497, -460.00284177843497, -460.00284177843497, -460.00284177843497, -460.00284177843497, -460.00284177843497, -460.00284177843497, -460.00284177843497, -460.00284177843497],
        "1": [-395.2697857168195, -411.45304973222335, -427.63631374762724, -443.81957776303113, -458.70818065720266, -459.35551121781884, -460.00284177843497, -460.6501723390511, -461.2975028996673, -476.1861057938388, -492.3693698092427, -508.5526338246466, -524.7358978400505],
        "2": [-396.93801295309953, -412.3914275526309, -428.05337055669725, -443.9238419652986, -458.7088479480972, -459.35567804054244, -460.00284177843497, -460.65033916177475, -461.2981701905618, -476.29036999610634, -492.7864266183127, -509.4910116450541, -526.4041250763305],
        "3": [-397.00773438587487, -412.42084128208296, -428.06208573579414, -443.9249313626857, -458.7088485058686, -459.35567811026385, -460.00284177843497, -460.65033909205334, -461.29816963279035, -476.28928059871924, -492.7777114392158, -509.461597915602, -526.3344036435551],
        "4": [-397.0215160727777, -412.4252018939546, -428.06294709122557, -443.9249851974002, -458.7088485080737, -459.3556781104017, -460.00284177843497, -460.65033909219113, -461.2981696349954, -476.2893344334337, -492.77857279464723, -509.46595852747356, -526.3481853304579]
    },
    "apdft_poly_coeff": [ -460.00284177843497, -64.73305606161546, -1.6682272362800177, 0.06972143277531964, -0.013781686902802903 ],
    "hf_energies": [-396.560720288653, -411.9795774680705, -427.6264815365496, -443.4945425079453, -458.28248937911826, -458.92947510296335, -459.57679335771275, -460.22444374349976, -460.8724258622884, -475.8666847709253, -492.35833388863193, -509.0465118992446, -525.9265621422602],
    "triples_corrections": [-0.02078216846832774, -0.01844634663612009, -0.016267953408320802, -0.01460359153770185, -0.013491894930183223, -0.013450521791594141, -0.013409637793440841, -0.013369232993441891, -0.01332929774974986, -0.012520969495677525, -0.01181983011609016, -0.011240845387316487, -0.010746762395957078],
    "scf_converged": [true, true, true, true, true, true, true, true, true, true, true, true, true],
    "cc_converged": [true, true, true, true, true, true, true, true, true, true, true, true, true],
    "t1_diagnostic": [0.011111924165066903, 0.00941744398563923, 0.006905477032888712, 0.004727884647991399, 0.0034978888717916243, 0.0034600284669890867, 0.0034232752878213734, 0.0033876025466925354, 0.0033529835029199005, 0.0027884578945596835, 0.002478321545864333, 0.0022958645349622168, 0.0021624190657787957]
}