{
    "schema_name": "pyscf_qa_output",
    "provenance": {
        "creator": "PySCF",
        "version": "1.7.6"
    },
    "molecule": {
        "geometry": [[0.0, 0.0, 0.0]],
        "symbols": [ "Si" ]
    },
    "molecular_charge": -1,
    "molecular_multiplicity": 2,
    "name": "si.chrg-1.mult2-pyscf-uccsdt.augccpvtz",
    "atomic_numbers": [ 14 ],
    "n_electrons": 15,
    "model": {
        "method": "UCCSD(T)",
        "basis": "aug-cc-pVTZ",
        "scf_conv_tol": 1e-09,
        "scf_conv_tol_grad": 1e-06,
        "cc_conv_tol": 1e-05,
        "cc_conv_tol_normt": 1e-07
    },
    "broken_symmetry": false,
    "finite_diff_delta": 0.01,
    "finite_diff_acc": 2,
    "qa_lambdas": [-1.0, -0.75, -0.5, -0.25, -0.02, -0.01, 0.0, 0.01, 0.02, 0.25, 0.5, 0.75, 1.0, 1.25, 1.5, 1.75, 2.0, 2.25, 2.5, 2.75, 3.0],
    "electronic_energies": [-240.82859281891456, -252.62216853375276, -264.58745960316014, -276.734845075677, -288.0124576315697, -288.5064742366779, -289.00072623832943, -289.4952129837454, -289.98993381298044, -301.43154207031927, -313.9980703762256, -326.6892328801873, -339.4947583597211, -352.4051771098647, -365.4116200922707, -378.50575794319104, -391.6798321647074, -404.92668948548044, -418.23977579509346, -431.6130882835163, -445.0411074995996],
    "qats_energies": {
        "0": [-289.00072623832943, -289.00072623832943, -289.00072623832943, -289.00072623832943, -289.00072623832943, -289.00072623832943, -289.00072623832943, -289.00072623832943, -289.00072623832943, -289.00072623832943, -289.00072623832943, -289.00072623832943, -289.00072623832943, -289.00072623832943, -289.00072623832943, -289.00072623832943, -289.00072623832943, -289.00072623832943, -289.00072623832943, -289.00072623832943, -289.00072623832943],
        "1": [-239.5637888849551, -251.92302322329869, -264.28225756164227, -276.64149189998585, -288.01198749126195, -288.5063568647957, -289.00072623832943, -289.4950956118632, -289.9894649853969, -301.359960576673, -313.7191949150166, -326.0784292533602, -338.43766359170377, -350.79689793004735, -363.15613226839093, -375.5153666067345, -387.8746009450781, -400.2338352834217, -412.59306962176527, -424.95230396010885, -437.31153829845243],
        "2": [-240.73750770692914, -252.58324006065908, -264.5756872671358, -276.71484932635923, -288.01245697879074, -288.5064742366779, -289.00072623832943, -289.4952129837454, -289.9899344729257, -301.4333180030464, -314.0126246205101, -326.7386460907206, -339.6113824136778, -352.6308335893818, -365.7969996178325, -379.10988049903, -392.56947623297424, -406.17578681966523, -419.928812259103, -433.8285525512875, -447.87500769621874],
        "3": [-240.84690139333483, -252.62939052211146, -264.5893614779365, -276.7165586027093, -288.01245785394025, -288.50647434607157, -289.00072623832943, -289.4952128743517, -289.9899335977762, -301.4316087266963, -313.9989504097094, -326.6924956292682, -339.50198872727213, -352.41717404562064, -365.4277959262133, -378.5235987109495, -391.69432674172873, -404.92972436045045, -418.2195359090141, -431.5535057293192, -444.9213781632652],
        "4": [-240.81704272964512, -252.6199430543034, -264.5874953114559, -276.71644196730426, -288.01245784916284, -288.506474345773, -289.00072623832943, -289.4952128740531, -289.98993359299885, -301.43149209129126, -313.9970842432288, -326.68304816146014, -339.4721300635824, -352.34427691747203, -365.27663644128427, -378.24355710345367, -391.21658812269374, -404.1644794679971, -417.05318185863564, -429.8458467641601, -442.50282640440037]
    },
    "qats_poly_coeffs": [ -289.00072623832943, -49.43693735337433, -1.1737188219740347, 0.1093936864056862, 0.029858663689689518 ],
    "hf_energies": [-240.63061417561812, -252.430296801922, -264.4025541946222, -276.5729300217182, -287.8420153438121, -288.3362921141611, -288.83080406110605, -289.3255502851495, -289.8205299228988, -301.26771749655563, -313.83940061068415, -326.53487721773223, -339.34394042783504, -352.2572036167221, -365.26593907896455, -378.36198851735134, -391.5377558937017, -404.786217906036, -418.10091087864646, -431.4758872647666, -444.9056550772465],
    "triples_corrections": [-0.00781953605511739, -0.008068089363724521, -0.00811369797017671, -0.007934947460777346, -0.007642579073342792, -0.007635799360106784, -0.00762924135246581, -0.007622887039379613, -0.007616726692015867, -0.007530195156511966, -0.0075344483969659575, -0.007588422799920244, -0.007675068847948903, -0.007793131140142295, -0.007939046332775177, -0.008106493639939805, -0.008289021196278938, -0.008480408115666103, -0.008673241138853935, -0.008857133488714558, -0.009018954262232665],
    "scf_converged": [true, true, true, true, true, true, true, true, true, true, true, true, true, true, true, true, true, true, true, true, true],
    "cc_converged": [true, true, true, true, true, true, true, true, true, true, true, true, true, true, true, true, true, true, true, true, true],
    "scf_spin_squared": [0.8042841508177663, 0.7799715553925237, 0.7909683255819644, 1.8021032936780355, 0.789343916954997, 0.7861784485648382, 0.7835279386962535, 0.7812977906922569, 0.7794074997434937, 0.767019735634821, 0.7651627644662469, 0.7642732244727792, 0.763570446669303, 0.7629290678852705, 0.7623129754817581, 0.7617107748843619, 0.7611204843716681, 0.7605428996223287, 0.7599784258548858, 0.7594265105181339, 0.7588860198376954],
    "cc_spin_squared": [0.7508219045008135, 0.7511468827127721, 0.7514395815909967, 2.2976779926696493, 0.7518618222037632, 0.7517859640307623, 0.7517165948490949, 0.7516528638926312, 0.7515940093870053, 0.7508832046859326, 0.7506211473651923, 0.7505113827719487, 0.750449965986093, 0.7504058612575348, 0.750369440103658, 0.750337455216266, 0.7503087145342442, 0.750282673202388, 0.7502589531646091, 0.750237195753817, 0.7502170142838671]
}