{
    "schema_name": "pyscf_qa_output",
    "provenance": {
        "creator": "PySCF",
        "version": "1.7.6"
    },
    "molecule": {
        "geometry": [[0.0, 0.0, 0.0]],
        "symbols": [ "Li" ]
    },
    "molecular_charge": 0,
    "molecular_multiplicity": 4,
    "name": "li.chrg0.mult4-pyscf-uccsd.augccpvtz",
    "atomic_numbers": [ 3 ],
    "n_electrons": 3,
    "model": {
        "method": "UCCSD",
        "basis": "aug-cc-pVTZ",
        "scf_conv_tol": 1e-09,
        "scf_conv_tol_grad": 1e-06,
        "cc_conv_tol": 1e-07,
        "cc_conv_tol_normt": 1e-05
    },
    "broken_symmetry": false,
    "finite_diff_delta": 0.01,
    "finite_diff_acc": 2,
    "qa_lambdas": [-2.0, -1.75, -1.5, -1.25, -1.0, -0.75, -0.5, -0.25, -0.02, -0.01, 0.0, 0.01, 0.02, 0.25, 0.5, 0.75, 1.0, 1.25, 1.5, 1.75, 2.0],
    "electronic_energies": [-0.38953980750646566, -0.7149184045293399, -1.1109364097456291, -1.6110521388011108, -2.1713158479408827, -2.823307971841775, -3.5720303140075167, -4.416272424273935, -5.27188635058409, -5.310684682935283, -5.349610505790992, -5.388663123119729, -5.427841838104119, -6.362168236492952, -7.443674836827215, -8.585992150532922, -9.783571577318762, -11.031515941729971, -12.322972301892756, -13.648791568471802, -14.999635604855005],
    "qats_energies": {
        "0": [-5.349610505790992, -5.349610505790992, -5.349610505790992, -5.349610505790992, -5.349610505790992, -5.349610505790992, -5.349610505790992, -5.349610505790992, -5.349610505790992, -5.349610505790992, -5.349610505790992, -5.349610505790992, -5.349610505790992, -5.349610505790992, -5.349610505790992, -5.349610505790992, -5.349610505790992, -5.349610505790992, -5.349610505790992, -5.349610505790992, -5.349610505790992],
        "1": [2.4482335126536183, 1.4735030103480424, 0.49877250804246565, -0.47595799426311114, -1.450688496568687, -2.4254189988742634, -3.4001495011798397, -4.374880003485416, -5.271632065606546, -5.310621285698769, -5.349610505790992, -5.388599725883216, -5.4275889459754385, -6.324341008096569, -7.299071510402145, -8.273802012707721, -9.248532515013299, -10.223263017318875, -11.19799351962445, -12.172724021930026, -13.147454524235602],
        "2": [-0.08765594788178266, -0.4680373578743744, -0.9276653135086974, -1.4665398147847517, -2.0846608617025373, -2.782028454262054, -3.5586425924633023, -4.414503276306282, -5.2718856545526, -5.310684682935283, -5.349610505790992, -5.388663123119729, -5.427842534921492, -6.363964280917434, -7.457564601685608, -8.630411468095513, -9.882504880147149, -11.213844837840515, -12.624431341175613, -14.114264390152442, -15.683343984771003],
        "3": [-1.0162218564906853, -1.0901039724307289, -1.3194040562030782, -1.6932404760662223, -2.20073160027865, -2.8309957970988515, -3.5731514347853164, -4.416316881596534, -5.271886583118508, -5.3106847990060215, -5.349610505790992, -5.38866300704899, -5.427841606355583, -6.362150675627182, -7.4430557593635935, -8.581444125258715, -9.766434141571036, -10.987144176559045, -12.232692598481233, -13.49219777559609, -14.7547780761621],
        "4": [-0.9638292773266786, -1.0593924044197962, -1.3028267167019667, -1.6852460029271832, -2.1974570640808997, -2.829959713380032, -3.572946776272957, -4.416304090439511, -5.271886582594583, -5.310684798973276, -5.349610505790992, -5.388663007016245, -5.427841605831658, -6.36213788447016, -7.442851100851234, -8.580408041539895, -9.763159605373286, -10.979149703420006, -12.216115258980121, -13.461486207585157, -14.702385496998094]
    },
    "qats_poly_coeffs": [ -5.349610505790992, -3.8989220092223054, -0.6339723651338502, 0.11607073857611282, 0.0032745361977504217 ],
    "hf_energies": [-0.3890585923596671, -0.7142131833212335, -1.1090998967213601, -1.6073142622819512, -2.1664625243111226, -2.8183315911306037, -3.5673851123530005, -4.412100205810284, -5.268072814073118, -5.306883950598127, -5.345822346243122, -5.38488730735696, -5.4240781397672055, -6.358629667106074, -7.440312547559457, -8.582808272544897, -9.780622273737322, -11.028869829950693, -12.320663258608135, -13.646803697641936, -14.997923612498289],
    "scf_converged": [true, true, true, true, true, true, true, true, true, true, true, true, true, true, true, true, true, true, true, true, true],
    "cc_converged": [true, true, true, true, true, true, true, true, true, true, true, true, true, true, true, true, true, true, true, true, true],
    "scf_spin_squared": [3.75, 3.75, 3.75, 3.75, 3.75, 3.75, 3.75, 3.75, 3.75, 3.75, 3.75, 3.75, 3.75, 3.75, 3.75, 3.75, 3.75, 3.75, 3.75, 3.75, 3.75],
    "cc_spin_squared": [3.750000000000006, 3.75, 3.7500000000000044, 3.750000000000002, 3.749999999999995, 3.7500000000000053, 3.7499999999999973, 3.7500000000000027, 3.7500000000000036, 3.7499999999999987, 3.75, 3.75, 3.7500000000000044, 3.7500000000000027, 3.7500000000000053, 3.7500000000000044, 3.75, 3.7500000000000044, 3.7500000000000044, 3.750000000000008, 3.750000000000016]
}