{
    "schema_name": "pyscf_apdft_output",
    "provenance": {
        "creator": "PySCF",
        "version": "1.7.6"
    },
    "molecule": {
        "geometry": [[0.0, 0.0, 0.0]],
        "symbols": [ "Ar" ]
    },
    "molecular_charge": 0,
    "molecular_multiplicity": 3,
    "name": "ar.chrg0.mult3-pyscf-uccsdt.augccpv5z",
    "atomic_numbers": [ 18 ],
    "n_electrons": 18,
    "model": {
        "method": "UCCSD(T)",
        "basis": "aug-cc-pV5Z",
        "scf_conv_tol": 1e-09,
        "scf_conv_tol_grad": 1e-06,
        "cc_conv_tol": 1e-07,
        "cc_conv_tol_normt": 1e-05
    },
    "broken_symmetry": false,
    "finite_diff_delta": 0.01,
    "finite_diff_acc": 2,
    "apdft_lambdas": [-2.0, -1.75, -1.5, -1.25, -1.0, -0.75, -0.5, -0.25, -0.02, -0.01, 0.0, 0.01, 0.02],
    "electronic_energies": [-394.82064029873044, -410.4868162229035, -426.4240930593925, -442.5988527968145, -458.9999711977291, -475.62342693667074, -492.4618428149348, -509.50831252029826, -525.3692989618502, -526.062706054216, -526.7633468938704, -527.4504604041892, -528.1517760530179],
    "apdft_energies": {
        "0": [-526.7564266550969, -526.7564266550969, -526.7564266550969, -526.7564266550969, -526.7564266550969, -526.7564266550969, -526.7564266550969, -526.7564266550969, -526.7564266550969, -526.7564266550969, -526.7564266550969, -526.7564266550969, -526.7564266550969],
        "1": [-387.9809916577776, -405.32792103244253, -422.67485040710744, -440.02177978177235, -457.36870915643726, -474.7156385311022, -492.0625679057671, -509.409497280432, -525.3686723051237, -526.0625494801103, -526.7564266550969, -527.4503038300835, -528.1441810050701],
        "2": [-394.2439558875683, -410.123003020876, -426.1977677863647, -442.46825018403433, -458.93445021388493, -475.5963678759165, -492.454003170129, -509.50735609652247, -525.3692986015467, -526.062706054216, -526.7564266550969, -527.4504604041892, -528.1448073014931],
        "3": [4251.350191669077, 2702.0621387992987, 1533.662263214095, 691.7100084967872, 121.76481823069571, -230.61386400085905, -419.86659461455645, -500.4339300270759, -525.3646530073992, -526.0621253549476, -526.7564266550969, -527.4510411034577, -528.1494528956406],
        "4": [-460356.1050594291, -269642.29822689574, -145471.04037482868, -70201.76155691735, -28916.201134962943, -9418.407778878533, -2234.7394666891587, -613.8634845317385, -525.3692990819517, -526.0624157346072, -526.7564266550969, -527.4513314831172, -528.1540989701931]
    },
    "apdft_poly_coeff": [ -526.7564266550969, -69.38771749865964, -1.5657410574476671, -580.6992684445806, -29037.965953193634 ],
    "hf_energies": [-394.384259335252, -410.04287613957086, -425.9877395516032, -442.18102999852573, -458.5879079897583, -475.21663354034075, -492.0597710625612, -509.1103579918713, -524.9745545341475, -525.6680880728592, -526.3689572132357, -527.0560919708728, -527.7576235456224],
    "triples_corrections": [-0.013310522114028356, -0.01441938285356783, -0.013378522379388073, -0.011017696848308034, -0.010555352805880823, -0.010158274224110734, -0.0098157226667531, -0.00952222326186909, -0.009293462779325093, -0.009284403028248968, -0.009388239050002556, -0.009266504468942798, -0.009373154079772277],
    "scf_converged": [true, true, true, true, true, true, true, true, true, true, true, true, true],
    "cc_converged": [true, true, true, true, true, true, true, true, true, true, true, true, true],
    "scf_spin_squared": [2.014986837877041, 2.0203684189484834, 2.014808391295121, 2.01132048162558, 2.0108046609671346, 2.010351405813049, 2.0099468121077706, 2.009584348044597, 2.009284691101989, 2.009272362174162, 2.009642723920492, 2.009247866600983, 2.009619521518321],
    "cc_spin_squared": [2.001214117781788, 2.0006841523894954, 2.0004981533527975, 2.0003782754947936, 2.0003300365750727, 2.0002941538268013, 2.0002662543815743, 2.0002441658918197, 2.0002279352693124, 2.0002273084516764, 2.0002570868154343, 2.0002260734267105, 2.0002560443634545]
}