{
    "schema_name": "pyscf_apdft_output",
    "provenance": {
        "creator": "PySCF",
        "version": "1.7.6"
    },
    "molecule": {
        "geometry": [[0.0, 0.0, 0.0]],
        "symbols": [ "Al" ]
    },
    "molecular_charge": 0,
    "molecular_multiplicity": 2,
    "name": "al.chrg0.mult2-pyscf-uccsdt.augccpvtz",
    "atomic_numbers": [ 13 ],
    "n_electrons": 13,
    "model": {
        "method": "UCCSD(T)",
        "basis": "aug-cc-pVTZ",
        "scf_conv_tol": 1e-09,
        "scf_conv_tol_grad": 1e-06,
        "cc_conv_tol": 1e-07,
        "cc_conv_tol_normt": 1e-05
    },
    "broken_symmetry": false,
    "finite_diff_delta": 0.01,
    "finite_diff_acc": 2,
    "apdft_lambdas": [-2.0, -1.75, -1.5, -1.25, -1.0, -0.75, -0.5, -0.25, -0.02, -0.01, 0.0, 0.01, 0.02, 0.25, 0.5, 0.75, 1.0, 1.25, 1.5, 1.75, 2.0],
    "electronic_energies": [-158.21933461594156, -168.04515849133452, -178.07729872504603, -188.30354592296467, -198.71283545640262, -209.29629964446417, -220.04549432477222, -230.94942042298914, -241.1078309655161, -241.5521231491104, -241.99662836230394, -242.4413459554627, -242.8862752798319, -253.17660402421663, -264.4792615507035, -275.8945823361024, -287.4126714028079, -299.0239831098145, -310.7195196698582, -322.49093643425033, -334.33056166415014],
    "apdft_energies": {
        "0": [-241.99662836230374, -241.99662836230374, -241.99662836230374, -241.99662836230374, -241.99662836230374, -241.99662836230374, -241.99662836230374, -241.99662836230374, -241.99662836230374, -241.99662836230374, -241.99662836230374, -241.99662836230374, -241.99662836230374, -241.99662836230374, -241.99662836230374, -241.99662836230374, -241.99662836230374, -241.99662836230374, -241.99662836230374, -241.99662836230374, -241.99662836230374],
        "1": [-153.07434772707296, -164.18963280647682, -175.30491788588066, -186.4202029652845, -197.53548804468835, -208.6507731240922, -219.76605820349604, -230.88134328289988, -241.10740555595143, -241.55201695912757, -241.99662836230374, -242.4412397654799, -242.88585116865605, -253.1119134417076, -264.2271985211114, -275.34248360051527, -286.4577686799191, -297.573053759323, -308.68833883872685, -319.80362391813065, -330.9189089975345],
        "2": [-157.32194703970748, -167.4417010302126, -177.69419249923757, -188.07942144678236, -198.59738787284698, -209.24809177743143, -220.0315331605357, -230.9477120221598, -241.1078303158827, -241.5521231491104, -241.99662836230374, -242.4413459554627, -242.8862759285873, -253.1782821809675, -264.4926734781511, -275.9398022538545, -287.51966850807776, -299.23227224082086, -311.0776134520837, -323.0556921418665, -335.16650831016904],
        "3": [-158.18753957957455, -168.02158040750638, -178.059364351994, -188.29074775046084, -198.70558694033036, -209.293738259026, -220.04505804397112, -230.94940263258923, -241.10783118147523, -241.55212325730946, -241.99662836230374, -242.44134584726365, -242.88627506299477, -253.17659157053808, -264.47914859471564, -275.89415577226, -287.4114694405944, -299.02094593714236, -310.71244159932735, -322.4758127645727, -334.30091577030197],
        "4": [-158.2460769323174, -168.05589392897502, -178.0778859362603, -188.29967984163864, -198.7092455248768, -209.29489585804262, -220.04528670550528, -230.94941692393513, -241.1078311820606, -241.55212325734607, -241.99662836230374, -242.44134584730023, -242.88627506358014, -253.17660586188396, -264.4793772562498, -275.8953133712766, -287.4151280251408, -299.0298780283201, -310.73096318359364, -322.5101262860414, -334.35945312304483]
    },
    "apdft_poly_coeff": [ -241.99662836230374, -44.46114031761539, -1.06189982815863, 0.10819906748338325, -0.003658584546428756 ],
    "hf_energies": [-158.03633046567657, -167.86770606186835, -177.90588390165956, -188.13930565696938, -198.55676950375295, -209.14909605370502, -219.90803879600747, -230.82207383742679, -240.98960274221855, -241.43428229813213, -241.87917394409845, -242.32427701014024, -242.76959082738446, -253.0684493366188, -264.37954015548326, -275.8022409276516, -287.3265602775715, -298.94294157349276, -310.6424463878899, -322.41683748408127, -334.25857252057176],
    "triples_corrections": [-0.0023584003742534517, -0.002455651239312232, -0.0026476500475196073, -0.0028394985676524786, -0.002981802109508923, -0.0030089551205249396, -0.0028965217214800662, -0.002732845912577269, -0.0025528216164708243, -0.0025443667237099545, -0.002535863931599365, -0.002527314029661992, -0.002518717839419805, -0.0023105067456368183, -0.0020727408419344215, -0.0018405915313054457, -0.0016275861439305824, -0.0014408456548457057, -0.0012818746204542016, -0.0011484135146113393, -0.001036421732567515],
    "scf_converged": [true, true, true, true, true, true, true, true, true, true, true, true, true, true, true, true, true, true, true, true, true],
    "cc_converged": [true, true, true, true, true, true, true, true, true, true, true, true, true, true, true, true, true, true, true, true, true],
    "scf_spin_squared": [0.8188282255277759, 0.8163433010493968, 0.7990731405657403, 0.7793045580446698, 0.7709871365201941, 0.7712406067622926, 0.7722548068378225, 0.7713652039415253, 0.7701006042256147, 0.7700470352310109, 0.7699937460018598, 0.7699407431823309, 0.769888032352597, 0.7687554440514859, 0.7676377642467589, 0.766542150560503, 0.7654359396218355, 0.7643357583600743, 0.7632684186877707, 0.7622518429309713, 0.7612922329516625],
    "cc_spin_squared": [0.7506534398368601, 0.7506219595852222, 0.7505280143823354, 0.7504243100377304, 0.7503734190737443, 0.7503501523690876, 0.7502997886139156, 0.7502455352367781, 0.7502071673054682, 0.750205727217168, 0.7502043032461088, 0.7502028950616508, 0.7502015023372492, 0.7501730713994434, 0.7501478140540594, 0.7501264259664429, 0.7501079917693496, 0.7500920514833385, 0.7500783022082458, 0.7500665069621708, 0.7500564548850632]
}