{
    "schema_name": "pyscf_qa_output",
    "provenance": {
        "creator": "PySCF",
        "version": "1.7.6"
    },
    "molecule": {
        "geometry": [[0.0, 0.0, 0.0]],
        "symbols": [ "Ar" ]
    },
    "molecular_charge": 2,
    "molecular_multiplicity": 3,
    "name": "ar.chrg2.mult3-pyscf-uccsdt.augccpvqz",
    "atomic_numbers": [ 18 ],
    "n_electrons": 16,
    "model": {
        "method": "UCCSD(T)",
        "basis": "aug-cc-pVQZ",
        "scf_conv_tol": 1e-09,
        "scf_conv_tol_grad": 1e-06,
        "cc_conv_tol": 1e-07,
        "cc_conv_tol_normt": 1e-05
    },
    "broken_symmetry": false,
    "finite_diff_delta": 0.01,
    "finite_diff_acc": 2,
    "qa_lambdas": [-4.0, -3.75, -3.5, -3.25, -3.0, -2.75, -2.5, -2.25, -2.0, -1.75, -1.5, -1.25, -1.0, -0.75, -0.5, -0.25, -0.02, -0.01, 0.0, 0.01, 0.02],
    "electronic_energies": [-275.2190299125141, -288.9721123627111, -303.04340173478823, -317.4189644358003, -332.0844663421349, -347.02517254669357, -362.2260500156378, -377.6721189771554, -393.3488627105825, -409.2424583747812, -425.3398137511826, -441.62851300437194, -458.09674897143486, -474.73327289813113, -491.52736390398707, -508.4688107474985, -524.1767286462957, -524.8622117359057, -525.5479008082746, -526.2337952879845, -526.9198946008473],
    "qats_energies": {
        "0": [-525.5479008082747, -525.5479008082747, -525.5479008082747, -525.5479008082747, -525.5479008082747, -525.5479008082747, -525.5479008082747, -525.5479008082747, -525.5479008082747, -525.5479008082747, -525.5479008082747, -525.5479008082747, -525.5479008082747, -525.5479008082747, -525.5479008082747, -525.5479008082747, -525.5479008082747, -525.5479008082747, -525.5479008082747, -525.5479008082747, -525.5479008082747],
        "1": [-251.23119039250548, -268.37598479349106, -285.52077919447663, -302.6655735954622, -319.8103679964478, -336.95516239743336, -354.09995679841893, -371.2447511994045, -388.3895456003901, -405.53434000137565, -422.6791344023612, -439.8239288033468, -456.9687232043324, -474.11351760531795, -491.2583120063035, -508.4031064072891, -524.1763172561958, -524.8621090322353, -525.5479008082747, -526.2336925843141, -526.9194843603535],
        "2": [-267.6637776644983, -282.818688450516, -298.10197882459613, -313.5136487867387, -329.05369833694374, -344.7221274752112, -360.5189362015411, -376.4441245159335, -392.4976924183883, -408.67963990890553, -424.9899669874852, -441.42867365412735, -457.99575990883193, -474.69122575159895, -491.5150711824284, -508.4672962013203, -524.1767280708776, -524.8622117359057, -525.5479008082747, -526.2337952879845, -526.9198951750353],
        "3": [-273.7950100799019, -287.87066828498547, -302.2094255403841, -316.8023005486141, -331.6403120121921, -346.7144786336346, -362.015819115458, -377.5353521601789, -393.2640964703137, -409.193070748379, -425.31329369689126, -441.615784018367, -458.0915604153226, -474.7316415902747, -491.52704624573977, -508.4687930842342, -524.1767288372816, -524.8622118317062, -525.5479008082747, -526.2337951921841, -526.9198944086313],
        "4": [-275.10722903561987, -288.8843261925969, -302.97862420070607, -317.37417380292106, -332.05550629114975, -347.00763350623384, -362.21604783794913, -377.66672222500534, -393.34611015504606, -409.24114566464914, -425.3392433393261, -441.62829831352263, -458.09668627061836, -474.7332634429269, -491.52736661169575, -508.4688131071065, -524.1767288381018, -524.8622118317575, -525.5479008082747, -526.2337951922353, -526.9198944094514]
    },
    "qats_poly_coeffs": [ -525.5479008082747, -68.5791776039423, -1.027036704499551, 0.09580050649068045, -0.005125855295773363 ],
    "hf_energies": [-274.865790440947, -288.6203535750214, -302.69538006931816, -317.07666600831334, -331.7494645665313, -346.69856131129484, -361.90852022369126, -377.36407067835285, -393.0504616893643, -408.95365590005883, -425.0603663696378, -441.35801261932437, -457.8346603168194, -474.4789724802933, -491.28017616097026, -508.2280397762522, -523.9412504710831, -524.6269506630621, -525.312855768446, -525.9989652139434, -526.6852784275295],
    "triples_corrections": [-0.01002257080436322, -0.010283923723308986, -0.010293841960366491, -0.010078639149632551, -0.009715602754844219, -0.009304046205441289, -0.008908558198698693, -0.008543583444107774, -0.008200128728592267, -0.007868319219574708, -0.007543854434787212, -0.007226994810822224, -0.006920227962364977, -0.006626521373921724, -0.0063483748120383605, -0.006087417907372459, -0.005863173971120623, -0.005853770404643487, -0.005844395575468158, -0.005835049459787224, -0.005825732032277199],
    "scf_converged": [true, true, true, true, true, true, true, true, true, true, true, true, true, true, true, true, true, true, true, true, true],
    "cc_converged": [true, true, true, true, true, true, true, true, true, true, true, true, true, true, true, true, true, true, true, true, true],
    "scf_spin_squared": [2.022318328327124, 2.0290631495344407, 2.030578610835752, 2.0270291501672366, 2.022851055785729, 2.0197444318502935, 2.0175638176092807, 2.0159518686098137, 2.0146882806754585, 2.013656115400866, 2.0127901728524247, 2.012051195182705, 2.0114145069307554, 2.0108636851774984, 2.0103869865690625, 2.0099750778764243, 2.0096463510448404, 2.0096330550550894, 2.0096198381871524, 2.0096066999786366, 2.0095936399683936],
    "cc_spin_squared": [2.0018407344102713, 2.00229785884841, 2.002432242444427, 2.0021470269437796, 2.0016668998378284, 2.0012360924302794, 2.0009371527410433, 2.000747223476842, 2.000624394359371, 2.0005391041087104, 2.0004753675128035, 2.0004249848136784, 2.0003837890388163, 2.000349469734474, 2.00032057408725, 2.0002960577996327, 2.0002766864914547, 2.000275904887539, 2.00027512800686, 2.0002743558121248, 2.000273588266021]
}