{
    "schema_name": "pyscf_apdft_output",
    "provenance": {
        "creator": "PySCF",
        "version": "1.7.6"
    },
    "molecule": {
        "geometry": [[0.0, 0.0, 0.0]],
        "symbols": [ "P" ]
    },
    "molecular_charge": -1,
    "molecular_multiplicity": 3,
    "name": "p.chrg-1.mult3-pyscf-uccsdt.augccpvqz",
    "atomic_numbers": [ 15 ],
    "n_electrons": 16,
    "model": {
        "method": "UCCSD(T)",
        "basis": "aug-cc-pVQZ",
        "scf_conv_tol": 1e-09,
        "scf_conv_tol_grad": 1e-06,
        "cc_conv_tol": 1e-05,
        "cc_conv_tol_normt": 1e-07
    },
    "broken_symmetry": false,
    "finite_diff_delta": 0.01,
    "finite_diff_acc": 2,
    "apdft_lambdas": [-1.0, -0.75, -0.5, -0.25, -0.02, -0.01, 0.0, 0.01, 0.02, 0.25, 0.5, 0.75, 1.0, 1.25, 1.5, 1.75, 2.0, 2.25, 2.5, 2.75, 3.0],
    "electronic_energies": [-287.673392298531, -300.7468361013039, -313.9841580763306, -327.37404393388937, -339.81829227187205, -340.3619284562852, -340.905773355673, -341.4498261687808, -341.99408609372637, -354.5673957755991, -368.3468185463728, -382.2329933719326, -396.2160917340857, -410.2872757513486, -424.43853164180916, -438.66257936513284, -452.952813416099, -467.3032519548092, -481.7084889014936, -496.16364980658284, -510.6643519286815],
    "apdft_energies": {
        "0": [-340.905773355673, -340.905773355673, -340.905773355673, -340.905773355673, -340.905773355673, -340.905773355673, -340.905773355673, -340.905773355673, -340.905773355673, -340.905773355673, -340.905773355673, -340.905773355673, -340.905773355673, -340.905773355673, -340.905773355673, -340.905773355673, -340.905773355673, -340.905773355673, -340.905773355673, -340.905773355673, -340.905773355673],
        "1": [-286.5108877308935, -300.10960913708834, -313.70833054328324, -327.30705194947814, -339.8178756431774, -340.3618244994252, -340.905773355673, -341.44972221192074, -341.99367106816857, -354.5044947618678, -368.1032161680627, -381.7019375742576, -395.30065898045245, -408.8993803866473, -422.4981017928422, -436.0968231990371, -449.69554460523193, -463.29426601142677, -476.89298741762167, -490.49170882381657, -504.0904302300114],
        "2": [-287.5504563313407, -300.6943664748399, -313.96822269339503, -327.37202498700606, -339.81829147061757, -340.3619284562852, -340.905773355673, -341.4498261687808, -341.99408689560875, -354.5694677993958, -368.3631083181745, -382.2866949120091, -396.34022758089964, -410.52370632484605, -424.83713114384835, -439.28050203790656, -453.85381900702066, -468.55708205119066, -483.39029117041656, -498.35344636469836, -513.446547634036],
        "3": [-287.6840510701677, -300.7507267552826, -313.9849220357484, -327.37411240480026, -339.8182925393755, -340.36192858988, -340.905773355673, -341.4498260351861, -341.99408582685084, -354.56738038160165, -368.34640897582113, -382.2303346315665, -396.2066328420726, -410.26277910057456, -424.3862489003072, -438.56451773450556, -452.78506109640455, -467.03535447923923, -481.30287337624446, -495.5750932806553, -509.83948968570667],
        "4": [-287.68143343072916, -300.74989851780396, -313.9847584332835, -327.3741021796462, -339.81829253895665, -340.3619285898538, -340.905773355673, -341.4498260351599, -341.994085826432, -354.56737015644757, -368.3462453733562, -382.2295063940879, -396.2040152026341, -410.25638837928904, -424.37299710064957, -438.53996713961516, -452.7431788653879, -466.96826724347255, -481.2006218356765, -495.4253868001097, -509.6274608911849]
    },
    "apdft_poly_coeff": [ -340.905773355673, -54.39488562477948, -1.0395686004471827, 0.1335947388270142, 0.002617639438540209 ],
    "hf_energies": [-287.44121366619584, -300.52281144907363, -313.77652221607354, -327.1692393832259, -339.61889418748547, -340.1627719154893, -340.7068566560599, -341.2511475400877, -341.7956437084187, -354.3738381211866, -368.15745039766796, -382.04687742848216, -396.03249575527013, -410.10563085683316, -424.2584018309103, -438.48363454810874, -452.77480518225894, -467.12599353580066, -481.53184010070925, -495.9875062520774, -510.4886374448332],
    "triples_corrections": [-0.012165576464380148, -0.011785853785394824, -0.010166306131331267, -0.009244791659428217, -0.008447543614580083, -0.008412238101959332, -0.00837725011125021, -0.008342594703822348, -0.008308284347294801, -0.007620778976035218, -0.007057080916303045, -0.006615200192109332, -0.00625367295072041, -0.005950397221931354, -0.005691021690735423, -0.005465060528453667, -0.005264794989295491, -0.0050847825360978045, -0.004921240856186189, -0.0047714965636899, -0.004633550177867976],
    "scf_converged": [true, true, true, true, true, true, true, true, true, true, true, true, true, true, true, true, true, true, true, true, true],
    "cc_converged": [true, true, true, true, true, true, true, true, true, true, true, true, true, true, true, true, true, true, true, true, true],
    "scf_spin_squared": [2.0770080080663877, 2.1234905565428708, 2.534704861515328, 2.190316673094273, 2.029149908164711, 2.0281183163059833, 2.027183168425779, 2.026333152993537, 2.0255585292159513, 2.017626642407194, 2.0153899005686498, 2.0143800243651118, 2.0137131205381618, 2.01318062301657, 2.0127190708002427, 2.0123043999354167, 2.011924790743434, 2.011572988995658, 2.0112439818178727, 2.010934317772935, 2.0106415797398585],
    "cc_spin_squared": [2.007518137509627, 2.008620800778434, 2.03084994442453, 2.010469462551137, 2.00332728435253, 2.003197996438599, 2.0030756417847306, 2.0029597903844487, 2.0028500460790295, 2.001409975055644, 2.0008977037958364, 2.000694762380315, 2.0005882753096853, 2.000519235203346, 2.000468776081583, 2.000429448822406, 2.000397534113936, 2.000370793561918, 2.0003478499285325, 2.0003277637110766, 2.0003098963392363]
}