{
    "schema_name": "pyscf_qa_output",
    "provenance": {
        "creator": "PySCF",
        "version": "1.7.6"
    },
    "molecule": {
        "geometry": [[0.0, 0.0, 0.0]],
        "symbols": [ "S" ]
    },
    "molecular_charge": 1,
    "molecular_multiplicity": 2,
    "name": "s.chrg1.mult2-pyscf-uccsdt.augccpvtz",
    "atomic_numbers": [ 16 ],
    "n_electrons": 15,
    "model": {
        "method": "UCCSD(T)",
        "basis": "aug-cc-pVTZ",
        "scf_conv_tol": 1e-09,
        "scf_conv_tol_grad": 1e-06,
        "cc_conv_tol": 1e-07,
        "cc_conv_tol_normt": 1e-05
    },
    "broken_symmetry": false,
    "finite_diff_delta": 0.01,
    "finite_diff_acc": 2,
    "qa_lambdas": [-3.0, -2.75, -2.5, -2.25, -2.0, -1.75, -1.5, -1.25, -1.0, -0.75, -0.5, -0.25, -0.02, -0.01, 0.0, 0.01, 0.02, 0.25, 0.5, 0.75, 1.0],
    "electronic_energies": [-233.51118310760413, -245.93974560200763, -258.6170701684082, -271.5644332101269, -284.75126818185385, -298.1643087623487, -311.78992587331004, -325.6140271394789, -339.6225248221552, -353.80180511767765, -368.1388681133115, -382.62129049619455, -396.0632719465758, -396.6501302009393, -397.2371844925438, -397.82443411274386, -398.411878354405, -411.9752082435345, -426.8246097710597, -441.77528089175473, -456.817794170657],
    "qats_energies": {
        "0": [-397.23718449254363, -397.23718449254363, -397.23718449254363, -397.23718449254363, -397.23718449254363, -397.23718449254363, -397.23718449254363, -397.23718449254363, -397.23718449254363, -397.23718449254363, -397.23718449254363, -397.23718449254363, -397.23718449254363, -397.23718449254363, -397.23718449254363, -397.23718449254363, -397.23718449254363, -397.23718449254363, -397.23718449254363, -397.23718449254363, -397.23718449254363],
        "1": [-221.09159772186217, -235.77039661941896, -250.44919551697575, -265.1279944145325, -279.8067933120893, -294.48559220964614, -309.1643911072029, -323.84319000475966, -338.5219889023165, -353.2007877998733, -367.87958669743006, -382.5583855949868, -396.0628805807391, -396.65003253664133, -397.23718449254363, -397.82433644844593, -398.4114884043482, -411.91598339010045, -426.5947822876572, -441.27358118521397, -455.9523800827708],
        "2": [-229.88138453770148, -243.15625915217282, -256.5532141390864, -270.07224949844215, -283.71336523024013, -297.4765613344803, -311.36183781116273, -325.36919466028735, -339.4986318818542, -353.7501494758632, -368.1237474423145, -382.61942578120795, -396.0632712379309, -396.6501302009393, -397.23718449254363, -397.82443411274386, -398.41187906154, -411.9770235763215, -426.83894303254164, -441.82294286120396, -456.9290230623085],
        "3": [-233.06688926170295, -245.60990891354203, -258.3966775210317, -271.41613430388026, -284.6572184817961, -298.1088692744876, -311.7600259016629, -325.5996275830305, -339.6166135382987, -353.79992298717576, -368.13849514937004, -382.6212692445899, -396.06327218178416, -396.65013031892096, -397.23718449254363, -397.8244339947622, -398.41187811768674, -411.9751801129396, -426.8241953254861, -441.7731693498914, -456.811041405864],
        "4": [-233.57658714560216, -245.96978963876234, -258.6424808986837, -271.57740589995774, -284.7578995452824, -298.1678866654618, -311.7918820194066, -325.61499029413375, -339.62290610476657, -353.80191399453474, -368.1388884347743, -382.62129382492765, -396.06327218279097, -396.6501303189839, -397.23718449254363, -397.82443399482514, -398.41187811869355, -411.97520469327736, -426.8245886108903, -441.7751603572504, -456.8173339723319]
    },
    "qats_poly_coeffs": [ -397.23718449254363, -58.715195590227154, -0.9766429795377007, 0.11798165644449908, -0.006292566467891447 ],
    "hf_energies": [-233.25559433184242, -245.68910487665687, -258.35876212597316, -271.314018456725, -284.51031104765366, -297.93357337203895, -311.5694701527733, -325.40344823741793, -339.4210973611001, -353.6085346412987, -367.9525724084506, -382.44071154912314, -395.88686792902047, -396.4738853370412, -397.0610969898883, -397.6485021883791, -398.23610023497145, -411.80250177161565, -426.6543408799383, -441.6066946685474, -456.6503243829111],
    "triples_corrections": [-0.007738533984302142, -0.008051489940322733, -0.008362303107150009, -0.008635090153711642, -0.008794850673367228, -0.008890292227535375, -0.00896860717337726, -0.009036894166583645, -0.009091633092213938, -0.009144578139964443, -0.009213876694553574, -0.009313779832834353, -0.009438812151729755, -0.009445011487851962, -0.009451273977475295, -0.009457599564624037, -0.0094639881842478, -0.009628204811501558, -0.009841789722243885, -0.010087589854693308, -0.010359321753872967],
    "scf_converged": [true, true, true, true, true, true, true, true, true, true, true, true, true, true, true, true, true, true, true, true, true],
    "cc_converged": [true, true, true, true, true, true, true, true, true, true, true, true, true, true, true, true, true, true, true, true, true],
    "scf_spin_squared": [1.810999158511187, 1.8108430098923787, 0.7676988348150005, 0.768973383375088, 0.7686189589716204, 0.767340443270812, 0.7661194694098654, 0.765057381168389, 0.7641160490377947, 0.7632810245616639, 0.7625443920120851, 0.7618945677638127, 0.7613620039724562, 0.7613401062345071, 0.7613183067588265, 0.761296604791827, 0.7612749995841384, 0.7608031217585891, 0.7603380038158019, 0.7599131671883663, 0.75951971961981],
    "cc_spin_squared": [2.3307618685022575, 2.2863413352207815, 0.7508346198398681, 0.7509412215597551, 0.7508969383157225, 0.7507537512283329, 0.7506162013940121, 0.7505178850679504, 0.7504507857106808, 0.7504026423031687, 0.7503656482712433, 0.7503356886925241, 0.7503124280222413, 0.7503114921008991, 0.7503105619102297, 0.7503096373894693, 0.7503087184788031, 0.7502890012833143, 0.7502702338615346, 0.7502536782036486, 0.7502388662330808]
}