{
    "schema_name": "pyscf_apdft_output",
    "provenance": {
        "creator": "PySCF",
        "version": "1.7.6"
    },
    "molecule": {
        "geometry": [[0.0, 0.0, 0.0]],
        "symbols": [ "Ar" ]
    },
    "molecular_charge": 1,
    "molecular_multiplicity": 2,
    "name": "ar.chrg1.mult2-pyscf-uccsdt.augccpvtz",
    "atomic_numbers": [ 18 ],
    "n_electrons": 17,
    "model": {
        "method": "UCCSD(T)",
        "basis": "aug-cc-pVTZ",
        "scf_conv_tol": 1e-09,
        "scf_conv_tol_grad": 1e-06,
        "cc_conv_tol": 1e-07,
        "cc_conv_tol_normt": 1e-05
    },
    "broken_symmetry": false,
    "finite_diff_delta": 0.01,
    "finite_diff_acc": 2,
    "apdft_lambdas": [-3.0, -2.75, -2.5, -2.25, -2.0, -1.75, -1.5, -1.25, -1.0, -0.75, -0.5, -0.25, -0.02, -0.01, 0.0, 0.01, 0.02],
    "electronic_energies": [-331.7658687337842, -346.7585048640779, -362.01892836303415, -377.5345773763581, -393.29272708190075, -409.280256534788, -425.4836502470378, -441.8893179296421, -458.48398600940163, -475.25491990025773, -492.18997248303157, -509.2775607257484, -525.1233578190322, -525.8148938553796, -526.5066400417774, -527.1985957218104, -527.8907602404463],
    "apdft_energies": {
        "0": [-526.5066400417772, -526.5066400417772, -526.5066400417772, -526.5066400417772, -526.5066400417772, -526.5066400417772, -526.5066400417772, -526.5066400417772, -526.5066400417772, -526.5066400417772, -526.5066400417772, -526.5066400417772, -526.5066400417772, -526.5066400417772, -526.5066400417772, -526.5066400417772, -526.5066400417772],
        "1": [-318.95136007715973, -336.2476334075445, -353.5439067379293, -370.8401800683141, -388.1364533986989, -405.4327267290837, -422.7290000594685, -440.0252733898533, -457.3215467202381, -474.61782005062287, -491.91409338100766, -509.21036671139245, -525.1229381753465, -525.8147891085619, -526.5066400417772, -527.1984909749926, -527.890341908208],
        "2": [-328.37857367763445, -344.16911150238786, -360.0905828493701, -376.14298771858114, -392.326326110021, -408.6405980236897, -425.08580345958717, -441.6619424177135, -458.3690148980686, -475.20702090065254, -492.1759604254653, -509.27583347250686, -525.1233571626176, -525.8148938553796, -526.5066400417772, -527.1985957218104, -527.8907608954792],
        "3": [-331.32933050051815, -346.4419456061253, -361.79819675150185, -377.3878382532352, -393.20062442791243, -409.22630959212086, -425.45464806244763, -441.87539415547997, -458.478302187805, -475.2531264760101, -492.18962133668236, -509.277541086409, -525.1233580369159, -525.8148939646669, -526.5066400417772, -527.1985956125231, -527.8907600211809],
        "4": [-331.7957861746045, -346.7712944450671, -362.023146440008, -377.5354277438641, -393.2927638203246, -409.28032001233123, -425.483801542078, -441.8894535110116, -458.4840608998308, -475.254948568487, -492.18998125618396, -509.2775635813778, -525.1233580378373, -525.8148939647245, -526.5066400417772, -527.1985956125807, -527.8907600221022]
    },
    "apdft_poly_coeff": [ -526.5066400417772, -69.18509332153917, -1.047468177830524, 0.10928728973643348, -0.005758712025757025 ],
    "hf_energies": [-331.4347350041705, -346.4345745562578, -361.7042792174801, -377.2305456743469, -392.99980928986054, -408.9982381143549, -425.2118825005399, -441.62695763098554, -458.23012168784265, -475.00862984421224, -491.95036406883355, -509.04380589181034, -524.8943378773168, -525.5860670331335, -526.2780053406593, -526.9701521513159, -527.6625068179301],
    "triples_corrections": [-0.01133490602971338, -0.011432880689975168, -0.011187507038546355, -0.010656359555058274, -0.00998064518661717, -0.009300761184158856, -0.008684134492389202, -0.008133662183270362, -0.007631596744240057, -0.007163908307286689, -0.0067239238218691, -0.006309549774612263, -0.0059507313012665064, -0.005935619065540652, -0.005920547545154383, -0.005905516734588253, -0.005890526627019042],
    "scf_converged": [true, true, true, true, true, true, true, true, true, true, true, true, true, true, true, true, true],
    "cc_converged": [true, true, true, true, true, true, true, true, true, true, true, true, true, true, true, true, true],
    "scf_spin_squared": [0.7718085854494756, 0.7702416281363726, 0.7674478771706017, 0.7651325106504148, 0.7635315252157913, 0.7624244450514421, 0.7616000750149485, 0.7609358555581958, 0.7603714472128615, 0.7598780343715941, 0.7594401949852507, 0.7590480871365628, 0.7587214228050563, 0.7587078835570988, 0.7586943965624888, 0.7586809614757088, 0.7586675779533447],
    "cc_spin_squared": [0.7513630183406925, 0.7513421960635869, 0.7511525183723782, 0.750895568039438, 0.7506617104517677, 0.7504912430104103, 0.7503809058848843, 0.7503113819624265, 0.7502655700525884, 0.7502330241283373, 0.7502080804689815, 0.7501878460524569, 0.7501720441926283, 0.7501714078606443, 0.7501707752573781, 0.7501701463421084, 0.7501695210748451]
}