{
    "schema_name": "pyscf_qa_output",
    "provenance": {
        "creator": "PySCF",
        "version": "1.7.6"
    },
    "molecule": {
        "geometry": [[0.0, 0.0, 0.0]],
        "symbols": [ "Ne" ]
    },
    "molecular_charge": 2,
    "molecular_multiplicity": 1,
    "name": "ne.chrg2.mult1-pyscf-ccsdt.augccpvqz",
    "atomic_numbers": [ 10 ],
    "n_electrons": 8,
    "model": {
        "method": "CCSD(T)",
        "basis": "aug-cc-pVQZ",
        "scf_conv_tol": 1e-09,
        "scf_conv_tol_grad": 1e-06,
        "cc_conv_tol": 1e-07,
        "cc_conv_tol_normt": 1e-05
    },
    "broken_symmetry": false,
    "finite_diff_delta": 0.01,
    "finite_diff_acc": 2,
    "qa_lambdas": [-4.0, -3.75, -3.5, -3.25, -3.0, -2.75, -2.5, -2.25, -2.0, -1.75, -1.5, -1.25, -1.0, -0.75, -0.5, -0.25, -0.02, -0.01, 0.0, 0.01, 0.02],
    "electronic_energies": [-37.39131093614095, -41.32626759317355, -45.471343479137026, -49.830399234190836, -54.4067967431588, -59.20306884749748, -64.22047806520845, -69.45894573638525, -74.9176289222843, -80.59565873188706, -86.49249578434627, -92.60791720614108, -98.94187492242018, -105.4943712872513, -112.26538906020629, -119.2548575180723, -125.87798190520684, -126.17013278612538, -126.46263260529486, -126.75548134393802, -127.04867898200341],
    "qats_energies": {
        "0": [-126.46263260555203, -126.46263260555203, -126.46263260555203, -126.46263260555203, -126.46263260555203, -126.46263260555203, -126.46263260555203, -126.46263260555203, -126.46263260555203, -126.46263260555203, -126.46263260555203, -126.46263260555203, -126.46263260555203, -126.46263260555203, -126.46263260555203, -126.46263260555203, -126.46263260555203, -126.46263260555203, -126.46263260555203, -126.46263260555203, -126.46263260555203],
        "1": [-9.392921043024685, -16.709778015682645, -24.026634988340604, -31.343491960998563, -38.66034893365652, -45.97720590631448, -53.29406287897244, -60.6109198516304, -67.92777682428836, -75.24463379694632, -82.56149076960428, -89.87834774226224, -97.1952047149202, -104.51206168757815, -111.82891866023611, -119.14577563289407, -125.8772840477394, -126.16995832664571, -126.46263260555203, -126.75530688445835, -127.04798116336467],
        "2": [-37.3064377896185, -41.243142343743614, -45.39792124745149, -49.770774500742135, -54.36170210361554, -59.17070405607171, -64.19778035811065, -69.44293100973235, -74.90615601093681, -80.58745536172404, -86.48682906209403, -92.60427711204679, -98.93979951158231, -105.49339626070059, -112.26506735940164, -119.25481280768545, -125.87798188565806, -126.17013278612538, -126.46263260555203, -126.75548134393802, -127.04867900128333],
        "3": [-37.513524200452764, -41.41377628821765, -45.536652964084595, -49.88185087881901, -54.449066683186246, -59.23799702795169, -64.24833856388074, -69.47978794173873, -74.93204181229109, -80.60479682630319, -86.49774963454037, -92.61059688776805, -98.9430352367516, -105.49476133225639, -112.2654718250478, -119.25486336589123, -125.87798191154386, -126.1701327893611, -126.46263260555203, -126.75548134070229, -127.04867897539754],
        "4": [-37.80034851290188, -41.635341242101575, -45.704784110127164, -50.00685071383883, -54.5398196882971, -59.30207470676284, -64.2921044806973, -69.5085027597621, -74.94996833181916, -80.61530502293084, -86.5034216973598, -92.61333225756908, -98.94415564422209, -105.4951158361826, -112.26554185051471, -119.2548677424829, -125.87798191172313, -126.1701327893723, -126.46263260555203, -126.75548134071349, -127.04867897557679]
    },
    "qats_poly_coeffs": [ -126.46263260555203, -29.267427890631836, -1.7445947966621134, 0.0032357251692853115, -0.0011204074705043847 ],
    "hf_energies": [-37.16203972582663, -41.08606335112489, -45.22305076414751, -49.576732291301916, -54.149853287616665, -58.94400745995485, -63.959609469459544, -69.19616182993667, -74.6527794303874, -80.32868011656332, -86.22339912674201, -92.33675585409307, -98.66872917736359, -105.21934742015708, -111.98862123717456, -118.97650777386073, -125.59833970947975, -125.89043817090528, -126.18288589203743, -126.47568285457426, -126.76882903985077],
    "triples_corrections": [-0.009728383972425201, -0.010549802928243535, -0.011239501079202652, -0.011646383079927774, -0.011729133766528097, -0.011632089379448205, -0.011565294923904942, -0.011630803273693736, -0.011812844410866004, -0.012063473155936318, -0.012348078173670934, -0.012648634840699148, -0.012956686747307503, -0.013267676045235714, -0.013578331961424462, -0.013885290906477787, -0.014161465938948412, -0.014173288972703776, -0.014185094793795764, -0.01419688324005818, -0.014208653715723494],
    "scf_converged": [true, true, true, true, true, true, true, true, true, true, true, true, true, true, true, true, true, true, true, true, true],
    "cc_converged": [true, true, true, true, true, true, true, true, true, true, true, true, true, true, true, true, true, true, true, true, true],
    "t1_diagnostic": [0.014439522389571323, 0.01082670855867425, 0.00885444652658969, 0.008569516768708076, 0.008481161469415903, 0.007725652325199557, 0.006517571125846585, 0.005368743658455944, 0.0045275672467125355, 0.003970356553897206, 0.0035945788725676568, 0.0033198470414058765, 0.0031006244598072137, 0.002914257304394028, 0.0027501011742397134, 0.0026031196214855445, 0.0024808276855694473, 0.002475772126673731, 0.00247073759313125, 0.002465724000672209, 0.0024607313038413326]
}