{
    "schema_name": "pyscf_qa_output",
    "provenance": {
        "creator": "PySCF",
        "version": "1.7.6"
    },
    "molecule": {
        "geometry": [[0.0, 0.0, 0.0]],
        "symbols": [ "F" ]
    },
    "molecular_charge": 2,
    "molecular_multiplicity": 2,
    "name": "f.chrg2.mult2-pyscf-uccsdt.augccpvqz",
    "atomic_numbers": [ 9 ],
    "n_electrons": 7,
    "model": {
        "method": "UCCSD(T)",
        "basis": "aug-cc-pVQZ",
        "scf_conv_tol": 1e-09,
        "scf_conv_tol_grad": 1e-06,
        "cc_conv_tol": 1e-07,
        "cc_conv_tol_normt": 1e-05
    },
    "broken_symmetry": false,
    "finite_diff_delta": 0.01,
    "finite_diff_acc": 2,
    "qa_lambdas": [-4.0, -3.75, -3.5, -3.25, -3.0, -2.75, -2.5, -2.25, -2.0, -1.75, -1.5, -1.25, -1.0, -0.75, -0.5, -0.25, -0.02, -0.01, 0.0, 0.01, 0.02],
    "electronic_energies": [-24.285790071513023, -27.335715648188692, -30.629830262039416, -34.06568634017455, -37.767570745426745, -41.64282261379779, -45.724330690869145, -50.01165744787157, -54.429008359404925, -59.11543431090428, -64.00494865744118, -69.09726686588756, -74.39232099488834, -79.89012295276959, -85.59069182946321, -91.49401075106852, -97.10405518912462, -97.35185906278865, -97.59998687710419, -97.84843861301219, -98.09721425096673],
    "qats_energies": {
        "0": [-97.59998687710423, -97.59998687710423, -97.59998687710423, -97.59998687710423, -97.59998687710423, -97.59998687710423, -97.59998687710423, -97.59998687710423, -97.59998687710423, -97.59998687710423, -97.59998687710423, -97.59998687710423, -97.59998687710423, -97.59998687710423, -97.59998687710423, -97.59998687710423, -97.59998687710423, -97.59998687710423, -97.59998687710423, -97.59998687710423, -97.59998687710423],
        "1": [1.7159231676045152, -4.491321210189781, -10.698565587984078, -16.905809965778374, -23.11305434357267, -29.320298721366967, -35.527543099161264, -41.73478747695556, -47.94203185474986, -54.14927623254415, -60.35652061033845, -66.56376498813275, -72.77100936592704, -78.97825374372134, -85.18549812151564, -91.39274249930993, -97.10340732688068, -97.35169710199246, -97.59998687710423, -97.848276652216, -98.09656642732777],
        "2": [-24.197804223011744, -27.267058174598603, -30.53876312142465, -34.01291906348989, -37.68952600079432, -41.56858393333793, -45.65009286112074, -49.934052784142736, -54.42046370240392, -59.1093256159043, -64.00063852464386, -69.09440242862262, -74.39061732784056, -79.88928322229769, -85.59040011199401, -91.49396799692953, -97.10405517006545, -97.35185906278865, -97.59998687710423, -97.84843861301219, -98.09721427051254],
        "3": [-24.403697452588503, -27.43670896801207, -30.67669549983252, -34.12335544663934, -37.77638720702201, -41.63548917957003, -45.70035976287288, -49.970697355520045, -54.446200356101016, -59.12656716320528, -64.01149617542232, -69.10068579134163, -74.3938344095527, -79.890640428645, -85.59080224720803, -91.49401826383128, -97.1040551958021, -97.35185906600573, -97.59998687710423, -97.84843860979511, -98.09721424477588],
        "4": [-23.884679142776747, -27.03577967824431, -30.372456495472647, -33.89716401068759, -37.61216656993314, -41.51953844907146, -45.621163853782946, -49.91873691956614, -54.413761711737784, -59.107552225432784, -64.00123238560427, -69.09573604702351, -74.39180699427999, -79.88999894178137, -85.59067553375348, -91.49401034424037, -97.10405519547771, -97.35185906598545, -97.59998687710423, -97.84843860977483, -98.0972142444515]
    },
    "qats_poly_coeffs": [ -97.59998687710423, -24.828977511177186, -1.6196079619135162, 0.0032170817121368596, 0.0020274152727021524 ],
    "hf_energies": [-24.13985271402017, -27.16880068174647, -30.467375763644167, -33.883907451813336, -37.59423189731098, -41.46514957157899, -45.54213272753204, -49.82448707751294, -54.23225874650252, -58.91611892724044, -63.80305827420375, -68.8928198636236, -74.18536445248182, -79.68073957143386, -85.3789998352773, -91.28015780100374, -96.88836098316558, -97.13608813860088, -97.38413951606073, -97.63251509673425, -97.88121486129617],
    "triples_corrections": [-0.0075817013360305495, -0.00635199726946061, -0.008744329476975456, -0.007188486073188282, -0.010998929070505849, -0.012599434382842289, -0.014543574481971945, -0.016757312880920618, -0.008905093340852861, -0.009528150094699265, -0.010203921291976057, -0.010915761768304716, -0.011650696573895928, -0.012397754561728567, -0.013149945840557183, -0.013903197747819224, -0.014595307669552146, -0.014625354060752285, -0.014655395472051207, -0.014685431740054634, -0.014715462703236027],
    "scf_converged": [true, true, true, true, true, true, true, true, true, true, true, true, true, true, true, true, true, true, true, true, true],
    "cc_converged": [true, true, true, true, true, true, true, true, true, true, true, true, true, true, true, true, true, true, true, true, true],
    "scf_spin_squared": [1.7741397035221995, 0.7595166334189187, 1.7740930731171005, 0.787112762371367, 1.7737198297674772, 1.7726238158566456, 1.7710307496690083, 1.7692155299487229, 0.7563847589170631, 0.7554764945862171, 0.7548226390908401, 0.7543086824234435, 0.7538829251090959, 0.7535203357390241, 0.7532075661048054, 0.752936224343201, 0.75271771521607, 0.7527088216380342, 0.7526999757901378, 0.7526911773448388, 0.7526824259759675],
    "cc_spin_squared": [2.4881554388869462, 0.7503299869233686, 2.442056346840635, 0.7507426402716908, 2.584845216941126, 2.6931420488641367, 2.800044551932065, 2.895026377280339, 0.7501897143441363, 0.750150027486012, 0.7501243991624715, 0.7501061818707162, 0.7500921793287412, 0.7500809088826794, 0.7500716649792956, 0.7500640402276355, 0.7500582119386474, 0.7500579811113948, 0.7500577520356455, 0.7500575246962029, 0.7500572990779553]
}