{
    "schema_name": "pyscf_apdft_output",
    "provenance": {
        "creator": "PySCF",
        "version": "1.7.6"
    },
    "molecule": {
        "geometry": [[0.0, 0.0, 0.0]],
        "symbols": [ "N" ]
    },
    "molecular_charge": -2,
    "molecular_multiplicity": 2,
    "name": "n.chrg-2.mult2-pyscf-uccsdt.augccpvqz",
    "atomic_numbers": [ 7 ],
    "n_electrons": 9,
    "model": {
        "method": "UCCSD(T)",
        "basis": "aug-cc-pVQZ",
        "scf_conv_tol": 1e-09,
        "scf_conv_tol_grad": 1e-06,
        "cc_conv_tol": 1e-05,
        "cc_conv_tol_normt": 1e-07
    },
    "broken_symmetry": false,
    "finite_diff_delta": 0.01,
    "finite_diff_acc": 2,
    "apdft_lambdas": [-0.02, -0.01, 0.0, 0.01, 0.02, 0.25, 0.5, 0.75, 1.0, 1.25, 1.5, 1.75, 2.0, 2.25, 2.5, 2.75, 3.0, 3.25, 3.5, 3.75, 4.0],
    "electronic_energies": [-53.947012104730575, -54.13502877104665, -54.323410151191226, -54.51215664997732, -54.70126856902184, -59.152321969034524, -64.21363515154488, -69.51287852053545, -75.05120307352314, -80.82453796675236, -86.82789975520716, -93.05579102654127, -99.50287846969115, -106.16367284999826, -113.03244074754875, -120.10325482527814, -127.37005887610535, -134.82671333732975, -142.4670261169816, -150.28477829293792, -158.27375061495607],
    "apdft_energies": {
        "0": [-54.323410151191176, -54.323410151191176, -54.323410151191176, -54.323410151191176, -54.323410151191176, -54.323410151191176, -54.323410151191176, -54.323410151191176, -54.323410151191176, -54.323410151191176, -54.323410151191176, -54.323410151191176, -54.323410151191176, -54.323410151191176, -54.323410151191176, -54.323410151191176, -54.323410151191176, -54.323410151191176, -54.323410151191176, -54.323410151191176, -54.323410151191176],
        "1": [-53.946282272260504, -54.13484621172584, -54.323410151191176, -54.51197409065651, -54.70053803012185, -59.03750863782457, -63.751607124457976, -68.46570561109138, -73.17980409772477, -77.89390258435817, -82.60800107099158, -87.32209955762497, -92.03619804425838, -96.75029653089177, -101.46439501752518, -106.17849350415858, -110.89259199079197, -115.60669047742539, -120.32078896405878, -125.03488745069217, -129.74898593732559],
        "2": [-53.94701250954374, -54.13502877104665, -54.323410151191176, -54.51215664997732, -54.701268267405084, -59.15160821333014, -64.20800542648024, -69.49260179064147, -75.00539730581383, -80.74639197199733, -86.71558578919196, -92.91297875739772, -99.33857087661463, -105.99236214684265, -112.8743525680818, -119.98454214033211, -127.32293086359351, -134.88951873786607, -142.68430576314978, -150.7072919394446, -158.95847726675055],
        "3": [-53.94701203859046, -54.13502871217749, -54.323410151191176, -54.51215670884648, -54.701268738358365, -59.152528043958476, -64.2153640715069, -69.51743721760644, -75.06426646602708, -80.86137080053884, -86.91426920491168, -93.2284806629156, -99.80952415832061, -106.66291867489667, -113.79418319641381, -121.20883670664199, -128.91239818935122, -136.9103866283115, -145.2083210072928, -153.8117203100651, -162.72610352039845],
        "4": [-53.94701196979285, -54.13502870787764, -54.323410151191176, -54.51215670454663, -54.701268669560754, -59.150848414837505, -64.18849000557134, -69.38138725880765, -74.63428141105807, -79.8116025999309, -84.73746986413104, -89.19569114346012, -92.92976327881638, -95.64287201219472, -96.99789198668671, -96.61738674648055, -94.0836087368611, -88.93849930420991, -80.68368869600515, -68.78049606082163, -52.64992944833089]
    },
    "apdft_poly_coeff": [ -54.323410151191176, -18.8563939465336, -1.8255932080890602, -0.0588691602132485, 0.4299850549690139 ],
    "hf_energies": [-53.64016661478777, -53.82816387834425, -54.016536616642796, -54.20528510131678, -54.394409598322746, -58.848555628724114, -63.918631049907226, -69.23514564071777, -74.7805205325477, -80.56139720510427, -86.57136661464233, -92.80542509289245, -99.2585217857057, -105.92531150888819, -112.80014921115296, -119.8771625058674, -127.15032381138788, -134.61350313067115, -142.26050689657544, -150.08511046195432, -158.08108700691952],
    "triples_corrections": [-0.021931388868606114, -0.021922326411390285, -0.021911142295785436, -0.02189780915560335, -0.021882257274894193, -0.020727678887615248, -0.016545943711294676, -0.012297827190428028, -0.009752146509099467, -0.007726943300708477, -0.006377939351962321, -0.005395847396462143, -0.004635884159969404, -0.004024390752818873, -0.003515668701215156, -0.0030804064526985184, -0.00270106261961728, -0.0023679475132816143, -0.002075759438050356, -0.001821037737684787, -0.0016006691908522315],
    "scf_converged": [true, true, true, true, true, true, true, true, true, true, true, true, true, true, true, true, true, true, true, true, true],
    "cc_converged": [true, true, true, true, true, true, true, true, true, true, true, true, true, true, true, true, true, true, true, true, true],
    "scf_spin_squared": [0.7789887805294669, 0.7793147965921827, 0.7796604961101834, 0.7800261963489565, 0.7804133704767251, 0.80151939296936, 0.9401488740616051, 0.9128261309665593, 0.7724704221122591, 0.7597078738693264, 0.7564752924814071, 0.7550744768381961, 0.7542596329228024, 0.753704862556063, 0.7532919755658258, 0.7529661787460604, 0.7526979146930337, 0.7524698609954816, 0.7522714306572023, 0.7520959821541635, 0.7519391530640203],
    "cc_spin_squared": [0.800183453065721, 0.799567068374099, 0.798919187831765, 0.7982424829459478, 0.7975375890679239, 0.7755657353914049, 0.7610833430576704, 0.7604607229633547, 0.7519175239579985, 0.75058710945263, 0.7502597799258286, 0.7501501861559681, 0.7501007786816882, 0.7500732610724032, 0.7500559451846898, 0.7500441782203926, 0.7500357502278416, 0.7500294292503837, 0.7500245093368645, 0.7500205753041738, 0.7500173589982637]
}