{
    "schema_name": "pyscf_apdft_output",
    "provenance": {
        "creator": "PySCF",
        "version": "1.7.6"
    },
    "molecule": {
        "geometry": [[0.0, 0.0, 0.0]],
        "symbols": [ "Al" ]
    },
    "molecular_charge": 0,
    "molecular_multiplicity": 4,
    "name": "al.chrg0.mult4-pyscf-uccsdt.augccpvqz",
    "atomic_numbers": [ 13 ],
    "n_electrons": 13,
    "model": {
        "method": "UCCSD(T)",
        "basis": "aug-cc-pVQZ",
        "scf_conv_tol": 1e-09,
        "scf_conv_tol_grad": 1e-06,
        "cc_conv_tol": 1e-07,
        "cc_conv_tol_normt": 1e-05
    },
    "broken_symmetry": false,
    "finite_diff_delta": 0.01,
    "finite_diff_acc": 2,
    "apdft_lambdas": [-2.0, -1.75, -1.5, -1.25, -1.0, -0.75, -0.5, -0.25, -0.02, -0.01, 0.0, 0.01, 0.02, 0.25, 0.5, 0.75, 1.0, 1.25, 1.5, 1.75, 2.0],
    "electronic_energies": [-157.77258189442776, -167.62751709527637, -177.69772341312418, -187.96984671416257, -198.4304621506421, -209.06495632272998, -219.85576853660965, -230.78480352341282, -240.94713856234281, -241.3911208916722, -241.83527364114275, -242.27959586750606, -242.7240866311225, -252.9917840518152, -264.24034893222864, -275.5684345748256, -286.96492586016393, -298.4200578328175, -309.92535982150656, -321.4736016735048, -333.0587138099838],
    "apdft_energies": {
        "0": [-241.8352736411427, -241.8352736411427, -241.8352736411427, -241.8352736411427, -241.8352736411427, -241.8352736411427, -241.8352736411427, -241.8352736411427, -241.8352736411427, -241.8352736411427, -241.8352736411427, -241.8352736411427, -241.8352736411427, -241.8352736411427, -241.8352736411427, -241.8352736411427, -241.8352736411427, -241.8352736411427, -241.8352736411427, -241.8352736411427, -241.8352736411427],
        "1": [-152.9877760577554, -164.09371325567884, -175.19965045360223, -186.30558765152563, -197.41152484944905, -208.51746204737248, -219.62339924529587, -230.72933644321927, -240.94679866530882, -241.39103615322574, -241.8352736411427, -242.27951112905964, -242.72374861697656, -252.94121083906612, -264.0471480369895, -275.1530852349129, -286.25902243283633, -297.36495963075976, -308.4708968286832, -319.57683402660655, -330.68277122453],
        "2": [-156.37731391504332, -166.68882817766487, -177.10626549832668, -187.62962587702873, -198.25890931377103, -208.99411580855357, -219.83524536137637, -230.7822979722394, -240.94713761909455, -241.3911208916722, -241.8352736411427, -242.27959586750606, -242.7240875707623, -252.99417236808623, -264.25899415307003, -275.62973899609403, -287.1064068971583, -298.68899785626286, -310.37751187340757, -322.1719489485926, -334.0723090818179],
        "3": [-157.63257261972694, -167.52975344271658, -177.63582776436508, -187.93608552172688, -198.4158166518565, -209.0603110918084, -219.85485877863704, -230.78474964939699, -240.94713887435324, -241.39112104857952, -241.8352736411427, -242.27959571059873, -242.7240863155036, -252.99172069092864, -264.23938073580933, -275.56354371283925, -286.9494995590729, -298.3825382115647, -309.8479496073692, -321.3310236835409, -332.81705037713425],
        "4": [-157.87314533702965, -167.6707727528347, -177.71194647569914, -187.97279400520202, -198.4308524466879, -209.06506851126676, -219.855798515814, -230.78480838297054, -240.94713887675897, -241.39112104872987, -241.8352736411427, -242.27959571074908, -242.72408631790933, -252.9917794245022, -264.2403204729863, -275.5683011322976, -286.9645353539043, -298.4192466950398, -309.92406831870323, -321.472042993659, -333.05762309443696]
    },
    "apdft_poly_coeff": [ -241.8352736411427, -44.42374879169364, -0.8473844643219763, 0.15690733808545093, -0.01503579483141948 ],
    "hf_energies": [-157.59213149878278, -167.46893110886495, -177.56148114493058, -187.8556106903789, -198.33711199995034, -208.98948527260205, -219.79442823494986, -230.73419825230917, -240.903908784339, -241.3481653484613, -241.79258880281716, -242.2371782443908, -242.68193277362798, -252.9548339373075, -264.20752611127216, -275.5385930325702, -286.93725512189746, -298.39398366675226, -309.90047519255995, -321.44961931869375, -333.0354313619878],
    "triples_corrections": [-0.0050322386022347825, -0.005000770613433414, -0.004608582746676829, -0.0038892460923009783, -0.002942161427131877, -0.002065057474676597, -0.0014050891347342448, -0.0009459283967837407, -0.0006635358714064309, -0.0006537105794532075, -0.0006440649641046074, -0.0006345961613409064, -0.0006253013278341247, -0.0004533597430544089, -0.0003345889820956475, -0.00025970771891186187, -0.00021094621723349584, -0.0001778371275527464, -0.00015436651793924533, -0.00013703466863672464, -0.00012373991202179884],
    "scf_converged": [true, true, true, true, true, true, true, true, true, true, true, true, true, true, true, true, true, true, true, true, true],
    "cc_converged": [true, true, true, true, true, true, true, true, true, true, true, true, true, true, true, true, true, true, true, true, true],
    "scf_spin_squared": [3.750023519582781, 3.7500376646602076, 3.7500435205109337, 3.75004229447123, 3.750039885680879, 3.750037551717739, 3.7500344679475957, 3.7500307412564204, 3.750027307092534, 3.750027165360194, 3.7500270245327556, 3.750026884639029, 3.750026745707353, 3.7500238724668966, 3.7500216145671867, 3.7500203309752207, 3.750019877722835, 3.7500199861079064, 3.7500203837544595, 3.750020870379542, 3.75002133269002],
    "cc_spin_squared": [3.750003485510956, 3.750004592472384, 3.7500047998696124, 3.750004794875504, 3.7500043881702276, 3.750003691450575, 3.750003008447589, 3.7500023687270763, 3.7500018530406773, 3.7500018327012383, 3.7500018125475205, 3.75000179258022, 3.7500017728002324, 3.7500013699459296, 3.7500010396026062, 3.750000802788226, 3.750000637041968, 3.750000521978158, 3.7500004410626007, 3.750000382251731, 3.750000337613528]
}