{
    "schema_name": "pyscf_qa_output",
    "provenance": {
        "creator": "PySCF",
        "version": "1.7.6"
    },
    "molecule": {
        "geometry": [[0.0, 0.0, 0.0]],
        "symbols": [ "Li" ]
    },
    "molecular_charge": 1,
    "molecular_multiplicity": 3,
    "name": "li.chrg1.mult3-pyscf-uccsd.augccpvtz",
    "atomic_numbers": [ 3 ],
    "n_electrons": 2,
    "model": {
        "method": "UCCSD",
        "basis": "aug-cc-pVTZ",
        "scf_conv_tol": 1e-09,
        "scf_conv_tol_grad": 1e-06,
        "cc_conv_tol": 1e-07,
        "cc_conv_tol_normt": 1e-05
    },
    "broken_symmetry": false,
    "finite_diff_delta": 0.01,
    "finite_diff_acc": 2,
    "qa_lambdas": [-2.0, -1.75, -1.5, -1.25, -1.0, -0.75, -0.5, -0.25, -0.02, -0.01, 0.0, 0.01, 0.02, 0.25, 0.5, 0.75, 1.0],
    "electronic_energies": [-0.46854336981182504, -0.775516195847706, -1.1538012498287176, -1.6341892349529201, -2.169346799131896, -2.7822346773745363, -3.4742431698798577, -4.2433890387229205, -5.015458855556131, -5.050359101369876, -5.085367179743986, -5.120482710154531, -5.155705313186713, -5.9945374752317475, -6.965608162919924, -7.994777312364256, -9.078657759119219],
    "qats_energies": {
        "0": [-5.085367179743998, -5.085367179743998, -5.085367179743998, -5.085367179743998, -5.085367179743998, -5.085367179743998, -5.085367179743998, -5.085367179743998, -5.085367179743998, -5.085367179743998, -5.085367179743998, -5.085367179743998, -5.085367179743998, -5.085367179743998, -5.085367179743998, -5.085367179743998, -5.085367179743998],
        "1": [1.926993698721442, 1.0504485889132615, 0.17390347910508197, -0.7026416307030976, -1.579186740511278, -2.455731850319458, -3.332276960127638, -4.2088220699358185, -5.015243570959344, -5.050305375351671, -5.085367179743998, -5.120428984136325, -5.1554907885286525, -5.961912289552178, -6.838457399360358, -7.715002509168539, -8.591547618976719],
        "2": [-0.22204702949509159, -0.5949107186275215, -1.0349319305167182, -1.5421106651626815, -2.1164469225654114, -2.757940702724908, -3.4665920056411714, -4.242400831314201, -5.015458475032165, -5.050359101369876, -5.085367179743998, -5.120482710154531, -5.155705692601474, -5.9954910509305614, -6.9727724448738915, -8.017211361573988, -9.128807801030852],
        "3": [-0.7286728469412216, -0.9343104361744414, -1.2486646972518045, -1.6657986088751153, -2.179775149746178, -2.7846572985667937, -3.4745080340387675, -4.243390334863901, -5.015458981657983, -5.050359164698103, -5.085367179743998, -5.120482646826304, -5.155705185975656, -5.994501547380862, -6.964856416476295, -7.990494765732103, -9.065479573850086],
        "4": [-0.8026197992064059, -0.9776567819724651, -1.2720619751169604, -1.6770820183394077, -2.1843968342627518, -2.786119628433366, -3.474796889321053, -4.243408388319044, -5.015458982397452, -5.050359164744321, -5.085367179743998, -5.12048264687252, -5.155705186715126, -5.994519600836005, -6.965145271758582, -7.991957095598675, -9.070101258366659]
    },
    "qats_poly_coeffs": [ -5.085367179743998, -3.50618043923272, -0.5372601820541334, 0.06332822718076632, -0.004621684516574002 ],
    "hf_energies": [-0.4682782795738379, -0.7752181410793421, -1.1532746914537992, -1.6337666459319193, -2.169003910122743, -2.781991375023157, -3.474088146006993, -4.243297170755748, -5.015404496485952, -5.050306008211939, -5.08531532592563, -5.120432069552176, -5.155655860122671, -5.994509214181028, -6.965593164079004, -7.994769523244948, -9.078653774821003],
    "scf_converged": [true, true, true, true, true, true, true, true, true, true, true, true, true, true, true, true, true],
    "cc_converged": [true, true, true, true, true, true, true, true, true, true, true, true, true, true, true, true, true],
    "scf_spin_squared": [2.0, 2.0, 2.0, 2.0, 2.0, 2.0, 2.0, 2.0, 2.0, 2.0, 2.0, 2.0, 2.0, 2.0, 2.0, 2.0, 2.0],
    "cc_spin_squared": [1.9999999999999993, 2.0, 2.0000000000000018, 2.000000000000001, 2.0000000000000036, 1.999999999999997, 2.0000000000000018, 2.000000000000001, 2.0000000000000027, 2.0000000000000018, 1.9999999999999996, 2.0000000000000018, 2.000000000000001, 2.000000000000003, 1.9999999999999991, 2.0000000000000027, 2.000000000000002]
}