{
    "schema_name": "pyscf_qa_output",
    "provenance": {
        "creator": "PySCF",
        "version": "1.7.6"
    },
    "molecule": {
        "geometry": [[0.0, 0.0, 0.0]],
        "symbols": [ "N" ]
    },
    "molecular_charge": -1,
    "molecular_multiplicity": 3,
    "name": "n.chrg-1.mult3-pyscf-uccsdt.augccpvtz",
    "atomic_numbers": [ 7 ],
    "n_electrons": 8,
    "model": {
        "method": "UCCSD(T)",
        "basis": "aug-cc-pVTZ",
        "scf_conv_tol": 1e-09,
        "scf_conv_tol_grad": 1e-06,
        "cc_conv_tol": 1e-05,
        "cc_conv_tol_normt": 1e-07
    },
    "broken_symmetry": false,
    "finite_diff_delta": 0.01,
    "finite_diff_acc": 2,
    "qa_lambdas": [-1.0, -0.75, -0.5, -0.25, -0.02, -0.01, 0.0, 0.01, 0.02, 0.25, 0.5, 0.75, 1.0, 1.25, 1.5, 1.75, 2.0, 2.25, 2.5, 2.75, 3.0],
    "electronic_energies": [-37.39198243117177, -41.373281270508436, -45.55867482624373, -49.94180699892833, -54.143748087546584, -54.33005263832059, -54.51665369996245, -54.703550666053495, -54.890742350329184, -59.275739743018676, -64.20849761107854, -69.30370149400716, -74.55088671835549, -79.94084053528887, -85.46519201669479, -91.11606377832385, -96.8858727759131, -102.76721099464154, -108.75275535070523, -114.83519272839638, -121.0071696225339],
    "qats_energies": {
        "0": [-54.516653699962454, -54.516653699962454, -54.516653699962454, -54.516653699962454, -54.516653699962454, -54.516653699962454, -54.516653699962454, -54.516653699962454, -54.516653699962454, -54.516653699962454, -54.516653699962454, -54.516653699962454, -54.516653699962454, -54.516653699962454, -54.516653699962454, -54.516653699962454, -54.516653699962454, -54.516653699962454, -54.516653699962454, -54.516653699962454, -54.516653699962454],
        "1": [-35.841752313317095, -40.510477659978434, -45.179203006639774, -49.847928353301114, -54.14315567222955, -54.329904686096, -54.516653699962454, -54.70340271382891, -54.89015172769536, -59.185379046623794, -63.854104393285134, -68.52282973994647, -73.19155508660782, -77.86028043326915, -82.52900577993049, -87.19773112659183, -91.86645647325318, -96.53518181991451, -101.20390716657585, -105.87263251323719, -110.54135785989854],
        "2": [-37.321274559190094, -41.342708923282, -45.549083568108024, -49.94039849366818, -54.143747481127896, -54.33005263832059, -54.516653699962454, -54.703550666053495, -54.89074353659371, -59.277849186990856, -64.22398495475338, -69.35506100325003, -74.67107733248082, -80.17203394244572, -85.85793083314474, -91.72876800457789, -97.78454545674518, -104.02526318964658, -110.45092120328209, -117.06151949765174, -123.85705807275554],
        "3": [-37.47066482705, -41.405732942535394, -45.567757351590515, -49.94273271660349, -54.14374867625004, -54.330052787710855, -54.516653699962454, -54.70355051666323, -54.890742341471565, -59.275514964055546, -64.20531117127089, -69.29203698399664, -74.5216870646209, -79.88025607553183, -85.35373867911755, -90.92812953776618, -96.5894233138659, -102.32361466980478, -108.11669826797103, -113.9546687707527, -119.82352084053798],
        "4": [-35.05464040948436, -40.64128771666502, -45.41675582549266, -49.93329512122237, -54.14374828968613, -54.33005276355061, -54.516653699962454, -54.703550492502984, -54.89074195490766, -59.26607736867443, -64.05430964517305, -68.52759175812625, -72.10566264705525, -73.98175896233445, -73.12261506519147, -68.26846302770714, -57.93303263281555, -40.40355137430397, -13.740744456812948, 24.221165204163846, 75.87445698227941]
    },
    "qats_poly_coeffs": [ -54.516653699962454, -18.67490138664536, -1.4795222458729995, 0.14939026785990941, 2.4160244175656467 ],
    "hf_energies": [-37.21252732143518, -41.19787436484353, -45.38522764714034, -49.76543383111493, -53.96188379194741, -54.14804628553698, -54.33452649703071, -54.52132469663107, -54.70844068602345, -59.09582149840306, -64.03310446629884, -69.13278330076183, -74.38465119175824, -79.7797495646416, -85.30982796742316, -90.96704130931326, -96.74377239551481, -102.6325154865774, -108.62579058584058, -114.71608469161998, -120.8958285615831],
    "triples_corrections": [-0.009765339426263054, -0.009174572963999008, -0.008315987158629247, -0.007344171358795162, -0.00651418911237242, -0.006491102534709206, -0.006469017910226634, -0.006447565374337027, -0.0064262028794533615, -0.005567059213377267, -0.004574129836927161, -0.0038217327198199146, -0.0032176992064062307, -0.002712978825695189, -0.0022921572527342705, -0.0019464756962416748, -0.001664164685708231, -0.001430820418834506, -0.0012328046786145084, -0.0010599945687377761, -0.0009066722834916083],
    "scf_converged": [true, true, true, true, true, true, true, true, true, true, true, true, true, true, true, true, true, true, true, true, true],
    "cc_converged": [true, true, true, true, true, true, true, true, true, true, true, true, true, true, true, true, true, true, true, true, true],
    "scf_spin_squared": [2.5412625395519646, 2.622121173720036, 2.6423090202085278, 2.571677900488945, 2.297263919109775, 2.2777267841707425, 2.258092438142557, 2.238632935844607, 2.219633078760936, 2.040543363046682, 2.0182325596308295, 2.0126022285595746, 2.010206131412355, 2.0087708557455097, 2.007710860969393, 2.006839647633583, 2.006085923874141, 2.005416191599938, 2.0048118371413945, 2.004262123864412, 2.003761464917051],
    "cc_spin_squared": [2.0208921872999532, 2.0310651483553857, 2.0335653835415277, 2.0223842399698557, 2.00936990149909, 2.008928600486578, 2.0085017449054607, 2.008089646422728, 2.007692736526389, 2.002460041133377, 2.0008768706682796, 2.000413688672052, 2.0002487038018817, 2.0001727105207303, 2.0001284966473216, 2.000098405642223, 2.0000762619556927, 2.0000593619457243, 2.000046303270096, 2.000036179148837, 2.0000283513933317]
}