{
    "schema_name": "pyscf_apdft_output",
    "provenance": {
        "creator": "PySCF",
        "version": "1.7.6"
    },
    "molecule": {
        "geometry": [[0.0, 0.0, 0.0]],
        "symbols": [ "Na" ]
    },
    "molecular_charge": 0,
    "molecular_multiplicity": 4,
    "name": "na.chrg0.mult4-pyscf-uccsdt.augccpvqz",
    "atomic_numbers": [ 11 ],
    "n_electrons": 11,
    "model": {
        "method": "UCCSD(T)",
        "basis": "aug-cc-pVQZ",
        "scf_conv_tol": 1e-09,
        "scf_conv_tol_grad": 1e-06,
        "cc_conv_tol": 1e-07,
        "cc_conv_tol_normt": 1e-05
    },
    "broken_symmetry": false,
    "finite_diff_delta": 0.01,
    "finite_diff_acc": 2,
    "apdft_lambdas": [-2.0, -1.75, -1.5, -1.25, -1.0, -0.75, -0.5, -0.25, -0.02, -0.01, 0.0, 0.01, 0.02, 0.25, 0.5, 0.75, 1.0, 1.25, 1.5, 1.75, 2.0],
    "electronic_energies": [-95.40949701555286, -102.9849222710097, -110.77711231540384, -118.76102936219144, -126.90699774994862, -135.2004691499364, -143.60024954979758, -152.0882188186199, -159.95877963072277, -160.30212083020373, -160.64554993423064, -160.98906612081518, -161.33266849898664, -169.24763382182948, -177.90270752729506, -186.60507136496906, -195.31458917849648, -204.06112660595676, -212.82992006295203, -221.61823087878597, -230.4236788153052],
    "apdft_energies": {
        "0": [-160.64554993423067, -160.64554993423067, -160.64554993423067, -160.64554993423067, -160.64554993423067, -160.64554993423067, -160.64554993423067, -160.64554993423067, -160.64554993423067, -160.64554993423067, -160.64554993423067, -160.64554993423067, -160.64554993423067, -160.64554993423067, -160.64554993423067, -160.64554993423067, -160.64554993423067, -160.64554993423067, -160.64554993423067, -160.64554993423067, -160.64554993423067],
        "1": [-91.95102087308592, -100.53783700572902, -109.12465313837211, -117.7114692710152, -126.2982854036583, -134.8851015363014, -143.47191766894449, -152.05873380158758, -159.95860464361922, -160.30207728892495, -160.64554993423067, -160.9890225795364, -161.33249522484212, -169.23236606687377, -177.81918219951686, -186.40599833215995, -194.99281446480305, -203.57963059744614, -212.16644673008923, -220.75326286273233, -229.34007899537542],
        "2": [-93.6926720244916, -101.87128866852399, -110.1043319110378, -118.39180175203305, -126.73369819150972, -135.13002122946781, -143.58077086590734, -152.0859471008283, -159.95877880873437, -160.30212083020373, -160.64554993423067, -160.98906612081518, -161.33266938995726, -169.25957936611448, -177.92803539647971, -186.65091802532638, -195.42822725265447, -204.25996307846398, -213.14612550275493, -222.0867145255273, -231.0817301467811],
        "3": [-94.83464471334779, -102.63632115344132, -110.586101639149, -118.67060367802333, -126.87644477761674, -135.19024244548172, -143.59861418917072, -152.08817751623621, -159.95877995070705, -160.30212097295032, -160.64554993423067, -160.9890659780686, -161.33266824798457, -169.25734895070656, -177.91019207321634, -186.59069680931248, -195.28548066654744, -203.9811611524737, -212.66435577464372, -221.32168204060997, -229.9397574579249],
        "4": [-90.2358264390068, -99.94057831245189, -109.1310067945333, -117.96887969817394, -126.58901863547044, -135.09929901769323, -143.58065005528658, -152.08705475786846, -159.95877990471888, -160.30212097007606, -160.64554993423067, -160.98906597519434, -161.3326682019964, -169.2562261923388, -177.8922279393322, -186.499753381524, -194.99805452440114, -203.2794371726243, -211.20926093002802, -218.62593919962055, -225.34093918358394]
    },
    "apdft_poly_coeff": [ -160.64554993423067, -34.347264530572374, -0.4354127878514191, 0.14274658610702315, 0.2874261421463113 ],
    "hf_energies": [-95.27148859910812, -102.88363813114186, -110.70569417841804, -118.71228000521995, -126.87509555341097, -135.17624041599956, -143.58102529880276, -152.07172105338412, -159.94371952100468, -160.2871083473238, -160.63058411531554, -160.97414603522793, -161.31779332595642, -169.23489895894647, -177.89065619312095, -186.5918917330014, -195.3034070986051, -204.05026875982696, -212.81935935127518, -221.60795319898415, -230.4136737505375],
    "triples_corrections": [-0.01133616918286106, -0.008471326352045271, -0.005132402849785892, -0.002483413466610127, -0.0010230926258760408, -0.0007077048542570439, -0.0007028874363456405, -0.0008321716799341768, -0.00097636481817488, -0.0009825675949591236, -0.0009887407197304429, -0.0009948750992443563, -0.0010009159854089994, -0.0005883408346623667, -0.0006733537837573802, -0.0014223558562330538, -0.0008158270633220804, -0.0008760561197047166, -0.0009276422855535348, -0.0009689925244436048, -0.000998306311519135],
    "scf_converged": [true, true, true, true, true, true, true, true, true, true, true, true, true, true, true, true, true, true, true, true, true],
    "cc_converged": [true, true, true, true, true, true, true, true, true, true, true, true, true, true, true, true, true, true, true, true, true],
    "scf_spin_squared": [3.7684643657928207, 3.7579449651040595, 3.7536397395240826, 3.7516751696497446, 3.7509992058373607, 3.75070250713449, 3.7504740493756614, 3.7503286922000845, 3.7502389074716485, 3.7502357010116807, 3.750232544667117, 3.750229437612081, 3.7502263790378714, 3.7501519588851937, 3.7501104251581836, 3.7500945686074694, 3.75006376530354, 3.7500510010281616, 3.750042222362695, 3.750036049163257, 3.7500315601974825],
    "cc_spin_squared": [3.75060140197345, 3.750296921609536, 3.7501315991460045, 3.750050666937101, 3.750022676616081, 3.750045006472725, 3.7500542355034643, 3.750055180052817, 3.7500508929671357, 3.7500506477933238, 3.7500503644842116, 3.7500501134057926, 3.7500498580864177, 3.7500255068782464, 3.750023203540609, 3.750032097969675, 3.7500182478121458, 3.750016254541882, 3.750014590276688, 3.750013218345957, 3.7500120732133913]
}