{
    "schema_name": "pyscf_qa_output",
    "provenance": {
        "creator": "PySCF",
        "version": "1.7.6"
    },
    "molecule": {
        "geometry": [[0.0, 0.0, 0.0]],
        "symbols": [ "Cl" ]
    },
    "molecular_charge": 1,
    "molecular_multiplicity": 3,
    "name": "cl.chrg1.mult3-pyscf-uccsdt.augccpv5z",
    "atomic_numbers": [ 17 ],
    "n_electrons": 16,
    "model": {
        "method": "UCCSD(T)",
        "basis": "aug-cc-pV5Z",
        "scf_conv_tol": 1e-09,
        "scf_conv_tol_grad": 1e-06,
        "cc_conv_tol": 1e-07,
        "cc_conv_tol_normt": 1e-05
    },
    "broken_symmetry": false,
    "finite_diff_delta": 0.01,
    "finite_diff_acc": 2,
    "qa_lambdas": [-3.0, -2.75, -2.5, -2.25, -2.0, -1.75, -1.5, -1.25, -1.0, -0.75, -0.5, -0.25, -0.02, -0.01, 0.0, 0.01, 0.02, 0.25, 0.5, 0.75, 1.0],
    "electronic_energies": [-283.3468051144458, -296.6603191606662, -310.2491227170422, -324.10496198981855, -338.21937984069734, -352.5833691665577, -367.1875863633008, -382.02299341476544, -397.0811655150574, -412.35430135114433, -427.83516526995584, -443.51705320406137, -458.1166109386558, -458.7550453823394, -459.3937827872153, -460.0328228064899, -460.6721650945951, -475.4596884516508, -491.70960971799053, -508.1388698572992, -524.7432474553855],
    "qats_energies": {
        "0": [-459.3937827872, -459.3937827872, -459.3937827872, -459.3937827872, -459.3937827872, -459.3937827872, -459.3937827872, -459.3937827872, -459.3937827872, -459.3937827872, -459.3937827872, -459.3937827872, -459.3937827872, -459.3937827872, -459.3937827872, -459.3937827872, -459.3937827872, -459.3937827872, -459.3937827872, -459.3937827872, -459.3937827872],
        "1": [-267.7271691646271, -283.6993869665082, -299.6716047683893, -315.64382257027034, -331.6160403721514, -347.5882581740325, -363.56047597591356, -379.53269377779463, -395.5049115796757, -411.4771293815568, -427.44934718343785, -443.4215649853189, -458.1160053630495, -458.75489407512475, -459.3937827872, -460.03267149927524, -460.6715602113505, -475.36600058908107, -491.33821839096214, -507.3104361928432, -523.2826539947243],
        "2": [-281.3448184832029, -295.14199507447813, -309.1283056840669, -323.3037503119692, -337.6683289581851, -352.2220416227145, -366.9648883055575, -381.89686900671404, -397.0179837261841, -412.32823246396777, -427.82761522006496, -443.5161319944757, -458.1166105919081, -458.7550453823394, -459.3937827872, -460.0328228064899, -460.6721654402091, -475.46056759823784, -491.71648642758925, -508.1615392752542, -524.7957261412328],
        "3": [-282.9026323291234, -296.3419084013995, -310.029818326382, -323.9609530282169, -338.1299034310504, -352.5312604590286, -367.15961503629757, -382.0095580870034, -397.0756805352923, -412.3525733053103, -427.8348273212035, -443.517033507118, -458.1166110534826, -458.7550454400362, -459.3937827872, -460.0328227487931, -460.6721649786346, -475.45966608559553, -491.7092743264507, -508.1371984339117, -524.7380293321246],
        "4": [-283.28521269650963, -296.6120356756521, -310.2143188893576, -324.0820038475852, -338.20547486164526, -352.57555904419905, -367.1835263092592, -382.0210893721894, -397.0804037497045, -412.35406775987036, -427.83512252210426, -443.5170519571743, -458.1166110542383, -458.75504544008345, -459.3937827872, -460.0328227488403, -460.67216497939035, -475.45968453565183, -491.7095695273515, -508.1386928884718, -524.7427525465367]
    },
    "qats_poly_coeffs": [ -459.3937827872, -63.88887120752429, -1.5130721465084207, 0.05769680910816532, -0.004723214412175973 ],
    "hf_energies": [-282.9584834507071, -296.27440744032117, -309.86606726758316, -323.72610282068047, -337.845775196169, -352.21522519430005, -366.8248177855866, -381.66541946093025, -396.72854004675094, -412.00631631223786, -427.49146011221325, -443.1772295838978, -457.77998755982384, -458.4185529549878, -459.05742062743616, -459.69659023043204, -460.3360614185734, -475.1263616058993, -491.3789003807979, -507.81038122805364, -524.4166139734133],
    "triples_corrections": [-0.011558487354884805, -0.011468359402159052, -0.011119311297548302, -0.01062318640403627, -0.010019284562830565, -0.009472014374512658, -0.009021584573530486, -0.008644636011481646, -0.008316886592106658, -0.00802417380125718, -0.0077589230562964085, -0.00751670976182418, -0.007311646780443765, -0.007303087439390299, -0.007294556677873788, -0.007286054368749933, -0.007277580384461126, -0.007090217579921251, -0.0069018517957645745, -0.006727846575072249, -0.006566735374148672],
    "scf_converged": [true, true, true, true, true, true, true, true, true, true, true, true, true, true, true, true, true, true, true, true, true],
    "cc_converged": [true, true, true, true, true, true, true, true, true, true, true, true, true, true, true, true, true, true, true, true, true],
    "scf_spin_squared": [2.2163721239499203, 2.245041930153681, 2.1448520634549135, 2.0432932423708268, 2.0229696276791254, 2.017882680066318, 2.015816848879733, 2.014609960344278, 2.0137294199718596, 2.0130115939954383, 2.0123984183990817, 2.011866865012742, 2.0114405257000696, 2.0114232584770937, 2.0114060936424654, 2.011389030802855, 2.011372069565449, 2.011009112211286, 2.0106698563762553, 2.010382330509497, 2.0101405615961623],
    "cc_spin_squared": [2.007903258778048, 2.00991463425029, 2.0076813479273126, 2.0041429445265337, 2.00221794931292, 2.0013107278244, 2.000901064475024, 2.0007013112015675, 2.0005879122871346, 2.000512856802963, 2.0004576517960944, 2.0004143891018615, 2.000381850848525, 2.0003805637582723, 2.0003792863132133, 2.000378018407777, 2.0003767599381646, 2.000350207115429, 2.0003257663933844, 2.0003050040380885, 2.0002872110197925]
}