{
    "schema_name": "pyscf_qa_output",
    "provenance": {
        "creator": "PySCF",
        "version": "1.7.6"
    },
    "molecule": {
        "geometry": [[0.0, 0.0, 0.0]],
        "symbols": [ "N" ]
    },
    "molecular_charge": 1,
    "molecular_multiplicity": 3,
    "name": "n.chrg1.mult3-pyscf-uccsdt.augccpvqz",
    "atomic_numbers": [ 7 ],
    "n_electrons": 6,
    "model": {
        "method": "UCCSD(T)",
        "basis": "aug-cc-pVQZ",
        "scf_conv_tol": 1e-09,
        "scf_conv_tol_grad": 1e-06,
        "cc_conv_tol": 1e-07,
        "cc_conv_tol_normt": 1e-05
    },
    "broken_symmetry": false,
    "finite_diff_delta": 0.01,
    "finite_diff_acc": 2,
    "qa_lambdas": [-3.0, -2.75, -2.5, -2.25, -2.0, -1.75, -1.5, -1.25, -1.0, -0.75, -0.5, -0.25, -0.02, -0.01, 0.0, 0.01, 0.02, 0.25, 0.5, 0.75, 1.0],
    "electronic_energies": [-14.38267902856474, -16.674945544269807, -19.141681015022147, -21.787636372309844, -24.61700509948697, -27.633260537138998, -30.83832968665527, -34.232252819489005, -37.81434364443991, -41.58420242209361, -45.54178459582252, -49.68711652463829, -53.66653070815163, -53.84314685957384, -54.02006258486923, -54.19727784508603, -54.37479260024005, -58.54018443377853, -63.24664144707408, -68.13810340809657, -73.21267762376887],
    "qats_energies": {
        "0": [-54.02006258486919, -54.02006258486919, -54.02006258486919, -54.02006258486919, -54.02006258486919, -54.02006258486919, -54.02006258486919, -54.02006258486919, -54.02006258486919, -54.02006258486919, -54.02006258486919, -54.02006258486919, -54.02006258486919, -54.02006258486919, -54.02006258486919, -54.02006258486919, -54.02006258486919, -54.02006258486919, -54.02006258486919, -54.02006258486919, -54.02006258486919],
        "1": [-0.9004147580413999, -5.3270520769437155, -9.753689395846031, -14.180326714748347, -18.606964033650662, -23.033601352552978, -27.460238671455294, -31.88687599035761, -36.313513309259925, -40.74015062816224, -45.166787947064556, -49.59342526596687, -53.665931599357, -53.842997092113094, -54.02006258486919, -54.19712807762528, -54.37419357038137, -58.4466999037715, -62.87333722267382, -67.29997454157613, -71.72661186047844],
        "2": [-14.37948622534305, -16.653216295995797, -19.11415569258329, -21.762304415105525, -24.597662463562507, -27.620229837954234, -30.830006538280706, -34.22699256454192, -37.811187916737886, -41.58259259486859, -45.541206598934046, -49.687029928934244, -53.66653066919999, -53.84314685957384, -54.02006258486919, -54.19727784508603, -54.37479264022436, -58.540304566738875, -63.24775587454331, -68.14241650828248, -73.2242864679564],
        "3": [-14.557092123331593, -16.790018061171004, -19.216936883548875, -21.83723190331944, -24.65028643333689, -27.65548378645543, -30.852207275529274, -34.23984021341262, -37.817765912959686, -41.585367687024664, -45.54202884846177, -49.68713271012521, -53.66653072182396, -53.84314686615184, -54.02006258486919, -54.19727783850803, -54.374792587600396, -58.54020178554791, -63.246933625015586, -68.13964141612641, -73.21770847173461],
        "4": [-14.208569312720108, -16.54393769513306, -19.04886068244381, -21.726957107774403, -24.58144242136425, -27.615128690570106, -30.830424599866056, -34.22933545084356, -37.81346316221139, -41.584006269795715, -45.54175992654, -49.6871159025051, -53.66653072113552, -53.84314686610881, -54.02006258486919, -54.197277838465006, -54.37479258691195, -58.5401849779278, -63.24666470309381, -68.13827999889746, -73.21340572098632]
    },
    "qats_poly_coeffs": [ -54.02006258486919, -17.706549275609262, -1.4976746074779612, 0.00657799622179785, 0.004302750748289934 ],
    "hf_energies": [-14.281598467540494, -16.567491352685597, -19.027840958670186, -21.66852206657879, -24.494679880695223, -27.509529355502924, -30.713879021922715, -34.10712894462525, -37.688558534989525, -41.45786665175665, -45.415068771716975, -49.56022470541896, -53.539681330780155, -53.716304095233255, -53.89322684279257, -54.070449535753426, -54.24797213534529, -58.413660238252504, -63.120695238760284, -68.01299454325165, -73.08864009099236],
    "triples_corrections": [-0.0029275012378577165, -0.0033696861752488707, -0.0037690903860071933, -0.0040094688064203216, -0.003963926009517976, -0.003653409648448517, -0.0032813045022500663, -0.0029775348177308804, -0.0027408167464116604, -0.0025437695131143214, -0.0023716651679321966, -0.0022189697110299397, -0.0020932276765709057, -0.0020880489497124527, -0.002082892827228649, -0.0020777591351426694, -0.0020726476991545055, -0.0019608255734154096, -0.001850090736499809, -0.001748282144069318, -0.001653499238073193],
    "scf_converged": [true, true, true, true, true, true, true, true, true, true, true, true, true, true, true, true, true, true, true, true, true],
    "cc_converged": [true, true, true, true, true, true, true, true, true, true, true, true, true, true, true, true, true, true, true, true, true],
    "scf_spin_squared": [2.0231966632130254, 2.0171563423525303, 2.011762217501951, 2.0095387760601393, 2.0104074520776813, 2.011999091470586, 2.012323329398744, 2.011547980146744, 2.0104712558985343, 2.009450748676155, 2.00853645193751, 2.007711816534078, 2.007026192272926, 2.0069979857987716, 2.006969914358088, 2.006941978067635, 2.0069141770311965, 2.0063120782231945, 2.005736423081093, 2.0052343721789705, 2.0047934098320286],
    "cc_spin_squared": [2.000561617906509, 2.000654762863622, 2.000681872789143, 2.0006290153949147, 2.0005289529232364, 2.0004178220365967, 2.000318882286896, 2.0002408544740904, 2.0001842222909763, 2.000144220345783, 2.000115419268969, 2.00009389158331, 2.0000784639204183, 2.000077868592571, 2.000077278915345, 2.000076694821787, 2.0000761162462575, 2.000064197874997, 2.0000537815111574, 2.000045428806603, 2.000038682599598]
}