{
    "schema_name": "pyscf_apdft_output",
    "provenance": {
        "creator": "PySCF",
        "version": "1.7.6"
    },
    "molecule": {
        "geometry": [[0.0, 0.0, 0.0]],
        "symbols": [ "S" ]
    },
    "molecular_charge": 2,
    "molecular_multiplicity": 3,
    "name": "s.chrg2.mult3-pyscf-uccsdt.augccpvtz",
    "atomic_numbers": [ 16 ],
    "n_electrons": 14,
    "model": {
        "method": "UCCSD(T)",
        "basis": "aug-cc-pVTZ",
        "scf_conv_tol": 1e-09,
        "scf_conv_tol_grad": 1e-06,
        "cc_conv_tol": 1e-07,
        "cc_conv_tol_normt": 1e-05
    },
    "broken_symmetry": false,
    "finite_diff_delta": 0.01,
    "finite_diff_acc": 2,
    "apdft_lambdas": [-4.0, -3.75, -3.5, -3.25, -3.0, -2.75, -2.5, -2.25, -2.0, -1.75, -1.5, -1.25, -1.0, -0.75, -0.5, -0.25, -0.02, -0.01, 0.0, 0.01, 0.02],
    "electronic_energies": [-187.0561261052872, -198.24086754170202, -209.74727826543747, -221.56164359698914, -233.6697280156746, -246.05687027798544, -258.7079771136056, -271.607533425768, -284.7398860155819, -298.0897067379714, -311.6422822603462, -325.38353347636155, -339.2999097475583, -353.37829179018206, -367.6059576795703, -381.9706088861574, -395.2969101131277, -395.87858044989144, -396.46043368177993, -397.0424691071358, -397.6246860259173],
    "apdft_energies": {
        "0": [-396.46043368178016, -396.46043368178016, -396.46043368178016, -396.46043368178016, -396.46043368178016, -396.46043368178016, -396.46043368178016, -396.46043368178016, -396.46043368178016, -396.46043368178016, -396.46043368178016, -396.46043368178016, -396.46043368178016, -396.46043368178016, -396.46043368178016, -396.46043368178016, -396.46043368178016, -396.46043368178016, -396.46043368178016, -396.46043368178016, -396.46043368178016],
        "1": [-163.68270223291165, -178.23131044846593, -192.77991866402022, -207.3285268795745, -221.87713509512878, -236.42574331068306, -250.97435152623734, -265.5229597417916, -280.0715679573459, -294.6201761729002, -309.16878438845447, -323.71739260400875, -338.26600081956303, -352.8146090351173, -367.3632172506716, -381.9118254662259, -395.2965450245358, -395.878489353158, -396.46043368178016, -397.04237801040233, -397.6243223390245],
        "2": [-178.25817958590324, -191.0417885907437, -203.9392685124044, -216.95061935088535, -230.07584110618654, -243.314933778308, -256.6678973672497, -270.1347318730116, -283.7154372955938, -297.41001363499623, -311.2184608912189, -325.14077906426184, -339.176968154125, -353.3270281608084, -367.5909590843121, -381.968760924636, -395.29690941146964, -395.87858044989144, -396.46043368178016, -397.0424691071358, -397.6246867259583],
        "3": [-185.733908014496, -197.201599002487, -208.94742251827807, -220.96042778780387, -233.2296640369991, -245.74418049179846, -258.4930263781366, -271.46525092194815, -284.6499033491679, -298.03603288573044, -311.6126887575705, -325.3689201906227, -339.29377641082175, -353.3763066441024, -367.6055601163992, -381.9705860536469, -395.2969103459357, -395.8785805666997, -396.46043368178016, -397.0424689903275, -397.62468579149225],
        "4": [-187.45873439991828, -198.53398632795702, -209.95848407867817, -221.71211794884584, -233.77540988551164, -246.12951348601487, -258.7562139979825, -271.6379283193291, -284.75770499825677, -298.0992242332554, -311.6467978731025, -325.38536941686306, -339.3005140138898, -353.3784384638231, -367.6059812165909, -381.9706123724089, -395.2969103470137, -395.8785805667671, -396.46043368178016, -397.0424689903949, -397.6246857925703]
    },
    "apdft_poly_coeff": [ -396.46043368178016, -58.19443286221713, -0.910967334561974, 0.1168082566967617, -0.006737603068055857 ],
    "hf_energies": [-186.80360071644552, -197.98815864085432, -209.4952809238183, -221.31210095785445, -233.42497579102184, -245.8193803970184, -258.47988701135, -271.39041614732923, -284.5347428552711, -297.8970070973754, -311.46199509433154, -325.2151762813122, -339.14262679980334, -353.2309566539019, -367.4672867341651, -381.8392723682422, -395.1711881175827, -395.7530792551286, -396.3351514181534, -396.9174039145649, -397.4998360539994],
    "triples_corrections": [-0.004396220140472404, -0.00461264010050694, -0.0048815302354181505, -0.0051394714701056094, -0.005318658646736807, -0.00537700439570051, -0.005324192876324123, -0.0051973752581194336, -0.0050203704882090805, -0.004799752640484897, -0.004539548601461185, -0.00424875866571623, -0.0039411858642117055, -0.0036323460716026156, -0.003336174939797179, -0.0030627485583077188, -0.002836001542425854, -0.002826709670679949, -0.002817465155538893, -0.0028082679568677636, -0.0027991180267072234],
    "scf_converged": [true, true, true, true, true, true, true, true, true, true, true, true, true, true, true, true, true, true, true, true, true],
    "cc_converged": [true, true, true, true, true, true, true, true, true, true, true, true, true, true, true, true, true, true, true, true, true],
    "scf_spin_squared": [2.0262202954292103, 2.025268356640617, 2.0234823634735175, 2.0217901920526717, 2.0208000787106517, 2.0203300842083545, 2.019795313381806, 2.0188738976420826, 2.0176624700624863, 2.016391619943972, 2.015213840943993, 2.014182431953526, 2.0132967806675772, 2.0125377781133746, 2.0118843215515394, 2.0113181143016643, 2.010860942591563, 2.010842273456996, 2.0108236976573615, 2.0108052143264423, 2.0107868225990853],
    "cc_spin_squared": [2.0005324394775887, 2.0005988464791207, 2.000686439669495, 2.0007639947056686, 2.0008063841261445, 2.000806043632363, 2.000768597885353, 2.0007063020563107, 2.0006336069025448, 2.000561858272897, 2.0004968994381316, 2.0004403840669824, 2.0003918891427914, 2.0003503035903925, 2.0003144484952333, 2.0002832526523835, 2.000257937000005, 2.000256900585011, 2.0002558691689782, 2.0002548427113465, 2.000253821171992]
}