{
    "schema_name": "pyscf_qa_output",
    "provenance": {
        "creator": "PySCF",
        "version": "1.7.6"
    },
    "molecule": {
        "geometry": [[0.0, 0.0, 0.0]],
        "symbols": [ "B" ]
    },
    "molecular_charge": 1,
    "molecular_multiplicity": 1,
    "name": "b.chrg1.mult1-pyscf-ccsdt.augccpvqz",
    "atomic_numbers": [ 5 ],
    "n_electrons": 4,
    "model": {
        "method": "CCSD(T)",
        "basis": "aug-cc-pVQZ",
        "scf_conv_tol": 1e-09,
        "scf_conv_tol_grad": 1e-06,
        "cc_conv_tol": 1e-07,
        "cc_conv_tol_normt": 1e-05
    },
    "broken_symmetry": false,
    "finite_diff_delta": 0.01,
    "finite_diff_acc": 2,
    "qa_lambdas": [-3.0, -2.75, -2.5, -2.25, -2.0, -1.75, -1.5, -1.25, -1.0, -0.75, -0.5, -0.25, -0.02, -0.01, 0.0, 0.01, 0.02, 0.25, 0.5, 0.75, 1.0],
    "electronic_energies": [-2.7051398492169376, -3.673995407108266, -4.7730432303659756, -6.00693580919649, -7.472316744219123, -9.030230066929734, -10.744518558257449, -12.616066807260129, -14.644267552321756, -16.828657569225943, -19.169335674657034, -21.66652138164714, -24.102005411259206, -24.210888223977776, -24.320019722205927, -24.429399807495972, -24.539028378384042, -27.128787445186525, -30.090632525539156, -33.20208523259011, -36.45845730096262],
    "qats_energies": {
        "0": [-24.320019722205956, -24.320019722205956, -24.320019722205956, -24.320019722205956, -24.320019722205956, -24.320019722205956, -24.320019722205956, -24.320019722205956, -24.320019722205956, -24.320019722205956, -24.320019722205956, -24.320019722205956, -24.320019722205956, -24.320019722205956, -24.320019722205956, -24.320019722205956, -24.320019722205956, -24.320019722205956, -24.320019722205956, -24.320019722205956, -24.320019722205956],
        "1": [8.45671780552356, 5.725323011546102, 2.993928217568641, 0.26253342359117937, -2.4688613703862785, -5.200256164363736, -7.931650958341198, -10.663045752318657, -13.394440546296117, -16.125835340273575, -18.857230134251036, -21.588624928228498, -24.10150813868776, -24.21076393044686, -24.320019722205956, -24.429275513965052, -24.538531305724153, -27.051414516183414, -29.782809310160875, -32.51420410413834, -35.245598898115794],
        "2": [-2.7296999771190613, -3.674375264146658, -4.7744174648220685, -6.029826579145293, -7.4406026071163325, -9.006745548735186, -10.728255404001853, -12.605132172916335, -14.63737585547863, -16.82498645168874, -19.167963961546665, -21.666308385052403, -24.102005312811432, -24.210888223977776, -24.320019722205956, -24.429399807495972, -24.539028479847826, -27.129097973007323, -30.093543137456503, -33.2133552155535, -36.48853420729831],
        "3": [-3.1795009815619792, -4.020836570230873, -5.03471897202283, -6.21958637789465, -7.573876978803124, -9.096028965705045, -10.784480529557218, -12.63766986131643, -14.65403515193948, -16.83201459238316, -19.170046373604272, -21.666568686559604, -24.102005446085805, -24.210888240637072, -24.320019722205956, -24.429399790836676, -24.539028346573453, -27.128837671500122, -30.091460725398896, -33.206327074859075, -36.47187491083746],
        "4": [-2.161594422519876, -3.302126600567707, -4.543830392237865, -5.897514380697736, -7.3728090165232025, -8.978166617698676, -10.720861369617086, -12.606989325079871, -14.641468404296985, -16.828038394886903, -19.169260951876616, -21.666519597701626, -24.102005444075125, -24.210888240511405, -24.320019722205956, -24.42939979071101, -24.539028344562773, -27.128788582642144, -30.09067530367124, -33.20235087736282, -36.45930816319496]
    },
    "qats_poly_coeffs": [ -24.320019722205956, -10.925579175909839, -1.2429353091825135, 0.01665929646084881, 0.012566747642495102 ],
    "hf_energies": [-2.6480005309409185, -3.615389825177534, -4.712505440824353, -5.943039890273869, -7.406713262181504, -8.963499894244215, -10.675405596791473, -12.544289896797702, -14.569997469113432, -16.7520829069422, -19.09060172394899, -21.58578447447537, -24.019595824809755, -24.12841011997316, -24.23747347092591, -24.346785781287778, -24.456346951603145, -27.04466263246256, -30.00517359572665, -33.11550441640035, -36.37088120821005],
    "triples_corrections": [-0.0003330139207639621, -0.00030446121313308725, -0.00037940922195791997, -0.000610673284788559, -0.0004047106006129521, -0.0004474244847615319, -0.0004916367221087529, -0.0005245448289611306, -0.0005438708240610632, -0.0005514834404819124, -0.0005481064677277374, -0.0005343087268620588, -0.0005136031923787878, -0.0005125519194402489, -0.0005114891110450458, -0.0005104148941337061, -0.0005093293955997094, -0.00048153879047377617, -0.0004463952494788548, -0.0004078918321989236, -0.00036771501068535853],
    "scf_converged": [true, true, true, true, true, true, true, true, true, true, true, true, true, true, true, true, true, true, true, true, true],
    "cc_converged": [true, true, true, true, true, true, true, true, true, true, true, true, true, true, true, true, true, true, true, true, true],
    "t1_diagnostic": [0.013657773576275014, 0.01843996398000656, 0.02618214408636868, 0.03802536696292939, 0.01944164098720286, 0.023345720396779873, 0.023094280603817005, 0.019974382647626632, 0.01641578245201112, 0.013788303405426482, 0.011928227030324607, 0.010489122742910001, 0.009409895060712261, 0.009367438950158543, 0.009325326096109058, 0.009283553017287923, 0.009242116218070822, 0.008373636450903629, 0.007578360327047783, 0.0068911330717281016, 0.006282894131696951]
}