{
    "schema_name": "pyscf_apdft_output",
    "provenance": {
        "creator": "PySCF",
        "version": "1.7.6"
    },
    "molecule": {
        "geometry": [[0.0, 0.0, 0.0]],
        "symbols": [ "Na" ]
    },
    "molecular_charge": -1,
    "molecular_multiplicity": 3,
    "name": "na.chrg-1.mult3-pyscf-uccsdt.augccpvqz",
    "atomic_numbers": [ 11 ],
    "n_electrons": 12,
    "model": {
        "method": "UCCSD(T)",
        "basis": "aug-cc-pVQZ",
        "scf_conv_tol": 1e-09,
        "scf_conv_tol_grad": 1e-06,
        "cc_conv_tol": 1e-07,
        "cc_conv_tol_normt": 1e-05
    },
    "broken_symmetry": false,
    "finite_diff_delta": 0.01,
    "finite_diff_acc": 2,
    "apdft_lambdas": [-1.0, -0.75, -0.5, -0.25, -0.02, -0.01, 0.0, 0.01, 0.02, 0.25, 0.5, 0.75, 1.0, 1.25, 1.5, 1.75, 2.0, 2.25, 2.5, 2.75, 3.0],
    "electronic_energies": [-127.27014351296532, -135.70864663186322, -144.30473808956123, -153.0331065793601, -161.15313877666017, -161.5077852587245, -161.86255436629517, -162.21744490787785, -162.5724557069811, -170.78189350272635, -179.76854108578428, -188.8108969666172, -197.8975698310792, -207.01988681628032, -216.17143980243017, -225.3476186268267, -234.54509293332723, -243.76135371710035, -252.99436708396547, -262.24234636857847, -271.50362981693354],
    "apdft_energies": {
        "0": [-161.86255436629511, -161.86255436629511, -161.86255436629511, -161.86255436629511, -161.86255436629511, -161.86255436629511, -161.86255436629511, -161.86255436629511, -161.86255436629511, -161.86255436629511, -161.86255436629511, -161.86255436629511, -161.86255436629511, -161.86255436629511, -161.86255436629511, -161.86255436629511, -161.86255436629511, -161.86255436629511, -161.86255436629511, -161.86255436629511, -161.86255436629511],
        "1": [-126.37957190862824, -135.25031752304494, -144.12106313746168, -152.9918087518784, -161.15289471714178, -161.50772454171846, -161.86255436629511, -162.21738419087177, -162.57221401544845, -170.73329998071182, -179.60404559512855, -188.4747912095453, -197.345536823962, -206.2162824383787, -215.08702805279543, -223.95777366721217, -232.82851928162887, -241.69926489604558, -250.5700105104623, -259.44075612487904, -268.31150173929575],
        "2": [-126.98674196927516, -135.59185068215885, -144.2728556526234, -153.02975688066883, -161.15313758516604, -161.5077852587245, -161.86255436629511, -162.21744490787785, -162.5724568834727, -170.77124810950227, -179.75583811029028, -188.81632436865917, -197.95270688460892, -207.16498565813953, -216.453160689251, -225.81723197794335, -235.25719952421656, -244.77306332807063, -254.36482338950557, -264.03247970852135, -273.77603228511805],
        "3": [-127.18407411575024, -135.67510018145302, -144.29752217093278, -153.0328401954575, -161.1531391638232, -161.50778545605667, -161.86255436629511, -162.2174447105457, -162.57245530481555, -170.76816479471358, -179.7311715919809, -188.733074869365, -197.75537473813384, -206.77957130955542, -215.78716469489765, -224.75965500542853, -233.678542352416, -242.52532684712807, -251.28150860083264, -259.9285877247977, -268.44806433029123],
        "4": [-127.24658399450493, -135.69487869777774, -144.30142903835497, -153.03308437467138, -161.1531391738248, -161.50778545668175, -161.86255436629511, -162.2174447111708, -162.57245531481712, -170.76840897392748, -179.73507845940307, -188.75285338568972, -197.81788461688856, -206.9321833182339, -216.10362095609335, -225.34592929796779, -234.6787004124913, -244.1273866694313, -253.72330073968834, -263.5036155952963, -273.5113645094224]
    },
    "apdft_poly_coeff": [ -161.86255436629511, -35.48298245766688, -0.6071700606469221, 0.19733214647506728, -0.06250987875470553 ],
    "hf_energies": [-127.18422073213051, -135.6569754104233, -144.27204011678924, -153.0114949816126, -161.13823782076804, -161.49309533735092, -161.84807004321812, -162.20316087485924, -162.55836678152986, -170.76887554960632, -179.75779164105762, -188.80159947032155, -197.88926735258963, -207.01232240722345, -216.16447311804484, -225.34117673831412, -234.5391405833309, -243.75587434016018, -252.98934976432471, -262.23777706829196, -271.49948685943787],
    "triples_corrections": [-0.009151663698221558, -0.004081696541353202, -0.0016370320020351028, -0.0006373381063320836, -0.0002711565896155654, -0.00026191838235925866, -0.0002530563340497989, -0.00024455434597175175, -0.00023639693319581513, -0.00013136305084344784, -7.253758296296748e-05, -4.572633712179575e-05, -3.202031693675774e-05, -2.4085725810967142e-05, -1.8942688337277818e-05, -1.528894831739472e-05, -1.250981489525411e-05, -1.0295793969833614e-05, -8.482739327819392e-06, -6.978952473784159e-06, -5.728886174211036e-06],
    "scf_converged": [true, true, true, true, true, true, true, true, true, true, true, true, true, true, true, true, true, true, true, true, true],
    "cc_converged": [true, true, true, true, true, true, true, true, true, true, true, true, true, true, true, true, true, true, true, true, true],
    "scf_spin_squared": [2.0000006000877777, 2.0000016769928157, 2.0000159809739504, 2.000065228785398, 2.0000601370579867, 2.000059961030952, 2.0000597897569836, 2.0000596232749484, 2.0000594616149625, 2.00003177292926, 2.0000327752442404, 2.000035850668766, 2.0000389522331457, 2.0000414801665043, 2.000043387271324, 2.0000447331217437, 2.000045511685622, 2.00004565665603, 2.000045107575815, 2.000043867178441, 2.0000420217542505],
    "cc_spin_squared": [2.000000151903224, 2.000000368829531, 2.0000024711479543, 2.0000038883179476, 2.0000023016224557, 2.000002256863831, 2.000002213690959, 2.0000021720581995, 2.0000021319185284, 2.000001583501987, 2.0000011571121465, 2.0000009375954715, 2.0000007975972425, 2.0000006918022333, 2.000000604029996, 2.0000005273253922, 2.000000457968109, 2.000000394044512, 2.0000003350308817, 2.0000002813048785, 2.0000002335379903]
}