{
    "schema_name": "pyscf_qa_output",
    "provenance": {
        "creator": "PySCF",
        "version": "1.7.6"
    },
    "molecule": {
        "geometry": [[0.0, 0.0, 0.0]],
        "symbols": [ "B" ]
    },
    "molecular_charge": 0,
    "molecular_multiplicity": 2,
    "name": "b.chrg0.mult2-pyscf-uccsdt.augccpvtz",
    "atomic_numbers": [ 5 ],
    "n_electrons": 5,
    "model": {
        "method": "UCCSD(T)",
        "basis": "aug-cc-pVTZ",
        "scf_conv_tol": 1e-09,
        "scf_conv_tol_grad": 1e-06,
        "cc_conv_tol": 1e-07,
        "cc_conv_tol_normt": 1e-05
    },
    "broken_symmetry": false,
    "finite_diff_delta": 0.01,
    "finite_diff_acc": 2,
    "qa_lambdas": [-2.0, -1.75, -1.5, -1.25, -1.0, -0.75, -0.5, -0.25, -0.02, -0.01, 0.0, 0.01, 0.02, 0.25, 0.5, 0.75, 1.0, 1.25, 1.5, 1.75, 2.0],
    "electronic_energies": [-7.057200224394976, -8.703449447535188, -10.443147064790782, -12.361773870834579, -14.46242885685611, -16.745247225266784, -19.205732711573727, -21.831234806294695, -24.37906342186592, -24.492524823037822, -24.60620215953438, -24.720094540044357, -24.834201013257125, -27.515635852749018, -30.545481587772915, -33.682774314771116, -36.91569409108975, -40.23342860461135, -43.625939100313666, -47.08377311283374, -50.59800542721166],
    "qats_energies": {
        "0": [-24.6062021595344, -24.6062021595344, -24.6062021595344, -24.6062021595344, -24.6062021595344, -24.6062021595344, -24.6062021595344, -24.6062021595344, -24.6062021595344, -24.6062021595344, -24.6062021595344, -24.6062021595344, -24.6062021595344, -24.6062021595344, -24.6062021595344, -24.6062021595344, -24.6062021595344, -24.6062021595344, -24.6062021595344, -24.6062021595344, -24.6062021595344],
        "1": [-1.849230458880907, -4.693851921462592, -7.538473384044281, -10.383094846625967, -13.227716309207654, -16.072337771789343, -18.916959234371028, -21.761580696952713, -24.378632442527866, -24.492417301031132, -24.6062021595344, -24.71998701803767, -24.833771876540936, -27.45082362211609, -30.295445084697775, -33.14006654727946, -35.984688009861145, -38.82930947244284, -41.67393093502452, -44.518552397606214, -47.3631738601879],
        "2": [-6.150110726416852, -7.9867133762948015, -9.95771853453325, -12.063126201132196, -14.30293637609164, -16.677149059411583, -19.185764251092024, -21.828781951132964, -24.37906253055462, -24.492524823037822, -24.6062021595344, -24.720094540044357, -24.83420196456769, -27.518024876296337, -30.56425010141877, -33.7448778349017, -37.05990807674513, -40.509340826949064, -44.09317608551349, -47.81141385243842, -51.664054127723844],
        "3": [-7.378525301810651, -8.809655171919944, -10.475955933527509, -12.363032103327948, -14.456488198015865, -16.741928734285864, -19.204958228832552, -21.831181198350528, -24.379063758969195, -24.492524976589642, -24.6062021595344, -24.720094386492534, -24.834200736153115, -27.51562562907877, -30.545056123678243, -33.68009816002742, -36.906356254820906, -40.20943492475331, -43.57493868651923, -46.98847205681328, -50.435639552330045],
        "4": [-3.378575656230982, -6.464958126256668, -9.210346865980817, -11.75268822430273, -14.206491345167136, -16.662828167564196, -19.189333425529508, -21.83020464814409, -24.3790637189697, -24.492524974089676, -24.6062021595344, -24.720094383992567, -24.83420069615362, -27.51464907887233, -30.5294313203752, -33.60099759330575, -36.65635940197218, -39.599091045728095, -42.30932961897254, -44.64377501115, -46.435689906750376]
    },
    "qats_poly_coeffs": [ -24.6062021595344, -11.378485850326747, -1.0752200668839862, 0.15355182192422487, 0.24999685284872916 ],
    "hf_energies": [-6.992521522066154, -8.637610192644816, -10.374118545979638, -12.28949247206823, -14.387661339350474, -16.66967494287182, -19.130839956537294, -21.756970727234165, -24.305031175204988, -24.41849376702031, -24.532171531342478, -24.646063531755004, -24.76016883447111, -27.441355740708065, -30.470481293728213, -33.60671473845393, -36.838439497015244, -40.155059353509756, -43.54672518616732, -47.004128201049724, -50.51843066093697],
    "triples_corrections": [-0.005786206697131153, -0.0014139934526408457, -0.001639830544738054, -0.0018684600049290135, -0.0020486140223608495, -0.0020426018848514766, -0.0018440201629971698, -0.0016776036932473083, -0.0015562254204415918, -0.0015512943933364484, -0.0015463845967235716, -0.0015414914724346661, -0.001536616070733646, -0.0014278231738306358, -0.001312066056123149, -0.0011939891663407442, -0.0010715743363314924, -0.0009464559146347988, -0.0008232517336295698, -0.0007075219839462081, -0.0006036431467254929],
    "scf_converged": [true, true, true, true, true, true, true, true, true, true, true, true, true, true, true, true, true, true, true, true, true],
    "cc_converged": [true, true, true, true, true, true, true, true, true, true, true, true, true, true, true, true, true, true, true, true, true],
    "scf_spin_squared": [0.7500741417134642, 0.7819036849841698, 0.7800912234749815, 0.7701155388710839, 0.7637807664570868, 0.7637168773115932, 0.7642098344897463, 0.7627982644122755, 0.7613135755787956, 0.7612533955343712, 0.7611936343181562, 0.7611342906072891, 0.7610753624875255, 0.7598257110730555, 0.7586552640674014, 0.7576390721272921, 0.7567528720825107, 0.7559704377132914, 0.755265829192755, 0.7546226010688599, 0.7540365895647145],
    "cc_spin_squared": [0.7527507585362923, 0.7502963993977274, 0.7502765642155036, 0.7502629459820116, 0.7502531774947836, 0.7502289081709999, 0.7501684139525508, 0.7501202703944495, 0.7500920661422308, 0.7500910793623975, 0.750090103808173, 0.7500891487250443, 0.7500882088755232, 0.750070072644949, 0.7500557878811457, 0.7500451260736769, 0.7500368971373045, 0.7500302927993421, 0.750024791812659, 0.750020116903147, 0.7500161560808238]
}