{
    "schema_name": "pyscf_apdft_output",
    "provenance": {
        "creator": "PySCF",
        "version": "1.7.6"
    },
    "molecule": {
        "geometry": [[0.0, 0.0, 0.0]],
        "symbols": [ "B" ]
    },
    "molecular_charge": 1,
    "molecular_multiplicity": 3,
    "name": "b.chrg1.mult3-pyscf-uccsdt.augccpv5z",
    "atomic_numbers": [ 5 ],
    "n_electrons": 4,
    "model": {
        "method": "UCCSD(T)",
        "basis": "aug-cc-pV5Z",
        "scf_conv_tol": 1e-09,
        "scf_conv_tol_grad": 1e-06,
        "cc_conv_tol": 1e-07,
        "cc_conv_tol_normt": 1e-05
    },
    "broken_symmetry": false,
    "finite_diff_delta": 0.01,
    "finite_diff_acc": 2,
    "apdft_lambdas": [-3.0, -2.75, -2.5, -2.25, -2.0, -1.75, -1.5, -1.25, -1.0, -0.75, -0.5, -0.25, -0.02, -0.01, 0.0, 0.01, 0.02, 0.25, 0.5, 0.75, 1.0],
    "electronic_energies": [-2.749662196660046, -3.7128411108916217, -4.8051953204908076, -6.03088475480257, -7.462653967333016, -9.000328895974885, -10.693400152082804, -12.544219632171487, -14.552505244906001, -16.717990971893176, -19.040539661772602, -21.51997652068069, -23.939383866390713, -24.047577383681308, -24.156020768795848, -24.264713981662805, -24.373656981324086, -26.94817857248645, -29.895611399787064, -32.997011286194166, -36.25049605917844],
    "apdft_energies": {
        "0": [-24.156020768795877, -24.156020768795877, -24.156020768795877, -24.156020768795877, -24.156020768795877, -24.156020768795877, -24.156020768795877, -24.156020768795877, -24.156020768795877, -24.156020768795877, -24.156020768795877, -24.156020768795877, -24.156020768795877, -24.156020768795877, -24.156020768795877, -24.156020768795877, -24.156020768795877, -24.156020768795877, -24.156020768795877, -24.156020768795877, -24.156020768795877],
        "1": [8.414468928428704, 5.700261453659991, 2.986053978891274, 0.27184650412255706, -2.442360970646156, -5.1565684454148695, -7.870775920183586, -10.584983394952301, -13.299190869721016, -16.01339834448973, -18.727605819258446, -21.441813294027163, -23.93888417081438, -24.04745246980513, -24.156020768795877, -24.264589067786623, -24.373157366777374, -26.87022824356459, -29.584435718333307, -32.29864319310202, -35.01285066787074],
        "2": [-2.827779927738277, -3.746350432424766, -4.821063282335796, -6.051918477471368, -7.438916017831481, -8.982055903416136, -10.681338134225332, -12.536762710259069, -14.548329631517348, -16.716038898000168, -19.03989050970753, -21.519884466639432, -23.939383826319098, -24.047577383681308, -24.156020768795877, -24.264713981662805, -24.373657022282092, -26.948299416176862, -29.89672040878239, -33.00128374661246, -36.26198942966707],
        "3": [-3.010096577515469, -3.8867806759742116, -4.9265706028087095, -6.12883331409612, -7.492935765913611, -9.018244914338347, -10.70412771544748, -12.549951125318183, -14.555082100027613, -16.718887595652937, -19.04073456827131, -21.519989973959905, -23.939383880338845, -24.047577390433776, -24.156020768795877, -24.264713974910336, -24.373656968262345, -26.94819390885639, -29.895876350218607, -32.99843504895969, -36.255236961156804],
        "4": [-2.710943075545174, -3.6755583369335554, -4.782302903170255, -6.034179276363332, -7.433843716141702, -8.983606239655149, -10.685430621574337, -12.54093439409078, -14.55138884691687, -16.717719027285867, -19.04050373995189, -21.51997554718994, -23.939383879747925, -24.047577390396842, -24.156020768795877, -24.264713974873402, -24.373656967671423, -26.948179482086424, -29.895645521899183, -32.997266480592614, -36.25154370804606]
    },
    "apdft_poly_coeff": [ -24.156020768795877, -10.85682989907486, -1.2491387617963312, 0.006752468510266376, 0.0036932531107443842 ],
    "hf_energies": [-2.70777523943493, -3.6707904131015567, -4.762728894504706, -5.987251848980614, -7.4190000160063265, -8.95712273605941, -10.651320909550236, -12.503448859029046, -14.5131126551485, -16.680026167271183, -19.00403396235136, -21.4849595474834, -23.90577210371596, -24.014027684409434, -24.122533222108643, -24.23128867774041, -24.34029401133671, -26.91627655874249, -29.86536371248411, -32.968491816927695, -36.22377353180314],
    "triples_corrections": [-2.573966604440252e-05, -2.0483763738953655e-05, -2.4950273576255088e-05, -4.837077855124813e-05, -8.496930834186135e-05, -9.517571687913943e-05, -9.101521471860675e-05, -8.433976686873259e-05, -7.798146574145866e-05, -7.17486268879948e-05, -6.568404546891557e-05, -5.986085442730739e-05, -5.4743702580595184e-05, -5.452653655419829e-05, -5.430981260742909e-05, -5.409353038324978e-05, -5.387768949444498e-05, -4.903390872289408e-05, -4.402400546396746e-05, -3.9268145980850615e-05, -3.475832592501648e-05],
    "scf_converged": [true, true, true, true, true, true, true, true, true, true, true, true, true, true, true, true, true, true, true, true, true],
    "cc_converged": [true, true, true, true, true, true, true, true, true, true, true, true, true, true, true, true, true, true, true, true, true],
    "scf_spin_squared": [2.000001416589479, 2.0000008834591307, 2.0000011116326224, 2.000002395349027, 2.0000067098832712, 2.000007818861297, 2.0000088837405667, 2.0000102018100043, 2.0000114099487334, 2.00001236035633, 2.0000130261967626, 2.0000134458013195, 2.000013664023443, 2.0000136704974434, 2.0000136767416974, 2.00001368275836, 2.000013688549517, 2.00001376332536, 2.000013727165623, 2.0000135710197604, 2.0000132884433555],
    "cc_spin_squared": [2.0000000787080157, 2.000000042619127, 2.0000000574566057, 2.0000001697893492, 2.0000004290789812, 2.0000004807109377, 2.000000434320042, 2.000000382190186, 2.00000033901264, 2.000000299978119, 2.0000002642912476, 2.000000232174267, 2.0000002058284934, 2.000000204750189, 2.0000002036773226, 2.0000002026098596, 2.0000002015477953, 2.000000178551486, 2.000000156403587, 2.000000136791083, 2.0000001192900743]
}