{
    "schema_name": "pyscf_apdft_output",
    "provenance": {
        "creator": "PySCF",
        "version": "1.7.6"
    },
    "molecule": {
        "geometry": [[0.0, 0.0, 0.0]],
        "symbols": [ "O" ]
    },
    "molecular_charge": 1,
    "molecular_multiplicity": 4,
    "name": "o.chrg1.mult4-pyscf-uccsdt.augccpv5z",
    "atomic_numbers": [ 8 ],
    "n_electrons": 7,
    "model": {
        "method": "UCCSD(T)",
        "basis": "aug-cc-pV5Z",
        "scf_conv_tol": 1e-09,
        "scf_conv_tol_grad": 1e-06,
        "cc_conv_tol": 1e-07,
        "cc_conv_tol_normt": 1e-05
    },
    "broken_symmetry": false,
    "finite_diff_delta": 0.01,
    "finite_diff_acc": 2,
    "apdft_lambdas": [-3.0, -2.75, -2.5, -2.25, -2.0, -1.75, -1.5, -1.25, -1.0, -0.75, -0.5, -0.25, -0.02, -0.01, 0.0, 0.01, 0.02, 0.25, 0.5, 0.75, 1.0],
    "electronic_energies": [-24.458920383664665, -27.514943462036616, -30.766562864794157, -34.21881493523844, -37.8757781984524, -41.73950377541282, -45.80990441738325, -50.086146147009075, -54.56757847776784, -59.25380386840106, -64.14453764418305, -69.23951448967436, -74.1070250647577, -74.32256750962567, -74.53843570618568, -74.75462962722536, -74.9711492452117, -80.04092429908916, -85.74647804816897, -91.65442338939255, -97.76387418826387],
    "apdft_energies": {
        "0": [-74.5384357061857, -74.5384357061857, -74.5384357061857, -74.5384357061857, -74.5384357061857, -74.5384357061857, -74.5384357061857, -74.5384357061857, -74.5384357061857, -74.5384357061857, -74.5384357061857, -74.5384357061857, -74.5384357061857, -74.5384357061857, -74.5384357061857, -74.5384357061857, -74.5384357061857, -74.5384357061857, -74.5384357061857, -74.5384357061857, -74.5384357061857],
        "1": [-9.72911806623297, -15.129894536229031, -20.53067100622509, -25.93144747622115, -31.332223946217212, -36.73300041621327, -42.13377688620933, -47.53455335620539, -52.93532982620145, -58.336106296197514, -63.736882766193574, -69.13765923618963, -74.10637358858601, -74.32240464738585, -74.5384357061857, -74.75446676498554, -74.97049782378538, -79.93921217618175, -85.33998864617782, -90.74076511617388, -96.14154158616994],
        "2": [-24.38671964991154, -27.446351422514496, -30.709560994890765, -34.17634836704035, -37.84671353896324, -41.72065651065945, -45.798177282128975, -50.07927585337181, -54.56395222438796, -59.252206395177424, -64.1440383657402, -69.23944813607629, -74.10702503754528, -74.32256750962567, -74.5384357061857, -74.75462962722536, -74.97114927274465, -80.04100107606841, -85.74714424572444, -91.65686521515379, -97.77016398435644],
        "3": [-24.509896734443785, -27.54122914213974, -30.780844029921, -34.228313699577384, -37.88321045289872, -41.745106591674826, -45.813574417695506, -50.08818623275059, -54.568514338629896, -59.254131037123244, -64.14460863002044, -69.23951941911132, -74.1070250740422, -74.32256751418778, -74.5384357061857, -74.75462962266324, -74.97114923624774, -80.04092979303338, -85.7465739814442, -91.65494057320797, -97.76560187011451],
        "4": [-24.401700082805704, -27.46483508462464, -30.728665860728256, -34.194079602770024, -37.86183827479737, -41.73257861325165, -45.806812126968126, -50.08492509717604, -54.56717857749857, -59.25370839395278, -64.14452514494974, -69.2395142012944, -74.10702507382848, -74.32256751417442, -74.5384357061857, -74.75462962264989, -74.97114923603402, -80.04092457521647, -85.7464904963735, -91.65451793003751, -97.76426610898318]
    },
    "apdft_poly_coeff": [ -74.5384357061857, -21.60310587998424, -1.6286223981865078, 0.004562114241934977, 0.0013357611313343416 ],
    "hf_energies": [-24.309198939900362, -27.35615217661448, -30.602270255449397, -34.05268355311868, -37.71000681728992, -41.57455903244632, -45.645571168164096, -49.92224526532492, -54.404060987427904, -59.0906916793172, -63.98188831103191, -69.07741008041256, -73.94551109768358, -74.16108134402677, -74.37697752624538, -74.59319961783443, -74.80974759195396, -79.8802274481072, -85.58666613770181, -91.49562441464371, -97.60621776834022],
    "triples_corrections": [-0.006222296256118391, -0.006733427465118998, -0.00684663014584678, -0.006399941298906948, -0.005573583388072763, -0.004770359993642616, -0.004146752217786899, -0.0036681693637962125, -0.003284780434835378, -0.0029673324946648135, -0.0026988779690785363, -0.0024680728137660606, -0.0022818773930172076, -0.0022742683674445295, -0.0022666969171697467, -0.0022591627159284423, -0.0022516654416237284, -0.0020887377358157367, -0.0019298207888620148, -0.0017867438209638329, -0.0016571052221315318],
    "scf_converged": [true, true, true, true, true, true, true, true, true, true, true, true, true, true, true, true, true, true, true, true, true],
    "cc_converged": [true, true, true, true, true, true, true, true, true, true, true, true, true, true, true, true, true, true, true, true, true],
    "scf_spin_squared": [3.753621415564443, 3.750340147280607, 3.7505535546730298, 3.7534600078200975, 3.756739632281947, 3.7585093888574477, 3.7588249329557337, 3.7584621669988603, 3.757890752358314, 3.757275976072134, 3.7566682533580162, 3.7560909112703715, 3.7555999118623147, 3.75557956313546, 3.7555593008379446, 3.755539125214036, 3.7555190364877022, 3.7550811952020906, 3.754656979240712, 3.7542819824905953, 3.7539496032188513],
    "cc_spin_squared": [3.7512579431295685, 3.751042984477293, 3.7508054748298676, 3.7506067442998865, 3.7504695139030204, 3.750373094064325, 3.7502951126459907, 3.750232535955795, 3.750184726905835, 3.7501487473461905, 3.7501213152830037, 3.7500999426929833, 3.750084248923011, 3.7500836383945897, 3.7500830333479387, 3.7500824193964997, 3.7500818254713297, 3.750069531811706, 3.750058708055257, 3.7500499728117767, 3.7500428676822644]
}