{
    "schema_name": "pyscf_apdft_output",
    "provenance": {
        "creator": "PySCF",
        "version": "1.7.6"
    },
    "molecule": {
        "geometry": [[0.0, 0.0, 0.0]],
        "symbols": [ "Mg" ]
    },
    "molecular_charge": 2,
    "molecular_multiplicity": 1,
    "name": "mg.chrg2.mult1-pyscf-ccsdt.augccpvtz",
    "atomic_numbers": [ 12 ],
    "n_electrons": 10,
    "model": {
        "method": "CCSD(T)",
        "basis": "aug-cc-pVTZ",
        "scf_conv_tol": 1e-09,
        "scf_conv_tol_grad": 1e-06,
        "cc_conv_tol": 1e-05,
        "cc_conv_tol_normt": 1e-07
    },
    "broken_symmetry": false,
    "finite_diff_delta": 0.01,
    "finite_diff_acc": 2,
    "apdft_lambdas": [-4.0, -3.75, -3.5, -3.25, -3.0, -2.75, -2.5, -2.25, -2.0, -1.75, -1.5, -1.25, -1.0, -0.75, -0.5, -0.25, -0.02, -0.01, 0.0, 0.01, 0.02],
    "electronic_energies": [-64.44485225379096, -70.76923763206544, -77.47960858003194, -84.55154434375787, -91.95935780280084, -99.6771514525001, -107.6800850246109, -115.94456118808355, -124.44854759886248, -133.1717623821612, -142.0955456719415, -151.20235289188855, -160.474890568484, -169.8951120783469, -179.44362274399762, -189.1000814328255, -198.06219963415748, -198.45332139812652, -198.84455586792527, -199.23590197138705, -199.62735864445648],
    "apdft_energies": {
        "0": [-198.84455586781138, -198.84455586781138, -198.84455586781138, -198.84455586781138, -198.84455586781138, -198.84455586781138, -198.84455586781138, -198.84455586781138, -198.84455586781138, -198.84455586781138, -198.84455586781138, -198.84455586781138, -198.84455586781138, -198.84455586781138, -198.84455586781138, -198.84455586781138, -198.84455586781138, -198.84455586781138, -198.84455586781138, -198.84455586781138, -198.84455586781138],
        "1": [-42.32844121570503, -52.110698381461674, -61.89295554721832, -71.67521271297497, -81.45746987873162, -91.23972704448826, -101.02198421024491, -110.80424137600156, -120.5864985417582, -130.36875570751485, -140.1510128732715, -149.93327003902814, -159.7155272047848, -169.49778437054144, -179.28004153629809, -189.06229870205473, -198.06197529455085, -198.4532655811811, -198.84455586781138, -199.23584615444165, -199.6271364410719],
        "2": [-51.25915248054349, -59.959956329073606, -68.73053135936027, -77.57087757140349, -86.48099496520325, -95.46088354075957, -104.51054329807243, -113.62997423714185, -122.81917635796782, -132.07814966055034, -141.4068941448894, -150.80540981098503, -160.2736966588372, -169.81175468844592, -179.4195838998112, -189.097184292933, -198.06219856233247, -198.45332139812652, -198.84455586781138, -199.23590197138705, -199.62735970885353],
        "3": [-62.652336827311245, -69.34765095073894, -76.36307477916758, -83.68191907771421, -91.2874946114959, -99.16311214562965, -107.29208244523252, -115.65771627542156, -124.24332440131379, -133.03221758802624, -142.007706600676, -151.15310220438005, -160.45171516425543, -169.88685624541924, -179.44183621298848, -189.09996583208016, -198.06219998648052, -198.45332157614502, -198.84455586781138, -199.23590179336855, -199.62735828470548],
        "4": [-70.57552118776636, -75.46812226800029, -81.0074999865535, -87.13489253533993, -93.79443966304615, -100.93318267513136, -108.50106443382737, -116.45092935813864, -124.73852342384224, -133.32249416348787, -142.16439066639788, -151.2286635786672, -160.48266510316347, -169.89664899952686, -179.4437705841702, -189.10008673027903, -198.0621999914325, -198.45332157645453, -198.84455586781138, -199.23590179367804, -199.62735828965748]
    },
    "apdft_poly_coeff": [ -198.84455586781138, -39.12902866302659, -0.558169454052404, 0.17801850541824626, -0.030949938908027736 ],
    "hf_energies": [-64.13502745608096, -70.4751763440554, -77.19711897790515, -84.27840088533483, -91.69523223402754, -99.42397001644704, -107.44145640721416, -115.72510984108789, -124.25307368641444, -133.0043287113059, -141.95860917987974, -151.0960772458368, -160.39687765315222, -169.84081926815517, -179.40744749759585, -189.07662777551587, -198.04658258406374, -198.43797724254216, -198.82947964107768, -199.22108878692143, -199.61280369439794],
    "triples_corrections": [-0.02273501833662704, -0.014889203350037055, -0.009943319153377464, -0.007149780212499708, -0.005568053640316101, -0.004796687507412683, -0.004705089075978022, -0.005118702677487588, -0.005710847209038544, -0.0060599092016340025, -0.005826678175916489, -0.004940647330863647, -0.003646868833865338, -0.002343371159283531, -0.0013299081463705661, -0.0006853249032474465, -0.0003524537857143514, -0.00034215409942621976, -0.0003321407830299154, -0.00032240699476696, -0.00031294598631316354],
    "scf_converged": [true, true, true, true, true, true, true, true, true, true, true, true, true, true, true, true, true, true, true, true, true],
    "cc_converged": [true, true, true, true, true, true, true, true, true, true, true, true, true, true, true, true, true, true, true, true, true],
    "t1_diagnostic": [0.04661767281795366, 0.05920595614880026, 0.03213315952886578, 0.02372165842373761, 0.019843949423126887, 0.017647826776247044, 0.016289062031121605, 0.015362018960121052, 0.014583009307256223, 0.013696709235375358, 0.01249792196868551, 0.010895456807309524, 0.008959959087487538, 0.006907520998063684, 0.00500461200275506, 0.0034466584445380496, 0.0023735100854659374, 0.0023343643107399735, 0.0022958079989862734, 0.002257835082424871, 0.0022204418651038936]
}