{
    "schema_name": "pyscf_qa_output",
    "provenance": {
        "creator": "PySCF",
        "version": "1.7.6"
    },
    "molecule": {
        "geometry": [[0.0, 0.0, 0.0]],
        "symbols": [ "Si" ]
    },
    "molecular_charge": 1,
    "molecular_multiplicity": 4,
    "name": "si.chrg1.mult4-pyscf-uccsdt.augccpvqz",
    "atomic_numbers": [ 14 ],
    "n_electrons": 13,
    "model": {
        "method": "UCCSD(T)",
        "basis": "aug-cc-pVQZ",
        "scf_conv_tol": 1e-09,
        "scf_conv_tol_grad": 1e-06,
        "cc_conv_tol": 1e-07,
        "cc_conv_tol_normt": 1e-05
    },
    "broken_symmetry": false,
    "finite_diff_delta": 0.01,
    "finite_diff_acc": 2,
    "qa_lambdas": [-3.0, -2.75, -2.5, -2.25, -2.0, -1.75, -1.5, -1.25, -1.0, -0.75, -0.5, -0.25, -0.02, -0.01, 0.0, 0.01, 0.02, 0.25, 0.5, 0.75, 1.0],
    "electronic_energies": [-153.62303178792726, -163.65127004545934, -173.95469072848513, -184.5169469928578, -195.32178209123944, -206.3529845483805, -217.59377136847374, -229.02663141040685, -240.63421598704377, -252.39992193210028, -264.3079334469996, -276.34323397162086, -287.51598661336544, -288.0037705729884, -288.49171536254846, -288.97982017924835, -289.46808422320123, -300.74030816852587, -313.07707119899857, -325.49123166234443, -337.97318733803047],
    "qats_energies": {
        "0": [-288.49171536254846, -288.49171536254846, -288.49171536254846, -288.49171536254846, -288.49171536254846, -288.49171536254846, -288.49171536254846, -288.49171536254846, -288.49171536254846, -288.49171536254846, -288.49171536254846, -288.49171536254846, -288.49171536254846, -288.49171536254846, -288.49171536254846, -288.49171536254846, -288.49171536254846, -288.49171536254846, -288.49171536254846, -288.49171536254846, -288.49171536254846],
        "1": [-142.08427442355617, -154.28489450180552, -166.48551458005488, -178.68613465830424, -190.8867547365536, -203.08737481480296, -215.2879948930523, -227.48861497130167, -239.68923504955103, -251.8898551278004, -264.09047520604975, -276.2910952842991, -287.5156657562885, -288.0036905594185, -288.49171536254846, -288.97974016567844, -289.4677649688084, -300.6923354407978, -312.8929555190472, -325.09357559729654, -337.2941956755459],
        "2": [-149.28549571579072, -160.3359207265304, -171.4863626996622, -182.73682163518617, -194.0872975331023, -205.53779039341055, -217.08830021611095, -228.7388270012035, -240.4893707486882, -252.33993145856505, -264.29050913083404, -276.3411037654952, -287.51598581056817, -288.0037705729884, -288.49171536254846, -288.97982017924835, -289.46808502308807, -300.7423439219939, -313.09298944383147, -325.5436519280612, -338.09433137468307],
        "3": [-152.89153495899984, -163.11348914823833, -173.57319096540823, -184.25811944091504, -195.15575360516425, -206.25357248856142, -217.5390551215121, -228.99968053442177, -240.62292775769595, -252.39627582174018, -264.30720375696, -276.34319059376094, -287.51598687902424, -288.0037707065454, -288.49171536254846, -288.9798200456913, -289.468083954632, -300.74025709372813, -313.0762948177055, -325.48730756488607, -337.9607743656753],
        "4": [-153.87377005226074, -163.80701268220986, -174.04687687072308, -184.5689047633921, -195.34977535198124, -206.36730447442753, -217.6004448148409, -229.02928590350393, -240.635054116872, -252.40011267757325, -264.30796165440853, -276.34323796235145, -287.5159868809645, -288.00377070666667, -288.49171536254846, -288.97982004581263, -289.46808395657223, -300.7403044623187, -313.077052715154, -325.4911444207191, -337.9729007248514]
    },
    "qats_poly_coeffs": [ -288.49171536254846, -48.80248031299743, -0.8001356991371722, 0.13355700900774534, -0.012126359176060456 ],
    "hf_energies": [-153.3804157783899, -163.42111004080442, -173.73936110447323, -184.31887982832683, -195.14302548880212, -206.19457967414942, -217.45544462265545, -228.90713566702527, -240.5317156292312, -252.3122489235131, -264.2328184731444, -276.278504652346, -287.45908928930214, -287.9471798584679, -288.43542859083516, -288.92383470287825, -289.4123974139805, -300.69080930153007, -313.0329978200357, -325.45148602052313, -337.9368968585643],
    "triples_corrections": [-0.003368896140971078, -0.003463856106789916, -0.0035882819339491433, -0.0036340285145836032, -0.0035110646737190974, -0.0032086535578107656, -0.0027996964259483312, -0.0023503397344893876, -0.0019052454430189595, -0.001500245058424035, -0.0011579509709509083, -0.0008852987379819972, -0.0006918369699302053, -0.0006845456461074152, -0.0006773412491203114, -0.0006702229802817149, -0.0006631900386303289, -0.0005231334159317762, -0.00041045557682355496, -0.000328433791528832, -0.0002684602180793418],
    "scf_converged": [true, true, true, true, true, true, true, true, true, true, true, true, true, true, true, true, true, true, true, true, true],
    "cc_converged": [true, true, true, true, true, true, true, true, true, true, true, true, true, true, true, true, true, true, true, true, true],
    "scf_spin_squared": [3.75000933241376, 3.7500143181843635, 3.7500220121220753, 3.7500312885527984, 3.750041197293842, 3.7500506604317154, 3.750057868975488, 3.7500614141571784, 3.7500611230075407, 3.750057671004372, 3.750052069119673, 3.7500453748919913, 3.750039044373426, 3.750038774736998, 3.750038505887691, 3.750038237858986, 3.7500379706836187, 3.750032125320331, 3.7500266111381286, 3.750022096433156, 3.7500185449059273],
    "cc_spin_squared": [3.7500013169761313, 3.7500019994118863, 3.7500028578473783, 3.750003693177718, 3.7500043102438205, 3.75000457462478, 3.750004566843811, 3.750004369434593, 3.750004002827065, 3.7500035116697568, 3.750002964187854, 3.7500024238749528, 3.7500019716120083, 3.7500019532698703, 3.750001935046916, 3.7500019169440653, 3.750001898961936, 3.7500015197850876, 3.750001182927042, 3.750000918588382, 3.7500007158026665]
}