{
    "schema_name": "pyscf_qa_output",
    "provenance": {
        "creator": "PySCF",
        "version": "1.7.6"
    },
    "molecule": {
        "geometry": [[0.0, 0.0, 0.0]],
        "symbols": [ "Al" ]
    },
    "molecular_charge": 2,
    "molecular_multiplicity": 2,
    "name": "al.chrg2.mult2-pyscf-uccsdt.augccpvtz",
    "atomic_numbers": [ 13 ],
    "n_electrons": 11,
    "model": {
        "method": "UCCSD(T)",
        "basis": "aug-cc-pVTZ",
        "scf_conv_tol": 1e-09,
        "scf_conv_tol_grad": 1e-06,
        "cc_conv_tol": 1e-07,
        "cc_conv_tol_normt": 1e-05
    },
    "broken_symmetry": false,
    "finite_diff_delta": 0.01,
    "finite_diff_acc": 2,
    "qa_lambdas": [-4.0, -3.75, -3.5, -3.25, -3.0, -2.75, -2.5, -2.25, -2.0, -1.75, -1.5, -1.25, -1.0, -0.75, -0.5, -0.25, -0.02, -0.01, 0.0, 0.01, 0.02],
    "electronic_energies": [-89.42123057641837, -96.96637053170605, -104.8558126329797, -113.06853500108788, -121.58506364769467, -130.3920310038092, -139.46165585260775, -148.776255176131, -158.31900934873525, -168.07286295535985, -178.02149902974196, -188.15049077797335, -198.44720543496337, -208.90024871035925, -219.49900734363933, -230.2333553400778, -240.22025286038374, -240.65676363356872, -241.09346075226912, -241.53034360106477, -241.96741156473738],
    "qats_energies": {
        "0": [-241.09346075226898, -241.09346075226898, -241.09346075226898, -241.09346075226898, -241.09346075226898, -241.09346075226898, -241.09346075226898, -241.09346075226898, -241.09346075226898, -241.09346075226898, -241.09346075226898, -241.09346075226898, -241.09346075226898, -241.09346075226898, -241.09346075226898, -241.09346075226898, -241.09346075226898, -241.09346075226898, -241.09346075226898, -241.09346075226898, -241.09346075226898],
        "1": [-66.37746725305777, -77.29721684675849, -88.21696644045917, -99.13671603415986, -110.05646562786058, -120.97621522156128, -131.89596481526198, -142.81571440896266, -153.73546400266338, -164.6552135963641, -175.57496319006478, -186.49471278376546, -197.41446237746618, -208.3342119711669, -219.25396156486758, -230.17371115856827, -240.21988078477293, -240.65667076852094, -241.09346075226898, -241.53025073601702, -241.96704071976504],
        "2": [-81.23587489495338, -90.35636418826829, -99.5929347912855, -108.94558670400502, -118.41431992642686, -127.999134458551, -137.70003030037745, -147.5170074519062, -157.45006591313728, -167.49920568407066, -177.66442676470635, -187.94572915504435, -198.34311285508466, -208.85657786482727, -219.4861241842722, -230.23175181341944, -240.22025224496397, -240.65676363356872, -241.09346075226898, -241.53034360106477, -241.96741217995609],
        "3": [-87.7992800932507, -95.76444342270514, -103.9899035081136, -112.46604598639252, -121.18325649445853, -130.13192066922818, -139.302424147618, -148.68515256654456, -158.27049156292446, -168.0488267736742, -178.0105438357103, -188.14602838594942, -198.44566606130806, -208.89984249870275, -219.49894333505011, -230.23335420726667, -240.2202530653896, -240.65676373612192, -241.09346075226898, -241.53034349851157, -241.96741135953044],
        "4": [-88.01386020988897, -95.93020145500518, -104.11568643293012, -112.55956134758799, -121.25115098448862, -130.17985871072753, -139.3351664749859, -148.70663480753066, -158.28390282021434, -168.0566882064752, -178.0147872413372, -188.14807478140992, -198.44650426488866, -208.90010771155445, -219.4989957227739, -230.2333574814994, -240.22025306552374, -240.6567637361303, -241.09346075226898, -241.53034349851995, -241.96741135966454]
    },
    "qats_poly_coeffs": [ -241.09346075226898, -43.6789983748028, -0.9286504776184756, 0.10255320622339542, -0.0008382035806183316 ],
    "hf_energies": [-89.22395854965484, -96.78080527893547, -104.67829665957483, -112.89635685814442, -121.4156191442072, -130.22563254600766, -139.2985950874644, -148.61750921644526, -158.16611280544143, -167.92762515527102, -177.88561957447075, -188.02537043339493, -198.333886039922, -208.79937613303235, -219.4108035753278, -230.15761314527242, -240.15544708546338, -240.59241736813024, -241.02957249358622, -241.4669118274789, -241.90443473590727],
    "triples_corrections": [-0.006550378712909705, -0.0051684746055859505, -0.004068483770877408, -0.003143875087193919, -0.0024440037742510397, -0.001809243032428642, -0.0013394447418968486, -0.0010344713329440204, -0.000869202966502127, -0.0008077765650532758, -0.0008160526952396571, -0.0008600566032659393, -0.0009076871426417419, -0.0009331745214204319, -0.000920485398760043, -0.0008648193730810085, -0.0007803608216970245, -0.0007761118766204317, -0.0007718226172731562, -0.0007674940381395486, -0.0007631271407194398],
    "scf_converged": [true, true, true, true, true, true, true, true, true, true, true, true, true, true, true, true, true, true, true, true, true],
    "cc_converged": [true, true, true, true, true, true, true, true, true, true, true, true, true, true, true, true, true, true, true, true, true],
    "scf_spin_squared": [0.7500010626577218, 0.7500005680415569, 0.7500003159604116, 0.7500001862564414, 0.7500064298883347, 0.7500076342388224, 0.7500114744350217, 0.7500192132433083, 0.7500300875740509, 0.7500410031826723, 0.7500500551309512, 0.7500565457669142, 0.7500598686472939, 0.7500596981101966, 0.7500563566786091, 0.7500507119718662, 0.7500443829329324, 0.7500440953092324, 0.7500438071105044, 0.7500435183877556, 0.75004322919128],
    "cc_spin_squared": [0.7500001855879623, 0.7500000553420372, 0.7500000259744728, 0.7500000165878968, 0.7500004973067793, 0.750000493172458, 0.7500006268180228, 0.7500008729837098, 0.7500011288349815, 0.7500013008083264, 0.7500013920205011, 0.7500014221755329, 0.7500013922982212, 0.7500013020109955, 0.7500011619800042, 0.750000992328069, 0.750000828686455, 0.7500008216433214, 0.7500008146145483, 0.7500008076009874, 0.750000800603575]
}