{
    "schema_name": "pyscf_qa_output",
    "provenance": {
        "creator": "PySCF",
        "version": "1.7.6"
    },
    "molecule": {
        "geometry": [[0.0, 0.0, 0.0]],
        "symbols": [ "Si" ]
    },
    "molecular_charge": -1,
    "molecular_multiplicity": 2,
    "name": "si.chrg-1.mult2-pyscf-uccsdt.augccpv5z",
    "atomic_numbers": [ 14 ],
    "n_electrons": 15,
    "model": {
        "method": "UCCSD(T)",
        "basis": "aug-cc-pV5Z",
        "scf_conv_tol": 1e-09,
        "scf_conv_tol_grad": 1e-06,
        "cc_conv_tol": 1e-05,
        "cc_conv_tol_normt": 1e-07
    },
    "broken_symmetry": false,
    "finite_diff_delta": 0.01,
    "finite_diff_acc": 2,
    "qa_lambdas": [-1.0, -0.75, -0.5, -0.25, -0.02, -0.01, 0.0, 0.01, 0.02, 0.25, 0.5, 0.75, 1.0, 1.25, 1.5, 1.75, 2.0, 2.25, 2.5, 2.75, 3.0],
    "electronic_energies": [-241.20398710769587, -252.88719801868527, -264.7700108894522, -276.8477884974811, -288.1283420784423, -288.6223929471974, -289.116744122689, -289.6113947629566, -290.10634352263827, -301.5708911826527, -314.20312185348314, -327.00692198460416, -339.9767149358882, -353.1074729464572, -366.39452001541235, -379.83342718312446, -393.41993129022126, -407.14986266951917, -421.0190961276636, -435.0235171787011, -449.1590032109047],
    "qats_energies": {
        "0": [-289.116744122662, -289.116744122662, -289.116744122662, -289.116744122662, -289.116744122662, -289.116744122662, -289.116744122662, -289.116744122662, -289.116744122662, -289.116744122662, -289.116744122662, -289.116744122662, -289.116744122662, -289.116744122662, -289.116744122662, -289.116744122662, -289.116744122662, -289.116744122662, -289.116744122662, -289.116744122662, -289.116744122662],
        "1": [-239.66665333470223, -252.02917603169217, -264.3916987286821, -276.7542214256721, -288.1277423069028, -288.62224321478243, -289.116744122662, -289.61124503054157, -290.1057459384212, -301.4792668196519, -313.8417895166419, -326.20431221363185, -338.56683491062176, -350.9293576076117, -363.29188030460165, -375.6544030015916, -388.01692569858153, -400.37944839557144, -412.7419710925614, -425.1044937895514, -437.4670164865413],
        "2": [-241.1639774846683, -252.87142086604808, -264.76602976617363, -276.84780418504494, -288.1283412365628, -288.6223929471974, -289.116744122662, -289.6113947629566, -290.1063448680812, -301.5728495790248, -314.2161205541334, -327.04655704798773, -340.0641590605878, -353.2689265919337, -366.6608596420253, -380.23995821086265, -394.0062222984458, -407.95965190477466, -422.1002470298493, -436.4280076736697, -450.94293383623585],
        "3": [-241.34625435323014, -252.94831891997262, -264.7888143747439, -276.85065226111624, -288.12834269477776, -288.6223931294743, -289.116744122662, -289.6113945806797, -290.1063434098662, -301.5700015029535, -314.19333594556315, -326.9696589940632, -339.881882192026, -352.91291708302384, -366.0456752106291, -379.2630681184141, -392.5480073499511, -405.88340444881254, -419.2521709585707, -432.6372184227978, -446.02145838506635],
        "4": [-239.248074234693, -252.28444161684172, -264.6576781173353, -276.8424562450282, -288.12834235906894, -288.6223931084925, -289.116744122662, -289.61139455969794, -290.1063430741574, -301.5618054868655, -314.0621996881546, -326.30578169093235, -337.7837020734889, -347.79040702800154, -355.4236383605349, -359.58443349104044, -358.9771254533571, -352.10934289521055, -337.29201007821405, -312.6393468778677, -276.06886878355886]
    },
    "qats_poly_coeffs": [ -289.116744122662, -49.450090787959766, -1.4973241499660617, 0.18227686856183326, 2.0981801185371296 ],
    "hf_energies": [-240.91186426164634, -252.5957710798561, -264.4800604445723, -276.5605885823067, -287.8448016671158, -288.3388715352081, -288.8332690929536, -289.3279864565269, -289.82301613708114, -301.2901537010762, -313.9253815400286, -326.73223098894584, -339.7051102395331, -352.83898739825736, -366.1291780079433, -379.57123685153033, -393.16087850074297, -406.89390945464436, -420.76617615407497, -434.7735312809769, -448.9118154227868],
    "triples_corrections": [-0.009819734000556732, -0.009952488117733211, -0.00985998030873452, -0.009623868495146314, -0.009385233117853413, -0.009353983135541359, -0.00933259352330949, -0.009319154271521735, -0.009310627821073031, -0.009288822313659876, -0.009366682423314829, -0.009499850701564248, -0.009665858895615446, -0.009851757937625804, -0.010049195148711306, -0.01025237823635604, -0.010457253209151985, -0.01065938382238879, -0.010855164256072455, -0.011041379880663092, -0.011214879511034358],
    "scf_converged": [true, true, true, true, true, true, true, true, true, true, true, true, true, true, true, true, true, true, true, true, true],
    "cc_converged": [true, true, true, true, true, true, true, true, true, true, true, true, true, true, true, true, true, true, true, true, true],
    "scf_spin_squared": [0.7770575982348173, 0.7751331515451731, 0.7743682509653453, 0.7836926994601026, 0.9306926220170881, 0.8878428677144514, 0.8538749854336745, 0.8297468364930554, 0.8133255796729761, 0.767780451681185, 0.7658226077400698, 0.7650344252236971, 0.7644476705641168, 0.7639547279289687, 0.7635341508870805, 0.7631769706671854, 0.7628758262257032, 0.7626241808464291, 0.7624166697187116, 0.762249188415228, 0.7621185678912994],
    "cc_spin_squared": [0.7516559964486658, 0.7548360824170053, 0.7568537006804701, 0.7533777887759125, 0.7540238051213817, 0.7535040571316789, 0.7530719312758154, 0.752731775443634, 0.7524673316539761, 0.7509236173699101, 0.7506347123403176, 0.7505259416862953, 0.7504631597555176, 0.7504188407308034, 0.7503847646452275, 0.7503573696242998, 0.750334637225206, 0.7503153386608341, 0.750298648716266, 0.7502840098942198, 0.7502710165338828]
}