{
    "schema_name": "pyscf_qa_output",
    "provenance": {
        "creator": "PySCF",
        "version": "1.7.6"
    },
    "molecule": {
        "geometry": [[0.0, 0.0, 0.0]],
        "symbols": [ "Cl" ]
    },
    "molecular_charge": 1,
    "molecular_multiplicity": 1,
    "name": "cl.chrg1.mult1-pyscf-ccsdt.augccpvqz",
    "atomic_numbers": [ 17 ],
    "n_electrons": 16,
    "model": {
        "method": "CCSD(T)",
        "basis": "aug-cc-pVQZ",
        "scf_conv_tol": 1e-09,
        "scf_conv_tol_grad": 1e-06,
        "cc_conv_tol": 1e-07,
        "cc_conv_tol_normt": 1e-05
    },
    "broken_symmetry": false,
    "finite_diff_delta": 0.01,
    "finite_diff_acc": 2,
    "qa_lambdas": [-3.0, -2.75, -2.5, -2.25, -2.0, -1.75, -1.5, -1.25, -1.0, -0.75, -0.5, -0.25, -0.02, -0.01, 0.0, 0.01, 0.02, 0.25, 0.5, 0.75, 1.0],
    "electronic_energies": [-280.1656827327029, -293.8737005541281, -307.84719754633016, -322.0725278913613, -336.5361019171845, -351.22412819703237, -366.1226885462076, -381.21818287613087, -396.497699862576, -411.94909530777426, -427.5609089259289, -443.322271358727, -457.9459212007878, -458.5842855149759, -459.222857454676, -459.861636409162, -460.50062176907676, -475.2528719650695, -491.40305051852425, -507.66466137811943, -524.029502218642],
    "qats_energies": {
        "0": [-459.2228574546661, -459.2228574546661, -459.2228574546661, -459.2228574546661, -459.2228574546661, -459.2228574546661, -459.2228574546661, -459.2228574546661, -459.2228574546661, -459.2228574546661, -459.2228574546661, -459.2228574546661, -459.2228574546661, -459.2228574546661, -459.2228574546661, -459.2228574546661, -459.2228574546661, -459.2228574546661, -459.2228574546661, -459.2228574546661, -459.2228574546661],
        "1": [-267.62022332675116, -283.5871095040774, -299.55399568140365, -315.5208818587299, -331.48776803605614, -347.45465421338236, -363.4215403907086, -379.3884265680349, -395.3553127453611, -411.32219892268733, -427.2890851000136, -443.2559712773399, -457.94550656048, -458.5841820075731, -459.2228574546661, -459.8615329017591, -460.5002083488522, -475.1897436319923, -491.1566298093186, -507.12351598664486, -523.090402163971],
        "2": [-276.9358895811459, -291.41485684283964, -306.02320835806665, -320.7609441268269, -335.62806414912046, -350.62456842494726, -365.7504569543073, -381.0057297372006, -396.3903867736272, -411.90442806358703, -427.5478536070801, -443.3206634041065, -457.9459205900913, -458.5842855149759, -459.2228574546661, -459.861636409162, -460.5006223784635, -475.254435758759, -491.4153983163851, -507.7057451275445, -524.1254761922371],
        "3": [-279.68107682666897, -293.529350027904, -307.611858384411, -321.91906999603196, -336.44145296260876, -351.16947538398335, -366.0936053599977, -381.2043109904937, -396.49206037531326, -411.94732161429835, -427.56056280729086, -443.32225205413283, -457.9459214034801, -458.5842856166495, -459.2228574546661, -459.86163630748837, -460.5006215650747, -475.2528471087326, -491.4026891161744, -507.6628515768332, -524.0238025905511],
        "4": [-280.1230528824229, -293.84141462243974, -307.825002701422, -322.05891398242284, -336.52875687485647, -351.2206513344977, -366.1212288634823, -381.2176325103069, -396.4975168698287, -411.9490480832661, -427.5609038381981, -443.32227336856454, -457.94592140435316, -458.58428561670405, -459.2228574546661, -459.86163630754294, -460.5006215659477, -475.25286842316433, -491.40303014708155, -507.664578045801, -524.0292590850665]
    },
    "qats_poly_coeffs": [ -459.2228574546661, -63.86754470930498, -1.0350740282660809, 0.10167360168604013, -0.005456494515480396 ],
    "hf_energies": [-279.81948587650703, -293.53156695288715, -307.5110601190151, -321.7437439190645, -336.2153536361434, -350.9115651884781, -365.81815551095883, -380.9213344164299, -396.2080270979677, -411.6659522805773, -427.2835577602271, -443.0499322963575, -457.6775024573752, -458.3160224697277, -458.95474889657703, -459.5936811298453, -460.2328185628618, -474.9882403873289, -491.1411912310614, -507.40493216662696, -523.7713314326907],
    "triples_corrections": [-0.012916745829043919, -0.01331153169354487, -0.013445922090451656, -0.013345521900724706, -0.013132453503430147, -0.012927621539809319, -0.012772008807963843, -0.012654347776802839, -0.012558467196194335, -0.012477328563580043, -0.012409996322606072, -0.012356989009003738, -0.012321417186383247, -0.012320158608627556, -0.012318923921863373, -0.012317713016804208, -0.012316525766131892, -0.012295633205112776, -0.012285996989695566, -0.01228804994368806, -0.012299238303803951],
    "scf_converged": [true, true, true, true, true, true, true, true, true, true, true, true, true, true, true, true, true, true, true, true, true],
    "cc_converged": [true, true, true, true, true, true, true, true, true, true, true, true, true, true, true, true, true, true, true, true, true],
    "t1_diagnostic": [0.014611488830236283, 0.012306078939217658, 0.010742152246091706, 0.009815702181223436, 0.00925615225011464, 0.00881892904045422, 0.00838057247278783, 0.007944904568095833, 0.0075465156188017826, 0.0071968816636933, 0.006891271792981877, 0.006622455181583439, 0.0064034394951454745, 0.006394493613029547, 0.00638559456205089, 0.00637674221466696, 0.006367936438729416, 0.0061779742596902495, 0.005997580571521899, 0.005842118300032632, 0.005708745351707849]
}