{
    "schema_name": "pyscf_apdft_output",
    "provenance": {
        "creator": "PySCF",
        "version": "1.7.6"
    },
    "molecule": {
        "geometry": [[0.0, 0.0, 0.0]],
        "symbols": [ "C" ]
    },
    "molecular_charge": 0,
    "molecular_multiplicity": 1,
    "name": "c.chrg0.mult1-pyscf-ccsdt.augccpvtz",
    "atomic_numbers": [ 6 ],
    "n_electrons": 6,
    "model": {
        "method": "CCSD(T)",
        "basis": "aug-cc-pVTZ",
        "scf_conv_tol": 1e-09,
        "scf_conv_tol_grad": 1e-06,
        "cc_conv_tol": 1e-07,
        "cc_conv_tol_normt": 1e-05
    },
    "broken_symmetry": false,
    "finite_diff_delta": 0.01,
    "finite_diff_acc": 2,
    "apdft_lambdas": [-2.0, -1.75, -1.5, -1.25, -1.0, -0.75, -0.5, -0.25, -0.02, -0.01, 0.0, 0.01, 0.02, 0.25, 0.5, 0.75, 1.0, 1.25, 1.5, 1.75, 2.0],
    "electronic_energies": [-14.103811076076022, -16.391876317405497, -18.871805544447056, -21.546556474874563, -24.416127114617268, -27.478186349308054, -30.726883694835255, -34.15140858144847, -37.44593118568463, -37.592136341580876, -37.7385817315453, -37.88526674143064, -38.0321904864613, -41.47553706217788, -45.35028654528643, -49.35164836079075, -53.469197961689964, -57.69322493511887, -62.01463399324672, -66.42479203746534, -70.9153769507924],
    "apdft_energies": {
        "0": [-37.738581731545366, -37.738581731545366, -37.738581731545366, -37.738581731545366, -37.738581731545366, -37.738581731545366, -37.738581731545366, -37.738581731545366, -37.738581731545366, -37.738581731545366, -37.738581731545366, -37.738581731545366, -37.738581731545366, -37.738581731545366, -37.738581731545366, -37.738581731545366, -37.738581731545366, -37.738581731545366, -37.738581731545366, -37.738581731545366, -37.738581731545366],
        "1": [-8.425541746568825, -12.089671744690893, -15.75380174281296, -19.41793174093503, -23.082061739057096, -26.746191737179164, -30.41032173530123, -34.0744517334233, -37.4454513316956, -37.59201653162049, -37.738581731545366, -37.885146931470246, -38.03171213139513, -41.40271172966743, -45.0668417277895, -48.73097172591157, -52.39510172403364, -56.0592317221557, -59.72336172027777, -63.38749171839984, -67.05162171652191],
        "2": [-13.21794016224274, -15.758851781691234, -18.449525851629538, -21.28996237205765, -24.280161342975575, -27.420122764383308, -30.70984663628085, -34.149332958668204, -37.44593057153717, -37.592136341580876, -37.738581731545366, -37.88526674143064, -38.0321913712367, -41.47759295491234, -45.36636662876912, -49.404902753115714, -53.593201327952116, -57.93126235327833, -62.41908582909435, -67.05667175540017, -71.84402013219582],
        "3": [-14.217222066281415, -16.428292588498394, -18.871097904895855, -21.53392768066084, -24.40507158098041, -27.472819271041597, -30.725460416031456, -34.15128468113703, -37.44593157081907, -37.59213646649111, -37.738581731545366, -37.885266616520404, -38.0321903719548, -41.475641232443515, -45.35075284901852, -49.35220624645743, -53.46829108994728, -57.687297044675134, -61.99751377582803, -66.38723094859301, -70.84473822815715],
        "4": [3.8246408114749855, -5.8524838068838605, -13.162539728730742, -18.7809578811985, -23.277455151120634, -27.116034385031277, -30.654984389165218, -34.14687992945789, -37.445931390400446, -37.59213645521495, -37.738581731545366, -37.88526660524424, -38.032190191536166, -41.471236480764375, -45.28027682215228, -48.995421360447104, -52.34067466008751, -54.93432724521279, -56.28895559966292, -55.81142216697849, -52.80287535040074]
    },
    "apdft_poly_coeff": [ -37.738581731545366, -14.65651999248827, -1.1980996039184788, 0.12491023800483464, 1.1276164298597753 ],
    "hf_energies": [-13.998881222051386, -16.27932486928346, -18.75206740841439, -21.420973694300624, -24.286961535995047, -27.347240981991938, -30.594528083621935, -34.01750924576322, -37.310532770915785, -37.45667102516269, -37.60304944698312, -37.749667239898805, -37.89652361000831, -41.338279124877175, -45.2112481440609, -49.21088950331958, -53.32692292782238, -57.54976411350152, -61.87039550584045, -66.28020694105643, -70.77085372542764],
    "triples_corrections": [-0.0040704398539002555, -0.004386022711747487, -0.004673696919183197, -0.00496551890554185, -0.005203187722354273, -0.005355721401029346, -0.005479175781765383, -0.005575952386007311, -0.005617141190253925, -0.005617703214375641, -0.005618183317140407, -0.005618531271978721, -0.005618771633359499, -0.005594060903615583, -0.00550142137232639, -0.005343470609076371, -0.005123752225122567, -0.004843377074055317, -0.004504205791550479, -0.004113896882443613, -0.003688903461355744],
    "scf_converged": [true, true, true, true, true, true, true, true, true, true, true, true, true, true, true, true, true, true, true, true, true],
    "cc_converged": [true, true, true, true, true, true, true, true, true, true, true, true, true, true, true, true, true, true, true, true, true],
    "t1_diagnostic": [0.03155951602129601, 0.03284246603067518, 0.03004141217413137, 0.0224306584903675, 0.014361017081195271, 0.010353606458803582, 0.008848517819012004, 0.007873394779969603, 0.007081083161358197, 0.007049937867214149, 0.007019055160832736, 0.0069885057810743665, 0.00695825256707887, 0.006338570335410867, 0.0057959281923194925, 0.00534485520693524, 0.004962996979303906, 0.004638712452705449, 0.004358771252486674, 0.004107157102381932, 0.0038697576121943856]
}