{
    "schema_name": "pyscf_qa_output",
    "provenance": {
        "creator": "PySCF",
        "version": "1.7.6"
    },
    "molecule": {
        "geometry": [[0.0, 0.0, 0.0]],
        "symbols": [ "Na" ]
    },
    "molecular_charge": 0,
    "molecular_multiplicity": 4,
    "name": "na.chrg0.mult4-pyscf-uccsdt.augccpv5z",
    "atomic_numbers": [ 11 ],
    "n_electrons": 11,
    "model": {
        "method": "UCCSD(T)",
        "basis": "aug-cc-pV5Z",
        "scf_conv_tol": 1e-09,
        "scf_conv_tol_grad": 1e-06,
        "cc_conv_tol": 1e-07,
        "cc_conv_tol_normt": 1e-05
    },
    "broken_symmetry": false,
    "finite_diff_delta": 0.01,
    "finite_diff_acc": 2,
    "qa_lambdas": [-2.0, -1.75, -1.5, -1.25, -1.0, -0.75, -0.5, -0.25, -0.02, -0.01, 0.0, 0.01, 0.02, 0.25, 0.5, 0.75, 1.0, 1.25, 1.5, 1.75, 2.0],
    "electronic_energies": [-96.28558461117197, -103.71115405183579, -111.3624465539311, -119.19279405731831, -127.19881441363661, -135.3719267332143, -143.70166021349678, -152.17588496614604, -160.0909388080338, -160.43753412606787, -160.78432973015225, -161.13132503866598, -161.47851937454666, -169.50438052544519, -178.35097406517127, -187.30455014025284, -196.35638837915508, -205.49786151280085, -214.7204909467641, -224.01603839324105, -233.3766094376138],
    "qats_energies": {
        "0": [-160.78432972989236, -160.78432972989236, -160.78432972989236, -160.78432972989236, -160.78432972989236, -160.78432972989236, -160.78432972989236, -160.78432972989236, -160.78432972989236, -160.78432972989236, -160.78432972989236, -160.78432972989236, -160.78432972989236, -160.78432972989236, -160.78432972989236, -160.78432972989236, -160.78432972989236, -160.78432972989236, -160.78432972989236, -160.78432972989236, -160.78432972989236],
        "1": [-91.405238470082, -100.07762487755829, -108.75001128503459, -117.42239769251088, -126.09478409998718, -134.76717050746348, -143.43955691493977, -152.11194332241607, -160.09053881729426, -160.4374342735933, -160.78432972989236, -161.13122518619141, -161.47812064249047, -169.45671613736866, -178.12910254484495, -186.80148895232125, -195.47387535979755, -204.14626176727384, -212.81864817475014, -221.49103458222643, -230.16342098970273],
        "2": [-95.39933745258469, -103.13560691103692, -110.99669196269235, -118.982592607551, -127.09330884561285, -135.32884067687792, -143.6891881013462, -152.17435111901767, -160.0909382271925, -160.43753412606787, -160.78432972989236, -161.13132503866598, -161.47852005238872, -169.51912393397026, -178.37873373125137, -187.3631591217357, -196.47240010542322, -205.70645668231396, -215.0653288524079, -224.54901661570506, -234.15751997220542],
        "3": [-96.23845967969523, -103.69775324677698, -111.35069665225461, -119.18745643252916, -127.19819912400166, -135.3730912630732, -143.7022993861448, -152.1759900296175, -160.09093906631475, -160.43753423095816, -160.78432972989236, -161.1313249337757, -161.47851921326648, -169.51748502337043, -178.36562244645276, -187.3189085355404, -196.3675098270344, -205.5015928573358, -214.71132416284564, -223.986870279965, -233.3183977450949],
        "4": [-89.7717477137818, -99.90708541714854, -109.30458856928982, -118.20071449437097, -126.79402962613207, -135.2452095078879, -143.67703879252795, -152.17441124251644, -160.09093900164763, -160.43753422691645, -160.78432972989236, -161.131324929734, -161.47851914859936, -169.5159062362694, -178.3403618528359, -187.19102678035512, -195.96334032916482, -204.51485091917763, -212.66521607988085, -220.19620245033656, -226.85168577918148]
    },
    "qats_poly_coeffs": [ -160.78432972989236, -34.68954562990518, -0.998524745625673, 0.1048902783888176, 0.40416949786958867 ],
    "hf_energies": [-96.13351189112713, -103.56646420719478, -111.22177951000161, -119.05904918312714, -127.07248545778774, -135.25528250091455, -143.59519755538943, -152.07978343207935, -160.00427037645875, -160.35126835439047, -160.69846577603164, -161.04586203147525, -161.39345651182052, -169.43019671067862, -178.2863767672273, -187.24838635896748, -196.30728029276167, -205.45434460459614, -214.6811617624034, -223.97967199441172, -233.34220420263287],
    "triples_corrections": [-0.0024098481905745505, -0.001958950017439003, -0.0018319806317591155, -0.0016570607790814661, -0.001600737002718267, -0.0015948953080601566, -0.0016704521871547173, -0.0018396280780154112, -0.002067330163997097, -0.0020789365680589983, -0.0020906796387635223, -0.0021025601486558314, -0.0021145284505707947, -0.0014624435727219863, -0.0015211257194727714, -0.0016239818696876151, -0.0017797875662753954, -0.0019893917501638274, -0.0022336850498456164, -0.002478367794574423, -0.002697413515349319],
    "scf_converged": [true, true, true, true, true, true, true, true, true, true, true, true, true, true, true, true, true, true, true, true, true],
    "cc_converged": [true, true, true, true, true, true, true, true, true, true, true, true, true, true, true, true, true, true, true, true, true],
    "scf_spin_squared": [3.753327126249566, 3.752723623226246, 3.752205795050018, 3.7518095451684443, 3.7515472018999496, 3.7513465555161933, 3.7511702186090066, 3.751018553412491, 3.7508947292158448, 3.7508896249016903, 3.750884541385684, 3.7508794787919437, 3.7508744360540645, 3.7507781628916725, 3.7506690296938867, 3.750568323835135, 3.7504768812524882, 3.7503956055085164, 3.7503249878696865, 3.7502650138828963, 3.7502152623078717],
    "cc_spin_squared": [3.7500608744607837, 3.750044858144487, 3.750038597426764, 3.7500332409299633, 3.7500298897523074, 3.7500307046292267, 3.7500366081518735, 3.750046998990198, 3.7500606103572953, 3.750061291047102, 3.7500619786828113, 3.750062673241048, 3.750063373801847, 3.7500278161784806, 3.7500320686760396, 3.750037343274372, 3.7500430661276236, 3.750048660357215, 3.750053147390008, 3.750055801516428, 3.750056378558275]
}